번호,소관부처,사업수행기관,지원분야,공고명,신청시작일자,신청종료일자,등록일자,공고상세URL,신청기간,지원대상,사업개요,해시태그,지원분야중분류,조회수
1,국토교통부,대구테크노파크,기술,수성알파시티 기업 전용 5G 기반 통신망 서비스 지원 대상 기업 1차 모집 공고,2026-08-14,2026-08-28,2026-08-14,https://www.bizinfo.go.kr/sii/siia/selectSIIA200Detail.do?pblancId=PBLN_000000000125497,,중소기업,"국토교통부와 대구광역시에서 추진하는 「스마트도시 특화단지 조성사업」의 일환으로 미래형 실증도시 모델 구축을 위해 추진하는 '수성알파시티 기업 전용 5G 기반 통신망 서비스'를 활용할 대상 기업을 다음과 같이 모집(1차) 합니다. ☞ 스마트도시 서비스 및 개발 역량을 보유한 국내 법인사업자 ※ 단, 실증은 대구 수성구 알파시티(스마트도시 특화단지) 내에서 수행해야 함 ☞ 기업 전용 5G 기반 통신망 지원(기업당 월 750GB)","기술,서울,부산,대구,인천,전남광주,대전,울산,세종,경기,강원,충북,충남,전북,경북,경남,제주,2026,대구테크노파크,대구광역시,국토교통부,스마트도시,5G,통신망,수성알파시티,5G라우터,LTE동글,유심",기술사업화/이전/지도,4074
2,제주특별자치도,제주특별자치도경제통상진흥원,기술,[제주] 제주우수제품품질인증(JQ) 인증기업 시험성적서 비용 지원 참여기업 모집 공고,,,2026-08-14,https://www.bizinfo.go.kr/sii/siia/selectSIIA200Detail.do?pblancId=PBLN_000000000125496,예산 소진시까지,중소기업,제주우수제품품질인증기업의 시험성적서 비용(실비) 지원을 통하여 JQ인증유지 비용에 대한 부담을 경감함으로써 지속적인 품질관리와 인증기업 유지를 지원하고자 본 지원사업을 아래와 같이 공고합니다. ☞ 2025. 12. 31. 이전 JQ인증 획득 기업 ☞ 기업당 최대 100만원 지원(품목당 50만원 한도),"기술,제주,2026,제주특별자치도,제주특별자치도경제통상진흥원,제주우수제품품질인증기업,제주우수제품품질인증,JQ인증,인증,품질관리,인증기업",시험/인증,3833
3,제주특별자치도,제주특별자치도경제통상진흥원,인력,[제주] 2026년 단시간 노동자 일자리 지원사업 참여기업 모집 공고,,,2026-08-14,https://www.bizinfo.go.kr/sii/siia/selectSIIA200Detail.do?pblancId=PBLN_000000000125495,예산 소진시까지,중소기업,"「제주특별자치도 일자리 창출 지원에 관한 조례」 제6조에 따라 단시간 노동자 일자리 지원사업을 아래와 같이 공고하오니 많은 참여 바랍니다. ☞ 제주특별차지도에 사업자 등록을 하고 주 30시간 이하 노동자를 채용(고용보험, 산재보험 취득신고)한 중소기업 ※ 노동자 : 대한민국 국적 소유자로 제주도 내 주소를 두고 있는 18세~49세 노동자(1976.1.1.~2008.12.31.출생자) ※ 참여 노동자는 2026. 4. 1. 이후에 사업장에 채용된 자여야 함 ☞ 주 30시간 이하 단시간 노동자 인건비 일부 지원","인력,제주,2026,제주특별자치도,제주특별자치도경제통상진흥원,중소기업,단시간노동자,인건비,채용,일자리창출",고용유지,3877
4,경상북도,경상북도경제진흥원,수출,[경북] 2026년 제30차 세계한인경제인대회 경상북도 공동관 참가기업 추가모집 공고(3차),2026-08-14,2026-08-28,2026-08-14,https://www.bizinfo.go.kr/sii/siia/selectSIIA200Detail.do?pblancId=PBLN_000000000125494,,중소기업,"경상북도와 경상북도경제진흥원은 전 세계 OKTA 바이어들을 통한 해외 네트워크 구축과 신규 판로 개척을 희망하는 도내 수출 기업을 다음과 같이 모집하오니, 많은 참여 바랍니다. ☞ 경상북도 제조 또는 수출 중소기업 - 전시품목 : 종합 ☞ 전시회 참가 및 OKTA 바이어 상담 지원 - 전시참가비, 전시운영비, 편도항공료, 바이어통역, 편도물류비 지원 ※ 자세한 지원내용 공고문 참조","수출,내수,경영,경북,물류편도,전시운영비,전시등록,2026,전시참가비,세계한인경제인대회,디렉토리북,부스,부스임차,항공료,항공,통역,장치비,바이어상담,경상북도경제진흥원,경상북도,바이어,중소기업",해외진출,3935
5,경기도,화성산업진흥원,내수,[경기] 화성시 2026년 하반기 마케팅 활성화 지원 참가기업 모집 공고,2026-08-13,2026-10-30,2026-08-14,https://www.bizinfo.go.kr/sii/siia/selectSIIA200Detail.do?pblancId=PBLN_000000000125493,,중소기업,"화성산업진흥원에서 기술력 있는 관내 유망기업의 마케팅 활동을 지원해, 기업의 판로개척 및 기업 경쟁력 강화를 장려하기 위해 「2026년 하반기 마케팅 활성화 지원」을 진행하고자 합니다. 이에 관심 있으신 관내(화성시) 기업의 많은 관심과 지원 바랍니다. ☞ 화성시 관내 본사 또는 공장 소재 중소기업 ※ [2026년 중소벤처기업부 소상공인 정책자금 지원 제외 업종] 영위 기업 제외 ☞ 마케팅 비용 기업당 최대 2개 분야, 3백만원 이내 지원 - 홍보물ㆍ디자인 제작, 디지털 광고, 오프라인 광고, 전시 박람회","내수,경기,2026,홍보물,디지털,광고,화성시,판로개척,디자인,화성산업진흥원,경기도,마케팅,중소기업",홍보지원,4252
6,경상북도,경상북도경제진흥원,경영,[경북] 영덕군 2026년 농공단지 입주기업 물류비 지원사업 참가기업 모집 공고,2026-08-18,2026-09-04,2026-08-14,https://www.bizinfo.go.kr/sii/siia/selectSIIA200Detail.do?pblancId=PBLN_000000000125492,,중소기업,"경상북도경제진흥원에서는 영덕군 소재 중소기업의 국내 물류비 지원을 통한 기업 경영 부담 절감 및 지역경제 활성화를 도모하고자 「2026년 영덕군 농공단지 입주기업 물류비 지원사업」 참가기업을 모집하오니 많은 참여 바랍니다. ☞ 영덕 농공단지 3개소 입주기업(영덕농공, 제2농공, 로하스특화) - 2024년 12월 31일 이전 영덕군과 농공단지 입주계약 체결 및 공장등록 완료 후 공고일 기준 가동 중인 제조 기업 - 2025년 결산재무제표 및 중소기업확인서 제출이 가능한 기업 - 2025년 연간물류비(운반비) 5,000천원 이상인 기업","경영,경북,영덕군,농공단지,경상북도경제진흥원,경상북도,2026,제조기업,영덕농공단지,입주기업,물류비,운반비,연간물류비",디자인/상품화/사업화,3814
7,대구광역시,KOTRA대구경북지원본부,수출,[대구] 2026년 멜버른 한류박람회 연계 무역사절단 참가기업 모집 공고,2026-08-14,2026-08-25,2026-08-14,https://www.bizinfo.go.kr/sii/siia/selectSIIA200Detail.do?pblancId=PBLN_000000000125491,,중소기업,"KOTRA는 신시장 발굴 및 K소비재 수출 기회 확대의 일환으로 우리 중소·중견 기업이 호주 시장에 안정적으로 진출할 수 있도록 올해 11월 5일(목)부터 7일(토)까지 호주 멜버른에서 「2026년 멜버른 한류박람회 (KBEE 2026, elbourne)」를 개최합니다. 한류박람회는 한류에 대한 전세계적인 선호를 한국의 우수 상품 및 서비스에 융합하기 위해 한류스타 공연 등을 수출마케팅 행사에 연계한 사업입니다. 본 사업은 한류를 통해 해외 소비자 및 바이어의 관심을 유도하고 우리 제품의 브랜드 인지도를 제고하는 사업으로 자리매김하","수출,대구,2026,대구광역시,KOTRA대구경북지원본부,소비재,화장품,호주,패션,주얼리,생활용품,식품,수출상담,B2B,통역,교통,물류,한류박람회,멜버른",해외진출,3892
8,전북특별자치도,직접수행,기술,2026년 창업 식품기업 지원사업 사업대상자 추가모집 공고,2026-08-13,2026-08-20,2026-08-14,https://www.bizinfo.go.kr/sii/siia/selectSIIA200Detail.do?pblancId=PBLN_000000000125490,,창업벤처,"「농업ㆍ농촌 및 식품산업 기본법」 제21조, 「식품산업진흥법」 제3조에 따라 우수한 창업아이템을 가진 창업자의 초기비용 부담 경감, 창업의 진입장벽 해소 지원으로 식품분야 창업활동 및 지역경제 활성화를 위한 창업 식품기업 지원사업의 2026년도 사업대상자 추가모집 계획을 아래와 같이 공고합니다. ☞ 7년 미만 식품기업 또는 농업생산자단체로 식품제조가공업, 식품첨가물제조업, 식품소분판매업, 식품보존업 등록업체 ☞ 생산ㆍ보관에 관련된 자동화 기계ㆍ장비 지원","기술,창업,서울,부산,대구,인천,전남광주,대전,울산,세종,경기,강원,충북,충남,전북,경북,경남,제주,2026,전북특별자치도,농업,농촌,식품산업,창업아이템,생산,보관,자동화,기계,장비,식품제조가공업,식품첨가물제오업,식품소분판매업,식품보존업,직접수행",기술인력/장비지원,4374
9,대구광역시,대구디지털혁신진흥원,경영,[대구] 2026년 웹툰기업 지원사업(패키지 지원) 모집 공고,2026-08-12,2026-08-31,2026-08-14,https://www.bizinfo.go.kr/sii/siia/selectSIIA200Detail.do?pblancId=PBLN_000000000125489,,중소기업,"대구디지털혁신진흥원에서는 지역 웹툰기업의 역량강화를 위한 「2026년 대구 웹툰기업 지원사업(패키지 지원)」을 다음과 같이 공고하오니, 관심 있는 기업의 많은 참여 바랍니다 ☞ 대구 소재 웹툰 기업 ☞ 사업 고도화를 위한 기업 수요 기반 선택형 패키지 지원 - 콘텐츠 고도화, 홍보ㆍ마케팅, 판로개척, 기타 지원 ※ 자세한 지원내용 공고문 참조","내수,경영,대구,2026,대구광역시,대구디지털혁신진흥원,웹툰,고도화,콘텐츠고도화,홍보,마케팅,판로개척,웹툰기업,패키지",디자인/상품화/사업화,3930
10,대구광역시,대구디지털혁신진흥원,경영,2026년 대구콘텐츠코리아랩 추경 사업 미드폼 콘텐츠 제작지원사업 참가기업 추가 모집 공고,2026-08-13,2026-08-20,2026-08-14,https://www.bizinfo.go.kr/sii/siia/selectSIIA200Detail.do?pblancId=PBLN_000000000125488,,중소기업,"대구디지털혁신진흥원에서는 지역 내 우수 콘텐츠 발굴 및 육성을 목적으로 「2026년 대구콘텐츠코리아랩 추경 사업 미드폼 콘텐츠 제작지원사업」 참가기업을 추가 모집하오니 많은 참여 바랍니다. ☞ 대구 소재 콘텐츠 기업(업력 무관) - 주제 : 대구의 공포 또는 역사ㆍ유배지ㆍ지역설화 등 지역 소재 스토리 ※ 역외 기업(대구 지역 이외 기업)인 경우, 협약 체결일로부터 1개월 이내 대구시 본사 이전 및 사업자등록증 제출 필수 ☞ 미드폼 영상 제작 지원금 지원(인건비, 제작비, 임차비 등)","경영,서울,부산,대구,인천,전남광주,대전,울산,세종,경기,강원,충북,충남,전북,경북,경남,제주,지역소재스토리,미드폼,2026,대구디지털혁신진흥원,영상제작,콘텐츠기업,임차비,제작비,인건비,대구광역시",디자인/상품화/사업화,4046
11,전남광주통합특별시,전남바이오진흥원,내수,[전남광주] 2026년 바이오플러스 인터펙스코리아 참가기업 모집 공고,2026-08-13,2026-08-26,2026-08-14,https://www.bizinfo.go.kr/sii/siia/selectSIIA200Detail.do?pblancId=PBLN_000000000125487,,중소기업,"전남광주통합특별시 소재 바이오ㆍ헬스케어 기업의 국내외 판로 확대와 대외 홍보를 지원하기 위하여 「2026 바이오플러스 인터펙스코리아」 참가기업을 다음과 같이 모집하오니 많은 참여 바랍니다. ☞ 전남광주통합특별시 내 소재한 전시회 관련분야의 바이오ㆍ헬스케어 기업 - 공고일 기준 3개월 이상 전남광주통합특별시 내 본사 또는 공장, 주 사업장이 있는 기업 ☞ 기업당 9㎡ 내외 전시 공간 및 프로모션 제공(기업당 약 500만원 상당) 지원","내수,전남광주,2026,전남광주통합특별시,전남바이오진흥원,바이오,헬스케어,전시회,전시공간,프로모션",오프라인,3757
12,중소벤처기업부,중소기업중앙회,금융,2026년 중소기업 제조물책임(PL)보험료 지원사업 신청 공고(7월 가입자),2026-08-13,2026-08-27,2026-08-14,https://www.bizinfo.go.kr/sii/siia/selectSIIA200Detail.do?pblancId=PBLN_000000000125486,,중소기업,"본회는 지자체와 함께 중소기업의 제조물책임 리스크 대비와 보험료 부담 경감 등을 위하여 「2026년 중소기업 제조물책임(PL)보험료 지원사업」을 다음과 같이 시행하오니 기한 내 신청하시기 바랍니다. ☞ 증권상 사업장 소재지가 부산, 울산, 대구, 광주, 인천, 강원, 경북, 경남, 충북, 전남, 전북, 파주인 본회 PL보험 가입 중소기업 (단, 2026년 7월 중에 보험료를 납부하고 계약을 유지 중인 업체) ※ 지자체별 세부 지원기준은 신청링크의 지원신청서 참조 ☞ 2026년 기준 보험료의 10~30% 지원(최대 1~2백만원) ※ ","금융,부산,대구,인천,전남광주,울산,경기,강원,충북,전북,경북,경남,2026,PL보험,제조물책임,보험료,파주시,중소기업중앙회,중소벤처기업부,중소기업",보험(수출+무역),4117
13,울산광역시,울산지역산업진흥원,경영,[울산] 울주군 2026년 3차 중소기업 ESG 관리 지원사업 공고,2026-08-13,2026-09-04,2026-08-14,https://www.bizinfo.go.kr/sii/siia/selectSIIA200Detail.do?pblancId=PBLN_000000000125485,,중소기업,"「2026년도 울주군 중소기업 ESG 관리 지원사업」참여 중소기업을 모집하며, (재)울산지역산업진흥원에서는 지원프로그램에 대한 공고를 아래와 같이 추진하오니 많은 관심 부탁드립니다. ☞ 울주군 소재 제조업 영위 중소기업 - 울주군 소재 사업장 운영 현황에 따른 우선 참여 기회 제공 - 1순위 : 공장(울주군)+본사(울주군) / 2순위 : 공장(울주군)+본사(울산 내) / 3순위 : 공장(울주군)+본사(울산 외 기타 지역) / 4순위 : 본사(울주군) ☞ 전문 공급기관 지정을 통한 평가, 컨설팅 및 인증 취득 지원 ※ 자세한 지원내용","경영,울산,울산지역산업진흥원,2026,외부대응,리스크관리,울주군,전문가양성,인증취득,ESG,울산광역시,컨설팅,제조업,교육,중소기업",컨설팅,3873
14,충청북도,청주상공회의소,수출,[충북] 2026년 두바이 건축자재박람회(Big5) 공동관 참여기업 모집 공고,2026-08-13,2026-08-28,2026-08-14,https://www.bizinfo.go.kr/sii/siia/selectSIIA200Detail.do?pblancId=PBLN_000000000125484,,중소기업,"충청북도와 청주상공회의소는 중동 및 아프리카 지역의 판로를 개척하고자 하는 충북 건축 자재 기업들을 지원하기 위해 「2026 두바이 건축자재박람회」사업을 추진하오니 관련 기업들의 많은 참여와 관심 바랍니다. ☞ 도내 소재 수출 중소ㆍ중견기업 ※ 반드시 충북이 본점 소재지어야 함(공장 소재지로 참가 불가) ☞ 독립부스 임차비 및 충북공동관 장치비, 부스 운영에 필요한 가구 및 집기 비용 일체, 참가업체 필수 납부 마케팅 및 행정 비용의 전액, 그 외 전시회 참가에 수반되는 등록, 행정 처리 및 기타 지원","수출,충북,건축자재박람회,2026,부스장치비,행정,두바이,해외박람회,공동관,부스임차비,청주상공회의소,충청북도,중견기업,마케팅,중소기업",해외진출,3781
15,경기도,김포산업지원센터,경영,[경기] 김포시 2026년 에너지효율시장 조성사업 참여기업 모집 공고,2026-08-12,2026-08-28,2026-08-14,https://www.bizinfo.go.kr/sii/siia/selectSIIA200Detail.do?pblancId=PBLN_000000000125482,,중소기업,"김포시 관내 중소ㆍ중견기업의 에너지 이용효율 향상 및 제조원가 절감을 지원하고, 탄소중립 정책 대응과 친환경 제조환경 조성을 통한 기업 경쟁력 강화를 위해 「2026년 김포시 에너지효율시장 조성사업」을 다음과 같이 공고하오니 관내 기업들의 많은 관심과 신청 바랍니다. ☞ 공고일 현재 김포시에 사업장(공장)이 등록된 중소기업 ☞ 기존 노후ㆍ비효율 설비의 고효율 설비 구입비용 지원(기업당 최대 1,000만원)","경영,경기,2026,김포산업지원센터,경기도,중소기업,중견기업,에너지,절감,김포시,노후설비,비효율설비,구입비용,설비,고효율",시설/입지지원,3987
16,경상북도,대구경북디자인진흥원,내수,[경북] 2026년 흥해라 신라난전 참여 소상공인 모집 공고,2026-08-24,2026-09-11,2026-08-14,https://www.bizinfo.go.kr/sii/siia/selectSIIA200Detail.do?pblancId=PBLN_000000000125481,,소상공인,"경상북도ㆍ경주시ㆍ대구경북디자인진흥원은 ‘APEC 정상회의’ 성공개최를 기념하고, 역사와 관광 인프라가 풍부한 입지를 활용하여 소상공인의 대외 경쟁력 확보 및 판로 확대 기회를 마련하고자 2026년 「흥해라 신라난전」을 개최합니다. 이에 본 행사에 참여를 희망하는 도내 소상공인 및 관련 단체를 아래와 같이 공개 모집하오니 많은 관심과 적극적인 참여를 바랍니다. ☞ 경상북도 22개 시ㆍ군에 소재한 소상공인(사업자등록증기준) 및 지역 주요 상권(자율상권 등) - 모집품목 : 독창성 및 특색을 갖춘 로컬 대표 제품, 소상공인 상품, 지역별","내수,경북,마켓운영,로컬제품,콘텐츠배포,2026,부스,행사,경주시,광고,대구경북디자인진흥원,경상북도,소상공인",오프라인,960
17,과학기술정보통신부,한국인터넷진흥원,내수,2026년 블록체인 진흥주간 전시부스 참가기업 모집 공고,2026-08-13,2026-09-14,2026-08-14,https://www.bizinfo.go.kr/sii/siia/selectSIIA200Detail.do?pblancId=PBLN_000000000125480,,중소기업,"「2026 블록체인 진흥주간」('26.11.25~26) 기간 동안 국내 관련 기업ㆍ기관을 대상으로 제품(솔루션 등)을 홍보할 수 있는 전시부스를 운영할 계획입니다. 이에 참가기업 및 기관을 모집하오니 많은 관심과 참여 바랍니다. ☞ DID, BaaS, DPP, 디지털자산, 데이터이력관리, 전자지갑 등 블록체인 주요 서비스에 대한 솔루션ㆍ제품을 보유중인 기업ㆍ기관 등 ☞ 행사장 내 단독부스 제공 및 백월 제작 지원(무료) ※ 규모 : 가로(2.5m)×세로(2m)×높이(3m) / 구성 : 백월, 안내데스크, 미팅테이블 등","기술,내수,서울,부산,대구,인천,전남광주,대전,울산,세종,경기,강원,충북,충남,전북,경북,경남,제주,한국인터넷진흥원,과학기술정보통신부,블록체인,진흥주간,전시부스,DID,BaaS,DPP,디지털자산,데이터이력관리,전자지갑,솔루션,홍보,백월제작,단독부스,2026",오프라인,867
18,문화체육관광부,한국콘텐츠진흥원,수출,2026년 KOMICS Thailand 참가기업 모집 공고,2026-08-13,2026-08-31,2026-08-14,https://www.bizinfo.go.kr/sii/siia/selectSIIA200Detail.do?pblancId=PBLN_000000000125479,,중소기업,"태국을 거점으로 동남아시아 주요 시장(싱가포르, 인도네시아, 말레이시아, 베트남, 필리핀 등) 진출(수출)을 위한 만화웹툰 특화 해외진출 지원 프로그램 운영하고자 '2026 KOMICS Thailand 참가기업 모집 공고'에 참여할 만화웹툰기업을 모집합니다. ☞ 태국을 거점으로 동남아시아 주요 시장(싱가포르, 인도네시아, 말레이시아, 베트남, 필리핀 등) 진출 목적이 명확한 국내 만화ㆍ웹툰 IP 보유 기업 또는 해외 비즈니스 권한을 위임받은 에이전시 - 플랫폼 유통 및 출판, 영상화, 게임, MD 등 확장 산업 전반에 걸쳐 동남아시","수출,서울,부산,대구,인천,전남광주,대전,울산,세종,경기,강원,충북,충남,전북,경북,경남,제주,2026,문화체육관광부,한국콘텐츠진흥원,KOMICS,싱가포르,인도네시아,말레이시아,베트남,필리핀,동남아시아,태국,만화웹툰,만화,웹툰,바이어,수출상담,통역,비즈니스,홍보마케팅,숙박",해외진출,1085
19,중소벤처기업부,경북대학교 스타트업지원센터,경영,대구 제품 런칭 패키지 수혜기업 모집 공고(제조전문형 메이커 스페이스 사업),2026-08-13,2026-08-28,2026-08-14,https://www.bizinfo.go.kr/sii/siia/selectSIIA200Detail.do?pblancId=PBLN_000000000125478,,중소기업,"패키지 제작 및 국내ㆍ외 전시회 참가를 지원하는 제품 런칭 패키지를 다음과 같이 공고하오니 관심 있는 분들의 많은 참여 바랍니다. ☞ 대구지역 제조 분야 예비창업자 또는 제조기업 ※ 세부사업별 지원대상 상이 공고문 참조 ☞ 포장(패키지) 제작 : 제품 출시를 위한 포장 관련 제작 비용 지원 - 국내ㆍ외 전시회 참가 : 바이어 미팅, 제품 전시 등을 위한 국내ㆍ외 전시회 참가 비용 지원","수출,내수,창업,경영,서울,부산,대구,인천,전남광주,대전,울산,세종,경기,강원,충북,충남,전북,경북,경남,제주,2026,경북대학교 스타트업지원센터,중소벤처기업부,패키지제작,전시회,런칭패키지,제품,예비창업자,제조기업,제작비용,바이어미팅,참가비용",디자인/상품화/사업화,882
20,전남광주통합특별시,전남정보문화산업진흥원,기술,[전남광주] AI어장 현장실증(시설ㆍ제품 고도화) 지원 모집 2차 연장 공고(AI기반 어장공간정보 빅데이터 플랫폼 구축 및 활용사업),2026-08-12,2026-08-24,2026-08-14,https://www.bizinfo.go.kr/sii/siia/selectSIIA200Detail.do?pblancId=PBLN_000000000125477,,중소기업,"전남정보문화산업진흥원에서는「AI기반 어장공간정보 빅데이터 플랫폼 구축 및 활용사업」의 일환으로 수산양식 분야 디지털 전환 촉진을 위한 “AI어장 현장실증(시설, 제품 고도화) 지원”을 다음과 같이 연공고하오니, 역량 있는 기업의 많은 관심과 참여 바랍니다. ☞ 해양, 수산양식 분야에 적용가능한 제어ㆍ기기, 제품 제조, 서비스(SW, 응용서비스) 분야 ICT기업으로 전남광주통합특별시 소재의 기업, 법인 또는 연구소 보유기업 ☞ 실증지 수요 맞춤형 시설, 제품, 서비스 고도화 실증(과제당 최대 66,000천원)지원 - 기업개발 시설ㆍ제","기술,전남광주,어장,완도,신안,전남광주통합특별시,고흥,AI어장,2026,전복,진도,수산양식,김,ICT기업,전남정보문화산업진흥원,현장실증,기술컨설팅,SW,실증,ICT",기술사업화/이전/지도,1119
21,경기도,경기지식재산센터,기술,[경기] 군포시 2026년 4차 지식재산 긴급지원 사업(국내출원지원) 모집 공고,2026-08-12,2026-08-28,2026-08-14,https://www.bizinfo.go.kr/sii/siia/selectSIIA200Detail.do?pblancId=PBLN_000000000125476,,중소기업,"군포시 중소기업에 맞춤형 지식재산 서비스를 지원하는 ‘지식재산 긴급지원’ 사업의 2026년 시행 계획을 다음과 같이 공고하오니 사업에 참여하고자 하는 기업의 많은 신청 바랍니다. ☞ 경기도 군포시 소재 중소기업 (「중소기업 기본법」 제2조 및 동법 시행령 제3조에 의거) ☞ 기업당 2,000만원 이내 지원 - 지식재산 전문가의 IP현안 진단을 통해 컨설턴트 직접컨설팅을 제공하고, 외부기관(분야별 전문기관)과 함께 국내출원비용을 지원 ※ 자세한 지원내용 공고문 참조","기술,경기,지식재산처,2026,지식재산긴급지원,경기지식재산센터,군포시,경기도,중소기업,국내출원,국내출원지원,특허,실용신안,상표,디자인,지식재산",시험/인증,921
22,중소벤처기업부,경북대학교 스타트업지원센터,기술,대구 초도물량 양산 패키지 수혜기업 모집 공고(제조전문형 메이커 스페이스 사업),2026-08-13,2026-08-28,2026-08-14,https://www.bizinfo.go.kr/sii/siia/selectSIIA200Detail.do?pblancId=PBLN_000000000125475,,중소기업,"금형 설계ㆍ제작과 초도물량 생산을 지원하는 초도물량 양산 패키지를 다음과 같이 공고하오니 관심 있는 분들의 많은 참여 바랍니다. ☞ 대구소재 제조 분야 예비창업자 및 기업 ※ 2026. 12. 31. 까지 사업자등록 완료 및 사업자등록증 제출 必 ☞ 금형 설계ㆍ제작, 초도물량 생산 등에 필요한 비용 한도 내(기업당 최대 2천만 원) 간접 지원","기술,창업,서울,부산,대구,인천,전남광주,대전,울산,세종,경기,강원,충북,충남,전북,경북,경남,제주,양산패키지,초도물량생산,경북대학교 스타트업지원센터,2026,금형설계,헬스,금형제작,의료,예비창업자,제조,중소벤처기업부",기술사업화/이전/지도,860
23,경기도,경기지식재산센터,기술,[경기] 하남시 2026년 3차 지식재산 긴급지원 사업(국내상표ㆍ디자인출원) 모집 공고,2026-08-12,2026-08-28,2026-08-14,https://www.bizinfo.go.kr/sii/siia/selectSIIA200Detail.do?pblancId=PBLN_000000000125474,,중소기업,"하남시 중소기업에 맞춤형 지식재산 서비스를 지원하는 ‘지식재산 긴급지원’ 사업의 2026년 시행 계획을 다음과 같이 공고하오니 사업에 참여하고자 하는 기업의 많은 신청 바랍니다. ☞ 경기도 하남시 소재 중소기업 (「중소기업 기본법」 제2조 및 동법 시행령 제3조에 의거) ☞ 기업 당 2,000만원 이내 지원 - 지식재산 전문가의 IP현안 진단을 통해 컨설턴트 직접컨설팅을 제공하고, 외부기관(분야별 전문기관)과 함께 국내출원비용을 지원","기술,경기,2026,경기도,경기지식재산센터,하남시,중소기업,지식재산,컨설턴트,컨설팅,국내출원비용,지식재산서비스,지식재산긴급지원,상표,디자인,국내출원",시험/인증,964
24,중소벤처기업부,한국중소벤처기업유통원,경영,2026년 4차 소상공인 물류 서비스 지원사업 참여기업 모집 공고,2026-08-13,2026-08-27,2026-08-14,https://www.bizinfo.go.kr/sii/siia/selectSIIA200Detail.do?pblancId=PBLN_000000000125473,,소상공인,"소상공인의 온라인시장 진출 및 판로 지원을 위한 「2026년 소상공인 물류 서비스 지원사업」을 다음과 같이 공고하오니, 많은 참여를 바랍니다. ☞ 「소상공인기본법」 제2조에 따른 소상공인 ※ 자세한 지원대상 공고문 참조 ☞ 상품보관, 포장, 배송 등 물류 관련 서비스 제공 지원","경영,서울,부산,대구,인천,전남광주,대전,울산,세종,경기,강원,충북,충남,전북,경북,경남,제주,2026,중소벤처기업부,한국중소벤처기업유통원,소상공인,온라인시장,물류서비스,물류,상품보관,포장,배송,물류관련서비스",디자인/상품화/사업화,1256
25,경기도,용인시산업진흥원,기술,[경기] 용인시 2026년 3차 소공인특화지원센터 지원사업 모집 공고,2026-08-13,2026-08-26,2026-08-14,https://www.bizinfo.go.kr/sii/siia/selectSIIA200Detail.do?pblancId=PBLN_000000000125472,,소상공인,"용인시산업진흥원에서는 관내 전자부품 집적지 일대 제조 소공인의 경쟁력 향상을 위해 「2026년 소공인특화지원센터 지원사업(3차)」를 아래와 같이 시행하오니 많은 참여 바랍니다. ☞ 용인 기흥구 영덕동, 하갈동, 구갈동, 서천동, 농서동, 동백동, 중동, 언남동, 청덕동에 본사 또는 공장 이 소재하고 있는 소공인, C26/C28/C29 업종의 소공인 ☞ 소공인 인증 및 산업재산권(IP), 소공인 마케팅 지원","기술,내수,경기,2026,용인시산업진흥원,용인시,소공인,경기도,인증,산업재산권,IP,마케팅,제조업,소공인특화지원센터,전자부품",시험/인증,925
26,교육부,동서대학교,경영,[부산] 맞춤형 AllSET 컨설팅 참가기업 모집 공고,,,2026-08-14,https://www.bizinfo.go.kr/sii/siia/selectSIIA200Detail.do?pblancId=PBLN_000000000125471,예산 소진시까지,중소기업,"동서대학교 앵커사업단은 지ㆍ산ㆍ학 협력모델인 Open-UIC(University-Industry Collaboration) 모델을 바탕으로 대학과 기업 간 협력의 벽을 허물고, 인재 양성에서 취업ㆍ창업, 지역 정주로 이어지는 선순환 생태계를 구축하고 있습니다. 아울러 부산 지역 발전의 허브 역할을 담당할 수 있도록 지원하고 있으며 이를 통해 지역과 대학이 직면한 공동의 위기를 극복하며, 대학과 지역의 동반 성장을 도모합니다. ☞ 「중소기업기본법」제2조의 중소기업으로서 , 본사 또는 지사 소재지가 부산시 소재, 보유 기술 혹은 비즈니","경영,부산,앵커사업단,2026,디지털테크,단기기술지도,문화관광,동서대학교,제안서,전문가매칭,교육부,비즈니스모델,디자인,바이오헬스,컨설팅,중소기업",컨설팅,855
27,전북특별자치도,기초자치단체,수출,[전북] 남원시 2026년 국내외 개별 박람회 참가 지원사업 추가 모집 공고,2026-08-13,2026-08-20,2026-08-14,https://www.bizinfo.go.kr/sii/siia/selectSIIA200Detail.do?pblancId=PBLN_000000000125470,,중소기업,"「남원시 기업인 예우 및 기업 활동 지원조례」 제12조에 의거 국내외 시장개척 의지가 있는 기업의 성장을 지원하고 강소기업을 육성하기 위하여 “2026년 남원시 국내외 개별 박람회 참가 지원사업”을 다음과 같이 공고합니다. ☞ 관내 제조기업 ☞ 국내 박람회, 해외 박람회 참가(기업당 최대 2백만원) 지원 - 국내 박람회 : 기본부스 임차료, 시설 설치비 - 해외 박람회 : 기본부스 임차료, 시설 설치비, 홍보물 제작비","수출,내수,전북,2026,전북특별자치도,기초자치단체,남원시,제조기업,국내박람회,해외박람회,부스임차료,시설설치비,홍보물제작,박람회참가,박람회",해외진출,893
28,전북특별자치도,기초자치단체,경영,[전북] 군산시 전담예술가와 우리가게 핫플레이스 만들기 소상공인 점포 모집 재공고,2026-08-10,2026-08-18,2026-08-14,https://www.bizinfo.go.kr/sii/siia/selectSIIA200Detail.do?pblancId=PBLN_000000000125469,,소상공인,"지역예술가들이 지역의 소상공인 점포 내ㆍ외부 디자인 개선 및 아트마케팅을 소상공인 점포에 지원하는 「전담예술가와 우리가게 핫플레이스 만들기」사업에 참여할 소상공인 점포를 아래와 같이 모집합니다. ☞ 관내 소상공인 - 상시근로자 수 5인 미만 소상공인 가게 중 고객방문 매장형 점포 (고객이 매장에 방문하여 상품과 서비스를 구매하는 점포) ※ 자세한 지원대상 공고문 참조 ☞ 재료비(금 325만원), 지역 예술가의 창작 재능을 활용하여 소상공인 점포에 아트마케팅 지원","경영,전북,2026,기초자치단체,소상공인,핫플레이스,아트마케팅,디자인개선,점포,소상공인점포,공간개선,디스플레이디자인,작품설치,작품전시,디자인,브랜딩,마케팅,전북특별자치도",시설/입지지원,976
29,충청남도,기초자치단체,경영,[충남] 예산군 착한가격업소 소규모 시설개선 지원사업 모집 공고,2026-08-11,2026-08-24,2026-08-14,https://www.bizinfo.go.kr/sii/siia/selectSIIA200Detail.do?pblancId=PBLN_000000000125468,,중소기업,"지속적인 고물가시대에 저렴한 가격과 양질의 서비스를 제공하는 착한가격업소의 환경개선을 지원하여 지역경제 활성화를 도모하고자 2026년 착한가격업소 소규모 시설개선 지원사업을 다음과 같이 공고하오니 많은 신청 바랍니다. ☞ 공고일 현재 예산군 착한가격업소 지정 후 1년 이상 경과한 업소 ☞ 소규모 인테리어, 간판 교체 등(업체별 최대 1,000만원 한도) 지원","경영,충남,소규모시설개선,2026,간판교체,옥외간판,착한가격업소,예산군,인테리어,시설개선,기초자치단체,충청남도",시설/입지지원,843
30,충청남도,기초자치단체,경영,[충남] 청양군 2026년 5차 음식점 시설개선 지원사업 계획 공고,2026-08-12,2026-08-31,2026-08-14,https://www.bizinfo.go.kr/sii/siia/selectSIIA200Detail.do?pblancId=PBLN_000000000125467,,소상공인,"「지방자치단체 보조금 관리에 관한 법률」제6조(지방보조금 예산의 편성 및 운영)에 따라 2026년도 음식점 시설개선 지원사업 모집을 아래과 같이 공고합니다. ☞ 영업신고(지위승계 포함) 후 2년이 경과된 청양군 관내 일반음식점, 휴게음식점, 제과점 영업자 ※ 자세한 사항 공고문 참조 ☞ 음식점 시설개선 비용(1개소 당 500만원 한도) 지원 - 손님이 주방의 내부를 볼 수 있는 구조로의 개ㆍ보수 비용(홀에서 주방을 확인할 수 있는 CCTV 설치 비용 등) - 주방의 바닥, 벽, 천장, 출입문, 창 등의 개ㆍ보수 비용 - 주방 위생관","경영,충남,2026,위생관리,제과점,음식점,CCTV,입식테이블,집기,청양군,설비,휴게음식점,일반음식점,기초자치단체,충청남도",시설/입지지원,822
31,중소벤처기업부,대중소기업농어업협력재단,경영,2026년 3차 기술유출방지시스템 구축사업 모집 공고,2026-08-12,2026-08-27,2026-08-14,https://www.bizinfo.go.kr/sii/siia/selectSIIA200Detail.do?pblancId=PBLN_000000000125466,,중소기업,"「2026년도 제3차 기술유출방지시스템 구축사업」 시행 계획을 다음과 같이 공고하오니, 동 사업에 참여하고자 하는 중소기업은 사업공고에 따라 신청하시기 바랍니다. ☞「중소기업기본법」제2조에 해당하는 중소기업 ※ 자세한 지원대상 공고문 참조 ☞ 자체관리형, 위탁관리형 지원 ※ 자세한 지원내용 공고문 참조","기술,경영,서울,부산,대구,인천,전남광주,대전,울산,세종,경기,강원,충북,충남,전북,경북,경남,제주,대중소기업농어업협력재단,중소벤처기업부,2026,중소기업,기술유출,방지시스템,자체관리형,위탁관리형,보안장비,컨설팅,라이선스구매,패키지이용료",시설/입지지원,860
32,전북특별자치도,기초자치단체,내수,[전북] 임실군 2026년 사회적기업 자치단체 지역특화사업 참여기업 모집 공고,2026-08-11,2026-08-25,2026-08-14,https://www.bizinfo.go.kr/sii/siia/selectSIIA200Detail.do?pblancId=PBLN_000000000125465,,사회적기업,"판로개척 및 인지도 제고를 위한 홍보ㆍ마케팅 등 맞춤형 재정지원을 통해 사회적경제기업의 지속 가능한 수익 창출과 사업 안정화를 도모하고자, 「2026년 임실군 사회적기업 자치단체 지역특화사업」 참여 기업을 다음과 같이 모집합니다. ☞ 유급근로자 1명 이상 고용한 관내 사회적경제기업 ※ (예비)사회적기업, 사회적협동조합, 마을기업, 자활기업 등 ☞ 사회적경제기업 판로 개척을 위한 홍보 마케팅 및 박람회 참가 지원 등(기업당 5백만원 보조금)","내수,전북,2026,전북특별자치도,기초자치단체,임실군,사회적경제기업,마케팅,사회적기업,박람회,부스임차료,참가비,판로유지,홍보물제작",홍보지원,746
33,전북특별자치도,기초자치단체,경영,[전북] 김제시 2026년 사회적경제 판로지원사업 모집 공고,2026-08-12,2026-08-18,2026-08-14,https://www.bizinfo.go.kr/sii/siia/selectSIIA200Detail.do?pblancId=PBLN_000000000125464,,사회적기업,"관내 사회적경제기업의 판로 확대와 자생력 강화를 통해 지속가능한성장을 지원하고자 「2026년 김제시 사회적경제 판로지원사업」을 추진하오니, 많은 관심과 적극적인 참여를 바랍니다. ☞ 공고일 기준 김제시 소재 사회적경제기업 - (예비)사회적기업, 마을기업, (사회적)협동조합, 자활기업 ☞ 성장 잠재력 있는 사회적경제기업의 제품 개발, 판로 개척, 홍보ㆍ마케팅 등을 지원 - 제품 개발 : 신제품 제작, 특허ㆍ인증 취득비, 기술개발비 등 지원 - 판로 개척 : 온ㆍ오프라인 입점비, 판매행사ㆍ박람회 등 참가비 등 지원 - 홍보ㆍ마케팅 : ","경영,전북,2026,전북특별자치도,기초자치단체,사회적경제기업,사회적기업,마을기업,협동조합,자활기업,신제품제작,특허,인증,취득비,기술개발비,입점비,판매행사,박람회,참가비,홈페이지제작,홍보물품,마케팅",디자인/상품화/사업화,754
34,기후에너지환경부,한국전력공사,기술,2026년 3차 전력산업정책개발 신규지원 대상과제 2차 재공고,2026-08-13,2026-08-26,2026-08-14,https://www.bizinfo.go.kr/sii/siia/selectSIIA200Detail.do?pblancId=PBLN_000000000125463,,중소기업,"전력산업의 지속적인 발전과 전력수급 안정을 위한 정부 정책의 개발 및 전력부문 정책 현안에 대해 효과적으로 대응하기 위하여 '26년 제3차 전력산업정책개발 신규지원 대상 과제를 재공고(2차)하오니 참여를 원하는 기관에서는 신청하여 주시기 바랍니다. ☞ 전기사업자 및 관련기관, 전력산업관련 연구기관, 공단, 협회 및 단체, 학교 및 부설연구소, 전력산업관련 기업 또는 기업부설연구소 등 - 기타 기반조성사업을 위하여 장관이 필요하다고 인정한 자 ☞ 전력분야 정책수립ㆍ제도개선ㆍ법령개정을 위해 전력기금 예산으로 전문기관에게 조사ㆍ연구 등 ","기술,서울,부산,대구,인천,전남광주,대전,울산,세종,경기,강원,충북,충남,전북,경북,경남,제주,전력기금사업단,재도개선,기반조성사업,기후에너지환경부,2026,법령개정,전력산업,정책수립,조사,연구,전기사업자,한국전력공사",기술정보제공,802
35,과학기술정보통신부,정보통신산업진흥원,기술,2026년 소프트웨어 산업발전 유공자 포상계획 재연장 공고,2026-08-13,2026-08-24,2026-08-14,https://www.bizinfo.go.kr/sii/siia/selectSIIA200Detail.do?pblancId=PBLN_000000000125462,,중소기업,"과학기술정보통신부는 국내 소프트웨어 산업발전에 기여한 유공자를 포상하고자 다음과 같이 「2026년도 소프트웨어 산업발전 유공자 포상계획」을 재연장 공고하오니 많은 참여 바랍니다. ☞ SW신기술(인공지능, 클라우드, 가상융합기반산업 등) 기반으로 혁신적인 비즈니스를 통해 소프트웨어 산업 성장에 기여한 자 - 인공지능 등 SW 신기술을 활용하여 자동차, 제조, 로봇 등 다양한 산업에서의 혁신적 서비스를 창출을 통해 AX 혁신에 기여한 자 - 우수 AIㆍ소프트웨어를 통한 수출증대 및 해외시장 개척에 기여한 자 - 초ㆍ중ㆍ고, 대학생, 일","기술,내수,서울,부산,대구,인천,전남광주,대전,울산,세종,경기,강원,충북,충남,전북,경북,경남,제주,가상융합기반산업,SW신기술,2026,AX,표창,클라우드,소프트웨어,유공자,정보통신산업진흥원,과학기술정보통신부,포상,인공지능,AI",기술사업화/이전/지도,974
36,산업통상부,한국산업기술기획평가원,기술,2026년 2차 로봇산업기술개발사업 신규지원 대상과제 공고,2026-08-21,2026-09-11,2026-08-14,https://www.bizinfo.go.kr/sii/siia/selectSIIA200Detail.do?pblancId=PBLN_000000000125461,,중소기업,"2026년도 제2차 로봇산업기술개발사업 신규 지원대상 연구개발과제를 다음과 같이 공고하오니 수행하고자 하는 자는 신청하여 주시기 바랍니다. ☞ 기업, 대학, 연구기관, 연구조합, 사업자단체, 의료기관 등 -「산업기술혁신촉진법」제11조 제2항 및 같은 법 시행령 제11조,「산업기술혁신사업 공통 운영요령」제2조제1항제3호, 제4호 및 제4의2호, 9의2부터 9의5, 제58호에 해당하는 기관 ☞ 로봇산업기술개발(로봇산업핵심기술개발) 연구개발비 지원 ※ 자세한 지원내용 공고문 참조","기술,서울,부산,대구,인천,전남광주,대전,울산,세종,경기,강원,충북,충남,전북,경북,경남,제주,물류특화,로봇파운데이션모델,데이터팩토리,산업통상부,2026,휴머노이드,융합로봇,한국산업기술기획평가원,로봇산업,로봇,AI",혼합(단독+공동),1033
37,서울특별시,서울경제진흥원,창업,[서울] 2026년 서울창업허브M+ 글로벌 오픈 이노베이션 참여기업 모집 공고,2026-08-13,2026-09-11,2026-08-14,https://www.bizinfo.go.kr/sii/siia/selectSIIA200Detail.do?pblancId=PBLN_000000000125460,,창업벤처,"서울창업허브M+는 서울 소재 유망 스타트업의 해외 진출을 지원하기 위해 시장분석 보고서를 제공하고 수요기업 연계 오픈 이노베이션을 운영합니다. 현지 시장정보 획득 및 FTP 및 Sunwah Group과의 협업을 희망하는 스타트업의 많은 관심과 참여 바랍니다. ☞ 모집 분야 해당 기술을 보유한 서울 소재 스타트업(설립 7년 미만) ☞ 공통(기업별 시장분석 보고서 제공), 심화(글로벌 PoC 기회, PoC 결과보고서, 현지 PoC 수행비용) 지원 ※ 선정기업 5개사에는 기업별 베트남 시장분석 보고서 제공. 이후 제품설명회를 거쳐 5개사","창업,서울,2026,서울경제진흥원,서울특별시,스타트업,시장분석,보고서,이노베이션,PoC,결과보고서,수행비용,제품설명회",사업화지원,1194
38,문화체육관광부,한국관광공사,기술,AI 기반 지역관광 문제해결 프로젝트(역사문화형) 참여 모집 공고,2026-08-12,2026-08-21,2026-08-14,https://www.bizinfo.go.kr/sii/siia/selectSIIA200Detail.do?pblancId=PBLN_000000000125459,,중소기업,"한국관광공사는 AI 등 혁신기술을 기반으로 지역 관광현장의 복합적인 현안을 해결하고, 내외국인 관광객의 편의 증진 및 관광객 지역유치 확대를 도모하기 위해 아래와 같이 AI 기반 지역관광 문제해결 프로젝트(역사문화형) 참여 기업을 모집하고 있습니다. 관광분야에서 새로운 가능성을 실현할 우수 기술기업들의 많은 관심과 참여를 부탁드립니다. ☞ 관광현장(역사문화형)의 문제해결을 위해 요구되는 AI 등 혁신기술을 보유한 기업 ☞ 2026년도 실증사업 수행(협업과제, 단독과제) 완료시 실증비 지원 - 협업과제 : AI 지도, AI 밀집도 분","기술,서울,부산,대구,인천,전남광주,대전,울산,세종,경기,강원,충북,충남,전북,경북,경남,제주,2026,문화체육관광부,한국관광공사,AI,관광현장,역사문화형,관광분야,협업과제,단독과제,실증비,다국어안내,주차혼잡도,밀집도분석ㅈ,지도,배리어프리,맞춤형서비스",혼합(단독+공동),1206
39,충청북도,충북대학교 산학협력단,기술,2026년 충북청주강소연구개발특구 연구소기업 전주기 통합지원사업 모집 공고,,,2026-08-14,https://www.bizinfo.go.kr/sii/siia/selectSIIA200Detail.do?pblancId=PBLN_000000000125458,세부사업별 상이,중소기업,"충북청주 강소연구개발특구는 연구소기업의 기술 실증(PoC) 및 기술사업화, 기술이전 설계 등을 통합적으로 지원하여 기업의 성장을 촉진하고자 「2026 강소특구 연구소기업 전주기 통합지원사업」을 다음과 같이 공고하오니 관심 있는 기업의 적극적인 참여를 바랍니다. 자세한 내용은 아래 안내를 참고하시어 신청하여 주시기 바랍니다. ☞ (Track 1) 2026. 3. 10. 이후 설립된 연구소기업 혹은 연구소기업 설립 예정 기업 - (Track 2) 2026. 3. 9. 이전 설립 완료된 연구소기업 ※ (Track 1) 특구 외 지역 선정","기술,서울,부산,대구,인천,전남광주,대전,울산,세종,경기,강원,충북,충남,전북,경북,경남,제주,2026,충북대학교 산학협력단,충청북도,연구소기업,기술실증,PoC,기술사업화,설계,기술이전,전주기,성능검증,현장실증,출자설계,사업화전략,시장진입전략",기술사업화/이전/지도,786
40,서울특별시,서울경제진흥원,수출,[서울] 2026년 서울창업허브 공덕 웹서밋(Web Summit 2026) 참가기업 모집 공고,2026-08-13,2026-08-27,2026-08-14,https://www.bizinfo.go.kr/sii/siia/selectSIIA200Detail.do?pblancId=PBLN_000000000125457,,창업벤처,"서울창업허브는 서울 혁신기업의 성공적인 유럽 시장 진출을 위하여 포르투갈 리스본에서 열리는 유럽 최대 규모 테크 컨퍼런스이자 스타트업 행사인 「웹서밋 2026 (Web Summit)」에 참가할 스타트업을 아래와 같이 모집하오니 많은 신청 바랍니다. ☞ AIㆍ머신러닝, B2B SaaS, 핀테크, 헬스케어 등 유럽 진출 유망분야 스타트업 - 본사가 서울에 소재하거나, 법인등기부등본에 서울 지점이 등록된 기업 ※ Web Summit 지원자격을 충족하며, 영어로 의사소통이 가능한 담당자 1인 이상이 참여 가능한 기업 ※ 자세한 지원대상 공","수출,창업,서울,B2BSaaS,웹서밋,현지프로그램,2026,서울경제진흥원,리스본,포르투갈,사업화지원금,핀테크,머신러닝,액셀러레이팅,서울특별시,헬스케어,AI,유럽,스타트업,전시부스",해외진출,1018
41,충청남도,충남경제진흥원,수출,[충남] 금산군 2026년 미국 소비촉진 사업 참가기업 추가모집 공고,2026-08-13,2026-08-24,2026-08-13,https://www.bizinfo.go.kr/sii/siia/selectSIIA200Detail.do?pblancId=PBLN_000000000125456,,중소기업,"금산인삼의 글로벌 브랜드 이미지 제고와 해외시장 판로 개척 및 수출 촉진을 위해 「2026년 금산군 미국 소비촉진사업」 참가기업을 다음과 같이 추가 모집하오니, 관심 있는 기업의 많은 참여 바랍니다. ☞ 금산군 내 본사 또는 공장이 소재한 인삼제품류 제조 중소기업(위탁생산포함) - 중소기업기본법 제2조 해당 ※ 해당기업이 직접 기안하고 디자인한 제품에 대해 위탁생산(OEM/ODM)을 하는 경우 위탁생산 계약서로 공장등록증 대체 가능 - 단, 인삼제품류 제조 중소기업의 신청기업 수가 지원규모(10개사 내외)에 미달하는 경우, 금산군 ","수출,충남,2026,충남경제진흥원,충청남도,금산군,인삼제품,제조,중소기업,부스임차,금산인삼,미국,해외시장",해외진출준비,2593
42,문화체육관광부,한국콘텐츠진흥원,인력,2026년 우수인재 연계 기업인턴십 참여기업 수시모집 공고,2026-08-12,2026-11-06,2026-08-13,https://www.bizinfo.go.kr/sii/siia/selectSIIA200Detail.do?pblancId=PBLN_000000000125455,,중소기업,"콘텐츠 분야 우수인재들 대상으로 인턴십 기회를 제공함으로써 실무역량을 갖춘 콘텐츠 전문인력을 양성하고 산업현장 중심의 인재 선순환 체계를 구축을 위해 인턴십 참여기업을 수시모집합니다. ☞ 콘텐츠 기업으로 한국콘텐츠진흥원 인재양성사업 프로그램 이수자를 대상으로 인턴십을 희망하는 대기업, 중견기업, 중소기업, 스타트업 등 기업(법인사업자) ☞ 기업별 인턴십 월 임금 지급(월 108만원 정액지원) ※ 자세한 지원내용 공고문 참조","인력,서울,부산,대구,인천,전남광주,대전,울산,세종,경기,강원,충북,충남,전북,경북,경남,제주,인재양성사업,2026,인턴십,전문인력,기업,법인사업자,한국콘텐츠진흥원,문화체육관광부,중견기업,콘텐츠,스타트업,중소기업",교육/훈련/연수,3124
43,전남광주통합특별시,광주정보문화산업진흥원,기술,[전남광주] 2026년 R&D 기반 혁신 실증스튜디오 운영사업 AIDX 스케일업 성장 지원사업 모집 공고,2026-08-12,2026-08-25,2026-08-13,https://www.bizinfo.go.kr/sii/siia/selectSIIA200Detail.do?pblancId=PBLN_000000000125454,,중소기업,지역 AIDX 분야 유망기업의 사업화 및 성장 촉진을 위해 기업 수요에 기반한 사업화 지원과 투자유치 연계 등을 지원하는「AIDX 스케일업 성장 지원사업」의 참여기업을 모집하오니 많은 관심과 참여 바랍니다. ☞ 아래 자격요건 중 하나를 충족하는 기업 - 남부대학교「2025~2026년 R&D 실증 스튜디오 지원사업」우수 수행기업 - AIDX(AI 기반 디지털 전환) 기술 고도화 및 글로벌 시장 진출이 유망한 광주 지역 우수기업 (※ 본사 또는 사업장 소재지가 광주광역시인 기업에 한함) ☞ 진흥원 인프라 및 사업화 전문 네트워크를 활용,"기술,전남광주,2026,광주정보문화산업진흥원,전남광주통합특별시,스케일업,AIDX,사업화,실증인프라,테스트베드,AI,DX,광주광역시,남부대학교",기술사업화/이전/지도,3056
44,대구광역시,대구경북패션사업협동조합,내수,[대구] 2026년 패션뷰인대구 디지털마케팅 지원 D-Fashion Brand Content Lab 참가 디자이너 및 패션업체 모집 공고,2026-08-12,2026-08-18,2026-08-13,https://www.bizinfo.go.kr/sii/siia/selectSIIA200Detail.do?pblancId=PBLN_000000000125453,,중소기업,"대구광역시 주최, 대구경북패션사업협동조합 주관하는「2026 디지털마케팅 지원」은 기존 오프라인 중심의 지역 패션업체 디지털 전환을 통한 e-커머스 시장 진출 및 디지털 유통망 대응 마케팅 지원 및 온라인 Biz중심의 여성복, 남성복, 워크웨어(유니폼, 가드닝), 아웃도어, 패션 소품등 지역 패션업체 및 디자이너를 대상으로 라이프스타일형 패션필름 및 패션 룩북 제작을 지원하고 이를 활용한 SNSㆍ온라인 플랫폼을 활용한 디지털 마케팅을 통해 브랜드 인지도 및 소비자 접점을 확대코자 사업을 추진하고자 합니다. 이에 함께할 참가 브랜드 및","내수,대구,2026,e-커머스,대구경북패션사업협동조합,대구광역시,디지털,패션업체,디지털마케팅,마케팅,브랜드,패션필름,룩북,여성복,남성복,아웃도어,패션소품",홍보지원,2645
45,충청남도,기초자치단체,경영,[충남] 아산시 2026년 2차 로컬푸드 직매장 포장재 지원 사업 공고,2026-08-11,2026-08-31,2026-08-13,https://www.bizinfo.go.kr/sii/siia/selectSIIA200Detail.do?pblancId=PBLN_000000000125452,,중소기업,"「아산시 로컬푸드 육성 및 지원에 관한 조례」 제17조에 따라 2026년 로컬푸드 직매장 포장재 지원 사업(2차)을 다음과 같이 공고합니다. ☞ 관내 로컬푸드 직매장 ※ 단, 2026년 로컬푸드 직매장 신규 개설될 경우 사업대상에 포함 ☞ 로컬푸드에 참여하는 생산농가에 단일한 포장재 지원","경영,충남,단독매장,샵인샵,포장재지원,지방보조금,직매장,로컬푸드,아산시,기초자치단체,충청남도,2026,포장재",디자인/상품화/사업화,2414
46,경상북도,경상북도경제진흥원,경영,[경북] 칠곡군 2026년 소상공인 카드수수료 지원사업 참여점포 모집 변경 공고,,,2026-08-13,https://www.bizinfo.go.kr/sii/siia/selectSIIA200Detail.do?pblancId=PBLN_000000000125451,예산 소진시까지,소상공인,"경상북도경제진흥원에서는 국내외 경기침체로 어려움을 겪고 있는 소상공인들을 위한 ‘소상공인 카드수수료 지원사업’ 참여점포를 다음과 같이 모집하오니 많은 신청 부탁드립니다. ☞ ’25년도 연매출액이 3억 원 이하이며,사업자등록증 상의 소재지가 칠곡군인 소상공인 ※ 매출액은 부가가치세과세표준증명원 혹은 면세사업자수입금액증명원을 기준으로 함 ☞ 전년도 카드매출액의 0.4% 지원 - 업체당 최저 5만원 최대 40만원 한도 ※ 지원금 산정방법 : ’25년 카드 매출액 / 1.1 * 0.4%","경영,경북,소상공인카드수수료,2026,행복카드,카드수수료,경영안정,칠곡군,경상북도경제진흥원,경상북도,소상공인",디자인/상품화/사업화,2390
47,충청북도,건국대학교,기술,[충북] 2026년 2차 AX기업혁신센터 공동연구센터 시제품제작지원 사업 공고(지역혁신중심 대학지원체계(RISE)),2026-08-10,2026-08-31,2026-08-13,https://www.bizinfo.go.kr/sii/siia/selectSIIA200Detail.do?pblancId=PBLN_000000000125450,,중소기업,"대학 주도 지산학연 협력 R&BD를 위해 RISE사업단 공동연구센터에서 추진하고 있는 「충북AX기업혁신센터 시제품제작지원 사업」 공모계획을 다음과 같이 공고하오니 대학 및 기업의 많은 참여를 바랍니다. ☞ 충북지역 소재 전략 산업 분야 기업(바이오, 반도체, 이차전지, 수소에너지, 바이오헬스, 모빌리티제조, AI-DATA분야 기업 ※ 공고일 기준 본사, 공장, 연구소 등 기업 시설ㆍ부서(영업소 제외)가 충청북도에 소재하면서 지역 내에서 실제 기업 활동이 이루어지고 있는 기업 (지역 내 기업 인프라 보유 및 상주 인력 근무 필수) ※","기술,충북,AI-DATA,AX기업,브랜드가치제고,제조품질,모빌리티제조,2026,AX,시험분석료,충북대학교,소프트웨어개발,건국대학교,재료비,수소에너지,이차전지,제품상용화,반도체,시제품제작,바이오헬스,바이오,충청북도",기술사업화/이전/지도,2557
48,경상북도,경상북도경제진흥원,경영,[경북] 김천시 2026년 소상공인 카드수수료 지원사업 참여점포 모집 변경 공고,,,2026-08-13,https://www.bizinfo.go.kr/sii/siia/selectSIIA200Detail.do?pblancId=PBLN_000000000125449,예산 소진시까지,소상공인,"경상북도경제진흥원에서는 국내외 경기침체로 어려움을 겪고 있는 소상공인들을 위한 ‘소상공인 카드수수료 지원사업’ 참여점포를 다음과 같이 모집하오니 많은 신청 부탁드립니다. ☞ ’25년도 연매출액이 3억 원 이하이며,사업자등록증 상의 소재지가 김천시인 소상공인 ※ 매출액은 부가가치세과세표준증명원 혹은 면세사업자수입금액증명원을 기준으로 함 ☞ 전년도 카드매출액의 0.4% 지원 - 업체당 최저 5만원 최대 40만원 한도 ※ 지원금 산정방법 : ’25년 카드 매출액 / 1.1 * 0.4%","경영,경북,소상공인카드수수료,2026,행복카드,카드수수료,경영안정,김천시,경상북도경제진흥원,경상북도,소상공인",디자인/상품화/사업화,2396
49,대전광역시,대전일자리경제진흥원,기술,[대전] 2026년 시제품 제작 지원 참여기업 추가모집 공고,2026-08-13,2026-08-20,2026-08-13,https://www.bizinfo.go.kr/sii/siia/selectSIIA200Detail.do?pblancId=PBLN_000000000125448,,사회적기업,"기존 제품 또는 시제품 제작 및 개선지원과 제품 양산 기반 마련을 위해 관내 사회적경제기업의 제품 제작을 지원하는 ｢2026년 시제품 제작 지원사업｣을 아래와 같이 모집하오니 많은 관심과 지원바랍니다. ☞ 관내 사회적경제기업 ☞ 제품 디자인설계, 3D 모델링, 목업 및 간이금형 제작, 패키지 제작, 기능 및 성능테스트 등 선택 지원","기술,대전,2026,대전광역시,대전일자리경제진흥원,사회적경제기업,시제품제작,3D모델링,디자인설계,목업,간이금형,패키지,성능테스트",기술사업화/이전/지도,2574
50,충청북도,건국대학교,기술,[충북] 2026년 2차 푸드테크 이노베이션 공동연구센터 시제품제작지원 사업 공고(지역혁신중심 대학지원체계(RISE)),2026-08-10,2026-08-31,2026-08-13,https://www.bizinfo.go.kr/sii/siia/selectSIIA200Detail.do?pblancId=PBLN_000000000125447,,중소기업,"대학 주도 지산학연 협력 R&BD를 위해 RISE사업단 공동연구센터에서 추진하고 있는「충북 푸드테크 이노베이션 공동연구센터 시제품제작지원 사업」공모계획을 다음과 같이 공고하오니 대학 및 기업의 많은 참여를 바랍니다. ☞ 충북지역 소재 푸드테크관련 산업 분야 기업 ※ 공고일 기준 본사, 공장, 연구소 등 기업 시설ㆍ부서(영업소 제외)가 충청북도에 소재하면서 지역 내에서 실제 기업 활동이 이루어지고 있는 기업(지역 내 기업 인프라 보유 및 상주 인력 근무 필수) ※ 대학-지역(충청북도) 기업 컨소시엄 필수 ☞ 시제품 제작 지원 - 재료","기술,충북,시제품제작경비,푸드테크관련산업,유원대학교,대원대학교,중원대학교,2026,세명대학교,우석대학교,샘플제작비,시험분석료,설계비,푸드테크,개선비,건국대학교,샘플제작,재료비,성능검증,프로토타입,디자인,시제품제작,충청북도",기술사업화/이전/지도,2320
51,산업통상부,한국제품안전관리원,기술,2026년 2차 어린이제품 관련 영세기업 지원사업 참여기업 모집 공고,2026-08-12,2026-08-26,2026-08-13,https://www.bizinfo.go.kr/sii/siia/selectSIIA200Detail.do?pblancId=PBLN_000000000125446,,중소기업,"「2026년도 2차 어린이제품 관련 영세기업 지원사업」 참여기업을 다음과 같이 모집하오니, 관심 있는 기업의 많은 참여 바랍니다. ☞ 국내ㆍ외 어린이제품 제조 및 수입업체 ☞ 어린이제품 시험에 소요되는 시험비용을 바우처 형태로 지원 - 바우처 형식으로 기업당 최대 150만원 상당의 시험비용 지원","기술,서울,부산,대구,인천,전남광주,대전,울산,세종,경기,강원,충북,충남,전북,경북,경남,제주,2026,제품안전,수입업체,한국제품안전관리원,어린이제품,시험인증,제조업체,바우처,산업통상자원부",시험/인증,2567
52,전남광주통합특별시,전남광주통합특별시농업기술원,수출,[전남광주] 중국 현지 홍보부스 참여 농업경영체 모집 공고(전남광주통합특별시농업기술원 기술개발 우수 농식품),2026-08-11,2026-08-18,2026-08-13,https://www.bizinfo.go.kr/sii/siia/selectSIIA200Detail.do?pblancId=PBLN_000000000125445,,중소기업,"전남광주통합특별시농업기술원 개발기술 적용 농식품의 중국 현지 홍보와 바이어 상담을 통한 수출 판로 확대를 위하여 참여 농업경영체를 다음과 같이 공개 모집합니다. ☞ 농업기술원 개발기술 적용 농식품 제조ㆍ판매 경영체 - 전남광주통합특별시농업기술원 개발기술 적용 농식품을 제조ㆍ판매하는 농업경영체 - 중국 반입 및 현지 홍보가 가능한 제품을 보유한 농업경영체 - 대표자 또는 관계자 1명이 지정된 일정에 참가할 수 있는 경영체 ☞ 경영체별 전시공간 조성 및 제품 홍보, 홍보 농식품 물류ㆍ운송 지원, 참가자 국외여비 1인당 200만원 정액 ","수출,전남광주,2026,전남광주통합특별시,전남광주통합특별시농업기술원,농식품,농업경영체,중국,바이어,수출판로확대,제품홍보,물류ㅇ,운송,우수농식품",해외진출,2310
53,중소벤처기업부,중소기업기술정보진흥원,금융,[강원ㆍ충청권] 2026년 5차 중소기업 R&D 전담은행 투자지원 프로그램 신청기업 모집 공고,2026-08-03,2026-08-24,2026-08-13,https://www.bizinfo.go.kr/sii/siia/selectSIIA200Detail.do?pblancId=PBLN_000000000125444,,중소기업,"중소기업기술정보진흥원(TIPA)은 전담은행(기업ㆍ하나)과 협력을 통해 중소기업 R&D 수행기업의 사업화를 위한 투자자금을 지원하고 있습니다. 중소기업 R&D 수행기업 중 강원·충청권 소재 중소기업을 대상으로 투자지원 프로그램에 참여할 기업을 모집하오니 관심있는 기업의 많은 참여를 부탁드립니다. ☞ 본사 기준 강원 및 충청(강원ㆍ대전ㆍ세종ㆍ충남ㆍ충북) 소재 중소기업 중 아래의 조건 하나 이상을 만족하는 기업 - 최근 5년 이내(공고마감일 기준) 중기부 소관 R&D 지원사업 완료(평가등급 : 우수, 보통) 판정을 받은 중소기업 - 중기","금융,경영,대전,세종,강원,충북,충남,투자심사,민간은행,2026,하나은행,기업은행,투자자금,투자설명회,투자,사업화,중소기업기술정보진흥원,중소벤처기업부,IR,중소기업,R&D",펀드/투자,2608
54,전남광주통합특별시,광주경제진흥상생일자리재단,수출,[전남광주] 2026년 하반기 해외 전시박람회 단체참가 업체 모집 공고,2026-08-12,2026-08-28,2026-08-13,https://www.bizinfo.go.kr/sii/siia/selectSIIA200Detail.do?pblancId=PBLN_000000000125443,,중소기업,"(재)광주광역시 경제진흥상생일자리재단에서는 지역 중소기업의 해외전시박람회 단체참가를 통한 해외판로확대 기회를 제공하여 바이어 발굴 등 해외 마케팅 활동을 강화하기 위해 「2026 스마트시티 엑스포 월드 콩그레스」에 참가할 기업을 아래와 같이 모집하오니 관심있는 기업들의 많은 참여바랍니다. ☞ 전년도 수출실적 2,000만불 이하 전남광주통합특별시에 소재한 중소기업 ☞ 부스료(임차료, 장치비 포함) 80%, 물품 편도운송료 및 통역 100%, 왕복 항공료 일부 차등지원(신규참가 70%, 3년이내 50%) - 항공료 : 1사 1인 이코노","수출,전남광주,전남광주통합특별시,2026,광주경제진흥상생일자리재단,해외전시,엑스포,스마트시티,박람회,바이어,중소기업",해외진출준비,2330
55,충청북도,충북대학교,기술,[충북] 2026년 2차 지능형 시스템 반도체 공동연구센터 시제품제작지원 사업 공고(지역혁신중심 대학지원체계(RISE)),2026-08-10,2026-08-31,2026-08-13,https://www.bizinfo.go.kr/sii/siia/selectSIIA200Detail.do?pblancId=PBLN_000000000125442,,중소기업,"대학 주도 지산학연 협력 R&BD를 위해 RISE사업단 공동연구센터에서 추진하고 있는 「지능형 시스템 반도체 공동연구센터 시제품제작지원 사업」 공모계획을 다음과 같이 공고하오니 대학 및 기업의 많은 참여를 바랍니다. ☞ 충북지역 소재 반도체 산업 분야 기업 ※ 공고일 기준 본사, 공장, 연구소 등 기업 시설ㆍ부서(영업소 제외)가 충청북도에 소재하면서 지역 내에서 실제 기업 활동이 이루어지고 있는 기업(지역 내 기업 인프라 보유 및 상주 인력 근무 필수) ※ 대학-지역(충청북도) 기업 컨소시엄 필수 - 지원 산업분야 : 지능형 시스템","기술,충북,RISE사업단,2026,시험분석료,충북대학교,반도체산업,청주대학교,재료비,시작품제작,용역,가공,반도체,시스템반도체,대학,시제품제작,충청북도,지능형시스템,소모성부품,제조품질",기술사업화/이전/지도,2382
56,대전광역시,대전테크노파크,수출,[대전] 2026년 일본 오사카 국제 로봇 전시회(RoboNext) 참가기업 모집 공고,2026-08-12,2026-08-26,2026-08-13,https://www.bizinfo.go.kr/sii/siia/selectSIIA200Detail.do?pblancId=PBLN_000000000125441,,중소기업,"대전 지역 로봇기업을 대상으로, 2026 일본 RoboNext 전시회(12월) 참가 기업을 다음과 같이 모집하오니 관심있는 기업분들의 많은 신청 바랍니다. ☞ 로봇산업 관련 전ㆍ후방 연관 제품을 보유한 기업 - 신청자격 : 대전 지역 내 사업장(본사, 공장, 연구소, 지사)을 보유한 기업 ☞ 대전기업관 전시홍보 부스 설치 및 공동 운영 지원 - 부스임차비, 부스설치비용, 홍보물제작, 왕복 운송료, 통역, 바이어 발굴 및 상담 주선","수출,대전,2026,대전광역시,대전테크노파크,로봇산업,일본,전시회,해외전시회,부스임차비,부스설치비,홍보물제작,운송료,통역,바이어,상담",해외진출,1037
57,경상북도,경북테크노파크,기술,[경북] 2026년 지역특화형(고도화) 스마트공장 구축사업 공고,2026-08-13,2026-08-31,2026-08-13,https://www.bizinfo.go.kr/sii/siia/selectSIIA200Detail.do?pblancId=PBLN_000000000125440,,중소기업,「2026년도 지역특화형(방산ㆍ모빌리티) 스마트공장 구축사업」의 지원계획을 다음과 같이 추가 공고합니다. ☞ 경북 지역내 중소중견 방산ㆍ모빌리티 기업 중 스마트공장 구축이 필요한 제조기업 ☞ 정보통신기술(ICT)로 제품의 기획-설계-제조-판매 과정을 통합하여 제조 공정을 최적화하는 스마트공장 구축지원 - 제품설계ㆍ생산공정 개선 등을 위한 스마트공장 솔루션 구축 및 솔루션과 연동되는 자동화장비ㆍ제어기ㆍ센서 등 구축 지원,"기술,경북,2026,경북테크노파크,경상북도,중소기업,중견기업,스마트공장,제조기업,방산,모빌리티,ICT,정보통신기술,제품설계,공정개선,자동화장비,제어기,센서,중소기업기술정보진흥원",기술인력/장비지원,1283
58,충청남도,충남테크노파크,경영,[충남] 2026년 제2회 유망기업 사업화경진대회 참가기업 모집 재공고(충남스타기업 CEO포럼),2026-08-13,2026-08-21,2026-08-13,https://www.bizinfo.go.kr/sii/siia/selectSIIA200Detail.do?pblancId=PBLN_000000000125439,,창업벤처,"충남지역에 소재한 유망기업의 창의적인 아이디어 발굴 및 사업화자금 지원을 위해 「2026년 충남지역기업 성장사다리지원사업」의 일환으로 추진 중인 2026년도(제2회) 충남 유망기업 사업화경진대회 참가기업 모집을 아래와 같이 공고하오니 충청남도 소재 유망기업의 많은 참여바랍니다. ☞ 충남도내 본사를 소재한 창업 10년 이하, 전년도(‘25년) 매출액 10억 이상 30억 미만의 주력산업 영위 제조기업 - 주력산업 : 디스플레이, 모빌리티, 반도체 분야 제조업 ※ 자세한 지원대상 공고문 참조 ☞ 수상 시 사업화 지원금, 투자활성화 등 지","기술,경영,충남,창업10년이하,2026,투자활성화,유망기업,디스플레이,충남테크노파크,반도체,모빌리티,사업화,디자인,시제품제작,제조기업,충청남도,지식재산,제조업",디자인/상품화/사업화,1124
59,충청북도,충북대학교,기술,[충북] 2026년 2차 차세대 이차전지 공동연구센터 시제품제작지원 사업 공고(지역혁신중심 대학지원체계(RISE)),2026-08-10,2026-08-31,2026-08-13,https://www.bizinfo.go.kr/sii/siia/selectSIIA200Detail.do?pblancId=PBLN_000000000125438,,중소기업,"대학 주도 지산학연 협력 R&BD를 위해 RISE사업단 공동연구센터에서 추진하고 있는 「차세대 이차전지 공동연구센터 시제품제작지원 사업」 공모계획을 다음과 같이 공고하오니 대학 및 기업의 많은 참여를 바랍니다. ☞ 충북지역 소재 차세대 이차전지 산업 분야 기업 ※ 공고일 기준 본사, 공장, 연구소 등 기업 시설ㆍ부서(영업소 제외)가 충청북도에 소재하면서 지역 내에서 실제 기업 활동이 이루어지고 있는 기업(지역 내 기업 인프라 보유 및 상주 인력 근무 필수) ※ 대학-지역(충청북도) 기업 컨소시엄 필수 - 지원 산업분야 : 차세대 이","기술,충북,S/W개발,부품구매,의뢰비용,중원대학교,2026,차세대이차전지,시험분석료,순환경제,충북대학교,PCB,원자재,건국대학교,재료비,시작품제작,용역,금형제작,가공,시제품제작,충청북도",기술사업화/이전/지도,960
60,중소벤처기업부,울산테크노파크,경영,[울산] 2026년 4차 울산 지역기업 성장사다리 지원사업 지원 연장 공고,2026-07-24,2026-08-24,2026-08-13,https://www.bizinfo.go.kr/sii/siia/selectSIIA200Detail.do?pblancId=PBLN_000000000125437,,중소기업,"2026년 중소벤처기업부와 울산광역시가 지원하는 지역기업 성장사다리 지원사업 수행자로 지정된 울산테크노파크에서 지원 대상별 지원프로그램을 안내하오니, 지원 프로그램별 참여를 희망하는 울산 지역 중소기업의 많은 신청바랍니다. ☞ 사업자등록증 상 본사가 해당 울산지역 내 소재하며, 울산지역 주력산업 분야를 영위하는 상시근로자 5명 이상 중소기업 ☞ 컨설팅ㆍPRE-R&DㆍPOST-R&D 지원 - 컨설팅지원 : BM 전략 수립, 기업 생산성 향상, EGS 경영, R&D과제기획, 기술지도, 공정개선, 시장조사, 수출 전략 수립 - PRE-R","기술,경영,울산,2026,PRE-R&D,POST-R&D,ESG경영,번역,제품고급화,통역,울산테크노파크,울산광역시,장비지원,사업화,기술이전,시제품제작,컨설팅,중소벤처기업부,중소기업",디자인/상품화/사업화,995
61,충청북도,충북대학교,기술,[충북] 2026년 2차 첨단바이오 공동연구센터 시제품제작지원 사업 공고(지역혁신중심 대학지원체계(RISE)),2026-08-10,2026-08-31,2026-08-13,https://www.bizinfo.go.kr/sii/siia/selectSIIA200Detail.do?pblancId=PBLN_000000000125436,,중소기업,"대학 주도 지산학연 협력 R&BD를 위해 RISE사업단 공동연구센터에서 추진하고 있는「첨단바이오 공동연구센터 시제품제작지원 사업」공모계획을 다음과 같이 공고하오니 대학 및 기업의 많은 참여를 바랍니다. ☞ 충북지역 소재 첨단바이오 산업 분야 기업 ※ 공고일 기준 본사, 공장, 연구소 등 기업 시설ㆍ부서(영업소 제외)가 충청북도에 소재하면서 지역 내에서 실제 기업 활동이 이루어지고 있는 기업(지역 내 기업 인프라 보유 및 상주 인력 근무 필수) ※ 대학-지역(충청북도) 기업 컨소시엄 필수 - 지원 산업분야 : 첨단바이오 산업 관련 분","기술,충북,의뢰비용,첨단바이오산업,2026,세명대학교,시험분석료,충북대학교,첨단바이오,청주대학교,공동연구센터,재료비,CAD,시작품제작,용역,가공,디자인,시제품제작,충청북도,3D프린팅",기술사업화/이전/지도,941
62,전남광주통합특별시,전남지역산업진흥원,기술,[서남권] 2026년 3차 지역혁신클러스터육성(비R&D) 기업지원사업 모집 공고,2026-08-11,2026-08-21,2026-08-13,https://www.bizinfo.go.kr/sii/siia/selectSIIA200Detail.do?pblancId=PBLN_000000000125435,,중소기업,"서남권 지역혁신융복합단지내 (전남)에너지신산업 및 전ㆍ후방 연관 기업을 대상으로 2026년 지역혁신클러스터육성(비R&D) 기업지원사업을 아래와 같이 추진하오니 해당 프로그램의 참여를 희망하는 기업의 많은 신청 바랍니다. ☞ 서남권 지역혁신융복합단지 내에 소재한 중소ㆍ중견기업으로 에너지신산업 전ㆍ후방 연관 업종(제품) 분야 - 지원분야 : 에너지신산업 - 접수마감일 현재 서남권 지역혁신융복합단지 내 위치해야함. - 단, 접수마감일 현재 지역혁신융복합단지에 입주해 있지 않은 기업이 참여할 경우, 사업기간 종료일까지 입주를 완료해야함(제","기술,전남광주,전남광주통합특별시,2026,전남지역산업진흥원,지역혁신클러스터육성,서남권,중소기업,사업화,디지털지원,제품고급화,에너지신산업,중견기업",기술사업화/이전/지도,1148
63,경기도,기초자치단체,경영,[경기] 군포시 2027년 기업환경 개선사업 모집 공고,2026-08-18,2026-09-18,2026-08-13,https://www.bizinfo.go.kr/sii/siia/selectSIIA200Detail.do?pblancId=PBLN_000000000125434,,중소기업,"중소기업의 열악한 기반시설 정비와 소방시설, 노동ㆍ작업환경 개선을 통해 산업재해를 예방하고 근로자의 근무 환경을 개선하기 위한 「2027년 기업환경 개선사업」에 참여할 기업을 아래와 같이 모집하오니 많은 신청바랍니다. ☞ 군포시 관내 사업자등록 후 1년 이상 운영중인 중소제조기업 ☞ 기반시설, 노동복지, 소방안전 기업환경 개선 지원 ※ 자세한 지원내용 공고문 참조","경영,경기,2026,경기도,기초자치단체,군포시,제조기업,중소기업,중소제조기업,노동복지,노동환경,기반시설,소방안전,소방시설,작업환경,기업환경개선사업,기업환경개선,환경개선",시설/입지지원,1043
64,부산광역시,부산경제진흥원,내수,2026년 홍보영상 제작 및 온라인 게시 지원 참여 희망 소상공인 모집 공고,2026-08-03,2026-09-02,2026-08-13,https://www.bizinfo.go.kr/sii/siia/selectSIIA200Detail.do?pblancId=PBLN_000000000125433,,소상공인,"소상공인 온라인 판로확대 및 온라인 홍보마케팅 활성화를 위해 「2026년 홍보영상 제작 및 온라인 게시 지원」을 아래와 같이 공고하오니 많은 관심과 참여 바랍니다. ☞ 국내에 사업자를 둔 소상공인 ※ 매장영상 : 부산에 사업자를 둔 업체만 가능 ※ 제품영상 : 국내에 사업자를 둔 업체 모두 가능 ☞ 제품 및 매장 홍보영상(3∼5분 분량) 제작, 홍보영상 유튜브 등 온라인 플랫폼 업로드 지원","내수,서울,부산,대구,인천,전남광주,대전,울산,세종,경기,강원,충북,충남,전북,경북,경남,제주,2026,부산광역시,부산경제진흥원,소상공인,홍보마케팅,온라인홍보마케팅,홍보영상제작,홍보영상,매장영상,제품영상,온라인플랫폼",홍보지원,1419
65,충청북도,장애인기업종합지원센터,경영,[충북] 2026년 장애인기업 육성지원 사업 연장 공고,2026-07-20,2026-08-19,2026-08-13,https://www.bizinfo.go.kr/sii/siia/selectSIIA200Detail.do?pblancId=PBLN_000000000125432,,장애인기업,"도내 장애인기업의 장애경제인 기업 활동 능력 배양 및 성장촉진을 위한 「2026년 충청북도 장애인기업 육성지원 사업」에 참여할 기업을 아래와 같이 모집 공고하오니, 도내 장애인기업의 많은 관심과 참여를 바랍니다. ☞ 사업자등록증상의 본점 주소지가 충청북도인 장애인기업 또는 주민등록등본상의 거주지가 충청북도인 장애인 예비창업자 ※ 장애인기업 확인서 발급 업체 ☞ 장애인기업 맞춤형 컨설팅, 실전형 집합교육 지원 - 경영애로 맞춤형 컨설팅 : 기업경영에 필요한 전문적인 컨설팅 제공(분야 : 세무, 회계, 법률 등) - 실전형 AI 집합교","경영,충북,2026,집합교육,기업경영,장애인기업종합지원센터,예비창업자,장애인기업,충청북도,컨설팅,AI,교육,세무,회계,법률,온라인마케팅",컨설팅,1081
66,충청북도,청주대학교,기술,[충북] 2026년 2차 첨단로봇ㆍ제조 공동연구센터 시제품제작지원 사업 공고(지역혁신중심 대학지원체계(RISE)),2026-08-10,2026-08-31,2026-08-13,https://www.bizinfo.go.kr/sii/siia/selectSIIA200Detail.do?pblancId=PBLN_000000000125431,,중소기업,"대학 주도 지산학연 협력 R&BD를 위해 RISE사업단 공동연구센터에서 추진하고 있는 「첨단로봇/제조 공동연구센터 시제품제작지원 사업」 공모계획을 다음과 같이 공고하오니 대학 및 기업의 많은 참여를 바랍니다. ☞ 충북지역 소재 첨단로봇/제조 산업 분야 기업 ※ 공고일 기준 본사, 공장, 연구소 등 기업 시설ㆍ부서(영업소 제외)가 충청북도에 소재하면서 지역 내에서 실제 기업 활동이 이루어지고 있는 기업(지역 내 기업 인프라 보유 및 상주 인력 근무 필수) ※ 대학-지역(충청북도) 기업 컨소시엄 필수 - 지원 산업분야 : 로봇 제어ㆍ지","기술,충북,첨단로봇제조산업,2026,액추에이터,로봇제어,열관리,첨단로봇,시험분석료,제조현장,청주대학교,기술검증,건국대학교,재료비,시작품제작,용역,가공,시험분석,제품개선,로봇,시제품제작,충청북도,제조",기술사업화/이전/지도,1073
67,교육부,제주산학융합원,수출,AI 기반 제주형 그린바이오 밸류체인 고도화 및 글로벌 돋움 프로젝트 지원 수혜기업 모집 공고(제주 지역성장 인재양성체계(앵커)),2026-08-03,2026-08-21,2026-08-13,https://www.bizinfo.go.kr/sii/siia/selectSIIA200Detail.do?pblancId=PBLN_000000000125430,,중소기업,"교육부와 제주특별자치도가 지원하는 제주지역 인재양성체계(앵커)사업(AI 기반 제주형 그린바이오 밸류체인 고도화 및 글로벌 돋음 프로젝트)으로 지역 바이오기업의 글로벌 수출 역량 강화 지원사업의 수혜기업을 모집하오니 많은 관심과 신청 바랍니다. ☞ 아마존 입점을 통한 미국 시장 진출을 희망하는 제주 지역 소재 그린바이오 기업 ※ 지역 소재 판단기준 : 공고일 기준 제주 내 본사, 공장, 지사, 사업장, 연구소 중 1개 이상 소재 ※ 당해연도 내 해당 지역에 이전계획 있을 시 이전확약서 서류 제출(사업 종료 시까지 이루어지지 않을 경우","수출,경영,서울,부산,대구,인천,전남광주,대전,울산,세종,경기,강원,충북,충남,전북,경북,경남,제주,2026,교육부,제주산학융합원,제주특별자치도,재직자교육,교육,아마존입점,아마존,그린바이오,미국시장진출,미국시장,그린바이오기업,캡스톤",해외진출준비,1354
68,산업통상부,범부처통합헬스케어협회,수출,2026년 MEDICAL JAPAN TOKYO 2026 전시회 부스 참여 기업 모집 공고(스마트 디지털헬스케어 제품 사업화 통합 지원),2026-08-10,2026-08-26,2026-08-13,https://www.bizinfo.go.kr/sii/siia/selectSIIA200Detail.do?pblancId=PBLN_000000000125429,,중소기업,"사단법인 범부처통합헬스케어협회는 산업통상자원부 바이오산업개방형생태계조성촉진 사업 「스마트 디지털헬스케어 제품 사업화 통합 지원」 과제의 일환으로, Medical Japan Tokyo 2026에 참가할 국내 스마트 디지털헬스케어 기업을 모집합니다. 본 행사는 국내 기업의 우수한 의료 인공지능 기술을 일본 및 아시아 시장에 소개하고, 글로벌 시장 진출 기회를 확대하기 위한 취지로 추진됩니다. 관심 있는 기업들의 많은 참여를 바랍니다. ☞ 국내에 본사를 둔 스마트 디지털헬스케어 기업 ☞ 개별 부스, 개별 부스 인테리어 설계, 설치, 부스","수출,서울,부산,대구,인천,전남광주,대전,울산,세종,경기,강원,충북,충남,전북,경북,경남,제주,2026,범부처통합헬스케어협회,산업통상부,스마트,디지털헬스케어,도쿄,Tokyo,인공지능,의료,아시아시장,부스,인테리어,설치,장비,설계",시장개척,1623
69,울산광역시,울산창조경제혁신센터,수출,2026년 U-Global Connect x Fincnatieri 프로그램 참여기업 모집 공고(울산창조경제혁신센터),2026-08-12,2026-08-26,2026-08-13,https://www.bizinfo.go.kr/sii/siia/selectSIIA200Detail.do?pblancId=PBLN_000000000125428,,창업벤처,"울산창조경제혁신센터에서는 이탈리아 최대 조선ㆍ해양 그룹 핀칸티에리(Fincantieri)와 협력하여 국내 스타트업의 글로벌 시장 진출 기회를 지원하기 위해 「2026 U-Global Connect × Fincantieri」 프로그램 참여기업을 다음과 같이 모집하오니 관심 있는 스타트업의 많은 참여 바랍니다. ☞ 조선ㆍ해양 산업 분야 기술을 보유한 국내 스타트업 ※ 자세한 지원대상 공고문 참조 ☞ 파트너 기업(핀칸티에리) 1:1 비즈니스 매칭, 기술검증(PoC) 연계 지원, 이탈리아 현지 조선소 방문, PoC 사업화 지원금(기업당 5","수출,창업,서울,부산,대구,인천,전남광주,대전,울산,세종,경기,강원,충북,충남,전북,경북,경남,제주,2026,울산광역시,울산창조경제혁신센터,스타트업,조선,해양,조선산업,해양산업,핀칸티에리,비즈니스매칭,기술검증,PoC,사업화,창업7년이내",해외진출,1156
70,충청북도,기초자치단체,수출,[충북] 충주시 2026년 우수상품 MD 구매상담회 참여기업 모집 공고,2026-08-12,2026-08-20,2026-08-13,https://www.bizinfo.go.kr/sii/siia/selectSIIA200Detail.do?pblancId=PBLN_000000000125427,,중소기업,"충주시 관내 중소 제조기업의 국내외 판로 확대를 지원하고, 전문 MD와의 구매상담 및 알리바바 연계를 통해 실질적인 유통·수출 기회를 제공하고자 2026년 충주시 우수상품 MD 구매상담회 참여기업을 모집합니다. ☞ 충주시에 본사 또는 제조시설을 둔 중소 제조기업 ☞ 국내외 유통채널 전문 MD와 기업 간 일대일 구매상담, 기업별 주요 제품 소개 및 입점ㆍ납품 가능성 검토, 알리바바 플랫폼 연계 등 해외 온라인 수출 상담 지원","수출,경영,충북,2026,충청북도,기초자치단체,충주시,중소기업,제조업,제조기업,중소제조기업,MD구매상담회,MD,구매상담,온라인수출상담",해외진출준비,957
71,고용노동부,대한상공회의소,인력,2026년 미래내일 일경험(인턴형) 참여기업 모집 공고,2026-08-18,2026-10-31,2026-08-13,https://www.bizinfo.go.kr/sii/siia/selectSIIA200Detail.do?pblancId=PBLN_000000000125426,,중소기업,"고용노동부 주관 「2026년 미래내일 일경험 지원사업(인턴형)」에 함께할 참여기업을 모집합니다. 본 사업은 미취업 청년에게 기업 현장에서 실제 직무를 경험할 수 있는 기회를 제공하고, 참여기업에는 청년의 직무수행 과정과 직무 적합성을 확인할 수 있는 기회를 제공하는 정부지원 일경험 프로그램입니다. 운영기관 ㈜중소기업키움센터에서 참여청년 모집ㆍ추천부터 면접 및 매칭, 협약, 출결관리, 모니터링, 지원금 관련 행정업무까지 전반적인 운영을 지원​합니다. ☞ 고용보험 피보험자 수 10인 이상으로, 미취업 청년에게 실제 직무 기반의 일경험을","인력,서울,부산,대구,인천,전남광주,대전,울산,세종,경기,강원,충북,충남,전북,경북,경남,제주,2026,미래내일,인턴형,멘토지원금,일경험,대한상공회의소,지원금,인건비,IT,고용노동부,벤처기업,청년,멘토,사회적기업,중소기업",교육/훈련/연수,1160
72,서울특별시,기초자치단체,창업,[서울] 강북구 2026년 창업경진대회 IMPACT ON 강북 아이디어와 투자로 만드는 강북의 창업 무대 참가자 모집 공고,2026-08-11,2026-08-26,2026-08-13,https://www.bizinfo.go.kr/sii/siia/selectSIIA200Detail.do?pblancId=PBLN_000000000125425,,창업벤처,"강북청년창업마루는 강북구 지역자원과 생활수요를 창업모델로 연결하는 지역 기반 창업 아이디어를 발굴하여 지역 기반 창업을 활성화 시키기 위해 2026 창업경진대회(IMPACT ON 강북 : 아이디어와 투자로 만드는 강북의 창업 무대)를 진행합니다. 강북구 지역 발전을 위한 창업 아이디어를 가진 분들의 많은 관심과 참여 바랍니다. ☞ 강북구 거주 또는 생활권을 둔 및 3년 이내 기창업자, 강북구 주민 - (아이디어 발표자) 강북구 지역발전을 위한 창업 아이디어 제안 - Track ①(청년) : 강북구 거주 또는 생활권을 둔 청년 중 예","창업,서울,모의투자자,2026,강북구,강북창업지원센터,예비창업자,창업자,기초자치단체,서울특별시,청년,사업화지원금,아이디어,경진대회",사업화지원,1275
73,서울특별시,서울창조경제혁신센터,창업,[서울] 2026년 제3회 S.Challenge IR AXㆍDX 분야 창업기업 모집 공고,2026-08-10,2026-08-25,2026-08-13,https://www.bizinfo.go.kr/sii/siia/selectSIIA200Detail.do?pblancId=PBLN_000000000125424,,창업벤처,"서울지방중소벤처기업청과 서울창조경제혁신센터는 서울지역 특화 분야 사업을 영위하며 우수한 창업기업에 스케일업을 지원하고, IR 데모데이를 통해 투자유치 기회를 제공하는 「S.Challenge IR｣에 참여할 창업기업을 다음과 같이 모집하오니 많은 관심과 지원바랍니다. ☞ AXㆍDX(인공지능전환ㆍ디지털전환) 분야 사업을 영위하고, 서울에 소재(본사 기준)한 창업 3년 이내 기업 ☞ 맞춤형 집중 투자 멘토링, 분야별 전문 투자기관 대상 IR 데모데이 참여 및 네트워킹, 대기업 오픈이노베이션 프로그램 연계, S.빌리지 입주 공간, 홍보 지","기술,창업,경영,서울,인공지능전환,2026,AX,서울창조경제혁신센터,디지털전환,스케일업,DX,창업기업,서울특별시,IR,멘토링",사업화지원,1638
74,부산광역시,부산경제진흥원,경영,[부산] 2026년 소셜 비즈니스 육성 지원 사업 기업 모집 공고,2026-08-07,2026-08-18,2026-08-13,https://www.bizinfo.go.kr/sii/siia/selectSIIA200Detail.do?pblancId=PBLN_000000000125423,,사회적기업,"부산경제진흥원(부산사회적경제지원센터)에서는 부산 지역 소셜벤처 기업 발굴을 위해 추진하는 「2026 소셜 비즈니스 육성 지원 사업」에 참여할 사회적경제기업을 모집하오니 많은 참여 바랍니다. ☞ 소셜벤처 인증 희망 사회적기업 사회적기업 진입희망 기업 등 ※ 예비사회적기업, 마을기업, 협동조합, 자활기업, 일반기업 등 ☞ 소셜벤처 판별 및 사업비(판별 완료 기업당 5백만원 이내) 지원","경영,부산,2026,부산경제진흥원,사업비,부산광역시,소셜벤처,사회적경제기업,사회적기업,마을기업,협동조합,자활기업,판별",디자인/상품화/사업화,1004
75,중소벤처기업부,한국방위산업진흥회,수출,[경남] 2026년 방산중소기업 말레이시아 수출상담회 참여기업 모집 공고,2026-08-13,2026-08-21,2026-08-13,https://www.bizinfo.go.kr/sii/siia/selectSIIA200Detail.do?pblancId=PBLN_000000000125422,,중소기업,"경남 관내 방산 중소벤처기업의 해외 판로망 확대와 글로벌 유망시장 선점을 위하여 「2026년 경남 방산중소기업 말레이시아 수출상담회」참여를 희망하는 기업을 모집하오니, 방산 분야 기업의 많은 관심과 신청바랍니다. ☞ 경남도 소재 방산ㆍ우주항공분야 제조ㆍ생산기업 ☞ 현지시장조사 및 바이어발굴, 컨설팅, 세미나, 간담회, 바이어 1:1 비즈니스 상담장, 장치, 통역, 단체차량, 편도항공료(1사 1인, 한도내), 기념품, 통합브로셔 제작 지원","수출,경남,2026,BNK경남은행,우주항공,경남지방중소벤처기업청,해외판로,생산,말레이시아,방산,한국방위산업진흥회,간담회,수출상담회,제조,컨설팅,중소벤처기업부,바이어,중소기업,세미나,통역,상담장,통합브로셔",해외진출준비,955
76,중소벤처기업부,창업진흥원,창업,2026년 1회차 초기창업패키지 로켓십 IR 경진대회(AIㆍ빅데이터) 참가기업 모집 공고,2026-08-10,2026-08-21,2026-08-13,https://www.bizinfo.go.kr/sii/siia/selectSIIA200Detail.do?pblancId=PBLN_000000000125421,,창업벤처,"씨엔티테크 초기창업패키지 운영사무국은 스타트업의 투자유치와 네트워크 확장을 지원하기 위해, 산업별 특화 투자사를 초청한 IR 경진대회를 개최합니다. 투자유치를 희망하는 AIㆍ빅데이터 분야 초기창업패키지 선정기업 및 졸업기업 여러분의 많은 관심과 적극적인 참여를 바랍니다. ☞ ‘23년~’26년 초기창업패키지 선정ㆍ졸업기업 - 모집분야 : AI, 빅데이터, 클라우드, IoT 등 디지털 기술 분야(1회차) ☞ IR 경진대회, 투자상담회, 우수기업 투자 검토 등 지원 - ① IR 경진대회(참여 투자사 대상 IR 발표) - ② 투자상담회(참","기술,창업,서울,부산,대구,인천,전남광주,대전,울산,세종,경기,강원,충북,충남,전북,경북,경남,제주,2026,IR경진대회,IR발표,씨엔티테크,투자상담회,직접투자,IoT,데모데이,클라우드,디지털기술,네트워크,초기창업패키지,빅데이터,투자유치,AI,중소벤처기업부,스타트업,창업진흥원",사업화지원,1469
77,경상북도,경북테크노파크,기술,[경북] 2026년 2차 자동차부품산업 경쟁력강화 지원사업 시행계획 재공고(관세피해기업 경쟁력강화 지원),2026-08-11,2026-08-28,2026-08-13,https://www.bizinfo.go.kr/sii/siia/selectSIIA200Detail.do?pblancId=PBLN_000000000125420,,중소기업,"경상북도가 지원하는 경북지역 자동차부품기업들의 기술력 향상과 성장을 견인하고 친환경ㆍ미래자동차 시장에서의 R&D 경쟁력 강화를 위한 「자동차부품산업 경쟁강화 지원 사업」을 모집 공고하오니 관심 있는 기업들의 많은 참여바랍니다. ☞ 경북지역에 사업장 또는 공장이 있는 자동차부품 기업, 미래자동차 관련 부품 기업 - 관세피해 발생기업(관세 피해기업 경쟁력강화지원) ㆍ 해외 수출(간접수출 포함) 부품/제품의 관세 부과로 인해 피해 발생기업 ㆍ 관세피해 관련 증빙제출 必 (수출신고필증 등) ※ 자세한 지원대상 공고문 참조 ☞ 관세피해기업 ","기술,경북,미래자동차부품기업,2026,미래자동차부품,경쟁력강화,제품설계,자동차부품기업,자동차부품,친환경차,미래자동차,시제품제작,컨설팅,경상북도,경북테크노파크,R&D",기술사업화/이전/지도,794
78,경기도,성남산업진흥원,수출,"[경기] 성남시 2026년 국제 바이오 헬스케어 컨벤션 (SBIC) 참가기업 모집(수출상담회, 전시부스) 공고",,,2026-08-13,https://www.bizinfo.go.kr/sii/siia/selectSIIA200Detail.do?pblancId=PBLN_000000000125419,선착순 접수,중소기업,"성남산업진흥원은 관내 바이오헬스케어 분야 중소ㆍ벤처기업의 수출 활성화 및 글로벌 네트워킹 강화를 위해 성남 국제 바이오헬스케어 컨벤션 행사를 개최하고자 하오니 관심있는 기업의 많은 참여 바랍니다. ☞ 성남시 소재 바이오헬스케어 분야 기업 ☞ 수출상담회(단체), 전시부스 지원 - 수출상담회(단체) : 관심 바이어 발굴ㆍ초청, 희망 국가ㆍ산업군 바이어 발굴, 기업-바이어 1:1 매칭, 전문 통역사 배정 지원 - 전시부스 : 기업별 전시공간 제공, 제품 전시ㆍ시연, 바이어ㆍ투자사ㆍ의료진 대상 홍보, 상담 전후 추가 설명ㆍ네트워킹 지원 -","수출,경기,전문통역사,컨벤션행사,2026,시연,초청,전시부스,바이오헬스케어,발굴,매칭,전시,수출상담회,네트워킹,홍보,벤처기업,성남산업진흥원,경기도,바이어,중소기업",시장개척,850
79,중소벤처기업부,중소기업중앙회,내수,2026년 하반기 온ㆍ오프라인 통합 품평회 모집 공고,2026-08-13,2026-09-09,2026-08-13,https://www.bizinfo.go.kr/sii/siia/selectSIIA200Detail.do?pblancId=PBLN_000000000125418,,중소기업,"온ㆍ오프라인 유통채널 입점을 통한 판로 지원을 위한 사업입니다. ☞ 중소 제조업체(대형 가전ㆍ가구 제외 전 품목) ☞ 수수료 우대, 팝업행사, 매대지원, 중소기업 전용 판매장 입점 등 지원","내수,서울,부산,대구,인천,전남광주,대전,울산,세종,경기,강원,충북,충남,전북,경북,경남,제주,중소기업전용판매장,2026,팝업,매대,유통채널,수수료,오프라인,입점,중소기업중앙회,판로지원,중소벤처기업부,소상공인,온라인",홍보지원,1027
80,과학기술정보통신부,한국데이터산업진흥원,기술,2026년 2차 독자 AI 파운데이션 모델 프로젝트 공동활용 데이터 지원사업 공고,2026-08-12,2026-09-02,2026-08-13,https://www.bizinfo.go.kr/sii/siia/selectSIIA200Detail.do?pblancId=PBLN_000000000125417,,중소기업,"국민 누구나 AI를 활용하고 그 혜택을 누릴 수 있는 생태계를 구축하기 위해, 다양한 고품질 데이터를 확보하고 글로벌 수준의 독자 AI 파운데이션 모델 개발을 지원하고자 ‘공동활용 데이터 지원사업(2차)’을 공고하오니 참여를 희망하는 기업ㆍ기관은 적극 신청하여 주시기 바랍니다. ☞ AI 학습용 데이터를 수요기관(정예팀 등)이 공동으로 활용할 수 있도록 제공이 가능한 기관ㆍ기업(컨소시엄 가능) - AI 학습 등에 적법한 권원(저작권, 소유권 등)을 보유하거나, 확보ㆍ유통할 수 있고, 요구에 따라 데이터 정제ㆍ가명처리ㆍ가공ㆍ표준화 등이","기술,서울,부산,대구,인천,전남광주,대전,울산,세종,경기,강원,충북,충남,전북,경북,경남,제주,STEM,AI파운데이션,소유권,AI 학습,대학편입,2026,수학,공학,자격증,과학,한국지능정보사회진흥원,저작권,컨소시엄,데이터,한국데이터산업진흥원,과학기술정보통신부",기술정보제공,1257
81,산업통상부,대한무역투자진흥공사,수출,2026년 중국 포산 수소전시회 연계 수소산업 수출상담회 참가기업 모집 공고,2026-08-11,2026-08-26,2026-08-13,https://www.bizinfo.go.kr/sii/siia/selectSIIA200Detail.do?pblancId=PBLN_000000000125416,,중소기업,"KOTRA는 중국 수소 에너지 생태계 진입을 지원하기 위해 포산 수소전시회(CHFE)와 연계하여 수출상담회를 개최할 예정이오니, 많은 관심과 신청 바랍니다. ☞ 포산 수소전시회(CHFE)와 연계하여 수출상담회에 참가를 원하는 기업 - (품목) 수소 제조, 저장, 충전기술 등 다양한 수소 산업 관련 품목 ☞ 기업별 제품 전시 쇼케이스, 바이어 상담 지원 - 오프라인 쇼케이스 공간 제공(기업 개별 부스 없이, 공용 전시/상담공간 제공) - 전시참가/참관 중국기업과의 사전주선/현장매칭 기회 제공","수출,서울,부산,대구,인천,전남광주,대전,울산,세종,경기,강원,충북,충남,전북,경북,경남,제주,산업통상부,수소전시회,2026,충전,저장,수소산업,수소에너지,쇼케이스,전시,수소,수출상담회,대한무역투자진흥공사,제조,중국",해외진출준비,824
82,산업통상부,한국디자인진흥원,금융,24차 디자인전문기업 금융지원 희망기업 모집 공고,2026-08-12,2026-08-25,2026-08-13,https://www.bizinfo.go.kr/sii/siia/selectSIIA200Detail.do?pblancId=PBLN_000000000125415,,중소기업,한국디자인진흥원은 디자인전문기업 및 활용기업의 경영난 해소 및 디자인 산업 경쟁력 강화를 위하여 「디자인전문기업 금융지원사업」을 추진하고 있습니다. 이에 디자인 금융지원이 필요하신 기업은 사업 안내에 따라 신청해 주시기 바랍니다. ☞ 기술력과 성장잠재력이 우수한 디자인 전문기업 및 활용기업(벤처(창업) 및 제조기업 등) ※ 자세한 지원대상 공고문 참조 ☞ 기업별 1억원 이상(1억원까지는 100% 보증) 지원 - 기술평가료 : 20만원 - 보증료 지원 : 보증료율 0.4%p 감면에 준하는 지원 및 감면 - 지원기간 : 보증서 발급일로,"금융,기술,창업,경영,서울,부산,대구,인천,전남광주,대전,울산,세종,경기,강원,충북,충남,전북,경북,경남,제주,활용기업,혁신유망기업,기술평가료,보증,디자인전문기업,한국디자인진흥원,전문기업,기술보증기금,디자인,벤처기업,창업기업,제조기업,산업통상자원부,2026",보증,1070
83,대구광역시,대구경북기계협동조합,수출,[대구] 2026년 인도ㆍ태국 현지수출상담회 참가기업 모집 공고,2026-08-07,2026-08-18,2026-08-13,https://www.bizinfo.go.kr/sii/siia/selectSIIA200Detail.do?pblancId=PBLN_000000000125414,,중소기업,"대구경북기계협동조합은 지역 중소기업의 해외마케팅 활동을 돕기 위해 「2026 인도ㆍ태국 현지수출상담회」를 진행하오니 지역 기업의 많은 신청 바랍니다. ☞ 본사 또는 공장, 사무소 소재지가 대구인 기계ㆍ자동차부품 분야 중소기업 ☞ 바이어 발굴 및 매칭, 바이어 미팅, 통역, 현지 이동수단 등 지원","수출,대구,2026,대구경북기계협동조합,매칭,미팅,자동차부품,통역,인도,태국,수출상담회,바이어발굴,대구광역시,기계,마케팅,중소기업",시장개척,785
84,경상북도,경상북도사회적경제지원센터,경영,[경북] 2026년 사회연대경제 추석 특별판매전 참여기업 모집 공고,2026-08-12,2026-08-18,2026-08-13,https://www.bizinfo.go.kr/sii/siia/selectSIIA200Detail.do?pblancId=PBLN_000000000125413,,사회적기업,"경상북도 사회적경제지원센터에서는 추석 명절을 맞이하여 경상북도 우수 사회연대경제기업 제품 홍보ㆍ판매를 위한 「2026년 경북 사회연대경제 추석 특별판매전」을 다음과 같이 개최하고자 합니다. 경상북도 사회연대경제기업의 많은 관심과 신청 바랍니다. ☞ 경상북도 소재 사회연대경제기업 ※ (예비)사회적기업, (사회적)협동조합, (예비)마을기업, 자활기업(법인) ☞ (추석맞이 온라인 특별판매전) 판매제품 프로모션 비용 지원(30% 할인) - (추석맞이 카탈로그 주문 판매) 판매제품 프로모션 비용 지원(30% 할인), 카탈로그 제작 및 배포(","내수,경영,경북,프로모션비용,사회연대경제기업,2026,카탈로그제작,경상북도사회적경제지원센터,판매부스,배포,추석,특별판매전,판매전,제품판매,자활기업,제품홍보,경상북도,마을기업,협동조합,사회적기업,예비사회적기업,사회적협동조합,예비마을기업",디자인/상품화/사업화,757
85,인천광역시,인천테크노파크,기술,2026년 물류로봇 특화거점 실증 지원사업 공고,2026-08-13,2026-08-26,2026-08-13,https://www.bizinfo.go.kr/sii/siia/selectSIIA200Detail.do?pblancId=PBLN_000000000125412,,중소기업,"로봇랜드 실증 인프라를 활용한 신규 지원사업을 아래와 같이 공고하오니 관심 있는 기업의 많은 참여바랍니다. ☞ 공고일 기준 인천 광역시 내에 소재한 로봇관련 기업 ☞ 로봇랜드 실증인프라 활용, 물류(모빌리티)로봇의 데이터 수집을 위한 실증비용 지원 ※ 자세한 지원내용 공고문 참조","기술,인천,2026,인천테크노파크,인천광역시,로봇,로봇랜드,인프라,모빌리티,실증",기술사업화/이전/지도,953
86,강원특별자치도,기초자치단체,금융,[강원] 양양군 2026년 2차 소상공인 특례보증수수료 지원사업 공고,,,2026-08-13,https://www.bizinfo.go.kr/sii/siia/selectSIIA200Detail.do?pblancId=PBLN_000000000125411,예산 소진시까지,소상공인,"양양군 소상공인의 경영부담 완화 및 성장 지원을 위하여「양양군 소상공인 특례보증수수료 지원 사업(2차)」을 다음과 같이 공고합니다. ☞ 양양군에 사업장을 둔 소상공인(개인사업자)으로 강원신용보증재단을 통해 양양군 특례보증(2차)으로 대출을 실행한 자 ※ 자세한 지원대상 공고문 참조 ☞ 특례보증수수료 0.8%, 최대 2년분 지원","금융,강원,2026,강원특별자치도,양양군,경영안정,특례보증,개인사업자,기초자치단체,소상공인,특례보증수수료",보증,737
87,강원특별자치도,기초자치단체,금융,[강원] 양양군 2026년 2차 소상공인 특례보증 지원사업 공고,,,2026-08-13,https://www.bizinfo.go.kr/sii/siia/selectSIIA200Detail.do?pblancId=PBLN_000000000125410,예산 소진시까지,소상공인,양양군 소상공인의 경영안정 지원을 위하여「양양군 소상공인 특례보증 지원사업(2차)」을 다음과 같이 공고합니다. ☞ 신청일 기준 양양군에 3개월 이상 사업장과 주민등록을 두고 운영 중인 소상공인 중 개인사업자 ※ 자세한 지원대상 공고문 참조 ☞ 특례보증(업체별 5천만원 이내) 지원,"금융,강원,2026,강원특별자치도,양양군,경영안정,특례보증,개인사업자,기초자치단체,소상공인,운전자금",보증,820
88,인천광역시,인천테크노파크,경영,2026년 인천 콘텐츠 스케일업 플러스 지원사업 추가모집 공고,2026-07-27,2026-08-21,2026-08-13,https://www.bizinfo.go.kr/sii/siia/selectSIIA200Detail.do?pblancId=PBLN_000000000125409,,중소기업,"인천테크노파크에서는 지역특화콘텐츠개발지원사업의 일환으로 인천 콘텐츠 기업의 글로벌 경쟁력 강화와 투자 연계 기반 조성을 위한 기업을 모집을 다음과 같이 공고하오니, 인천 지역 콘텐츠 기업의 적극적인 참여를 바랍니다. ☞ 인천 소재(본사 또는 지사) 콘텐츠 기업 ※ 인천 지역 외 기업의 경우 선정 후 1개월 내 필수(미 이전 시 선정 취소) ☞ 비즈매칭 및 프로그램 운영 관리, 국내 전시참가 및 맞춤 투자역량강화 프로그램 등 지원 ※ 자세한 지원내용 공고문 참조","경영,서울,부산,대구,인천,전남광주,대전,울산,세종,경기,강원,충북,충남,전북,경북,경남,제주,2026,투자역량강화,전시참가,비즈매칭,콘텐츠기업,스케일업,인천테크노파크,인천광역시,콘텐츠",정보화지원,865
89,울산광역시,울산테크노파크,기술,[울산] 2026년 2차 원천기술 상용화 플랫폼 구축사업 기술상용화 촉진 프로그램 지원기업 모집 공고,2026-08-12,2026-08-18,2026-08-13,https://www.bizinfo.go.kr/sii/siia/selectSIIA200Detail.do?pblancId=PBLN_000000000125408,,중소기업,"울산광역시가 지원하는 2026년 원천기술 상용화 플랫폼 구축사업 중 기술상용화 촉진 프로그램의 지원기업 모집계획을 다음과 같이 공고하오니, 해당 프로그램 참여를 희망하는 울산지역 중소기업의 많은 신청 바랍니다. ☞ 공고일 기준 울산광역시 내에 소재한 중소기업 - 본사 또는 공장, 연구소 중 1개 이상 사업장이 울산광역시 내 소재하는 기업 - 거점대학(울산대학교, 부산대학교, 울산과학기술원(UNIST) 이상 3개교)으로부터 상용화 후보 기업으로 최종 발굴ㆍ확정된 기업 ※ 자세한 지원대상 공고문 참조 ☞ 기술 상용화 촉진 프로그램 10","기술,경영,울산,2026,기술로드맵,BM수립,원천기술,분석,기술사업화,기술상용화,상용화,시험,장비활용,울산테크노파크,울산광역시,사업화,시제품제작,시장조사,컨설팅,R&D,중소기업",기술사업화/이전/지도,796
90,강원특별자치도,기초자치단체,인력,[강원] 홍천군 2026년 청년 일경험 지원사업 참여 기업 모집 공고,2026-08-18,2026-08-21,2026-08-13,https://www.bizinfo.go.kr/sii/siia/selectSIIA200Detail.do?pblancId=PBLN_000000000125407,,중소기업,"기업의 다양한 직무경험을 통해 자신에게 맞는 진로 탐색과 실무역량을 강화하여 청년 채용 연계를 지원하기 위한「2026년 홍천군 청년 일경험 지원사업」에 참여할 기업을 다음과 같이 모집합니다. ☞ 「중소기업기본법」제2조에 따른 중소기업(소상공인 업체 포함) ☞ 기업이 청년을 채용(인턴)할 경우, 청년 인건비 및 교통비 월200만원을 4개월 지원","인력,강원,2026,강원특별자치도,기초자치단체,중소기업,소상공인,인건비,교통비,청년,일경험",고용유지,653
91,전남광주통합특별시,광주테크노파크,경영,[전남광주] 2026년 2차 광주여자대학교 RISE사업단 코스메디케어 제품 실증 및 상용화 지원 용역 실증 및 상용화 지원 수혜기업 모집 공고,2026-08-12,2026-08-19,2026-08-13,https://www.bizinfo.go.kr/sii/siia/selectSIIA200Detail.do?pblancId=PBLN_000000000125406,,중소기업,"지역 중소 화장품 기업을 대상으로 실증-상용화 기업지원 프로그램 수혜기업을 모집 하오니 많은 관심과 참여 바랍니다. ☞ 공고일 기준 전남광주통합특별시 5개 자치구(동구, 서구, 남구, 북구, 광산구)에 소재한 중소기업(본사, 공장, 지사 : 사업자등록증상 주소지 기준이며, 지역 영업소는 제외함) - 모집공고일 기준 화장품 관련 전후방 산업을 영위하며, 화장품 제조업 또는 책임판매업 등록을 필한 기업 ☞ ‘광주화장품생산시설’(광주광역시 북구 추암로 249) 및 지역의 CGMP에 준하는 시설을 활용한 화장품 제조 지원 - 타깃 시장 수","내수,경영,전남광주,2026,제조지원,광산구,동구,남구,제품고도화,북구,서구,광주테크노파크,화장품,컨설팅,제조업,시제품,중소기업",디자인/상품화/사업화,709
92,중소벤처기업부,벤처기업협회,수출,2026년 INKE 인도 시장진출 지원 프로그램 참가기업 모집 공고(뉴델리 현지 바이어 매칭 및 수출상담회),2026-08-12,2026-08-27,2026-08-13,https://www.bizinfo.go.kr/sii/siia/selectSIIA200Detail.do?pblancId=PBLN_000000000125405,,창업벤처,"벤처기업협회는 INKE 인도 뉴델리 지부(Koindo Trading Pvt., Ltd.)의 현지 네트워크를 활용하여 국내 벤처기업의 인도 시장 진출과 판로개척을 지원하는 '2026 INKE 인도 시장진출 지원 프로그램'을 추진합니다. 본 프로그램은 현지 전문 바이어 발굴ㆍ매칭, 1:1 비즈니스 상담회, 인도 진출 전략 세미나, 산업시찰 및 후속미팅을 연계하여 참가기업에 실질적인 수출 상담 기회와 현지 협력 기반을 제공하는 것을 목적으로 합니다. ☞ 인도 시장 진출 및 현지 바이어 상담을 희망하는 국내 벤처기업 - 영문 회사소개서ㆍ제","수출,서울,부산,대구,인천,전남광주,대전,울산,세종,경기,강원,충북,충남,전북,경북,경남,제주,2026,인도,뉴델리,벤처기업,소비재,화학제품,산업기계,자동차부품,ICT,전기전자,기계금속,자동화,로봇,바이어발굴,상담매칭,임차,통역,세미나,차량,섭외,홍보물제작,마케팅,중소벤처기업부,벤처기업협회",해외진출,896
93,강원특별자치도,기초자치단체,경영,[강원] 홍천군 2026년 3차 소상공인 시설개선 및 경영지원사업 공고,2026-08-18,2026-08-31,2026-08-13,https://www.bizinfo.go.kr/sii/siia/selectSIIA200Detail.do?pblancId=PBLN_000000000125404,,소상공인,"「홍천군 소상공인 지원에 관한 조례」에 의거 소상공인의 자립기반 구축을 지원하고자 2026년 홍천군 소상공인 시설개선 및 경영지원사업을 다음과 같이 공고합니다. ☞ 공고일 기준 대표자가 군에 최근 3년 이상 주소를 두고, 해당사업을 3년 이상 계속하여 영위한 소상공인 ☞ 사업장 건물과 시설물 등의 개량ㆍ수리, 사업에 필요한 장비 교체 지원(업체당 최고 10백만원)","경영,강원,2026,강원특별자치도,시설물,홍천군,경영지원,시설개선,기초자치단체,소상공인",시설/입지지원,647
94,강원특별자치도,기초자치단체,내수,[강원] 강릉시 2026년 3차 해양수산사업 지원계획 및 사업자 모집 공고,2026-08-06,2026-08-20,2026-08-13,https://www.bizinfo.go.kr/sii/siia/selectSIIA200Detail.do?pblancId=PBLN_000000000125403,,중소기업,"「해양수산부 국고보조금 관리에 관한 규정」및「강릉시 지방보조금 관리 조례」에 의거 아래와 같이 2026년 해양수산사업 지원계획 및 사업자 모집을 공고하오니, 기한 내 신청하여 주시기 바랍니다. ☞ 수산물 할인행사, 소비촉진행사 등을 추진하고자 하는 지구별 수협, 가공업체 등 ☞ 수산물 할인행사, 개최 운영비, 온ㆍ오프라인 홍보비용 등 지원","내수,강원,2026,소비촉진,강원특별자치도,할인행사,강릉시,해양수산,수협,오프라인,가공업체,수산물,홍보,기초자치단체,온라인",홍보지원,651
95,경기도,기초자치단체,경영,[경기] 가평군 2027년 기업환경 개선사업 모집 공고,2026-08-06,2026-09-18,2026-08-12,https://www.bizinfo.go.kr/sii/siia/selectSIIA200Detail.do?pblancId=PBLN_000000000125402,,중소기업,"관내 중ㆍ소기업의 열악한 기반시설 정비와 소방시설, 노동·작업환경 개선을 통해 지역경제 활성화 및 일자리 창출에 기여하기 위한 “2027년 기업환경 개선사업”에 참여를 희망하는 기업을 다음과 같이 모집합니다. ☞ 도내 소재 중소기업(제조업) ☞ 기반시설, 노동복지, 소방안전 기업환경 개선 지원 ※ 자세한 지원내용 공고문 참조","경영,경기,2026,경기도,기초자치단체,가평군,기업환경개선,기업환경개선사업,중소기업,제조업,기반시설,노동복지,소방안전,작업환경,노동환경",시설/입지지원,2742
96,경기도,경기도경제과학진흥원,수출,[경기] 2026년 무역위기 대응 K-FOOD 싱가포르 통상촉진단 참가기업 모집 공고,2026-08-11,2026-08-24,2026-08-12,https://www.bizinfo.go.kr/sii/siia/selectSIIA200Detail.do?pblancId=PBLN_000000000125401,,중소기업,"경기도와 경기도경제과학진흥원에서는 도내 농식품 중소기업의 해외 바이어 발굴 및 수출 증진을 위한 「2026 경기도 무역위기 대응 K-FOOD 싱가포르 통상촉진단」 참가기업을 아래와 같이 모집하오니 많은 신청 바랍니다. ☞ 경기도 농업인, 생산자단체, 농식품 중소기업 ☞ 현지 바이어 섭외 및 1:1 상담주선, 상담 시 기업별 통역원 제공, 단체 이동 차량 제공, 항공료 50% 지원(1사 1인에 한함, 최대 40만원 이내)","수출,경기,2026,경기도경제과학진흥원,경기도,싱가포르,농식품,중소기업,농업인,생산자단체,농식품중소기업,바이어,상담,차량,통역,항공료,통상촉진단",시장개척,2602
97,경기도,경기도경제과학진흥원,수출,[경기] 여주시 2026년 중화권 시장개척단 참가기업 모집 재공고,2026-07-20,2026-08-18,2026-08-12,https://www.bizinfo.go.kr/sii/siia/selectSIIA200Detail.do?pblancId=PBLN_000000000125400,,중소기업,"여주시 소재 중소기업의 수출증진을 위한 2026년 여주시 중화권 시장개척단 참가기업을 다음과 같이 모집합니다. ☞ 여주시 중소 제조기업(단순 무역업체 제외)으로서 공장등록한 기업 또는 제조업소에 해당하며 지방세 및 세외수입(과태료) 완납 기업 ☞ 운영 지역별 바이어 발굴ㆍ섭외 및 1:1 상담 주선, 단체 이동 차량, 상담시 기업별 통역원, 항공비 지원","수출,경기,2026,상담주선,이동차량,통역원,여주시,항공비,중화권,시장개척단,경기도경제과학진흥원,제조기업,경기도,바이어,중소기업,기초자치단체",시장개척,2471
98,경기도,기초자치단체,경영,[경기] 광주시 2027년 기업환경 개선사업 신청 공고,2026-08-11,2026-09-11,2026-08-12,https://www.bizinfo.go.kr/sii/siia/selectSIIA200Detail.do?pblancId=PBLN_000000000125399,,중소기업,"중소기업의 열악한 기반시설과 노동ㆍ작업환경 개선을 위해 추진하는 「2027년 기업환경 개선사업」을 아래와 같이 안내하오니 추진계획을 참고하여 신청하여 주시기 바랍니다. ☞ 도내 중소기업(제조업) ☞ 기반시설, 노동복지, 소방안전 환경개선 지원 ※ 자세한 지원내용 공고문 참조","경영,경기,2026,경기도,기초자치단체,광주시,기업환경개선사업,기업환경,중소기업,제조업,기반시설,노동복지,노동환경,작업환경,소방안전",시설/입지지원,2583
99,경기도,김포산업지원센터,경영,[경기] 김포시 중소기업 국도비 유치 지원사업 참여기업 추가모집 공고,2026-08-04,2026-08-21,2026-08-12,https://www.bizinfo.go.kr/sii/siia/selectSIIA200Detail.do?pblancId=PBLN_000000000125398,,중소기업,"김포시 관내 중소기업의 정부사업 참여 유도 및 선정률 제고를 위해 「김포시 중소기업 국도비 유치 지원사업」을 다음과 같이 공고하오니 관내 기업들의 많은 관심과 신청 바랍니다. ☞ 공고일 현재 김포시에 본사 또는 공장이 등록된 중소기업 - 정부 및 유관기관 등의 공모사업 유치를 희망하는 R&D역량을 보유한 기업 - 2026년도 기준 공모사업(R&D과제)에 신청 또는 신청 예정인 기업 ☞ 정부 및 유관기관의 공모사업(R&D과제) 신청서 및 사업계획서, 발표자료 작성을 위한 전문가 활용비(컨설팅) 지원 - 신청 공모사업의 사업비 규모별 ","경영,경기,국도비,김포산업지원센터,활용비,유치,R&D과제,김포시,경기도,컨설팅,R&D,중소기업,2026",컨설팅,2641
100,경기도,기초자치단체,기타,[경기] 용인시 2026년 우수기업 선정계획 공고,2026-08-06,2026-08-28,2026-08-12,https://www.bizinfo.go.kr/sii/siia/selectSIIA200Detail.do?pblancId=PBLN_000000000125397,,중소기업,"관내 기업인의 사기진작을 위해 우수기업을 발굴ㆍ인증하고자 2026년 「용인시 우수기업」 선정계획을 다음과 같이 공고 합니다. ☞ 공고일 현재까지 용인시 관내에 본사 또는 공장을 두고 2년 이상 계속하여 운영 중인 중소기업 - 우수기업으로 기 선정된 기업은 선정된지 5년이 경과되어야 재신청 가능 ☞ 용인시 우수기업 선정, 우수기업 인센티브 지원 ※ 자세한 지원내용 공고문 참조","기타,경기,2026,경기도,기초자치단체,용인시,우수기업선정,우수기업,인증,인센티브,중소기업",제도,2522
101,경상남도,경남투자경제진흥원,인력,[경남] 2026년 4차 사회연대경제 청년 일경험사업 참여 기업 추가 모집 공고,,,2026-08-12,https://www.bizinfo.go.kr/sii/siia/selectSIIA200Detail.do?pblancId=PBLN_000000000125396,모집 완료시,사회적기업,"경상남도와 경상남도투자경제진흥원은 도내 거주하는 미취업 청년에게 사회연대경제 분야 일경험 기회를 제공하기 위하여 2026년「사회연대경제 청년일경험사업」참여 기업을 다음과 같이 추가 모집하오니 많은 신청 바랍니다. ☞ 마을기업, 협동조합 및 고용 10인미만의 사회연대 경제 관련 비영리 법인ㆍ단체 ※ 자세한 지원대상 공고문 참조 ☞ 참여청년 임금, 4대보험료, 기업운영비, 기업멘토수당 지원 - 참여청년 임금 : 월 최대 234만원(세전), 5개월간 지원 - 4대보험료 지원 : 월 최대 268,400원, 기업 부담분(11.47%) 5개월","인력,경남,청년일경험사업,기업운영비,기업멘토수당,사회연대경제,2026,경남투자경제진흥원,임금,단체,4대보험료,경상남도,마을기업,협동조합",고용유지,2485
102,경상북도,경상북도경제진흥원,내수,[경북] 2026년 경북세일페스타 인플루언서 협업 홍보 지원사업 참여기업 추가모집 공고,2026-08-12,2026-08-25,2026-08-12,https://www.bizinfo.go.kr/sii/siia/selectSIIA200Detail.do?pblancId=PBLN_000000000125395,,중소기업,"경상북도와 (재)경상북도경제진흥원은 지역 중소기업ㆍ소상공인 우수 제품의 효과적인 홍보를 통한 인지도 제고 및 매출 증대를 위해 인플루언서 협업 홍보를 지원하오니 많은 관심과 신청 바랍니다. ☞ 2025년 기준 연 매출액 120억원 이하인 업체 ☞ 기업당 최대 5백만원 한도 내 공급가액의 90%지원 - 영상, 사진, 카드뉴스 등의 제작을 통한 제품 리뷰 및 홍보 지원 - 다양한 홍보 결과물(콘텐츠)의 온라인 매체 홍보 지원","내수,경북,2026,인플루언서,협업,홍보,경상북도경제진흥원,경상북도,소상공인,중소기업,온라인,영상,사진,카드뉴스,제품리뷰",홍보지원,2606
103,경기도,기초자치단체,경영,[경기] 용인시 2027년 기업환경 개선사업 모집 공고,2026-08-12,2026-09-04,2026-08-12,https://www.bizinfo.go.kr/sii/siia/selectSIIA200Detail.do?pblancId=PBLN_000000000125394,,중소기업,"관내 중ㆍ소기업의 노동ㆍ작업환경 개선, 기반시설 및 소방시설 정비를 위하여 개선사업 비용의 일부를 지원하는 「2027년 기업환경 개선사업」에 참여할 기업을 아래와 같이 모집하오니 관심 있는 중ㆍ소기업은 신청하여 주시기 바랍니다. ☞ 사업자등록 후 1년 이상 영업 중인 관내 중소 제조기업 ※ 자세한 지원대상 공고문 참조 ☞ 기반시설, 노동복지, 소방안전 시설 등 환경개선 지원 ※ 자세한 지원내용 공고문 참조","인력,경영,경기,2026,경기도,기초자치단체,용인시,중소기업,중소제조기업,제조기업,기업환경개선,환경개선,노동복지,소방안전,기반시설,작업환경",시설/입지지원,2575
104,경상남도,김해의생명산업진흥원,내수,[경남] 김해시 2026년 메가쇼 시즌2 단체관 참가 지원사업 참가기업 모집 공고,,,2026-08-12,https://www.bizinfo.go.kr/sii/siia/selectSIIA200Detail.do?pblancId=PBLN_000000000125393,접수방법별 마감일 상이,중소기업,"김해 관내 우수 중소기업의 제품 홍보와 판매 촉진 및 바이어 상담기회 확보를 위해 다음과 같이 「2025년 메가쇼 시즌2 단체관 참가 지원사업」을 실시하오니 희망하는 중소제조기업의 많은 신청을 바랍니다. ☞ 관내 B2C 제품 제조기업(사업자등록 주소지 기준) - 「중소기업기본법」 제2조 및 동법 시행령 제3조에 따른 중소기업 - 단순 유통, 도소매업 기업 제외(OEM 제품 판매 시 가능, OEM 계약서 별첨 필수) - 즉석판매제조ㆍ가공업 등 제품을 직접 제조ㆍ생산하는 기업 ☞ 메가쇼 시즌2 김해 단체관 프리미엄 부스 지원","내수,경영,경남,김해시,김해의생명산업진흥원,경상남도,중소기업,제품홍보,바이어상담,메가쇼,제조기업,B2C,OEM,즉석판매제조,가공업,프리미엄부스,2026",오프라인,2418
105,경기도,기초자치단체,인력,[경남] 하남시 2026년 제2회 청년 채용 ZONE 참여기업 모집 연장 공고,2026-07-06,2026-09-07,2026-08-12,https://www.bizinfo.go.kr/sii/siia/selectSIIA200Detail.do?pblancId=PBLN_000000000125392,,중소기업,"하남시에서는 구직을 원하는 청년들에게 다양한 고용정보와 취업 기회를 제공하고 기업의 인력난을 해소하기 위해「2026년 제2회 하남시 청년 채용 ZONE」을 운영하오니 우수한 기업들의 많은 참여를 바랍니다. ☞ 우수 중소 및 중견기업 등 청년을 필요로 하는 모든 기업 ☞ 일자리 매칭 및 취업 컨설팅 장소(하남벤처센터) 제공, 구직자 현장 매칭 서비스 및 알선 등 취업 지원","인력,경기,고용정보,2026,취업컨설팅,인력난해소,현장매칭,일자리매칭,하남시,기초자치단체,경기도,중견기업,중소기업",고용환경개선,2380
106,전남광주통합특별시,기초자치단체,경영,[전남광주] 목포시 중동사태 어업용 면세유 유가연동보조금 지원사업 신청 공고,2026-08-12,2026-09-04,2026-08-12,https://www.bizinfo.go.kr/sii/siia/selectSIIA200Detail.do?pblancId=PBLN_000000000125391,,중소기업,"「중동사태 어업용 면세유 지원사업」에 대하여 아래와 같이 신청자를 모집 공고하오니, 사업 신청을 희망하는 어업인께서는 2026년 9월 4일까지 기한 내 신청하시기 바랍니다. ☞ 목포시에 주소지를 둔 어업인으로서 면세유류카드 발급받은 연ㆍ근해어업 동력어선, 양식장 관리선(동력) ☞ ‘26년 4월 1일부터 9월 30일까지 어업용 면세휘발유를 사용한 어가에 어업용 면세휘발유 인상분 정액 지원(소급 적용)","경영,전남광주,면세휘발유,양식장관리선,전남광주통합특별시,2026,어업인,면세유,어업용,어선,기초자치단체,동력어선",시설/입지지원,2290
107,경기도,기초자치단체,인력,[경기] 시흥시 2026년 3차 현장노동자 휴게시설 개선사업 추가 공고,2026-08-24,2026-08-28,2026-08-12,https://www.bizinfo.go.kr/sii/siia/selectSIIA200Detail.do?pblancId=PBLN_000000000125390,,중소기업,"근로복지기본법 제28조, 경기도 노동자 복지증진과 복지시설지원에 관한 조례 제6조에 의거 민간분야의 휴게여건이 열악한 취약노동자의 휴게시설 개선을 위하여 「2026년 현장노동자 휴게시설 개선사업」 사업시행자를 추가 선정하고자 다음과 같이 공고합니다. ☞ 관내 중소기업(제조업) - 노동자 수가 100명 미만인 중소기업(제조업) - 사업자등록 후 1년 이상 영업 중인 곳 (휴/폐업상태는 기간산정 제외) - 최근 3년 매출액 평균 300억 원 이하인 곳 ☞ 현장노동자 이용 휴게시설 신설 또는 개선 지원","인력,경영,경기,휴게시설개선사업,2026,휴게시설개선,중소제조업체,현장노동자,휴게시설,기초자치단체,시흥시,경기도,제조업,중소기업",작업환경개선,2385
108,충청북도,충청북도기업진흥원,수출,[충북] 2026년 농식품 해외 무역사절단 파견(호주) 모집 공고,2026-08-11,2026-08-26,2026-08-12,https://www.bizinfo.go.kr/sii/siia/selectSIIA200Detail.do?pblancId=PBLN_000000000125389,,중소기업,"수출 유망 지역인 호주에 충북 농식품 호주 무역사절단을 파견하여 도내 농식품 수출기업의 해외시장 개척 기회를 제공하고자 합니다. 기업 분들의 많은 신청바랍니다. ☞ 도내 농식품 수출기업 ☞ 바이어 발굴 및 상담 지원비, 상담장 임차료, 통역비, 항공료 40%, 현지 차량 및 기타 행정 등 지원","수출,충북,2026,통역비,임차료,항공료,농식품,수출기업,충청북도,충청북도기업진흥원,바이어,상담,호주,무역사절단,차량",시장개척,2374
109,중소벤처기업부,부산창조경제혁신센터,창업,2026년 BOUNCE 2026 스타트업 오픈이노베이션 페스타 참여기업 모집 공고,2026-08-11,2026-09-02,2026-08-12,https://www.bizinfo.go.kr/sii/siia/selectSIIA200Detail.do?pblancId=PBLN_000000000125388,,창업벤처,부산창조경제혁신센터에서는 대ㆍ중견기업과 스타트업 간 연계 및 협업을 도모하기 위해 「BOUNCE 2026」 ‘스타트업 오픈이노베이션 페스타’ 행사를 개최하오니 참여를 희망하시는 스타트업의 많은 신청 바랍니다. ☞ (공고일 기준) 전국 소재 업력 7년 미만 스타트업 ☞ 매칭 파트너사와의 1:1 프라이빗 밋업을 통한 멘토링 및 협업 제안 기회 제공 (기업당 25분 내외),"창업,서울,부산,대구,인천,전남광주,대전,울산,세종,경기,강원,충북,충남,전북,경북,경남,제주,2026,중소벤처기업부,부산창조경제혁신센터,스타트업,협업,오픈이노베이션,페스타,7년미만,매칭,프라이빗,밋업,멘토링",사업화지원,3243
110,경기도,기초자치단체,경영,[경기] 시흥시 2026년 명품점포 지원사업 모집 공고(소상공인 지원사업),2026-08-11,2026-08-21,2026-08-12,https://www.bizinfo.go.kr/sii/siia/selectSIIA200Detail.do?pblancId=PBLN_000000000125387,,소상공인,시흥시는 관내 모범이 되는 점포를 발굴하여 지원하고자 「2026년 시흥맞춤 명품점포 지원사업」을 아래와 같이 공고합니다. ☞ 시루 가맹점 중 관내에서 5년 이상 영업 중인 소상인 ※ 본 사업은 「2026년 시흥시 소규모 점포 시설개선 지원사업」과 중복 지원할 수 없음 ☞ 영업장 시설개선 비용 최대 300만원 지원 및 인증현판 수여 지원,"인력,경영,경기,2026,경기도,기초자치단체,시흥시,시설개선비,소상공인,소상인,명품점포지원사업,시설개선비용,시설개선,인증현판,인증",시설/입지지원,1212
111,경상북도,포항테크노파크,경영,[경북] 2026년 해양기업 맞춤형 역량강화 컨설팅 프로그램 지원기업 모집 공고,2026-08-11,2026-08-17,2026-08-12,https://www.bizinfo.go.kr/sii/siia/selectSIIA200Detail.do?pblancId=PBLN_000000000125386,,중소기업,"포항시와 (재)포항테크노파크는 첨단 해양기업 기술역량 강화와 사업화 촉진을 통하여 해양 기업을 육성하고자「해양기업 맞춤형 역량강화 컨설팅 프로그램」을 시행하오니많은 관심과 적극적인 참여를 바랍니다. ☞ 경상북도 내 해양산업(해양자원, 해양선박, 해양바이오 등)관련 기업 ☞ 온ㆍ오프라인 미팅을 통한 기업 맞춤형 컨설팅 지원(오프라인 미팅 1회 필수, 미팅 횟수 3회 이상 필수) - 기업별 현황 파악 및 성장지표, 기술가업화 진단 및 수립 - 상장(IPO)을 위한 기업 맞춤형 로드맵 수립 및 니즈 발굴","경영,경북,해양선박,2026,해양기업,해양자원,해양바이오,해양산업,포항시,포항테크노파크,컨설팅,경상북도,오프라인미팅",컨설팅,1074
112,대구광역시,대구경북지방중소벤처기업청,내수,[대구ㆍ경북] 2026년 하반기 대구경북 공공구매상담회 참가기업 모집 공고,2026-08-12,2026-09-03,2026-08-12,https://www.bizinfo.go.kr/sii/siia/selectSIIA200Detail.do?pblancId=PBLN_000000000125385,,중소기업,"구매상담회를 통해 중소기업의 공공조달시장 진출을 지원하고, 지역공공기관의 중소기업제품 구매 촉진을 유도하고자 「'26년 하반기 대구경북 공공구매상담회 참가업체」를 모집하오니 많은 신청 바랍니다. ☞ 대구경북 소재 중ㆍ소기업자 또는 소상공인 ☞ 구매상담, 공공조달 정책상담 지원","내수,경영,대구,경북,2026,대구경북지방중소벤처기업청,대구광역시,중소기업,구매상담회,공공조달시장,소기업,소상공인,구매상담,정책상담",오프라인,1151
113,경기도,시흥산업진흥원,기술,2026년 시흥바이오 소부장 캡스톤 경진대회 참여기업 모집 연장 공고,2026-08-11,2026-08-21,2026-08-12,https://www.bizinfo.go.kr/sii/siia/selectSIIA200Detail.do?pblancId=PBLN_000000000125384,,중소기업,(재)시흥산업진흥원은 시흥시 관내 제조업 기업의 바이오 분야 진입과 공급망 경쟁력 강화를 지원하기 위하여 다음과 같이「시흥바이오 소부장 캡스톤 경진대회」참여기업을 모집합니다. ☞ 관내ㆍ외 바이오분야로 업종 다각화를 희망하는 제조업 기업 및 관내ㆍ외 바이오 소재ㆍ부품ㆍ장비 기업 ☞ 경진대회 기반의 아이디어 발굴ㆍ고도화를 통해 관내 제조기업의 바이오 분야 진입 및 업종 다각화 지원 - 관내ㆍ외 우수기업 발굴을 통한 광역 연계형 바이오 소부장 협력 기반 확대 - 바이오 소부장ㆍ의료기기 분야 시제품 개발 및 사업화 가능성 검증 지원 ※ 자,"기술,서울,부산,대구,인천,전남광주,대전,울산,세종,경기,강원,충북,충남,전북,경북,경남,제주,2026,바이오분야,전문가컨설팅,장비,소재,부품,소부장,시흥시,시흥산업진흥원,경기도,바이오,의료기기,제조업,시제품",기술사업화/이전/지도,1265
114,경기도,기초자치단체,인력,[경기] 남양주시 2026년 2차 식품안심업소(위생등급제) 청소비 지원사업 모집 공고,2026-08-11,2026-09-04,2026-08-12,https://www.bizinfo.go.kr/sii/siia/selectSIIA200Detail.do?pblancId=PBLN_000000000125383,,소상공인,"남양주시는 식품안심업소의 위생환경 개선 및 재지정률 향상을 위해 「식품안심업소 청소비 지원사업」 참여업소를 아래와 같이 2차 모집하오니 많은 참여 바랍니다. ☞ 공고 마감일(‘26. 9. 4.)을 기준, 식품안심업소(위생등급제) 최종지정일로부터 1년이 경과한 관내 일반음식점 및 식사를 주로 조리ㆍ판매하는 휴게음식점 ※ 차, 커피, 음료 등을 주로 판매하는 업소, 제과점 지원 제외 ☞ 영업장 내부 청소비(업소당 70만원 이내) 지원","인력,경기,2026,경기도,기초자치단체,남양주시,휴게음식점,일반음식점,위생환경,식품안심업소,청소비,위생등급제",작업환경개선,1077
115,중소벤처기업부,대전테크노파크,수출,[대전] 2026년 베트남 D-Global 유망기업 기술교류회 참여기업 모집 공고,2026-08-11,2026-09-02,2026-08-12,https://www.bizinfo.go.kr/sii/siia/selectSIIA200Detail.do?pblancId=PBLN_000000000125382,,중소기업,"대전테크노파크에서는 수출기업의 베트남 시장 판로개척 등 해외시장 진출을 지원하기 위해 베트남 D-Global 유망기업 기술교류회를 운영하고자 하오니 참여를 희망하는 대전지역 수출유망기업의 많은 신청 바랍니다. ☞ 사업자등록증 상 본사가 대전 내 소재, 대전 주력산업분야 KSIC 코드 보유 및 대전지역 주력산업 기업 중 AI, 에너지, 정보통신 관련기업, 업력 7년 초과 기업, 기타 지원제외 대상에 해당되지 않는 기업 ☞ 기술교류회 참가, 바이어 매칭, 통역, 네트워킹, 기관방문 등(기업당 약5.5백만원 이내) 지원","수출,대전,2026,대전테크노파크,중소벤처기업부,KSIC,AI,에너지,정보통신,수출기업,베트남,기술교류회,네트워킹,판로개척,수출유망기업",해외진출준비,1141
116,경기도,기초자치단체,인력,[경기] 고양시 2026년 현장노동자 휴게시설 개선사업 추가 모집 공고,2026-08-11,2026-08-25,2026-08-12,https://www.bizinfo.go.kr/sii/siia/selectSIIA200Detail.do?pblancId=PBLN_000000000125381,,중소기업,"근로복지기본법 제28조, 경기도 노동자 복지증진과 복지시설지원에 관한 조례 제6조에 따라 휴게여건이 열악한 취약노동자의 휴게시설 개선을 위하여 「2026년 현장노동자 휴게시설 개선사업」 사업시행자를 선정하고자 다음과 같이 추가 모집합니다. ☞ 고양시 소재 노동자 100명 미만의 중소제조업체 - 사업자등록 후 1년 이상 영업 중인 업체(휴ㆍ폐업체 제외) - 최근 3년 매출액 평균 300억원 이하 기업 ☞ 지원금액 최대 500만원 지원 - 현장노동자 휴게시설 개선 공사비 - 원칙적으로 휴게실 시설 개선공사 위주로 지원하고 물품은 냉ㆍ난","인력,경영,경기,현장노동자휴게시설,2026,휴게시설개선,중소제조업체,공사비,휴게시설,고양시,중소기업,경기도,기초자치단체",작업환경개선,1005
117,경상북도,대한무역투자진흥공사,수출,[경북] 양산시 2026년 해외무역관 지사화 지원사업 추가모집 공고,2026-08-24,2026-08-28,2026-08-12,https://www.bizinfo.go.kr/sii/siia/selectSIIA200Detail.do?pblancId=PBLN_000000000125380,,중소기업,"기업하기 좋은 환경조성 및 관내 중소기업의 해외 마케팅 지원을 위해「2026년 양산시 해외무역관 지사화 지원사업」을 다음과 같이 공고합니다. ☞ 양산시에 본사 또는 공장을 둔, 수출 희망하는 중소기업 ☞ KOTRA 발전단계 지사화(1년) 지원 - 기업당 최대 300만원, 해외지사화 1건 지원","수출,경영,경북,발전달계,2026,지사화,환경조성,해외무역관,양산시,대한무역투자진흥공사,경상북도,해외마케팅,해외,중소기업",해외진출,1026
118,해양수산부,충남테크노파크,수출,[충남] 2026년 해양수산 창업투자지원사업 육성기업 상품홍보 참여기업 모집 공고,2026-08-12,2026-08-28,2026-08-12,https://www.bizinfo.go.kr/sii/siia/selectSIIA200Detail.do?pblancId=PBLN_000000000125379,,중소기업,"(재)충남테크노파크 그린바이오센터에서는「충남 해양수산 창업투자지원사업」의 일환으로 본 사업을 통해 제품화 및 사업화를 성공한 도내 해양수산 관련 기업을 대상으로 글로벌 상품 홍보, 신규 바이어 및 수출 판로 개척을 지원하고자 추진하는「2026년 육성기업 상품홍보」에 참여할 참가기업을 다음과 같이 모집합니다. ☞ 아래 조건을 모두 충족하는 기업 ① 본사, 연구소, 공장 중 1개 이상이 충남 내 소재하고 있는 해양수산 관련 중소기업 ② 「충남 해양수산 창업투자지원사업」수혜기업(2019~2026년) -「해양수산 창업투자지원사업」을 통해 ","수출,충남,홍보전,2026,창업투자,상품홍보,해양수산,항공료,수출판로,물류,싱가포르,통역,충남테크노파크,수출상담회,해양수산부,바이어,중소기업",해외진출준비,1130
119,울산광역시,울산경제일자리진흥원,기타,[울산] 2026년 일자리창출 우수 강소기업 선정사업 모집 공고,2026-08-11,2026-08-31,2026-08-12,https://www.bizinfo.go.kr/sii/siia/selectSIIA200Detail.do?pblancId=PBLN_000000000125378,,중소기업,"지역고용창출 및 안정에 기여하고 근로환경 혁신성을 갖춘 우수강소기업을 적극 발굴하여 지역 일자리창출 우수기업으로 육성하기 위해 다음과 같이 참여기업 모집을 공고하오니 많은 참여 바랍니다. ☞ 상시근로자수 10인 이상 울산 소재 중소기업 - 공고일 현재 본사와 사업장이 울산광역시에 소재한 기업으로 2년 이상 정상적으로 운영 중인 기업 - 제조업, 제조업 관련 서비스업, 지식서비스업, MICE관련업 등 업종에 해당할 것 ☞ 우수 강소기업 인증, 인증패 현판 수여, 선정기업 대시민 홍보지원, 근로환경개선지원금(기업당 20백만원) 등 지원","인력,경영,기타,울산,울산경제일자리진흥원,울산광역시,2026,일자리창출우수기업,우수강소기업,인증,현판,인증패,홍보,근로환경개선지원금,환경개선,공동복지,중소기업",제도,1051
120,강원특별자치도,강원테크노파크,기술,2026년 제1회 평창 그린바이오인의 밤 연계 그린바이오 연구협력 아이디어 발굴 모집 공고,2026-08-11,2026-08-21,2026-08-12,https://www.bizinfo.go.kr/sii/siia/selectSIIA200Detail.do?pblancId=PBLN_000000000125376,,중소기업,평창군 그린바이오산업과 연계 가능한 연구협력 아이디어 발굴 및 평창 특화 자원을 활용한 공동연구 및 연계를 위한 사전기획을 지원하기 위하여 그린바이오 연구협력 아이디어를 다음과 같이 모집하오니 관심 있는 기업 및 생산자 단체의 많은 참여를 바랍니다. ☞ 도내ㆍ외 그린바이오 관련 기업 및 생산자단체 ☞ 서울대학교 그린바이오과학기술연구원을 통한 사전기획 지원 - 연구협력 아이디어 구체화 및 기술자문 - 공동연구 협력 가능성 및 연계방안 자문,"기술,서울,부산,대구,인천,전남광주,대전,울산,세종,경기,강원,충북,충남,전북,경북,경남,제주,2026,강원특별자치도,강원테크노파크,그린바이오,생산자단체,그린바이오산업,평창군,공동연구,연구,연구협력아이디어,기술자문,자문,그린바이오과학기술연구원",기술정보제공,1181
121,경상북도,경북테크노파크,기술,[경북] 2026년 중소기업 정부기술개발 공모사업 선정 지원사업 차년도 R&D 컨설팅 지원사업 참여기업 모집 공고,2026-08-11,2026-08-31,2026-08-12,https://www.bizinfo.go.kr/sii/siia/selectSIIA200Detail.do?pblancId=PBLN_000000000125374,,중소기업,"지역기업의 R&D지원 추진역량 강화 및 정부 기술개발 공모사업의 선정률 제고를 위해「2026년 중소기업 정부기술개발과제 공모사업 선정지원_차년도 R&D 컨설팅 지원사업」을 다음과 같이 공고하오니 많은 관심과 참여 바랍니다. ☞ 공고일 기준 경북도 내 본사를 보유한 기업, 2027년도 정부 R&D 과제 접수 예정인 기업 ☞ (컨설팅 지원) R&D전략 수립, 기술ㆍ특허ㆍ시장동향 분석ㆍ발표자료 , 정부 R&D지원 사업 신청 시 필요한 서류 작성 및 자문 지원(기업당 최대 4,500천원)","기술,경북,2026,시장동향,컨설팅,경상북도,경북테크노파크,R&D,특허,중소기업,서류작성,자문",기술사업화/이전/지도,1308
122,경상북도,경북테크노파크,인력,[경북] 상주시 2026년 하반기 중소기업 맞춤형 인재양성 지원사업 참여기업 추가모집 공고,2026-08-11,2026-08-24,2026-08-12,https://www.bizinfo.go.kr/sii/siia/selectSIIA200Detail.do?pblancId=PBLN_000000000125373,,중소기업,"상주시 기업의 안정적인 인력 확보와 디지털 핵심인재 양성을 지원하기 위해 상주시와 (재)경북테크노파크에서「상주시 중소기업 맞춤형 인재양성 지원사업」의 하반기 참여기업 추가 모집을 다음과 같이 공고하오니 지역 기업의 많은 신청 바랍니다. ☞ 내부인력을 핵심인력으로 육성하고자 하는 의지가 있고, 체계적 육성 프로그램을 갖추고자 하는 상주시의 경쟁력 있는 중견ㆍ중소기업 - 아래 조건을 모두 충족해야 함 - (조건①) 상주시에 소재한 제조 중견ㆍ중소기업 - (조건②) 2025년 기준 매출액 5억원 이상의 기업 - (조건③) 공고일 기준 4","인력,경북,교육바우처,2026,기술인력,상주시,인재양성,DX,경상북도,경북테크노파크,중견기업,중소기업",국내일반인력,1025
123,대전광역시,대전정보문화산업진흥원,경영,2026년 2차 대전 AI 영상콘텐츠 제작 지원사업(미디어파사드) 추가모집 공고,2026-08-12,2026-08-26,2026-08-12,https://www.bizinfo.go.kr/sii/siia/selectSIIA200Detail.do?pblancId=PBLN_000000000125372,,중소기업,"대전 지역 영상산업 활성화 도모를 위하여 「2026년 AI 영상콘텐츠 제작 지원 – 미디어파사드」 추가모집(2차)를 공고하오니 많은 관심과 참여 바랍니다. ☞ 협약 기간 내 생성형 AI 기술을 활용하여 영상 제작이 가능한 예비 창업자 또는 대전 소재 기업 - 협약체결일 기준, 3개월 이내 대전에 본사, 지사 등록 확약 기업 ※ 자세한 지원대상 공고문 참조 ☞ 생성형 AI 플랫폼 또는 도구에 대한 구독료 비용 지원, 콘텐츠 제작 및 촬영 제작비 지원, 인건비 지원 등","경영,서울,부산,대구,인천,전남광주,대전,울산,세종,경기,강원,충북,충남,전북,경북,경남,제주,촬영 제작비,2026,예비 창업자,콘텐츠 제작,미디어파사드,영상콘텐츠,대전정보문화산업진흥원,AI,대전광역시",디자인/상품화/사업화,1532
124,경기도,기초자치단체,경영,[경기] 동두천시 2027년 기업환경 개선사업 접수 공고,2026-08-07,2026-09-09,2026-08-12,https://www.bizinfo.go.kr/sii/siia/selectSIIA200Detail.do?pblancId=PBLN_000000000125371,,중소기업,"「경기도 기업육성 및 지원에 관한 조례」에 의거, 다음과 같이 2027년도 동두천시 기업환경 개선사업을 접수하오니 사업에 참여할 기업에서는 접수기간 내 신청하여 주시기 바랍니다. ☞ 도내 소재 중ㆍ소기업 ※ 지원분야 별 지원대상 상이, [붙힘 1] 참조 ☞ 기업환경 개선(기반시설, 노동환경, 지식산업센터, 작업환경, 소방시설) 지원 ※ 자세한 지원내용 [붙힘 1] 참조","경영,경기,2026,소방시설,개선사업,노동환경,기반시설,동두천시,지식산업센터,기업환경,작업환경,기초자치단체,경기도,제조업,소기업,중소기업",시설/입지지원,933
125,산업통상부,한국산업기술진흥원,기술,2026년 한-독(2+2) 국제공동기술개발사업 공고,2026-08-11,2026-11-04,2026-08-12,https://www.bizinfo.go.kr/sii/siia/selectSIIA200Detail.do?pblancId=PBLN_000000000125370,,중소기업,"산업기술의 개방화ㆍ융합화ㆍ글로벌화에 따라 국내 산ㆍ학ㆍ연을 대상으로 독일 R&D 파트너와 공동기술개발을 지원하는 “2026년 한-독(2+2) 국제공동기술개발사업”을 다음과 같이 공고하오니 수행하고자 하는 기관은 관련 규정 및 절차에 따라 신청하여 주시기 바랍니다. ☞ 기업 + 대학/연구기관 형태로, 2개 이상의 기관으로 구성된 컨소시엄 ※ 자세한 지원대상 공고문 참조 ☞ 양국 정부 간 합의에 기반하여 독일의 기관과 컨소시엄을 구성하고 공동 승인한 과제를 대상으로 자국 기관에 자금 지원","기술,서울,부산,대구,인천,전남광주,대전,울산,세종,경기,강원,충북,충남,전북,경북,경남,제주,보조로봇,Medicine,Health,산업통상부,2026,헬스,독일,제약,반도체,컨소시엄,연구기관,바이오,AI,한국산업기술진흥원,R&D",공동기술개발,1530
126,경기도,경기지식재산센터,기술,[경기] 2026년 4차 글로벌IP스타기업육성 특허기술 홍보영상제작 사업 공고,2026-08-11,2026-08-19,2026-08-12,https://www.bizinfo.go.kr/sii/siia/selectSIIA200Detail.do?pblancId=PBLN_000000000125369,,중소기업,"경기테크노파크 경기지식재산센터는 글로벌IP스타기업 대상으로 특허기술홍보영상 지원사업을 다음과 같이 공고하오니, 참여를 원하는 글로벌IP스타기업은 절차에 따라 신청해 주시기 바랍니다. ☞ 글로벌IP스타기업(2024~2026년 선정 기업) ☞ 등록된 특허기술 내용을 그래픽, 내레이션 등을 통해 3D 홍보영상으로 제작 지원","기술,수출,경기,내레이션,2026,그래픽,글로벌IP스타기업,경기지식재산센터,홍보영상,3D,특허기술,경기도",기술사업화/이전/지도,1145
127,중소벤처기업부,서울창조경제혁신센터,창업,민관협력 오픈이노베이션 지원 공공데이터 활용 지원 공공기관 제안 협업 과제 (Top-Down) 모집 공고,2026-08-11,2026-08-31,2026-08-12,https://www.bizinfo.go.kr/sii/siia/selectSIIA200Detail.do?pblancId=PBLN_000000000125368,,중소기업,"공공기관이 보유한 데이터를 기반으로 창업기업과 개방형 협업을 통해 공공서비스 혁신과 창업기업의 성장(Scale-up)을 촉진하는 ‘공공데이터 활용 지원’ 사업에 참여할 공공기관을 다음과 같이 모집합니다. ☞ 공공기관이 보유한 공개데이터를 기반으로 공공서비스 혁신을 위해 창업기업과 협업하고자 하는 공공기관 ※ 자세한 지원대상 공고문 참조 ☞ 창업기업 대상 공공기관과 협업 추진에 필요한 사업화 자금(과제별 최대 1억원) 및 후속 연계 지원 - (사업화 자금) 공공기관 제공 데이터 분석ㆍ처리, 공공데이터 활용 기술검증(PoC), 제품ㆍ서","창업,서울,부산,대구,인천,전남광주,대전,울산,세종,경기,강원,충북,충남,전북,경북,경남,제주,기술검증,서울창조경제혁신센터,공공서비스,공공데이터,데이터,사업화,창업기업,기술개발,중소벤처기업부,2026",사업화지원,1836
128,중소벤처기업부,서울창조경제혁신센터,창업,민관협력 오픈이노베이션 지원 공공데이터 활용 지원 창업기업 제안 협업 과제 (Bottom-Up) 모집공고,2026-08-11,2026-08-31,2026-08-12,https://www.bizinfo.go.kr/sii/siia/selectSIIA200Detail.do?pblancId=PBLN_000000000125367,,중소기업,"공공기관이 보유한 데이터를 기반으로 스타트업과 개방형 협업을 통해 공공서비스 혁신과 창업기업의 성장(Scale-up)을 촉진하는 ‘공공데이터 활용 지원’ 사업에 참여할 창업기업을 다음과 같이 모집합니다. ☞ 공고일 기준으로「중소기업창업 지원법」의 창업에 해당하는 기업으로 공고문 내 신청자격 및 요건을 충족하는 기업 -「중소기업기본법」제2조제1항에 따른 중소기업의 대표자이자,「중소기업창업 지원법」제2조제2호에 따른 모집공고일 기준 창업 7년 이내인 창업기업 ※ 자세한 지원대상 공고문 참조 ☞ 창업기업 대상 공공기관과 협업 추진에 필요","창업,서울,부산,대구,인천,전남광주,대전,울산,세종,경기,강원,충북,충남,전북,경북,경남,제주,2026,기술검증,서울창조경제혁신센터,공공서비스,공공데이터,데이터,사업화,창업기업,기술개발,중소벤처기업부,스타트업",사업화지원,1963
129,경기도,경기지식재산센터,수출,[경기] 2026년 4차 글로벌IP스타기업육성 기업 IP경영 진단구축 사업 공고,2026-08-11,2026-08-19,2026-08-12,https://www.bizinfo.go.kr/sii/siia/selectSIIA200Detail.do?pblancId=PBLN_000000000125366,,중소기업,"경기테크노파크 경기지식재산센터는 글로벌IP스타기업 대상으로 기업 IP경영 진단구축 지원사업을 다음과 같이 공고하오니, 참여를 원하는 글로벌IP스타기업은 절차에 따라 신청해 주시기 바랍니다. ☞ 글로벌IP스타기업(2024~2026년 선정 기업) ☞ 기업의 글로벌 지식재산 경영 역량을 진단하고, 해외진출에 필요한 기업의 지식재산 전략 수립 및 추진 지원","기술,수출,경기,진단구축,IP경영,2026,글로벌IP스타기업,경기지식재산센터,전략수립,경기도,지식재산,중소기업",해외진출,1073
130,해양수산부,한국수산회,수출,2026년 하반기 온라인 K-SEAFOOD 판매 전용관 운영 사업 입점 제품 모집 공고,2026-07-13,2026-10-30,2026-08-12,https://www.bizinfo.go.kr/sii/siia/selectSIIA200Detail.do?pblancId=PBLN_000000000125365,,중소기업,"(사)한국수산회에서는 해양수산부 2026년 수산물 해외시장개척 사업일환으로 국내 수산물 수출기업 해외 E-커머스 시장 진출 지원을 통한 수출 확대를 도모하고자「온라인 K-SEAFOOD 판매 전용관 운영 사업」을 추진하오니, 입점을 희망하는 업체의 많은 신청 바랍니다. ☞ 국내 수산물 및 수산가공품 생산ㆍ제조 기업, 무역상사 ☞ 매입ㆍ입점ㆍ판매, 마케팅ㆍ홍보, 성과분석 지원 - (매입ㆍ입점ㆍ판매) 한국 수산식품 해외 온라인몰 판매 일괄 진행 - (마케팅ㆍ홍보) 온라인몰 입점 제품 판매를 위한 마케팅ㆍ홍보 진행 - (성과분석) 전용관 ","수출,서울,부산,대구,인천,전남광주,대전,울산,세종,경기,강원,충북,충남,전북,경북,경남,제주,K-SEAFOOD,2026,성과분석,무역상사,한국수산회,E-커머스,수산가공품,판매,생산,매입,입점,수산물,수출기업,해양수산부,홍보,제조,마케팅,온라인",해외진출,1024
131,경기도,경기지식재산센터,수출,[경기] 2026년 4차 글로벌IP스타기업육성 특허맵(해외) 사업 공고,2026-08-11,2026-08-19,2026-08-12,https://www.bizinfo.go.kr/sii/siia/selectSIIA200Detail.do?pblancId=PBLN_000000000125364,,중소기업,"경기테크노파크 경기지식재산센터는 글로벌IP스타기업 대상으로 특허맵(해외) 지원사업을 다음과 같이 공고하오니, 참여를 원하는 글로벌IP스타기업은 절차에 따라 신청해 주시기 바랍니다. ☞ 글로벌IP스타기업(2024~2026년 선정 기업) ☞ 해외 진출 특허기술에 대한 심화조사 분석을 통해 연구기술 개발 방향제시 및 특허 활용 전략수립 지원","기술,수출,경기,2026,방향제시,글로벌IP스타기업,경기지식재산센터,연구기술,특허맵,전략수립,분석,특허기술,경기도,해외,중소기업",해외진출,1039
132,전남광주통합특별시,전남지식재산센터,기술,[전남광주] 2026년 4차 지식재산 긴급지원사업 모집 공고,2026-08-12,2026-08-28,2026-08-12,https://www.bizinfo.go.kr/sii/siia/selectSIIA200Detail.do?pblancId=PBLN_000000000125363,,중소기업,"지역 중소기업에 맞춤형 지식재산 서비스를 지원하는 ‘지식재산 긴급지원’ 사업의 2026년 시행 계획을 다음과 같이 공고하오니 사업에 참여하고자 하는 기업의 많은 신청 바랍니다. ☞ 본사기준 전라남도 지역소재 중소기업 (「중소기업 기본법」 제2조 및 동법 시행령 제3조에 의거) ☞ 지식재산 전문가의 IP현안 진단을 통해 컨설턴트 직접 컨설팅을 제공하고, 외부기관(분야별 전문기관)과 함께 국내ㆍ해외출원비용 등을 지원 (기업 당 2,000만원 이내) ※ 자세한 지원내용 공고문 참조","기술,수출,내수,전남광주,전남광주통합특별시,2026,전남지식재산센터,지식재산,중소기업,전라남도,컨설팅,출원비용,국내,해외",기술사업화/이전/지도,1143
133,중소벤처기업부,중소상공인희망재단,창업,제11회 소상공인 쇼케이스데이 참가기업 모집 연장 공고,2026-07-13,2026-08-18,2026-08-12,https://www.bizinfo.go.kr/sii/siia/selectSIIA200Detail.do?pblancId=PBLN_000000000125362,,소상공인,"중소상공인희망재단과 IBK행복나눔재단은 창의ㆍ혁신적인 제품을 보유한 유망 소상공인의 지속 성장을 지원하는「제11회 소상공인 쇼케이스데이」에 참여할 소상공인을 다음과 같이 모집합니다. ☞ 라이프스타일형 창의적 아이템을 보유한 창업 7년 이내 소상공인 ☞ 쇼케이스데이(피칭경진대회, 제품전시), 성장, 후속 연계지원 - 피칭경진대회 : 결선 우수기업 대상 사업화지원금 지급 (총 3개사, 1,000만원) - 제품전시 : K-라이프스타일페스타 with 메가쇼 내 공동관 부스 제공, 전시 프로모션비 지원(기업별 최대 100만원) - 성장지원 ","창업,서울,부산,대구,인천,전남광주,대전,울산,세종,경기,강원,충북,충남,전북,경북,경남,제주,입주연계,허브멤버십,피칭경진대회,쇼케이스데이,행복나눔재단,2026,제품전시,라이프스타일,중소상공인희망재단,창업7년이내,컨설팅,중소벤처기업부,교육,소상공인",사업화지원,1710
134,해양수산부,한국수산무역협회,수출,2026년 3분기 국내 활ㆍ신선 수조 보관 지원업체 모집 공고,2026-08-10,2026-08-31,2026-08-12,https://www.bizinfo.go.kr/sii/siia/selectSIIA200Detail.do?pblancId=PBLN_000000000125361,,중소기업,우리 수출 수산물의 해외시장 품질 경쟁력 향상을 위해 2026년 3분기 국내 활ㆍ신선 수조 보관 지원업체를 아래와 같이 모집하오니 관심 있는 업체의 많은 신청 바랍니다. ☞ 활ㆍ신선 수산물 수출업체(중소ㆍ중견기업) ☞ 수조 보관비80% 분기별 사후정산 지원(지원한도 업체당 65백만원),"수출,서울,부산,대구,인천,전남광주,대전,울산,세종,경기,강원,충북,충남,전북,경북,경남,제주,2026,한국수산무역협회,해양수산부,수산물,수조보관비,중소기업,중견기업,수출업체",해외진출준비,974
135,경기도,경기지식재산센터,기술,[경기] 수원시 2026년 3차 지식재산 긴급지원(중소기업IP바로 지원) 사업 모집 공고,2026-08-11,2026-08-28,2026-08-12,https://www.bizinfo.go.kr/sii/siia/selectSIIA200Detail.do?pblancId=PBLN_000000000125360,,중소기업,"지역 중소기업에 맞춤형 지식재산 서비스를 지원하는 ‘지식재산 긴급지원’ 사업의 2026년 시행 계획을 다음과 같이 공고하오니 사업에 참여하고자 하는 기업의 많은 신청 바랍니다. ☞ 수원시 소재 중소기업 (「중소기업 기본법」 제2조 및 동법 시행령 제3조에 의거) ☞ 기업 당 2,000만원 이내 지원 - 지식재산 전문가의 IP현안 진단을 통해 컨설턴트 직접컨설팅을 제공하고, 외부기관(분야별 전문기관)과 함께 국내맞춤 특허ㆍ디자인전략, 디자인ㆍ브랜드개발, 특허기술홍보영상제작, 국내ㆍ해외출원비용 등을 지원 ※ 자세한 지원내용 공고문 참조","기술,경기,2026,디자인전략,긴급지원,경기지식재산센터,출원비용,수원시,브랜드개발,컨설턴트,홍보영상제작,경기도,컨설팅,지식재산,특허,중소기업",시험/인증,1114
136,중소벤처기업부,창업진흥원,창업,2026년 민관협력 오픈이노베이션 지원 성과기업 후속 지원 창업기업 모집 수정 공고,2026-08-06,2026-08-26,2026-08-12,https://www.bizinfo.go.kr/sii/siia/selectSIIA200Detail.do?pblancId=PBLN_000000000125359,,창업벤처,"중소벤처기업부 오픈이노베이션 지원사업에 참여한 우수 창업기업과 수요기업 간 시장검증(PoV) 등 후속 협업을 지원하는 ‘성과기업 후속지원’ 사업에 참여할 창업기업을 다음과 같이 모집합니다. ☞ 중소벤처기업부 오픈이노베이션 지원사업 참여기업 중 공고문 내 신청자격 및 요건을 충족하는 기업 - 성과 우수형 : 중소벤처기업부 오픈이노베이션 지원사업 최종평가결과가 일정 수준(우수 또는 최우수) 이상이며, 수요기업과 협업을 희망하는 창업기업 - 후속 협업형 : 중소벤처기업부 오픈이노베이션 지원사업 종료 후 기존 수요기업과 후속 협업을 희망하","창업,서울,부산,대구,인천,전남광주,대전,울산,세종,경기,강원,충북,충남,전북,경북,경남,제주,성과기업후속지원,후속협업형,성과우수형,민관공동기술사업화,2026,후속연계지원,창업성장기술개발,후속지원,오픈이노베이션,창업기업,사업화자금,중소벤처기업부,창업진흥원",사업화지원,1593
137,경기도,기초자치단체,경영,[경기] 안산시 2026년 수산식품 가공설비 지원사업 사업자 모집 공고,2026-08-06,2026-08-21,2026-08-12,https://www.bizinfo.go.kr/sii/siia/selectSIIA200Detail.do?pblancId=PBLN_000000000125358,,중소기업,"수산식품 가공설비 지원을 통하여 위생적이고 안전한 수산식품 생산과 품질 향상을 위해 아래와 같은 내용으로 사업희망자로부터 신청받아 사업대상자를 심사하여 선정하고자 공고합니다. ☞「농수산물품질관리법」시행령 제2조(수산가공품의 기준) 각호에 따른 수산가공품을 생산하는 개인 및 법인 ☞ 수산식품 가공설비(이물선별기, 금속검출기, 포장설비 포함) 지원","경영,경기,2026,금속검출기,포장설비,이물선별기,가공설비,수산가공품,안산시,기초자치단체,경기도,수산식품",시설/입지지원,905
138,부산광역시,한국화학융합시험연구원,수출,[부산] 2026년 식품ㆍ화장품 중국 안심수출 지원사업 모집 공고,2026-03-20,2026-12-31,2026-08-12,https://www.bizinfo.go.kr/sii/siia/selectSIIA200Detail.do?pblancId=PBLN_000000000125357,,중소기업,"부산광역시 상해무역사무소에서는 부산시 식품 및 화장품 기업을 대상으로 중국 수출 전 필수적으로 요구되는 제품 성분 및 표기사항, 변경, 해외공장 사전 신고 등을 기업이 부담 없이 준비할 수 있도록 아래와 같이 중국 안심수출 지원사업을 추진하오니 관심 있는 기업은 적극적으로 지원해 주시기 바랍니다. ☞ 부산 소재 식품 및 화장품 기업 ☞ (식품) 1개사 25개 품목 ① 성분 사전검토, ②중국어 라벨(초안 작성) 및 라벨 확인증(중국해관), ③중국해관 수입식품 해외생산기업 등록, ④중국 상표등록(사전조사) - (화장품)1개사 1개 품목","기술,수출,부산,중국어라벨,성분사전검토,2026,상표등록,한국화학융합시험연구원,식품,부산광역시,화장품,중국,라벨확인증",해외진출준비,923
139,부산광역시,부산경제진흥원,수출,[부산] 2026년 수출원스톱센터 수출애로 컨설팅 지원사업 공고,2026-04-22,2026-12-31,2026-08-12,https://www.bizinfo.go.kr/sii/siia/selectSIIA200Detail.do?pblancId=PBLN_000000000125356,,중소기업,"부산경제진흥원에서 (예비)수출기업을 대상으로 2026년 수출원스톱센터 수출애로 컨설팅 지원사업을 실시합니다. ☞ 부산 소재 수출(예비)기업 ☞ 수출입, 관세, 물류, 법무, 해외인증, 금융분야 수출애로 컨설팅 지원","수출,경영,부산,예비수출기업,2026,법무,수출신용보증,수출애로,무역보험,수출입,물류,관세,부산경제진흥원,해외인증,수출기업,부산광역시,컨설팅",해외진출준비,827
140,대전광역시,대전일자리경제진흥원,수출,[대전] 2026년 하반기 기업 직접물류비 지원사업 참여기업 모집 공고,2026-10-01,2026-10-09,2026-08-12,https://www.bizinfo.go.kr/sii/siia/selectSIIA200Detail.do?pblancId=PBLN_000000000125354,,중소기업,"대전일자리경제진흥원에서는「2026 기업 직접물류비 지원사업」을 통해 관내 중소수출기업의 수출경쟁력 강화와 물류비 절감을 위해 아래와 같이 참여기업을 모집하오니 많은 관심과 참여 바랍니다. ☞ 중소벤처기업부에서 발급하는 “중소기업확인서” 발급이 가능한 대전광역시 본사 또는 공장 소재 제조기업(제품 매출액 必) ☞ 물류비 합산비용의 50%, 기업당 최대 200만원 한도 지원 - 해상 및 항공운송(CARGO) 및 국제특송(DHL, FEDEX, UPS 등)을 통한 물류비(통관비, 국내외 물류비 등)","수출,대전,2026,대전일자리경제진흥원,대전광역시,중소수출기업,중소기업,수출기업,제조업,직접물류비,물류비,CARGO,DHL,FEDEX,UPS,국제특송,항공운송,해상운송,통관비",해외진출준비,894
141,과학기술정보통신부,정보통신산업진흥원,수출,2026년 디지털콘텐츠 융합기업 글로벌 마켓 참가 사업(XR Fair Tokyo Autumn 2026) 참가기업 모집 공고,2026-08-10,2026-09-08,2026-08-12,https://www.bizinfo.go.kr/sii/siia/selectSIIA200Detail.do?pblancId=PBLN_000000000125353,,중소기업,"과학기술정보통신부는 국내 유망 디지털콘텐츠 융합기업의 해외 시장 판로 확보 및 수출 확대를 위해「XR Fair Tokyo Autumn 2026」참가를 희망하는 국내 중소기업을 모집하오니 많은 참여 바랍니다. ☞ 국내 디지털콘텐츠 융합 중소기업 - 해외 마켓에 판매ㆍ계약ㆍ시연이 가능하고,수출 이력 보유 또는 수출 예정인 디지털콘텐츠 융합 제품ㆍ서비스 보유국내 중소기업(법인) (컨소시엄 불가) ※ XRㆍ공간컴퓨팅, AI 등 다양한 요소기술을 활용하여 주요 산업 (제조, 교육, 의료 등)에 적용ㆍ구현되는 디지털콘텐츠 제품ㆍ서비스 등 보유","수출,경영,서울,부산,대구,인천,전남광주,대전,울산,세종,경기,강원,충북,충남,전북,경북,경남,제주,공동관설치,비즈니스활동,2026,공간컴퓨팅,바이어미팅,전시참가,디지털콘텐츠,융합기업,도쿄,XR,홍보,정보통신산업진흥원,과학기술정보통신부,컨설팅,AI,중소기업",해외진출,1373
142,경상남도,기초자치단체,금융,[경남] 2026년 하반기 식품진흥기금 융자금 지원계획 공고,,,2026-08-11,https://www.bizinfo.go.kr/sii/siia/selectSIIA200Detail.do?pblancId=PBLN_000000000125352,예산 소진시까지,중소기업,"｢경상남도 식품진흥기금 설치 및 운용 조례｣ 제4조(융자계획)에 따라 2026년도 경상남도 식품진흥기금 ‘시설개선’ 융자금 지원계획을 다음과 같이 공고합니다. ☞ HACCP 지정업소또는 적용 희망업소, 식품제조ㆍ가공업소(즉석판매제조ㆍ가공업 포함), 식품위생검사기관, 식품접객업소(휴게ㆍ일반, 제과점, 위탁급식) ☞ 대상별 5천만원~2억원 식품진흥기금 융자 지원 ※ 자세한 지원내용 공고문 참조","금융,경영,경남,보온탑차,실품위생검사,2026,영업장,제과점,식품접객업소,식품제조,일반음식점,장비구입,HACCP,개보수,식품가공,시설개선,기초자치단체,경상남도,식품진흥기금,융자,식품진흥기금융자",융자,3501
143,서울특별시,한국무역협회,수출,[서울] 강남구 2026년 중국 무역사절단 참가기업 추가 모집 공고,2026-08-10,2026-08-17,2026-08-11,https://www.bizinfo.go.kr/sii/siia/selectSIIA200Detail.do?pblancId=PBLN_000000000125351,,중소기업,"강남구 소재 중소기업의 수출 확대를 위한 위해 「2026 강남구 중국 무역사절단(2026 중국 국제수입박람회)」에 참여할 기업을 다음과 같이 추가 모집하오니 많은 신청 바랍니다. ☞ 강남구 소재(본사) 중소기업(중소기업기본법 제2조) - 취급품목 : 소비재 (뷰티, 생활용품, 패션/잡화 등 소비재 전반) ☞ 전시회 참가비, 바이어 매칭비 등 지원","수출,서울,2026,상하이,잡화,무역사절단,생활용품,패션,미용,식품,한국무역협회,서울특별시,전시회,박람회,화장품,중국,소비재,바이어,강남구",시장개척,3291
144,문화체육관광부,한국관광공사,수출,2026년 관광기업 베트남 오픈 이노베이션 참가기업 공고,2026-07-30,2026-08-18,2026-08-11,https://www.bizinfo.go.kr/sii/siia/selectSIIA200Detail.do?pblancId=PBLN_000000000125350,,창업벤처,"한국관광공사는 관광산업 분야 유망 스타트업의 베트남 시장 진출을 지원하기 위해, 「2026년 관광기업 베트남 오픈 이노베이션」에 참여할 기업을 스타트업을 아래와 같이 모집하오니, 많은 관심과 참여 바랍니다. ☞ 관광산업 분야 스타트업 중 MVP 이상 보유, 베트남ㆍ글로벌 진출 가능 기업 ※ 단, MVP(Minimum Viable Product, 최소기능제품) 제작을 완료한 기업 ☞ 앵커 파트너 연계 PMFㆍIR 멘토링, 베트남 호치민 데모데이(밋업데이), 우수기업 대상 PoC(현지 실증) 멘토링 등 지원 ※ 자세한 지원내용 공고문 ","수출,서울,부산,대구,인천,전남광주,대전,울산,세종,경기,강원,충북,충남,전북,경북,경남,제주,2026,관광산업,관광기업,MVP,데모데이,한국관광공사,오픈이노베이션,PoC,글로벌,문화체육관광부,베트남,스타트업,멘토링",해외진출,3173
145,해양수산부,전북바이오융합산업진흥원,내수,[전북] 2026년 하반기 전북해양수산창업투자지원센터 국내박람회 참여기업 통합 모집 공고,2026-08-11,2026-09-04,2026-08-11,https://www.bizinfo.go.kr/sii/siia/selectSIIA200Detail.do?pblancId=PBLN_000000000125348,,중소기업,"(재)전북바이오융합산업진흥원에서는 해양수산부와 전북특별자치도의 지원을 받아 도내 해양수산 관련 기업의 박람회 참가를 통해 호남권, 영남권 및 수도권 판로개척 기회의 장을 만들고자 아래와 같이 참가기업을 통합모집합니다. ☞ 도내 해양수산 관련 제조 및 가공 기업 ☞ 참가비, 기본 장치비, 기본전시비품, 전시운영 등 지원","내수,전북,2026,전북특별자치도,수원메가쇼,부산국제수산엑스포,전주국제발효식품엑스포,해양수산,국내박람회,전북바이오융합산업진흥원,가공,해양수산부,판로개척,박람회,제조",오프라인,2844
146,문화체육관광부,한국관광공사,수출,2026년 K-관광 비즈니스데이 in 나고야 참가기관 모집 공고,2026-08-03,2026-08-24,2026-08-11,https://www.bizinfo.go.kr/sii/siia/selectSIIA200Detail.do?pblancId=PBLN_000000000125347,,중소기업,"한국관광공사 오사카지사에서는 한·일 관광업계 비즈니스 교류를 통한 일본 중부지역 방한수요 확대 기반조성을 위해, 「2026 K-관광 비즈니스데이 in 나고야」를 개최하고자 하니다. 이에 아래와 같이 참가 기관을 모집하오니 많은 관심 부탁드립니다. ☞ 호텔ㆍ컨벤션센터, 의료ㆍ웰니스기관, 관광벤처 등 ☞ 통역 아르바이트 수배, 일본 국내 이동(센토레아 공항→행사장), 호텔 예약 지원 예정, 일본 주요 관광업계 담당자간 1:1 상담 매칭, '한일관광교류의 밤' 개최 등 자유 네트워킹 기회 제공 지원","수출,서울,부산,대구,인천,전남광주,대전,울산,세종,경기,강원,충북,충남,전북,경북,경남,제주,2026,문화체육관광부,한국관광공사,일본,비즈니스데이,통역,호텔,의료기관,웰니스기관,관광벤처,상담,매칭,네트워킹,관광,K-관광",해외진출,3069
147,충청남도,충남콘텐츠진흥원,기술,[충남] 2026년 그린스타트업타운 오픈이노베이션 사업화 지원사업 참여기업 모집 공고,2026-08-14,2026-09-04,2026-08-11,https://www.bizinfo.go.kr/sii/siia/selectSIIA200Detail.do?pblancId=PBLN_000000000125346,,중소기업,"충남콘텐츠진흥원 그린스타트업타운에서는 오픈이노베이션 밋업을 통해 발굴된 지역 스타트업과 대ㆍ중견기업, 공공기관 등 수요처 간 협력과제의 실행을 지원하고, 실질적인 사업협력 성과를 창출하고자 「2026 오픈이노베이션 사업화 지원사업」 참여기업을 다음과 같이 모집하오니, 많은 관심과 참여를 바랍니다. ☞ 2026 그린스타트업타운 입주기업 중 오픈이노베이션 밋업 참가기업 ☞ 밋업에서 발굴된 협력과제의 실행 등을 위한 사업화 자금 지원 - 제품ㆍ서비스 개발/고도화, 실증, 시제품 제작, 시험ㆍ인증, 공동사업 추진 등 협력과제 수행에 필요한","기술,충남,충남콘텐츠진흥원,2026,공동사업,시장진입,밋업,오픈이노베이션,시험,PoC,검증,인증,충청남도,지식재산,중견기업,시제품,스타트업,중소기업",기술사업화/이전/지도,3291
148,고용노동부,전남사회적경제통합지원센터,인력,[전남광주] 2026년 전남형 신중년 사회연대경제 노동통합 모델 구축사업 참여기업 상시 모집 공고,,,2026-08-11,https://www.bizinfo.go.kr/sii/siia/selectSIIA200Detail.do?pblancId=PBLN_000000000125345,상시 접수,사회적기업,"전남사회적경제통합지원센터에서는 고용노동부와 전라남도가 함께 추진하는「전략사업별 지역생태계 활성화 사업」의 운영기관으로서, 사회연대경제기업의 성장과 현장 혁신을 지원하고, 신중년의 경력과 전문성을 지역사회에 환원할 수 있는 지속가능한 노동통합 모델 구축을 위해 다음과 같이 참여기업을 모집하오니, 관련 기업의 적극적인 관심과 참여를 바랍니다. ☞ 근로자 5인 미만 기업(70%), 5인 이상 기업(30%) -「사회적기업 육성법」에 따른 (예비)사회적기업 -「마을기업 육성 및 지원에 관한 법률」에 따른 (예비)마을기업 -「협동조합 기본법」","인력,전남광주,전남광주통합특별시,사회연대경제기업,2026,전남사회적경제통합지원센터,예비마을기업,신중년,사회적협동조합,고용노동부,예비사회적기업,마을기업,사회적기업",국내일반인력,2681
149,충청북도,한국무역협회,수출,[충북] 2026년 KOREA BUSINESS EXPO SHENZHEN 충북관 참여기업 모집 공고,2026-08-07,2026-08-21,2026-08-11,https://www.bizinfo.go.kr/sii/siia/selectSIIA200Detail.do?pblancId=PBLN_000000000125344,,중소기업,"충청북도와 한국무역협회는 충북 유망 수출기업의 중국 시장 진출 지원을 위해 ""KOREA BUSINESS EXPO SHENZEN"" 충북 공동관 참여기업을 아래와 같이 모집합니다. 중국 시장 진출을 희망하는 충북 소재 기업 여러분의 많은 관심과 참여 바랍니다. ☞ 충북 소재 중소, 중견 수출기업 (신청일 현재, 본점이 충북에 위치한 기업) ☞ 전시회 참가비(500만원)의 80%, 편도 운송비(해상 1CBM/항공특송 20KG 중 택일), 전시마케팅(바이어-셀러 1:1 사전 매칭, 전시상담 통역 등), 현지 이동 수단 및 전시 참가 관련 ","수출,충북,전시상담통역,2026,선전,전시마케팅,운송비,한국무역협회,전시회,충청북도,중국,중견기업,바이어,중소기업,편도운송비,마케팅,현지이동,행정",해외진출,2777
150,서울특별시,서울경제진흥원,경영,[서울] 2026년 콘텐츠 투자협의체 투자상담회 참가기업 모집 공고,2026-08-11,2026-08-28,2026-08-11,https://www.bizinfo.go.kr/sii/siia/selectSIIA200Detail.do?pblancId=PBLN_000000000125343,,중소기업,"서울경제진흥원(SBA) 창조산업본부에서는 콘텐츠 기업의 투자유치 활성화를 위한 투자 컨설팅 지원사업인 ‘투자상담회’를 ‘SPP 국제콘텐츠마켓 2026’와 연계하여 아래와 같이 개최하오니, 관심 있는 콘텐츠 기업의 많은 참여 바랍니다. ☞ 투자 유치를 희망하는 서울 소재 초ㆍ중기 콘텐츠 기업(법인기업) - 애니메이션/캐릭터, 웹툰/웹소설, 영화/드라마, AR/VRㆍ융복합, 게임, 음악/전시/공연, OTT/플랫폼/MCN, 도서/출판, 이 외 콘텐츠 관련 서비스, 엔터테크 기업 ☞ 콘텐츠 기업과 투자사 간 상호 매칭을 통해 기업 맞춤형 ","금융,경영,서울,서울경제진흥원,서울특별시,2026,투자상담회,투자,투자유치,콘텐츠기업,콘텐츠,애니메이션,캐릭터,웹툰,웹소설,영화,드라마,AR,VR,융복합,게임,음악,전시,공연,OTT,플랫폼,도서,출판,엔터테크,투자협의체",컨설팅,3391
151,경상북도,경상북도경제진흥원,인력,[경북] 북부권 2026년 구인ㆍ구직 만남의 날 채용 행사 일자리 잡(JOB)는 날 참여기업 모집 공고,2026-08-03,2026-08-18,2026-08-11,https://www.bizinfo.go.kr/sii/siia/selectSIIA200Detail.do?pblancId=PBLN_000000000125342,,중소기업,"경상북도와 경북일자리종합센터에서는 지역기업의 상시 구인수요에 맞춰 구인ㆍ구직 미스매치를 해소하고, 고용 활성화를 도모하고자 다음과 같이 경북 북부권 「일자리 잡(JOB)는 날」 채용행사를 개최하오니, 채용계획이 있는 기업의 많은 참여를 바랍니다. ☞ 경북 북부권(문경ㆍ상주ㆍ예천 등) 소재 채용계획이 있는 중소ㆍ중견기업 ☞ 일자리 잡(JOB)는 날 채용행사 참여 지원 - 행사내용 : 구인기업과 구직자 간 1:1 현장면접 실시","인력,경북,채용행사,경북북부권,경북북부,2026,채용계획,경상북도경제진흥원,경상북도,중견기업,중소기업",고용환경개선,2618
152,국토교통부,국토교통과학기술진흥원,기술,2026년 2차 국토교통연구기획 사업 시행 공고,2026-08-10,2026-08-18,2026-08-11,https://www.bizinfo.go.kr/sii/siia/selectSIIA200Detail.do?pblancId=PBLN_000000000125341,,중소기업,"국토교통과학기술 연구개발을 통하여 국토교통분야 미래 신성장동력 창출 및 국민의 삶의 질을 향상시키기 위해 아래와 같이 연구개발과제를 공고하오니 많은 관심과 참여 바랍니다. ☞「국가연구개발혁신법」제2조 제3호,「국가연구개발혁신법 시행령」 제2조 제1항에 의한 연구개발기관 ☞ 국토교통연구기획 사업 內 14개 연구개발과제 지원 ※ 자세한 지원내용 공고문 참조","기술,서울,부산,대구,인천,전남광주,대전,울산,세종,경기,강원,충북,충남,전북,경북,경남,제주,국토교통연구기획사업,신성장동력,연구개발기관,국토교통부,국토교통과학기술진흥원,연구개발,시스템개발,기술개발,품질관리,실증기획,인층체계,2026",단독기술개발,3159
153,방송미디어통신위원회,한국방송통신전파진흥원,수출,2026년 ATF 연계 방송콘텐츠 해외유통 지원 사업 공고,2026-08-10,2026-09-08,2026-08-11,https://www.bizinfo.go.kr/sii/siia/selectSIIA200Detail.do?pblancId=PBLN_000000000125340,,중소기업,"방송미디어통신위원회와 한국방송통신전파진흥원은 창의적이고 경쟁력 있는 국내 방송콘텐츠의 해외수출 및 홍보 등을 위해「2026년 ATF 연계 방송콘텐츠 해외유통 지원 사업」을 아래와 같이 공고하오니 많은 참여바랍니다. ☞ (비즈매칭 홍보관) 25년~’26년 KCA 방송프로그램 제작지원 사업 선정작 - (쇼케이스) AIㆍ디지털 기술을 활용한 기획단계(기획안)의 국내 방송 콘텐츠 ☞ 행사지원, 비용지원 - (비즈매칭 홍보관) 국내 송출 완료 또는 제작 완료된 콘텐츠의 해외 유통을 위한 비즈니스 매칭(Match Making) 및 상담 부스 ","수출,서울,부산,대구,인천,전남광주,대전,울산,세종,경기,강원,충북,충남,전북,경북,경남,제주,방송미디어통신위원회,2026,해외유통,한국방송통신전파진흥원,쇼케이스,비즈매칭,해외수출,방송콘텐츠,디지털,해외진출",해외진출준비,3038
154,산업통상부,한국산업기술시험원,기술,2026년 고신뢰 반도체 상용화를 위한 검증ㆍ확인 지원사업 기업 지원 프로그램 모집 공고,,,2026-08-11,https://www.bizinfo.go.kr/sii/siia/selectSIIA200Detail.do?pblancId=PBLN_000000000125339,예산 소진시까지,중소기업,"한국산업기술시험원(KTL)은 경북대학교, 한국팹리스산업협회와 함께 산업통상자원부가 주관하고 있는 「고신뢰 반도체 상용화를 위한 검증ㆍ확인 지원」을 수행하고 있으며, 국내 팹리스 기업의 제품 신뢰성 확보와 상용화 촉진을 위해 아래와 같이 기업지원을 진행하오니, 희망하는 비수도권 소재의 팹리스 기업의 많은 신청 바랍니다. ☞ 고신뢰 반도체 설계 기업(팹리스, IP 전문 기업 등)으로 중소기업 및 중견기업(창업 및 벤처기업 포함)이며, 다음①, ② 요건 중 하나라도 해당하는 기업 - ① 비수도권(서울ㆍ인천ㆍ경기ㆍ해외 제외) 내 본사, 지","기술,서울,부산,대구,인천,전남광주,대전,울산,세종,경기,강원,충북,충남,전북,경북,경남,제주,산출물생성,2026,고신뢰,프로세스구축,팹리스,기능안전,비수도권,한국산업기술시험원,시뮬레이션,수도권,검증,벤처기업,창업기업,중견기업,FTA,중소기업,산업통상부",시험/인증,2867
155,경상북도,경상북도경제진흥원,기술,[경북] 2026년 경북PRIDE기업 수요 연계형 전주기 신기술 지원사업 참여기업 모집 공고,2026-08-11,2026-08-28,2026-08-11,https://www.bizinfo.go.kr/sii/siia/selectSIIA200Detail.do?pblancId=PBLN_000000000125338,,중소기업,"경상북도와 경상북도경제진흥원은 경북PRIDE기업의 공급자 중심 개발에서 수요처 맞춤형 개발로 전환하여 예산 집행 효율성 극대화 및 매출 다각화 기반 구축을 위해 「수요 연계형 전주기 신기술 지원사업」을 다음과 같이 공고하오니 많은 관심과 참여 바랍니다. ☞ 경북PRIDE기업 ☞ 기업당 최대 2,000만원 한도 지원","기술,경북,2026,경상북도,경상북도경제진흥원,신기술기획,양산성능검증,경북PRIDE기업,시제품개발,분석,공정설계,워킹목업,테스트,신뢰성인증,신기술",기술사업화/이전/지도,2734
156,산림청,한국임업진흥원,수출,2026년 목재 수출 지원사업(바우처) 준비기업 추가모집 공고,2026-08-05,2026-08-19,2026-08-11,https://www.bizinfo.go.kr/sii/siia/selectSIIA200Detail.do?pblancId=PBLN_000000000125337,,중소기업,"목재기업의 국외 판로개척을 지원하기 위하여 다음과 같이 추가 공고하오니, 많은 관심과 적극적인 참여 부탁드립니다. ☞ 목재류 품목분류번호(HS코드, 산림청에서 관리하는 코드)로 수출이 가능한 목재ㆍ목재제품(또는 이를 가공하는 설비 등)을 생산하는 업체 - 대상 : 수출실적이 3만불 미만이거나, 수출을 준비 중인 기업 ☞ 수출컨설팅, 전문인력 양성, 지적재산권 출원(국내외), 해외인증 취득, 해외박람회 참가, 해외 바이어 초청, 샘플통관ㆍ운송, 홍보 콘텐츠 제작, 통ㆍ번역 및 서류대행, 현지 구매자(바이어) 방문, 브랜드 로고, BI","수출,서울,부산,대구,인천,전남광주,대전,울산,세종,경기,강원,충북,충남,전북,경북,경남,제주,2026,한국임업진흥원,산림청,수출컨설팅,전문인력,지적재산권,해외인증,홍보콘텐츠,샘플통관,해외바이어,브랜드,BI,CI",해외진출준비,2866
157,해양수산부,한국수산무역협회,경영,2026년 3분기 국내 저온 저장시설 보관 지원업체 모집 공고,2026-08-10,2026-08-31,2026-08-11,https://www.bizinfo.go.kr/sii/siia/selectSIIA200Detail.do?pblancId=PBLN_000000000125336,,중소기업,우리 수출 수산물의 해외시장 경쟁력 향상을 위해 2026년 국내 저온 저장시설 지원업체를 아래와 같이 모집하오니 관심 있는 업체의 많은 신청 바랍니다. ☞ 수산물 수출업체(중소ㆍ중견 기업) - 지원품목 : 냉장ㆍ냉동 수산물 및 수산가공식품 ☞ 저온 저장시설 보관비 최대 80% 지원(업체당 최대 20백만원) ※ 자세한 지원내용 공고문 참조,"수출,경영,서울,부산,대구,인천,전남광주,대전,울산,세종,경기,강원,충북,충남,전북,경북,경남,제주,2026,보관비,저온저장시설,냉장,냉동,한국수산무역협회,수산가공식품,수산물,해양수산부,중견기업,중소기업",시설/입지지원,1438
158,제주특별자치도,제주특별자치도경제통상진흥원,금융,[제주] 2026년 중소기업육성자금 융자지원계획 변경 공고,,,2026-08-11,https://www.bizinfo.go.kr/sii/siia/selectSIIA200Detail.do?pblancId=PBLN_000000000125335,예산 소진시까지,중소기업,"「제주특별자치도 중소기업육성기금 조례」제6조에 따른 “2026년 제주특별자치도 중소기업육성자금 융자지원계획”을 다음과 같이 변경 공고합니다. ☞ 제주특별자치도에 사업장을 둔 중소기업ㆍ소상공인 ※ 자세한 지원대상 공고문 참조 ☞ 시설투자자금, 경영안정자금, 청년창업기업 금리 지원 ※ 자세한 지원내용 공고문 참조","금융,제주,2026,제주특별자치도경제통상진흥원,제주특별자치도,융자,소상공인,중소기업,중소기업육성자금,시설투자자금,경영안정자금,청년창업기업,금리,이자차액",융자,1717
159,부산광역시,부산광역여성새로일하기센터,경영,[부산] 경력단절예방 지원사업 기업환경개선 참여 기업체 모집 공고,2026-08-10,2026-08-28,2026-08-11,https://www.bizinfo.go.kr/sii/siia/selectSIIA200Detail.do?pblancId=PBLN_000000000125334,,중소기업,"부산광역여성새로일하기센터에서 여성 근로자의 고용안정과 일·생활 균형 지원을 통한 여성친화적 기업문화 조성을 위해 「2026년도 경력단절예방 지원사업 기업환경개선」 참여 기업체 모집을 다음과 같이 공고합니다. ☞ 부산 광역시 소재 기업 - 상시근로자 수 5~300인 미만 기업(조건 중 한 가지 이상 해당) - 성평등가족부로부터 가족친화인증을 받은 중소기업 - 새일센터를 통해 창업한 기업(창업 후 1년 이내) ※ 자세한 지원대상 공고문 참조 ☞ 총 사업비의 70%까지 지원(최대 5백만원 한도) - 여성 화장실, 여성 휴게실, 수유실 등","경영,부산,2026,부산광역시,부산광역여성새로일하기센터,부산광역시여성문화회관,가족친화인증,중소기업,여성친화적기업문화,여성친화적,기업환경개선,경력단절예방,창업기업,시설환경개선,작업공간,사무공간,시설개선",시설/입지지원,1385
160,문화체육관광부,한국콘텐츠진흥원,수출,2026년 국제방송영상마켓(BCWW 2026) X FOX K-포맷 쇼케이스 참가기업 모집 공고,2026-07-23,2026-08-24,2026-08-11,https://www.bizinfo.go.kr/sii/siia/selectSIIA200Detail.do?pblancId=PBLN_000000000125333,,중소기업,"국제방송영상마켓 BCWW 2026 X FOX K-포맷 쇼케이스 참가기업을 모집합니다. 관심 있는 기업들은 하기 내용 참고하시어 신청 바랍니다. ☞ BCWW 2026 비즈매칭 참가 기업 중 글로벌 진출을 희망하는 방송 포맷의 판매/공동제작/개발을 위한 지적재산권(IP) 보유 국내 기업 ☞ 상금 : FOX 선정 3팀(최우수 1팀 1,500 USD, 우수 2팀 각 500 USD) - FOX와의 공동개발 관련 비즈매칭 등 지원","수출,서울,부산,대구,인천,전남광주,대전,울산,세종,경기,강원,충북,충남,전북,경북,경남,제주,K-포맷,FOX,2026,지적재산권,쇼케이스,상금,비즈매칭,공동개발,한국콘텐츠진흥원,문화체육관광부,IP",해외진출,1359
161,문화체육관광부,한국콘텐츠진흥원,수출,2026년 2차 더현대글로벌×더셀렉츠 글로벌 팝업스토어(일본 도쿄) 참가 브랜드 모집 공고,2026-08-10,2026-08-31,2026-08-11,https://www.bizinfo.go.kr/sii/siia/selectSIIA200Detail.do?pblancId=PBLN_000000000125331,,소상공인,"한국콘텐츠진흥원에서 유망 디자이너 브랜드의 유통 경쟁력 강화 및 시장 진출 기반 마련을 위한 해외 홍보 및 팝업스토어 입점 지원을 하기 위해 「2026년 더현대글로벌×더셀렉츠 글로벌 팝업스토어(일본 도쿄)」사업을 추진하오니 많은 참여 바랍니다. ☞ 2025년 연 매출 10억 원 이상의 한국 패션 디자이너 브랜드 ※ 자세한 지원대상 공고문 참조 ☞ 국내 유통사 연계 더셀렉츠 일본 팝업스토어 입점 및 현지 B2C 판매/홍보 등 지원 - 팝업스토어 사전/사후 준비(상품 현지화, 해외 운송, 현지 물류, 상품 철수, 기본 인테리어 등) -","수출,서울,부산,대구,인천,전남광주,대전,울산,세종,경기,강원,충북,충남,전북,경북,경남,제주,현지물류,2026,해외운송,입점지원,B2C,도쿄,브랜드,팝업스토어,디자이너,글로벌,한국콘텐츠진흥원,문화체육관광부,홍보,일본,마케팅,인플루언서",해외진출,1643
162,울산광역시,KOTRA울산지원본부,수출,[울산] 2026년 말레이시아-인도 조선해양 무역사절단 참가기업 모집 공고,2026-08-10,2026-08-28,2026-08-11,https://www.bizinfo.go.kr/sii/siia/selectSIIA200Detail.do?pblancId=PBLN_000000000125330,,중소기업,"KOTRA울산지원본부는 관내 기업의 해외시장 개척을 지원하기 위해 다음과 같이 「2026 울산 말레이시아-인도 조선해양 무역사절단」참가기업을 모집합니다. ☞ 울산 조선해양기자재 기업 ☞ 현지 시장조사 및 바이어 섭외, 현지 바이어와 1:1 수출상담 주선 및 전문 통역원, 편도 항공료 및 보험료, BuyKorea 등을 활용한 사전ㆍ사후 마케팅 등 지원","수출,울산,2026,KOTRA울산지원본부,울산광역시,조선해양기자재,말레이시아,인도,무역사절단,조선해양,바이어,시장조사,수출상담,통역,항공료,보험료,마케팅",시장개척,1128
163,기후에너지환경부,한국환경산업기술원,수출,UNFCCC COP31 한국홍보관 부대행사 참여 모집 공고,2026-08-10,2026-08-30,2026-08-11,https://www.bizinfo.go.kr/sii/siia/selectSIIA200Detail.do?pblancId=PBLN_000000000125329,,중소기업,"제31차 유엔기후변화협약 당사국총회(COP31) 한국홍보관 부대행사 참여기업 모집 공고 사항을 안내합니다. ☞ 기후변화 관련 정부산하기관, 산ㆍ학ㆍ연 및 NGO 등 ☞ COP31 계기 기후 공동 행동ㆍ실행, 에너지전환 관련 부대행사, 기술 전시 등을 통한 우리나라의 기후위기 대응 활동 대외 홍보 지원","기술,수출,서울,부산,대구,인천,전남광주,대전,울산,세종,경기,강원,충북,충남,전북,경북,경남,제주,2026,한국환경산업기술원,COP31,한국홍보관,부대행사,기후변화,에너지전환,대응활동,홍보",시장개척,1194
164,지식재산처,한국특허전략개발원,기술,2026년 하반기 7차 IP-R&D 전략지원 사업 시행 계획 공고(자유공모),2026-08-05,2026-08-18,2026-08-11,https://www.bizinfo.go.kr/sii/siia/selectSIIA200Detail.do?pblancId=PBLN_000000000125328,,중소기업,"국내 중소기업에 맞춤형ㆍ밀착형 특허전략을 지원하는 IP-R&D 전략 지원 사업(세부사업: 지재권 연계 연구개발 전략지원 사업)의 2026년 하반기 7차 시행 계획을 다음과같이 공고하니 사업에 참여하고자 하는 기관의 많은 신청 바랍니다. ☞ 연구조직을 보유한 국내 중소기업 ☞ 한국특허전략개발원 소속 특허전략전문가(PM)와 특허분석 기관이 전담팀을 구성하여 기업 니즈에 따른 특허전략 수립을 지원 - 핵심특허 대응 전략, IP 창출 전략 중 택1 ※ 자세한 지원내용 공고문 참조","기술,서울,부산,대구,인천,전남광주,대전,울산,세종,경기,강원,충북,충남,전북,경북,경남,제주,지식재산처,핵심특허,2026,IP창출,한국특허전략개발원,IP,R&D,특허,중소기업,지식재산권,연구개발,특허전략전문가",시험/인증,2041
165,부산광역시,부산상공회의소,경영,[부산] 2026년 제2회 부산진구ㆍ부산상공회의소 채용박람회 참가기업 모집 공고(관광ㆍ마이스 특별관 운영),2026-08-10,2026-08-28,2026-08-11,https://www.bizinfo.go.kr/sii/siia/selectSIIA200Detail.do?pblancId=PBLN_000000000125327,,중소기업,"부산진구와 부산상공회의소가 공동 주관하는「2026년 제2회 부산진구ㆍ부산상공회의소 채용박람회」에 참가기업을 모집하오니 관심있는 기업의 많은 관심과 신청 바랍니다. ☞ 부산지역 주요 POC(전시ㆍ컨벤션 기획), 호텔ㆍ리조트, 여행사 등 ☞ 면접용 부스 및 운영비품 지원, 정부일자리 사업 우선지원","경영,부산,2026,POC,리조트,부산진구,채용박람회,컨벤션,호텔,부산상공회의소,전시,여행사,기획,관광,부산광역시",디자인/상품화/사업화,1177
166,방위사업청,한국방위산업진흥회,경영,2026년 3차 방산 중소기업 컨설팅 지원사업 지원대상기업 모집 공고,2026-08-11,2026-08-31,2026-08-11,https://www.bizinfo.go.kr/sii/siia/selectSIIA200Detail.do?pblancId=PBLN_000000000125326,,중소기업,"「방위산업 진입을 위한 지원사업 공통운영규정」(방위사업청 훈령 제808호) 및「방산 중소기업 컨설팅 지원사업 세부운영규정」(국방기술진흥연구소 규정)에 따라,「’26-3차 방산 중소기업 컨설팅 지원사업」의 지원대상기업 모집 및 선정 계획을 다음과 같이 공고합니다. ☞ 방산 중소기업 또는 방산분야 진출을 희망하는 중소기업 중 기술력을 갖춘 중소기업 ☞ 전문가 컨설팅 비용의 75% 이내(기업당 1개 과제, 3천만 원 한도) 지원 - 지원분야 : 기업의 컨설팅 수요에 따라 맞춤식으로 지원(기술 분야, 경영 분야, 법률 분야, 행정 분야)","경영,서울,부산,대구,인천,전남광주,대전,울산,세종,경기,강원,충북,충남,전북,경북,경남,제주,2026,행정,방산,한국방위산업진흥회,방위사업청,국방기술진흥연구소,법률,컨설팅,중소기업,기술분야,경영분야,행정분야,법률분야,전문가컨설팅,방산분야",컨설팅,1549
167,기후에너지환경부,한국환경산업기술원,수출,UNFCCC COP31 한국홍보관 기술전시 참여 모집 공고,2026-08-10,2026-08-30,2026-08-11,https://www.bizinfo.go.kr/sii/siia/selectSIIA200Detail.do?pblancId=PBLN_000000000125325,,중소기업,"제31차 유엔기후변화협약 당사국총회(COP31) 한국홍보관 기술전시 참여기업 모집 공고 사항을 안내합니다. ☞ 순환경제 및 저탄소 경제 실현을 위한 분야별 국내 녹색기술을 보유한 기업 및 기관 - (기술분야) AI활용 디지털 탄소중립, 유망 기후기술, 우수 환경기술 등 ☞ 전시공간, COP31 온라인 홈페이지 홍보 지원","기술,수출,서울,부산,대구,인천,전남광주,대전,울산,세종,경기,강원,충북,충남,전북,경북,경남,제주,저탄소경제,기술전시,순환경제,전시공간,참여기업,녹색기술,기업,기관,한국환경산업기술원,홍보,환경부,온라인,2026,COP31",시장개척,1202
168,과학기술정보통신부,중소상공인희망재단,내수,2026년 판로확대 지원 참여 소상공인 모집(쇼핑몰 통합관리ㆍ입점ㆍ판매대행 지원(셀러허브)) 공고,2026-08-04,2026-08-30,2026-08-11,https://www.bizinfo.go.kr/sii/siia/selectSIIA200Detail.do?pblancId=PBLN_000000000125324,,소상공인,"소상공인의 판로 확대와 매출 성장을 위해 쇼핑몰 통합관리 솔루션을 지원하는 「2026년 판로확대 지원」 사업을 다음과 같이 공고하오니 많은 관심과 참여 바랍니다. ☞ 온라인 판로 확대를 희망하는 소상공인 - 대표자 제외 상시 근로자 수 5인 또는 10인 미만의 소상공인 - 공고일 현재 온라인에서 판매 가능한 제품을 보유한 소상공인 - AX 아카데미 교육을 수강한 연간 프리미엄 멤버십 소상공인 ☞ 셀러허브 이용료 및 소상공인 희망 스타트 플랜 지원 - 셀러허브 6개월 이용료, 판매채널 입점(오픈마켓, 폐쇄몰 등), 판매 수수료 인하,","내수,경영,서울,부산,대구,인천,전남광주,대전,울산,세종,경기,강원,충북,충남,전북,경북,경남,제주,셀러허브,2026,온라인판로,중소상공인희망재단,판매수수료,쇼핑몰,판로확대,입점,과학기술정보통신부,마케팅,소상공인,온라인",온라인,2390
169,강원특별자치도,강원정보문화산업진흥원,기술,[강원] 2026년 2차 제조ㆍ창업 맞춤형 지원 프로그램 지원기업 통합 모집 공고,2026-08-10,2026-08-18,2026-08-11,https://www.bizinfo.go.kr/sii/siia/selectSIIA200Detail.do?pblancId=PBLN_000000000125323,,중소기업,"역량 있는 제조 및 창업기업의 성장과 제품화 경쟁력 강화를 위하여 아래와 같이 [제조ㆍ창업 맞춤형 지원 프로그램]의 지원기업을 통합 모집하오니, 신청을 희망하는 기업은 각 프로그램별 카테고리 및 평가 기준을 숙지하시어 신청해 주시기 바랍니다. ☞ 공고일 기준 강원특별자치도 소재 중소ㆍ창업기업(※ 본사, 주사업장 또는 주공장(2년 이상 정상가동), 도내 공장등록) ※ 자세한 지원대상 공고문 참조 ☞ 제품 설계부터 시제품 제작, 인증, 초도양산 및 사업화까지 전 주기에 걸친 맞춤형 지원 - One-Stop 양산설계 (DFM) 컨설팅, ","기술,경영,강원,2026,강원특별자치도,강원정보문화산업진흥원,제조기업,창업기업,중소기업,시제품제작,인증,초도양산,DFM,컨설팅,목업,디자인,워킹,크라우드펀딩,패키지",기술사업화/이전/지도,1654
170,산업통상부,KAIST,기술,2026년 제조AI 기술지도 프로그램 참가기업 모집 공고(산업통상부 제조AI 솔루션 개발 지원센터 사업),2026-08-04,2026-08-31,2026-08-11,https://www.bizinfo.go.kr/sii/siia/selectSIIA200Detail.do?pblancId=PBLN_000000000125322,,중소기업,산업통상부 제조AI솔루션 개발 지원센터 사업 2026 제조AI 기술지도 프로그램 (지원기관: KAIST) 참가기업을 8월 31일(월) 까지 모집합니다. 이번 사업은 제조 현장에서 AI 도입하려는 기업들의 애로사항 해결 및 기술지도를 목적으로 합니다. ☞ 자사 제조 공정에 AI 도입을 희망하는 국내 중소ㆍ중견 제조 기업 및 스타트업 ☞ KAIST 교수진 및 제조AI 전문가로 구성된 자문단과 1:1 매칭하여 기술 도입전략 수립부터 개발까지 애로사항 해결을 지원,"기술,서울,부산,대구,인천,전남광주,대전,울산,세종,경기,강원,충북,충남,전북,경북,경남,제주,2026,산업통상부,한국전자기술연구원,카이스트,KAIST,애로사항,기술지도,제조공정,AI도입,중소기업,중견기업,제조기업,스타트업,자문단,매칭",기술사업화/이전/지도,2524
171,강원특별자치도,강원테크노파크,기술,2026년 강원특별자치도 첨단바이오 Pre-Open innovation((재)스크립스코리아항체연구원) 지원 기업 모집 재공고,2026-08-11,2026-08-21,2026-08-11,https://www.bizinfo.go.kr/sii/siia/selectSIIA200Detail.do?pblancId=PBLN_000000000125321,,중소기업,"강원특별자치도 첨단바이오 산업 육성 및 발전을 위한, 바이오 신약 분야 중소ㆍ벤처기업 대상 Pre-Open Innovation 프로그램에 참여할 바이오 스타트업을 아래와 같이 모집하오니, 많은 관심과 신청 바랍니다. ☞ 바이오 신약 초기 기업의 기술개념검증(PoC) 및 목표제품특성(TPP) 검증이 필요한, 국내 창업 8년 이내 첨단바이오기업 ※사업공고연도(2026년도)기준 - 당해연도 바이오 앵커기업 오픈이노베이션 프로그램 미선정 되었으나, 추후 협업 가능성이 있는 기업 및 그 외 본 프로그램에 지원한 기업 - 춘천ㆍ홍천 지역 강원","기술,서울,부산,대구,인천,전남광주,대전,울산,세종,경기,강원,충북,충남,전북,경북,경남,제주,바이오신약,첨단바이오산업,2026,바이오스타트업,스크립스코리아항체연구원,강원특별자치도,홍천군,협업,춘천시,오픈이노베이션,판로개척,벤처기업,강원테크노파크,바이오,수출지원,중소기업",기술사업화/이전/지도,1359
172,충청남도,충남테크노파크,창업,[충남] 2026년 지역 거점 정보보호 클러스터 구축 사업 정보보호 비즈니스 모델 발굴 및 유망기업 지원 모집 재공고,2026-08-10,2026-08-21,2026-08-11,https://www.bizinfo.go.kr/sii/siia/selectSIIA200Detail.do?pblancId=PBLN_000000000125320,,창업벤처,"(재)충남테크노파크에서는 충남 소재 지역특화산업 기업의 디지털전환 등 지역 ICT사업과 정보보호 클러스터 간 연계를 통한 정보보호 산업 생태계 구축과 지역 기업의 비즈니스 영역 확장을 위해「신규 비즈니스 모델 발굴 및 유망(창업ㆍ벤처기업) 기업지원 사업」을 추진하오니, 관심 있는 기업의 많은 지원을 바랍니다. ☞ 충남 소재 창업ㆍ벤처기업 중 아래에 해당하는 기업 - 정보보호 전ㆍ후방 기업, 자동차 산업 전ㆍ후방 기업 ※ 자세한 지원대상 공고문 참조 ☞ (1단계) 신청기업에서 제시한 사업계획서를 바탕으로 정보보호 비즈니스 모델 발굴(","창업,충남,기술 확보,자동차 산업,2026,비즈니스 모델,IR자료,정보보호,홍보물,충남테크노파크,디지털전환,ICT,벤처기업,충청남도,시제품",사업화지원,1377
173,충청남도,충남테크노파크,기술,[충남] 2026년 정보보호 기업 성장(특화산업 사업화) 지원사업 모집 공고(지역 거점 정보보호 클러스터 구축사업),2026-08-10,2026-08-21,2026-08-11,https://www.bizinfo.go.kr/sii/siia/selectSIIA200Detail.do?pblancId=PBLN_000000000125319,,중소기업,"「2026년도 지역거점 정보보호 클러스터 구축사업」“충남 정보보호 기업 성장(사업화) 지원사업 과제”의 모집을 다음과 같이 공고하오니, 동 사업에 참여를 희망하는 중소(중견)기업은 관련 규정 및 절차에 따라 신청하여 주시기 바랍니다. ☞ 충남 소재 정보보호 관련 분야 기업 ☞ 지역특화산업(스마트모빌리티)과 연계 또는 개발 완료된 정보보호 기술 및 제품(서비스)의 사업화 또는 상용화 비용 지원 (국내외 전시회 참가비, 홍보물 제작비, 마케팅 및 브랜딩, 상용화 패키징, 사업화 컨설팅 비용 등)","기술,충남,2026,스마트모빌리티,정보보호,충남테크노파크,브랜딩,홍보물제작,전시회,충청남도,컨설팅,마케팅,참가비,제작비,중소기업,중견기업",기술사업화/이전/지도,1105
174,문화체육관광부,예술경영지원센터,경영,2026년 2차 아트코리아랩 AI+기술융합 오픈이노베이션 공모,2026-08-10,2026-08-24,2026-08-11,https://www.bizinfo.go.kr/sii/siia/selectSIIA200Detail.do?pblancId=PBLN_000000000125318,,중소기업,"문화체육관광부와 (재)예술경영지원센터는 예술의 산업적 성장기반 마련을 위한 종합지원 플랫폼 <아트코리아랩(Arts Korea Lab)>에서 ‘AI+기술융합 오픈이노베이션(2차)’ 사업 참여 예술기업을 모집합니다. 선도기업(파트너사)과의 협업을 통한 사업 확장과 신시장 진출을 희망하는 예술기업들의 많은 관심과 참여 바랍니다. ☞ 공고일 기준 설립일로부터 업력 10년 이내 예술기업 - 선도기업(파트너사)과의 협업을 통해 AI, 기술을 예술분야 적용한 PoC 과제 수행, 이를 기반으로 사업화 및 판로 확장을 희망하는 예술기업 ☞ 협업 지","경영,서울,부산,대구,인천,전남광주,대전,울산,세종,경기,강원,충북,충남,전북,경북,경남,제주,2026,아트코리아랩,AI+,기술융합,오픈이노베이션,예술기업,PoC,지원금,전문컨설팅,문화체육관광부,예술경영지원센터",디자인/상품화/사업화,1705
175,대구광역시,대구광역시사회적경제지원센터,경영,[대구] 2026년 사회적경제기업 온라인판로 기초 지원사업 참여기업 모집 연장 공고,2026-08-10,2026-08-19,2026-08-11,https://www.bizinfo.go.kr/sii/siia/selectSIIA200Detail.do?pblancId=PBLN_000000000125317,,사회적기업,"대구광역시 사회적경제지원센터는 온라인판로 진입 전ㆍ초기 단계의 사회적경제기업을 대상으로 온라인 판매 기반을 구축하고, 기초역량을 강화하고자「2026 대구시 사회적경제기업 온라인판로 기초 지원사업」을 추진하오니, 관심있는 기업의 많은 참여 바랍니다. ☞ 온라인 판매가 가능한 제품 또는 서비스를 보유하고 있으며, 온라인판로 진입준비 또는 온라인 판매 기반 구축이 필요한 대구 소재 사회적경제기업 ※ (예비)사회적기업, (사회적)협동조합, 마을기업 ☞ 온라인판로 진입 전ㆍ초기 기업의 판매 준비도 향상을 위해 '온라인판로 초기진입ㆍ역량강화 ","경영,대구,2026,대구광역시사회적경제지원센터,온라인판로,사회적경제기업,대구광역시,컨설팅,콘텐츠,마을기업,협동조합,온라인,콘텐츠제작,사회적기업,상세페이지제작",디자인/상품화/사업화,1116
176,기후에너지환경부,충남테크노파크,기술,[충남] 2026년 2차 예비수소전문기업지원사업 수소산업분야 기술사업화(비R&D) 수혜기업 모집 공고,2026-08-18,2026-08-21,2026-08-11,https://www.bizinfo.go.kr/sii/siia/selectSIIA200Detail.do?pblancId=PBLN_000000000125316,,중소기업,"(재)충남테크노파크에서는 충남도내 수소산업 관련한 중소ㆍ중견 기업의 경쟁력강화와 수소전문기업으로의 육성을 위하여 아래와 같이 “2026 예비수소전문기업지원 사업을 추진하고 수혜기업을 모집하오니 지원을 받고자 하는 기업에서는 많은 관심과 신청 바랍니다. ☞ 충청남도에 소재한 중소ㆍ중견 기업으로 수소산업과 관련된 사업 영위(수소산업 매출) 또는 기술력(지식재산권 등)을 보유하고 수소전문기업으로 지정되지 않는 기업 ☞ 기술사업화(시제품 제작, 인증 및 특허, 장비활용), 판로개척, 컨설팅 지원","기술,충남,기후에너지환경부,2026,수소산업,수소전문기업,수소,충남테크노파크,충청남도,중견기업,중소기업,지식재산권,시제품제작",기술사업화/이전/지도,1112
177,경기도,화성산업진흥원,기술,[경기] 화성시 2026년 하반기 공급망 확대 사업화 기술컨설팅 참여기업 모집 공고,2026-08-11,2026-08-24,2026-08-11,https://www.bizinfo.go.kr/sii/siia/selectSIIA200Detail.do?pblancId=PBLN_000000000125315,,중소기업,화성산업진흥원은 반도체ㆍ모빌리티ㆍ바이오ㆍ로봇 분야 공급망 기업의 현장 기술애로 해결을 지원하고자 다음과 같이 기술컨설팅 참여기업을 모집합니다. ☞ 공고일 현재 화성시 관내 본사ㆍ공장 또는 기업부설연구소를 둔 중소기업 - 반도체ㆍ모빌리티ㆍ바이오ㆍ로봇 분야의 제품ㆍ공정ㆍ기술문제 해결을 위한 컨설팅 수요가 있는 기업 ☞ 제품ㆍ공정ㆍ기술문제 해결을 위한 현장 중심 전문가 컨설팅 지원,"기술,경기,2026,전문가컨설팅,공정,제품,기술컨설팅,반도체,기술애로,모빌리티,화성시,로봇,화성산업진흥원,경기도,바이오",기술사업화/이전/지도,1187
178,경기도,화성산업진흥원,수출,[경기] 화성시 2026년 하반기 국내전시회 단체관 참여기업 모집 공고,2026-08-10,2026-09-04,2026-08-11,https://www.bizinfo.go.kr/sii/siia/selectSIIA200Detail.do?pblancId=PBLN_000000000125314,,중소기업,"화성시와 화성산업진흥원은 관내 중소기업의 수출 판로개척 및 산업 트렌드 파악을 위하여 「2026년 화성시 국내전시회 하반기 단체관 지원사업」을 운영하고자 합니다. 이에 기업들의 많은 관심과 지원 바랍니다. ☞ 관내 사업장(본사) 또는 공장이 소재한 전년도 수출액 2,000만불 이하 중소기업 ☞ 전시회 단체관 참가비(부스임차비 및 장치비 등) 전액 지원, 전시회 참가 전략 및 바이어 유치 전략 등 사전교육 운영 지원","수출,경기,전시회 참가,2026,부스임차비,국내전시회,화성시,판로개척,화성산업진흥원,경기도,중소기업,참가비,장치비,바이어,유치전략,사전교육",해외진출준비,1069
179,경상북도,경북테크노파크,기술,[경북] 2026년 지역 중소기업 우수IP 투자역량 강화 지원사업 기업 모집 공고,2026-08-10,2026-08-21,2026-08-11,https://www.bizinfo.go.kr/sii/siia/selectSIIA200Detail.do?pblancId=PBLN_000000000125313,,중소기업,"한국발명진흥회와 경상북도가 지원하는 「경북지역 중소기업 우수IP 투자역량강화 지원사업」의 주관기관인 (재)경북테크노파크에서 도내 우수 지식재산보유 기업의 기술가치 입증과 투자 촉진을 위한 참여기업 모집을 안내하오니 많은 관심 바랍니다. ☞ 우수 IP(등록ㆍ공개 특허 등)를 보유하고 투자유치를 희망하는 경상북도 내 중소ㆍ벤처기업 ☞ IP투자용 기술가치평가, 투자 네트워크 및 IR연계 프로그램 지원(후속ㆍ연계지원) ※ 자세한 지원내용 공고문 참조","기술,경북,2026,한국발명진흥회,경북테크노파크,경상북도,중소기업,벤처기업,지식재산,기술가치평가,네트워크,IR연계",기술사업화/이전/지도,1167
180,경상남도,경남테크노파크,경영,경남 정보보호 기업 육성 창업ㆍ벤처 기업모집 재공고,2026-08-10,2026-08-21,2026-08-11,https://www.bizinfo.go.kr/sii/siia/selectSIIA200Detail.do?pblancId=PBLN_000000000125312,,창업벤처,"경남테크노파크에서 수행하고 있는 지역 거점 정보보호 클러스터 구축 사업의 일환으로 우리 지역의 정보보호 기업 발굴 및 경쟁력 강화를 위해 아래와 같이 창업ㆍ벤처 기업을 재모집합니다. ☞ 창업 10년 이내 기업 - SW+보안적용, 제품+보안적용 등 융합 분야로 확대 - 타 지역 기업 신청 가능(2026. 10월까지 경남 본사 이전 또는 지사/연구소 설립 필수) ☞ 시제품 제작, IR 및 멘토링 참가, BM(비즈니스 모델) 고도화 지원 ※ 자세한 지원내용 공고문 참조","경영,서울,부산,대구,인천,전남광주,대전,울산,세종,경기,강원,충북,충남,전북,경북,경남,제주,10년이내,2026,클러스터구축,BM고도화,정보보호,경남테크노파크,벤처기업,시제품제작,경상남도,창업기업,IR,멘토링",디자인/상품화/사업화,1260
181,중소벤처기업부,부산테크노파크,경영,[부산] 2026년 하반기 중소기업 밀집지역 위기대응 체계 구축사업 Stand-up 맞춤지원 모집 공고,,,2026-08-11,https://www.bizinfo.go.kr/sii/siia/selectSIIA200Detail.do?pblancId=PBLN_000000000125311,예산 소진시까지,중소기업,"중소벤처기업부와 부산광역시가 지원하는 「2026년 중소기업 밀집지역 위기대응 체계 구축사업」 하반기 Stand-up 맞춤지원을 다음과 같이 추진하오니, 참여를 희망하는 해당지역 중소기업들의 많은 신청 바랍니다. ☞ 부산광역시 2026년 하반기 Stand-up 맞춤지원 대상 중소기업 밀집지역 소재 중소기업 ※ 자세한 지원대상 공고문 참조 ☞ 지원한도 내 자원분야를 제한하지 않고 프로그램 선택 지원(기업당 최대 1,000만원) - 전문가 또는 공급기관(업)을 활용하여 기업의 현장실사(위기진단 및 요건검토) 결과에 기반한 맞춤 지원 프로","기술,경영,부산,2026,투자계약서,한국테크노파크진흥회,기술정보분석,중소기업밀집지역,IR자료,성능분석,물류비,부산테크노파크,기술멘토링,대구테크노파크,시험,사업화,지식재산권,디자인개발,대구광역시,인증,컨설팅,중소벤처기업부,마케팅,중소기업",디자인/상품화/사업화,1163
182,중소벤처기업부,부산테크노파크,수출,[부산] 일본 MEDICAL JAPAN 수출상담회 지원사업 공고(2025년도 시군구연고산업육성사업 2차년도),2026-08-10,2026-08-21,2026-08-11,https://www.bizinfo.go.kr/sii/siia/selectSIIA200Detail.do?pblancId=PBLN_000000000125309,,중소기업,"(재)부산테크노파크에서는 중소벤처기업부, 부산광역시청, 부산서구청에서 지원하는 시군구연고산업육성사업의 일환으로 의료ㆍ헬스케어 관련 기업의 해외 시장진출과 판로확대를 도모하기 위해 아래와 같이 지원 사업을 시행하오니 관심 있는 기업의 많은 신청바랍니다. ☞ 부산지역 소재 (본사, 공장) 의료ㆍ헬스케어산업 중소기업 - 지원대상 기업은 제조업, 제조+서비스업, 의료와 관련된 서비스업 등 ☞ 수출상담회 지원 - 일본 MEDICAL JAPAN (10월 7일 ~ 9일) 기간 중 수출상담회 개최 지원 - 전시회 참관 유망 바이어 발굴 및 매칭 ","수출,부산,MEDICAL JAPAN,2026,스마트헬스케어,부산테크노파크,수출상담회,의료,서비스업,정보통신산업진흥원,부산광역시,헬스케어,전시회,의료기기,제조업,바이어,상담,중소기업,중소벤처기업부",해외진출,997
183,중소벤처기업부,부산테크노파크,기술,[부산] 3차 기업성장기반 글로벌 하이메디 허브 특구 상생협력사업 지원프로그램 기업지원 모집공고(2025년 시군구연고산업육성 협업프로젝트 2차년도),2026-08-10,2026-08-21,2026-08-11,https://www.bizinfo.go.kr/sii/siia/selectSIIA200Detail.do?pblancId=PBLN_000000000125308,,중소기업,"2026년도 중소벤처기업부와 부산광역시청 및 부산시 서구청이 지원하는 시군구연고산업육성 협업프로젝트 수행자로 선정된 주관기관별 지원 프로그램을 안내하오니, 해당 프로그램 참여를 희망하는 부산지역 중소기업의 많은 신청 바랍니다. ☞ 부산지역 소재(본사, 공장 등) 의료ㆍ헬스케어산업 및 전ㆍ후방 관련 중소기업 ※ 지원 대상 중소기업은 제조업, 제조+서비스업, 의료와 관련된 서비스업 등 - 선정평가일 전까지 부산에 소재 또는 이전이 확정된 중소기업 ☞ 인증 및 시험분석지원, 글로벌 마켓 입점지원, 생산성향상 지원","기술,부산,고령친화기기,2026,진단치료기기,헬스케어기기,생산성향상,글로벌마켓,스마트헬스케어,항노화,부산테크노파크,기능성식품,시험분석,부산광역시,인증,화장품,의료기기,중소벤처기업부",기술사업화/이전/지도,990
184,산업통상부,한국산업기술기획평가원,기술,2026년 2차 기계장비산업기술개발사업(AI팩토리) 신규지원 대상과제 공고,2026-08-19,2026-09-09,2026-08-11,https://www.bizinfo.go.kr/sii/siia/selectSIIA200Detail.do?pblancId=PBLN_000000000125307,,중소기업,"2026년도 2차 기계장비산업기술개발사업 신규 지원대상 연구개발과제를 다음과 같이 공고하오니 수행하고자 하는 자는 신청하여 주시기 바랍니다. ☞ 기업, 대학, 연구기관, 연구조합, 사업자단체, 의료기관 등 - 주관연구개발기관이 기업인 경우는 접수마감일 현재 법인사업자이어야 하며, 선정평가 개최일 이전에 기업부설연구소(한국산업기술진흥협회 인정서 기준)를 보유하고 있어야 함 ☞ 기계장비산업기술개발(제조기반생산시스템, 제조장비실증) 연구개발비 지원","기술,서울,부산,대구,인천,전남광주,대전,울산,세종,경기,강원,충북,충남,전북,경북,경남,제주,AI팩토리,산업통상부,2026,한국산업기술기획평가원,산업기술개발,제조장비,제조기반,생산시스템,연구개발비,실증",단독기술개발,1813
185,전북특별자치도,지방중소벤처기업청,경영,[전북] 2026년 제2회 공영홈쇼핑 혁신기업 제품 코칭 상담회 참여기업 모집 공고,2026-08-10,2026-09-06,2026-08-11,https://www.bizinfo.go.kr/sii/siia/selectSIIA200Detail.do?pblancId=PBLN_000000000125306,,중소기업,"전북지방중소벤처기업청과 ㈜공영홈쇼핑에서는 ’2026년 9월 전북 지역을 직접 찾아가는 코칭ㆍ상담회를 통해 우수한 혁신 제품들을 발굴 및 육성하고자 하오니 기업 여러분의 많은 관심과 참여 바랍니다. ☞ 전북 소재 기업 중 중소기업기본법 제2조 및 소상공인기본법 제2조에 따른 중소기업 및 소상공인의 B2C 소비재 제품 - 국내 소상공인, 소기업, 중기업 등 (농업, 임업, 어업 생산자 및 생산단체 포함) ☞ 기본 지원(제품 상담ㆍ코칭, 교육지원 및 설명회), 최종 선정 제품 추가 지원(TV홈쇼핑 및 마케팅 지원) ※ 자세한 지원내용 공","내수,경영,전북,2026,전북특별자치도,전북지방중소벤처기업청,코칭,B2C,TV홈쇼핑,지방중소벤처기업청,공영홈쇼핑,설명회,라이브커머스,마케팅,교육,상담,소상공인,중소기업",컨설팅,1096
186,대전광역시,직접수행,경영,[대전] 2026년 하반기 지역형 예비사회적기업 지정 계획 공고,2026-08-10,2026-08-28,2026-08-11,https://www.bizinfo.go.kr/sii/siia/selectSIIA200Detail.do?pblancId=PBLN_000000000125305,,사회적기업,"「대전광역시 사회적경제 육성 및 지원 조례」 제31조(예비사회적기업의 발굴 등) 및 「고용노동부 2026년도 사회적기업 인증 업무지침」에 따라 2026년 하반기 지역형 예비사회적기업 지정계획을 다음과 같이 공고합니다. ☞ 예비사회적기업 지정 요건을 모두 갖춘 법인ㆍ단체 ※ 자세한 신청자격 공고문 참조 ☞ 예비사회적기업 3년 지정 - 대전사회적경제혁신타운 입주기업 대상 임대료 감면 및 혁신타운 내 시설 이용 혜택 등 - 공공기관 우선구매 대상, 사회적기업 컨설팅ㆍ홍보ㆍ판로지원 등","경영,대전,대전광역시,직접수행,2026,사회적경제,예비사회적기업,인증,임대료감면,시설이용,우선구매대상,컨설팅,홍보,판로지원,사회적기업",디자인/상품화/사업화,967
187,중소벤처기업부,한국중소벤처기업유통원,기술,2026년 2차 기술개발제품 공공기관 실증지원 사업 공고,2026-08-10,2026-08-24,2026-08-11,https://www.bizinfo.go.kr/sii/siia/selectSIIA200Detail.do?pblancId=PBLN_000000000125304,,중소기업,"중소기업 기술개발제품을 공공기관 현장에 설치하여 성능 시험 등의 실증 지원을 통해 공공구매를 촉진하는「기술개발제품 공공기관 실증지원 사업」의 참여기업 모집을 다음과 같이 공고합니다. ☞ 영 제13조의5 제1항의 요건을 갖춘 중소기업(조합제외) - 제품 자격 : 우선구매 대상 기술개발제품(12종) 또는 상생협력제품 ☞ 현장실증비 제품당 3,000만원까지, 현장 실증비용의 80% 지원 - 제품 설치, 현장 입회시험 공인시험성적서, 재료비, 계측장비 임차, 공공기관 인프라 복구 등","기술,서울,부산,대구,인천,전남광주,대전,울산,세종,경기,강원,충북,충남,전북,경북,경남,제주,제품설치비,2026,한국중소벤처기업유통원,계측장비,현장실증비,공인시험성적서,상생협력제품,재료비,기술개발제품,인프라,중소벤처기업부,중소기업",기술사업화/이전/지도,1834
188,경기도,경기도 노사민정협의회,경영,[경기] 2026년 친환경차 전환 진단 컨설팅 참여기업 모집 공고,,,2026-08-11,https://www.bizinfo.go.kr/sii/siia/selectSIIA200Detail.do?pblancId=PBLN_000000000125303,모집 완료시,중소기업,"경기도 노사민정협의회는 기존 내연기관 중심의 자동차 정비업체의 경쟁력 강화와 친환경차 전환 지원을 위해 사업장 진단 분석을 통한 맞춤형 무료 컨설팅을 제공하오니, 관심있는 도내 자동차 정비업 관계자분들의 많은 참여 부탁드립니다. ☞ 경기도 내 위치한 정비업체 ☞ 컨설팅 진행 사업장의 현황 분석을 통한 맞춤형 컨설팅 지원 - 분야 : 인력ㆍ시설ㆍ장비 진단, 정책ㆍ지원사업 안내 및 도입, 경영ㆍ노무ㆍ세무 관련 지원 등","경영,경기,장비진단,한국노총경기지역본부,경기도 노사민정협의회,2026,정비업,지원사업안내,내연기관,경기경영자총협회,정책,도입,시설,노무,자동차,세무,고용노동부,경기도,컨설팅",컨설팅,959
189,충청북도,충북북부지식재산센터,기술,[충북] 북부 2026년 4차 지식재산 긴급지원 사업 모집 공고,2026-08-10,2026-08-21,2026-08-11,https://www.bizinfo.go.kr/sii/siia/selectSIIA200Detail.do?pblancId=PBLN_000000000125302,,중소기업,"지역 중소기업에 맞춤형 지식재산 서비스를 지원하는 ‘지식재산 긴급지원’ 사업의 2026년 시행 계획을 다음과 같이 공고하오니 사업에 참여하고자 하는 기업의 많은 신청 바랍니다. ☞ 충주, 제천, 음성, 단양 소재 중소기업 (「중소기업 기본법」제2조 및 동법 시행령 제3조에 의거) ☞ 기업당 2,000만 원 이내 지원 - 지식재산 전문가의 IP현안 진단을 통해 컨설턴트 직접컨설팅을 제공하고, 외부기관(분야별 전문기관)과 함께 국내맞춤 특허ㆍ디자인전략, 디자인ㆍ브랜드개발, 특허기술홍보영상제작, 국내ㆍ해외출원비용 등을 지원 ※ 자세한 지","기술,충북,2026,지식재산긴급지원,국내출원비용,충북북부지식재산센터,디자인전략,단양군,해외출원비용,제천시,음성군,브랜드개발,충주시,컨설턴트,실용신안,상표,한국발명진흥회,디자인개발,디자인,충청북도,전문가,컨설팅,특허,중소기업",시험/인증,983
190,전남광주통합특별시,전남사회적경제통합지원센터,인력,[전남광주] 2026년 3차 사회연대경제 청년 일경험사업 시범사업 참여기업 모집 공고,2026-08-11,2026-08-20,2026-08-11,https://www.bizinfo.go.kr/sii/siia/selectSIIA200Detail.do?pblancId=PBLN_000000000125301,,사회적기업,"전남사회적경제통합지원센터는 행정안전부와 전라남도가 공동 추진하는 「사회연대경제 청년 일경험 시범사업」의 운영기관으로서, 미취업 청년에게 사회연대경제 분야의 양질의 일경험 기회를 제공하고자 참여기업을 모집합니다. ☞ 마을기업, 협동조합 및 고용 10인미만의 사회연대 경제 관련 비영리 법인ㆍ단체 - 2차 선정 이후 잔여 사업량이 발생한 지자체 소재 기업 ※ 참여가능 지역 : 광양시, 담양군, 화순군, 무안군, 함평군, 영광군 ※ 자세한 지원대상 공고문 참조 ☞ 참여청년 인건비, 운영비, 멘토수당, 4대 보험료 약 268,400원 기업 ","인력,전남광주,청년일경험사업,기업운영비,전남광주통합특별시,기업멘토수당,사회연대경제,2026,담양군,경남투자경제진흥원,영광군,전남사회적경제통합지원센터,광양시,무안군,화순군,함평군,임금,단체,4대보험료,마을기업,협동조합",고용유지,993
191,문화체육관광부,한국콘텐츠진흥원,경영,2026년 제4차 기업부설창작연구소(전담부서) 인정신청 공고,2026-08-03,2026-09-30,2026-08-11,https://www.bizinfo.go.kr/sii/siia/selectSIIA200Detail.do?pblancId=PBLN_000000000125300,,중소기업,"문화체육관광부와 한국콘텐츠진흥원에서는 ‘2026년 제4차 기업부설창작연구소(전담부서) 인정심의’를 다음과 같이 공고하오니 본 제도의 인정을 희망하는 기관(기업)은 관련 규정 및 절차에 따라 신청하여 주시기 바랍니다. ☞ 문화산업진흥 기본법 제2조에서 정의하는 산업에 해당되는 사업자로 기업부설창작연구소 또는 기업창작전담부서 인정요건을 갖추어 설립하고 인정받고자 하는 기업(개인기업 포함) ※ 자세한 지원대상 공고문 참조 ☞ 법인세 세액공제, 벤처기업 요건 등의 혜택 등 지원 ※ 자세한 지원내용 공고문 참조 ※ 02_신청 매뉴얼.zip ","경영,서울,부산,대구,인천,전남광주,대전,울산,세종,경기,강원,충북,충남,전북,경북,경남,제주,한국문화기술기획평가원,창작개발공간,창작연구소,기업부설창작연구소,2026,한국콘텐츠진흥원,문화체육관광부,벤처기업,중소기업",디자인/상품화/사업화,1195
192,중소벤처기업부,대구테크노파크,경영,[대구] 2026년 하반기 중소기업 밀집지역 위기대응 체계 구축사업 Stand-up 맞춤지원 모집 공고,2026-08-10,2026-08-26,2026-08-11,https://www.bizinfo.go.kr/sii/siia/selectSIIA200Detail.do?pblancId=PBLN_000000000125299,,중소기업,"중소벤처기업부와 충청남도가 지원하는 「2026년 중소기업 밀집지역 위기대응 체계 구축사업」 하반기 Stand-up 맞춤지원을 다음과 같이 추진하오니, 참여를 희망하는 해당지역 중소기업들의 많은 신청 바랍니다. ☞ 대구광역시 2026년 하반기 Stand-up 맞춤지원 대상 중소기업 밀집지역 소재 중소기업 ※ 자세한 지원대상 공고문 참조 ☞ 지원한도 내 자원분야를 제한하지 않고 프로그램 선택 지원(기업당 최대 10백만원) - 전문가 또는 공급기관(업)을 활용하여 기업의 현장실사(위기진단 및 요건검토) 결과에 기반한 맞춤 지원 프로그램 ","기술,경영,대구,2026,투자계약서,한국테크노파크진흥회,기술정보분석,중소기업밀집지역,IR자료,성능분석,물류비,기술멘토링,대구테크노파크,시험,사업화,지식재산권,디자인개발,대구광역시,인증,컨설팅,중소벤처기업부,마케팅,중소기업",디자인/상품화/사업화,1008
193,전북특별자치도,전북창조경제혁신센터,창업,[전북] 2026년 오픈이노베이션 판로개척형 지원사업 참여기업 모집 공고,2026-08-07,2026-08-21,2026-08-10,https://www.bizinfo.go.kr/sii/siia/selectSIIA200Detail.do?pblancId=PBLN_000000000125298,,창업벤처,전북창조경제혁신센터는 도내 유망 스타트업의 안정적인 판로 확보와 매출 증대를 위하여 「2026년 오픈이노베이션 판로개척형 지원사업: 더현대Hiㆍ우체국쇼핑 입점지원 프로젝트」에 참여할 기업을 다음과 같이 모집하오니 관심 있는 기업의 적극적인 참여를 바랍니다. ☞ 온라인 플랫폼 입점을 희망하는 전북특별자치도 내 본사 소재 공고일 기준 7년 이내 창업기업(농식품 제조 분야 우대) ☞ 온라인 플랫폼 입점 및 입점에 필요한 과정 지원 ※ 자세한 지원내용 공고문 참조,"내수,창업,전북,2026,전북창조경제혁신센터,전북특별자치도,스타트업,오픈이노베이션,입점,창업기업,온라인플랫폼,프로모션,상세페이지,할인쿠폰,콘텐츠제작",사업화지원,3663
194,충청북도,충청북도기업진흥원,내수,[충북] 2026년 충북조달박람회 개별참가 지원사업 재공고,2026-07-01,2026-09-28,2026-08-10,https://www.bizinfo.go.kr/sii/siia/selectSIIA200Detail.do?pblancId=PBLN_000000000125297,,중소기업,"충청북도와 충청북도기업진흥원은 도내 우수 중소기업의 제품 홍보와 판로개척을 지원하고자 다음과 같이 충북조달박람회 참가 지원사업을 시행하오니 희망하는 기업의 많은 참여를 바랍니다. ☞ 도내 소재하는 본사 또는 공장등록을 필한 중소기업 - 제조업 또는 제조업관련 서비스업을 영위하는 업체 ☞ 충북조달박람회 참가 부스 임차료(125만원 한도, 기업당 연 1회/조달박람회 1부스) 지원","내수,충북,2026,충북조달박람회,충북지방조달청,충청북도교육청,부스,임차료,부스임차료,서비스업,충청북도,충청북도기업진흥원,제조업,중소기업",오프라인,2915
195,경기도,안양산업진흥원,수출,[경기] 안양시 2026년 해외시장 개척단 파견 운영 베트남 하노이 참가기업 모집 공고,2026-08-07,2026-08-21,2026-08-10,https://www.bizinfo.go.kr/sii/siia/selectSIIA200Detail.do?pblancId=PBLN_000000000125296,,중소기업,"관내 중소ㆍ벤처기업의 해외 판로 개척 지원을 통해 글로벌 경쟁력 강화와 수출 증대를 도모하고, 글로벌 네트워크 구축을 위한 「2026년 해외시장 개척단(베트남 하노이)」에 참가할 기업을 모집 공고합니다. ☞ 관내 중소ㆍ벤처기업 - 품목 : 뷰티, 헬스케어, 식품, 유아용품 등 소비재 全품목 ※ 자세한 지원대상 공고문 참조 ☞ 유망 바이어 발굴 및 상담주선(참가기업 기준 최소 10 개이상), 온라인 화상 상담회 사전ㆍ사후 운영 지원 - 현지 팝업스토어 운영, 인플루언서 활용 라이브커머스 2회, 쇼핑몰, 유통채널 등 산업시찰을 통한 글","수출,경기,시장파악,2026,상담주선,온라인화상,차량,개척단,인플루언서,제반비용,하노이,숙박,임차료,물류비,유통채널,쇼핑몰,팝업스토어,통역,안양시,안양산업진흥원,바이어발굴,상담회,라이브커머스,벤처기업,경기도,베트남,해외시장,중소기업",시장개척,3011
196,중소벤처기업부,중소벤처기업진흥공단,수출,2026년 K-AI 글로벌 밸류체인 진출 지원 참가기업 공고,2026-08-05,2026-08-20,2026-08-10,https://www.bizinfo.go.kr/sii/siia/selectSIIA200Detail.do?pblancId=PBLN_000000000125295,,중소기업,"우수 K-AI 기업을 대상으로 중소벤처기업진흥공단 동북아아세안 본부 거점(상하이, 싱가포르, 호치민) 간 연계지원을 통해 해외 제조기업과 협력을 촉진하고, 글로벌 밸류체인 진입을 지원하고자 「K-AI 글로벌 밸류체인 진출 지원」사업을 진행합니다. K-AI 분야 중소기업의 많은 신청 바랍니다. ☞ AI기반 솔루션ㆍ서비스 기업, 제조AI, 스마트팩토리, 산업용AI Saas, 로봇ㆍ물류 AI 등 제조혁신 분야 기업 등 ☞ 프로그램 전체 기간 내 항공 및 숙박, 국가별 신기술 발표회, 제조기업 등 현지기업(바이어) 매칭상담, VC등 투자유","수출,서울,부산,대구,인천,전남광주,대전,울산,세종,경기,강원,충북,충남,전북,경북,경남,제주,산업용AI,2026,제조AI,Saas,상하이,호치민,스마트팩토리,물류,싱가포르,솔루션,중소벤처기업진흥공단,서비스,로봇,AI,중소벤처기업부,중국,베트남",시장개척,4294
197,과학기술정보통신부,한국연구재단,기술,2026년 4차 국민생활안전 긴급대응연구(2단계) 기술개발 및 실증 신규과제 공모,2026-08-24,2026-09-07,2026-08-10,https://www.bizinfo.go.kr/sii/siia/selectSIIA200Detail.do?pblancId=PBLN_000000000125294,,중소기업,과학기술정보통신부와 행정안전부에서 추진하는「2026년 4차 국민생활안전 긴급대응연구(2단계) 기술개발 및 실증」의 신규과제를 아래와 같이 공모하오니 관심 있는 연구자들의 많은 참여 바랍니다. ☞「국가연구개발혁신법」제2조 제3호 및 동법 시행령 제2조에서 정하는 기관 및 단체 -「기초연구진흥 및 기술개발지원에 관한 법률」제14조 제1항에서 정하는 기관 및 단체 ※ 자세한 신청자격 공고문 참조 ☞ 긴급한 현장대응 및 재발 방지를 위한 기술개발 연구비 지원 - 재난안전통신망 연동 스마트워치 및 AI 무전요약ㆍ알림시스템 개발 ※ 자세한 지,"기술,서울,부산,대구,인천,전남광주,대전,울산,세종,경기,강원,충북,충남,전북,경북,경남,제주,한국연구재단,과학기술정보통신부,2026,행정안전부,기술개발,실증,국민생활안전,기술개발연구비,재난안전통신망",혼합(단독+공동),3713
198,부산광역시,부산창조경제혁신센터,수출,[부산] 2026년 스마트시티 엑스포 월드 콩그레스(SCEWC) 부산관 전시 참가기업 모집 공고,2026-08-10,2026-08-23,2026-08-10,https://www.bizinfo.go.kr/sii/siia/selectSIIA200Detail.do?pblancId=PBLN_000000000125293,,중소기업,"부산창조경제혁신센터는 부산 소재의 혁신 기업을 대상으로 기업이 보유한 혁신 기술과 제품의 기술력 제고 및 글로벌 비즈니스 역량 강화를 지원하고자 스페인 바르셀로나에서 개최되는 「2026년 스마트시티 엑스포 월드 콩그레스(SCEWC)」부산관 전시 참가기업 모집을 아래와 같이 공고하오니 역량 있는 기업의 적극적인 신청 바랍니다. ☞ 스마트 도시건설&인프라, 교통, 에너지&환경, 라이프&헬스케어, 스마트 경제, 스마트 정부, IoT 및 기타 스마트시티 관련 분야 등 혁신 기술을 보유한 부산 소재 기업 - 부산 소재 기업으로, 전시가 가능","수출,부산,2026,부산광역시,부산창조경제혁신센터,도시건설,인프라,교통,에너지환경,라이프,헬스케어,스마트경제,스마트정부,IoT,스마트시티,엑스포,항공료,홍보ㅁ,물류,숙박,통역,홍보부스",해외진출,2961
199,충청북도,KOTRA충북지원본부,수출,[충북] 2026년 CIS 종합 무역사절단 참여기업 모집 공고,2026-08-10,2026-08-28,2026-08-10,https://www.bizinfo.go.kr/sii/siia/selectSIIA200Detail.do?pblancId=PBLN_000000000125292,,중소기업,"충청북도와 KOTRA는 관내 중소ㆍ중견기업의 CIS 시장(타슈켄트/모스크바) 진출 지원을 위하여 「2026 충북 CIS 종합 무역사절단」을 하기와 같이 파견할 예정이오니 많은 관심과 참여 바랍니다. ☞ 도내 중소ㆍ중견 수출기업 ☞ 왕복 항공료 일부 (1사 1인, 50만원 이내) 이코노미 기준 - 현지 비즈니스 관련 활동 비용(통역, 공식 활동 차량 등) - 상담회 개최 비용(행사장 운영, 현지 시장 조사 및 바이어 초청 등) - 기타 KOTRA 바이어 트래킹 서비스(BTS) 등 사후 관리 지원 - 충북AI무역지원센터를 통한 전문 제","수출,충북,활동차량,KOTRA충북지원본부,2026,타슈켄트,모스크바,바이어초청,우즈베키스탄,제품촬영,항공료,무역사절단,통역,러시아,CIS,수출기업,상담회,충청북도,중견기업,중소기업",시장개척,2855
200,기후에너지환경부,한국환경산업기술원,금융,2026년 녹색자산유동화증권 이차보전 지원사업(신보5차) 공고,2026-08-10,2026-09-01,2026-08-10,https://www.bizinfo.go.kr/sii/siia/selectSIIA200Detail.do?pblancId=PBLN_000000000125291,,중소기업,"「2026년 녹색자산유동화증권 이차보전 지원사업」시행계획을 다음과 같이 공고하오니, 본 지원사업 참여를 희망하는 중소ㆍ중견기업은 아래 내용을 참고하여 신청하여 주시기 바랍니다. ☞ 한국형 녹색분류체계에 부합하는 자산(회사채)을 기초로 한 유동화증권 발행에 편입된 중소ㆍ중견기업 ☞ 녹색자산유동화증권 발행 시 발생하는 이자비용 일부 지원 ※ 자세한 지원내용 공고문 참조","금융,서울,부산,대구,인천,전남광주,대전,울산,세종,경기,강원,충북,충남,전북,경북,경남,제주,기후에너지환경부,2026,녹색자산유동화증권,이자,녹색분류체계,이차보전,한국환경산업기술원,중견기업,중소기업",보증,3220
201,경상북도,경북북부지식재산센터,기술,[경북] 북부 2026년 4차 지식재산 긴급지원 사업 모집 공고,2026-08-10,2026-08-21,2026-08-10,https://www.bizinfo.go.kr/sii/siia/selectSIIA200Detail.do?pblancId=PBLN_000000000125290,,중소기업,"경상북도 북부 지역 중소기업에 맞춤형 지식재산 서비스를 지원하는 ‘지식재산 긴급지원’ 사업의 2026년 시행 계획을 다음과 같이 공고하오니 사업에 참여하고자 하는 기업의 많은 신청 바랍니다. ☞ 경상북도 북부지역 8개 시군 (안동시, 영주시, 문경시, 의성군, 예천군, 청송군, 영양군, 봉화군) 소재 중소기업 (중소기업 기본법 제2조 및 동법 시행령 제3조에 의거) ☞ 기업 당 2,000만원 이내 지원 - 지식재산 전문가의 IP현안 진단을 통해 컨설턴트 직접컨설팅을 제공하고, 외부기관(분야별 전문기관)과 함께 국내맞춤 특허ㆍ디자인전","기술,수출,경영,경북,경북북부,지식재산긴급지원사업,2026,문경시,봉화군,청송군,영양군,국내출원,북부,의성군,영주시,예천군,안동시,해외출원,상표,한국발명진흥회,디자인,컨설팅,지식재산,특허,중소기업,경상북도,경북북부지식재산센터",시험/인증,3074
202,경상북도,직접수행,경영,[경북] 2026년 제34회 경상북도 중소기업대상 선정계획 공고,2026-08-10,2026-08-31,2026-08-10,https://www.bizinfo.go.kr/sii/siia/selectSIIA200Detail.do?pblancId=PBLN_000000000125289,,중소기업,"건실한 기업경영을 통하여 지역발전에 기여한 공이 많은 우수 중소기업에 대해「제34회 경상북도 중소기업대상」을 시상코자 다음과 같이 공고합니다. ☞ 본사가 도내에 소재한 중소기업기본법상 중소기업(제조업 및 지식기반 서비스업)으로 최근 2년 이상 매출실적이 발생하고, 업종별 매출액 및 각 부문별 추천요건을 충족하는 기업 ※ 제조업의 경우 본사와 공장이 모두 경상북도 내에 있어야 함. ※ 매출액(25년말) : [제조] 50억원 이상 [지식기반서비스] 20억원 이상 ☞ 종합대상, 경영혁신부문대상, 기술개발부문대상, 고용창출부문대상, 여성기","경영,경북,지식기반 서비스업,2026,우수상,대상,경영혁신,고용창출,여성기업,기술개발,직접수행,경상북도,제조업,중소기업",디자인/상품화/사업화,3016
203,해양수산부,한국수산무역협회,수출,2026년 3분기 국내 저온 수송차량 지원업체 모집 공고,2026-08-10,2026-08-31,2026-08-10,https://www.bizinfo.go.kr/sii/siia/selectSIIA200Detail.do?pblancId=PBLN_000000000125288,,중소기업,우리 수출 수산물의 해외시장 경쟁력 향상을 위해 2026년 3분기 국내 저온 수송차량 지원업체를 아래와 같이 모집하오니 관심 있는 업체의 많은 신청 바랍니다. ☞ 수산물 수출업체(중소ㆍ중견기업) ☞ 저온 수송차량 이용비(vat 제외) 80% 분기별 사후정산 지원 - 지원기간 : ’26.1.1. ∼’26.11.30. (최대 11개월) - 지원한도 : 업체당 연간 20백만원,"수출,경영,서울,부산,대구,인천,전남광주,대전,울산,세종,경기,강원,충북,충남,전북,경북,경남,제주,2026,저온수송차량,수산물수출업체,한국수산무역협회,수산물,해양수산부,해외시장,중견기업,중소기업",해외진출준비,2866
204,해양수산부,해양수산과학기술진흥원,기술,2026년 하반기 해양수산신기술 적용제품ㆍ시설 확인 시행 공고,2026-08-07,2026-09-07,2026-08-10,https://www.bizinfo.go.kr/sii/siia/selectSIIA200Detail.do?pblancId=PBLN_000000000125287,,중소기업,"「해양수산과학기술 육성법」제19조의2, 같은 법 시행령 제18조의2 및 시행규칙 제10조에 따라 2026년 하반기 해양수산신기술 적용제품ㆍ시설 확인 시행계획을 다음과 같이 공고합니다. ☞ 「해양수산과학기술 육성법」제17조제1항에 따른 해양수산신기술(NET) 인증을 받은 자가 그 신기술을 이용하여 제조한 제품이나, 설치한 시설이 신기술을 실증적으로 구현 가능하게 한 경우 신청 가능 ※ 자세한 신청대상 공고문 참조 ☞ 확인심사 시 발생하는 심사 비용은 정부지원으로 전액 무료 지원 ※ 자세한 지원내용 공고문 참조","기술,경영,서울,부산,대구,인천,전남광주,대전,울산,세종,경기,강원,충북,충남,전북,경북,경남,제주,확인심사,실증적,신뢰성제고,심사비용,2026,상용화,신기술,시장진출,해양수산부,해양수산과학기술진흥원,인증,해양수산신기술,NET",시험/인증,2855
205,인천광역시,인천상공회의소,경영,[인천] 2026년 4차 IFEZ ESG 경영 컨설팅 참여 기업 모집 공고(인천공급망ESG지원센터),2026-08-10,2026-08-31,2026-08-10,https://www.bizinfo.go.kr/sii/siia/selectSIIA200Detail.do?pblancId=PBLN_000000000125286,,중소기업,"인천상공회의소는 ‘인천공급망ESG지원센터’ 사업의 일환으로 인천광역시 경제자유구역 소재 중소기업의 ESG 경영 부담을 완화하고 ESG 역량 및 수출경쟁력 강화를 위해 붙임과 같이 ‘IFEZ ESG 경영 컨설팅’을 진행하오니 인천광역시경제자유구역 내 중소기업의 많은 관심과 참여 바랍니다. ☞ 인천광역시 경제자유구역에 본사 또는 공장을 보유한 중소기업 ☞ ESG 경영 실천을 위한 맞춤형 컨설팅 지원 - ESG 경영전략 수립(KPI)연계, 지속가능성보고서 작성 지원, 공급망 평가 대응 컨설팅, 안전 보건 경영 체계 구축, 윤리 경영 체계","경영,인천,KPI연계,윤리경영,2026,ESG 경영,안전보건,지속가능경영,ESG,인천광역시,인천상공회의소,컨설팅,중소기업,공급망평가",컨설팅,2869
206,전북특별자치도,한국방산혁신기업협회,경영,[전북] 2026년 5차 전북벤처산업발전협의회 벤처기업육성 지원사업 모집 공고,2026-08-07,2026-08-20,2026-08-10,https://www.bizinfo.go.kr/sii/siia/selectSIIA200Detail.do?pblancId=PBLN_000000000125285,,중소기업,"(사)전북벤처산업발전협의회에서는 도내 중소ㆍ벤처기업의 성장과 발전을 촉진하기 위한「2026년 벤처기업육성 지원사업 추진계획」을 다음과 같이 공고하오니, 많은 관심과 참여 바랍니다. ☞ 전주벤처촉진지구 내 입주기업 및 전북특별자치도 내 중소기업, 벤처기업 (제조업) ☞ 벤처기업확인 컨설팅, 벤처기업 IPㆍ인증, 기술평가 벤처기업 성장촉진 지원 ※ 자세한 지원내용 공고문 참조","경영,전북,2026,기술평가,벤처기업,인증,IP,컨설팅,제조업,중소기업,전북벤처산업발전협의회,전북특별자치도,전주벤처촉진지구,벤처기업육성",디자인/상품화/사업화,3082
207,전남광주통합특별시,광주경제진흥상생일자리재단,기타,[전남광주] 2026년 광주형일자리 인증 참여기업 모집 공고,2026-08-07,2026-09-13,2026-08-10,https://www.bizinfo.go.kr/sii/siia/selectSIIA200Detail.do?pblancId=PBLN_000000000125284,,중소기업,"광주경제진흥상생일자리재단은 전남광주통합특별시와 공동으로 광주형일자리 4대 의제인 적정임금, 적정노동시간, 노사책임경영 및 원·하청 관계 개선을 실천하고, 근로환경 개선과 양질의 일자리 조성, 노사상생문화 확산을 위해 노력하는 지역기업을 발굴·육성하고자 합니다. 이에 「2026년 광주형일자리 기업 인증」 참여기업을 다음과 같이 모집하오니 많은 관심과 참여 바랍니다. ☞ 광주형일자리 4대 의제(적정임금, 적정노동시간, 노사책임경영, 원ㆍ하청관계 개선) 도입을 희망 또는 적용 중인 관내 기업 ※ 자세한 지원대상 공고문 참조 ☞ 인증 희망","경영,기타,전남광주,노사상생문화,전남광주통합특별시,2026,원하청관계개선,적정노동시간,광주경제진흥상생일자리재단,인증지원금,사후관리,근로환경개선,노사책임경영,적정임금,인센티브,컨설팅,노사상생",제도,3064
208,전남광주통합특별시,광주정보문화산업진흥원,경영,[전남광주] 2026년 투자진흥지구 및 지역 콘텐츠기업 보증료ㆍ출원료 지원사업 참여기업 모집 공고,2026-08-05,2026-09-30,2026-08-10,https://www.bizinfo.go.kr/sii/siia/selectSIIA200Detail.do?pblancId=PBLN_000000000125282,,중소기업,"아시아문화중심도시 문화산업 투자진흥지구 소재 콘텐츠 창ㆍ제작 기업 자금난 해소와 안정적인 자금운영을 위해 보증료ㆍ출원료 지원사업에 대하여 아래와 같이 공고합니다. ☞ 투자진흥지구 권역 및 지역 내 콘텐츠 창ㆍ제작 기업 ☞ 보증료, 출원료 지원","경영,전남광주,2026,광주정보문화산업진흥원,전남광주통합특별시,보증료,출원료,콘텐츠,문화산업,창작,제작",디자인/상품화/사업화,1363
209,경상북도,경상북도경제진흥원,경영,[경북] 안동시 2026년 중소기업 공장 화재보험료 지원 참여기업 추가모집 공고,,,2026-08-10,https://www.bizinfo.go.kr/sii/siia/selectSIIA200Detail.do?pblancId=PBLN_000000000125281,예산 소진시까지,중소기업,"안동시와 경상북도경제진흥원은 제조 중소기업을 대상으로 화재 발생시 기업의 피해를 줄여 경영안정을 도모하기 위하여「안동시 중소기업공장 화재보험료 지원사업」을 추진하오니 관심 있는 기업의 많은 참여를 바랍니다. ☞ 안동시에 사업장을 두고 아래 요건을 모두 충족하는 제조 중소기업 -「중소기업기본법」상의 중소기업으로 공장등록증을 보유하고 신청일 현재 가동 중인 기업 - 화재보장(화재배상, 화재손해)이 포함된 보험에 가입한 제조 중소기업 ☞ 보험 기간이 12개월 이상인 화재보장(화재배상, 화재손해) 포함 보험가입 시 연간보험료의 80% 지원","경영,경북,화재보험료,2026,화재손해,화재배상,화재보장,공장,경상북도경제진흥원,경상북도,중소기업,제조,제조중소기업,공장화재,제조기업,안동시",시설/입지지원,1202
210,중소벤처기업부,중소벤처기업진흥공단,수출,한류 연계 K-뷰티 태국 진출 미디어 마케팅 지원 참여기업 모집 공고,2026-08-10,2026-08-21,2026-08-10,https://www.bizinfo.go.kr/sii/siia/selectSIIA200Detail.do?pblancId=PBLN_000000000125280,,중소기업,"국내 K-뷰티 분야 중소벤처기업의 태국 시장 진출 지원을 위한 ‘한류 연계 K-뷰티 태국 미디어 마케팅 프로그램’을 다음과 같이 안내하오니, 관심 있는 기업들의 많은 참여 부탁드립니다. ☞ 국내 K-뷰티 중소벤처기업 ☞ 제품 특성을 반영한 맞춤형 미디어 마케팅, 마케팅 영상 등 디지털 자산 제공 및 고객 반응 피드백 지원","수출,서울,부산,대구,인천,전남광주,대전,울산,세종,경기,강원,충북,충남,전북,경북,경남,제주,2026,중소벤처기업부,중소벤처기업진흥공단,중소벤처기업,뷰티,K-뷰티,태국,미디어마케팅,마케팅,디지털자산,고객반응,피드백,중소기업",해외진출준비,1887
211,부산광역시,부산벤처기업협회,수출,[부산] 2026년 CIS 종합소비재 무역사절단 참가기업 모집 공고,2026-08-07,2026-08-27,2026-08-10,https://www.bizinfo.go.kr/sii/siia/selectSIIA200Detail.do?pblancId=PBLN_000000000125279,,중소기업,"(사)부산벤처기업협회에서는 부산광역시 소재 종합소비재 기업의 해외시장 진출 및 수출확대를 지원하기 위해「2026 CIS 종합소비재 무역사절단」참여기업을 아래와 같이 모집하오니, 해외시장 판로 개척에 관심 있는 지역 기업의 많은 신청 바랍니다. ☞ 전년도 수출총액 3천만불 이하 부산 소재 중소기업 - 참가품목 : 종합소비재(식품, 화장품, 의류, 생활용품 등) ☞ 상담회 개최 제반 비용 - 왕복 항공료 50% (참가기업 1개사 1인 기준) - 현지 바이어 발굴·섭외 및 상담주선, 통역 등 - 외국어 공동 카달로그 제작·홍보 - 현지 ","수출,부산,2026,부산벤처기업협회,부산광역시,종합소비재,식품,화장품,의류,생활용품,카자흐스탄,우즈베키스탄,알마티,타슈켄트,소비재,K-뷰티,K-푸드,상담회,무역사절단",시장개척,1234
212,중소벤처기업부,중소벤처기업진흥공단,수출,러시아 K-Festival O2O 마케팅 프로그램 참여기업 모집 공고,2026-08-06,2026-08-19,2026-08-10,https://www.bizinfo.go.kr/sii/siia/selectSIIA200Detail.do?pblancId=PBLN_000000000125278,,중소기업,"국내 K-Beauty, Food, Lifestyle 분야 중소벤처기업의 러시아 극동 시장 진출 지원을 위한 러시아 K-Festival O2O 마케팅 프로그램 참여기업 모집을 다음과 같이 안내하오니, 관심 있는 기업들의 많은 참여 부탁드립니다. ☞ K-Beauty, Food, Lifestyle(Fashion 등) 분야 중소벤처기업 ☞ K-Festival 內 장소 임차, 부스 설치, 현지 진출 지원(물류, 통관, 온ㆍ오프라인 입점 등) 제품 홍보ㆍ판매 등 지원","수출,서울,부산,대구,인천,전남광주,대전,울산,세종,경기,강원,충북,충남,전북,경북,경남,제주,2026,중소벤처기업부,중소벤처기업진흥공단,중소벤처기업,중소기업,러시아,러시아극동시장,장소임차,부스설치,현지진출,제품홍보,판매,통관,입점,물류,K-뷰티,K-푸드,K-라이프스타일,뷰티,푸드,라이프스타일",해외진출,1727
213,해양수산부,해양수산과학기술진흥원,기술,2026년 하반기 해양수산신기술(NET) 인증 시행 공고,2026-08-07,2026-09-07,2026-08-10,https://www.bizinfo.go.kr/sii/siia/selectSIIA200Detail.do?pblancId=PBLN_000000000125277,,중소기업,"「해양수산과학기술 육성법」 제17조, 같은 법 시행령 제16조, 시행규칙 제6조 및 제7조에 따라 2026년 하반기 해양수산신기술(NET) 인증 시행계획을 다음과 같이 공고합니다. ☞ 국내 기업, 연구기관 및 대학 등 ※ 해앙수산신기술 인증 - 정량적 평가지표(한국인정기구(KOLAS) 인정을 받은 시험기관의 시험성적서 등)를 확보한 개발 완료기술로서 향후 2년 이내에 상용화가 가능한 기술 - 정량적 평가지표(한국인정기구(KOLAS) 인정을 받은 시험기관의 시험성적서 등)를 확보한 개발완료기술로서 향후 기존 제품의 성능을 현저히 개선","기술,서울,부산,대구,인천,전남광주,대전,울산,세종,경기,강원,충북,충남,전북,경북,경남,제주,2026,해양관측,해양수산생명,해양재해,해양공학,해양환경,해양자원,해양수산신기술,해양수산부,해양수산과학기술진흥원,NET,인증",시험/인증,1274
214,산업통상부,대한무역투자진흥공사,수출,2026년 BABY AND KIDS FAIR 참가기업 모집 공고,2026-08-10,2026-09-04,2026-08-10,https://www.bizinfo.go.kr/sii/siia/selectSIIA200Detail.do?pblancId=PBLN_000000000125276,,중소기업,"KOTRA 도쿄무역관에서는 유아용품 대형 일본 유통망(아카짱혼포, 베이비저러스 등)을 보유한 일본 벤더 KJC社와 온라인 수출상담회ㆍ전시회를 개최하고자 합니다. 일본 유아용품 시장 진출을 희망하는 관련 우리 기업의 많은 관심 바랍니다. ☞ 일본 유아용품 시장 진출을 희망하는 수출초보기업 - 대상 분야 : 유아용품(육아, 아기, 출산, 완구 등 전반) ※ 국내외에서 반응이 좋은 새로운 유아용품 제품 전반 선호 ※ 제조사/브랜드사가 아닌 단순 무역상사는 지원 불가 ☞ 수출상담 및 전시회 출전 기회 제공 지원 - (수출상담) 일본 유아용","수출,서울,부산,대구,인천,전남광주,대전,울산,세종,경기,강원,충북,충남,전북,경북,경남,제주,2026,산업통상부,대한무역투자진흥공사,수출상담회,전시회,유아용품,일본,수출상담,수출초보기업",해외진출,1369
215,부산광역시,부산정보산업진흥원,수출,[부산] 2026년 데이터센터 글로벌 시장진출 지원사업 참여기업 모집 공고,2026-08-07,2026-08-21,2026-08-10,https://www.bizinfo.go.kr/sii/siia/selectSIIA200Detail.do?pblancId=PBLN_000000000125275,,중소기업,"부산정보산업진흥원은 지역 데이터센터 관련 기업의 글로벌 시장 진출 기반 마련 및 해외 네트워크 구축을 위해「데이터센터 글로벌 시장진출 지원사업」을 추진하고 있습니다. 일본 최대 IT 전시회 참가를 통해 해외 비즈니스 기회를 창출하고자 하는 지역 기업의 많은 관심과 참여를 바랍니다. ☞ 데이터센터 관련 기술ㆍ제품ㆍ서비스의 해외시장 진출 및 글로벌 네트워크 구축을 희망하는 기업으로서 다음 각 호에 해당하는 기업 - 단독 신청의 경우 사업자등록증 기준 부산광역시 소재 기업 - 컨소시엄 신청의 경우, 대표기업은 사업자등록증 기준 부산광역시","수출,부산,2026,부산정보산업진흥원,데이터센터,시장진출,AI,클라우드,IT인프라,부산광역시",시장개척,1609
216,해양수산부,해양수산과학기술진흥원,기술,2026년 3차 해양수산부 혁신제품 지정 시행 공고,2026-08-07,2026-09-07,2026-08-10,https://www.bizinfo.go.kr/sii/siia/selectSIIA200Detail.do?pblancId=PBLN_000000000125274,,중소기업,"「조달사업에 관한 법률」 제27조제1항 및「(해양수산부) 혁신제품 지정 지침」에 따라 “2026년도 3차 혁신제품 지정제도” 시행을 다음과 같이 공고하오니, 관심이 있는 기업은 안내에 따라 신청하여 주시기 바랍니다. ☞ (신규지정) 아래 두 가지 자격요건을 모두 충족하는 기업 ①「중소기업기본법」제2조에서 정한 중소기업 ② 접수마감일 기준 5년 이내 해양수산 연구개발사업(R&D) 완료기술을 사업화한 제품 보유기업 - (지정기간 연장) 혁신제품 지정기업 중 혁신제품의 공공부분 시장안착 및 판로개척 지원 등을 강화하기 위하여 총 3년의 ","기술,서울,부산,대구,인천,전남광주,대전,울산,세종,경기,강원,충북,충남,전북,경북,경남,제주,완료기술,규격변경,2026,수의계약,규격추가,해양수산,혁신제품,해양수산부,해양수산과학기술진흥원,판로개척,R&D,중소기업",시험/인증,1267
217,경상북도,KOTRA대구경북지원본부,수출,[경북] 구미시 2026년 CIS 식품 무역사절단 참가기업 모집 공고,2026-08-10,2026-08-28,2026-08-10,https://www.bizinfo.go.kr/sii/siia/selectSIIA200Detail.do?pblancId=PBLN_000000000125273,,중소기업,"구미시와 KOTRA 대구경북지원본부 구미분소에서는 구미시 내 수출유망 중소기업의 CIS 시장 판로개척을 위하여 아래와 같이 해외 파견단을 모집하오니 관심기업의 많은 신청 바랍니다. ☞ 구미시 소재 농식품 관련 중소기업 ☞ 현지 바이어 섭외 및 1:1 수출상담회 주선, 통역, 현지 이동 및 식사(공식일정), 상담장 임차, 바이어 발굴 조사비, 최정 선정 업체당 1명 왕복 항공료 50% 지원","수출,경북,2026,경상북도,KOTRA대구경북지원본부,구미시,CIS,중소기업,해외파견단,식품,농식품,모스크바,무역사절단,수출상담회,바이어,상담장,통역,항공료",시장개척,1079
218,국방부,정보통신기획평가원,기술,2026년 AI응용제품신속상용화 지원사업(국방)사업 재공고,2026-08-20,2026-09-07,2026-08-10,https://www.bizinfo.go.kr/sii/siia/selectSIIA200Detail.do?pblancId=PBLN_000000000125272,,중소기업,"국민의 삶을 지키는 강한 국방, 민간 AI 기술을 신속히 국방에 도입하여 국방의 AI 대전환(AX)을 가속화하고, 국내 AI 기업의 국방시장 진입 생태계를 조성하고자 범부처 합동으로 추진 중인 「AI 응용제품 신속 상용화 지원사업(AX-Sprint)」 중 국방분야 지원사업을 다음과 같이 재공고합니다. ☞ 영리기업(중소ㆍ중견ㆍ대기업)을 주관으로 하는 단독 또는 컨소시엄(기업/공공기관/연구소/대학/협회 등) ※ 국방 AI 생태계의 균형있는 활성화를 위해 컨소시엄 구성 권장 ☞ 국방 피지컬 AI 행동 데이터 수집ㆍ가공ㆍ검증 플랫폼 정부지","기술,서울,부산,대구,인천,전남광주,대전,울산,세종,경기,강원,충북,충남,전북,경북,경남,제주,2026,정보통신기획평가원,국방부,중소기업,중견기업,국방,AI대전환,AX,AI기업,컨소시엄,데이터,인건비,데스트베드,실증비,기자개비,실증환경",혼합(단독+공동),2188
219,중소벤처기업부,충남테크노파크,경영,[충남] 2026년 하반기 중소기업 밀집지역 위기대응 체계 구축사업 Stand-up 맞춤지원 모집 공고,,,2026-08-10,https://www.bizinfo.go.kr/sii/siia/selectSIIA200Detail.do?pblancId=PBLN_000000000125271,예산 소진시까지,중소기업,"중소벤처기업부와 충청남도가 지원하는 「2026년 중소기업 밀집지역 위기대응 체계 구축사업」 하반기 Stand-up 맞춤지원을 다음과 같이 추진하오니, 참여를 희망하는 해당지역 중소기업들의 많은 신청 바랍니다. ☞ 충청남도 2026년 하반기 Stand-up 맞춤지원 대상 중소기업 밀집지역 소재 중소기업 ☞ 기업당 지원한도는 최대 1,000만원 까지 지원 - Tech-UP 기술(기술정보 분석 지원/기술 멘토링, 국내외 지재권/인증, 시험 및 성능 분석) 지원 - Biz-UP 사업화(마케팅, 디자인 개발, IR자료/투자계약서 작성, 물류","기술,경영,충남,충남테크노파크,중소벤처기업부,중소기업,2026,중소기업밀집지역,충청남도,기술정보분석,기술멘토링,지식재산권,인증,시험,성능분석,사업화,마케팅,디자인개발,IR자료,투자계약서,물류비,컨설팅",디자인/상품화/사업화,1257
220,충청남도,충남테크노파크,기술,[충남] 2026년 지자체 지식재산창출지원사업 수혜기업 모집 공고,2026-08-07,2026-08-26,2026-08-10,https://www.bizinfo.go.kr/sii/siia/selectSIIA200Detail.do?pblancId=PBLN_000000000125270,,중소기업,"중소기업의 경쟁우위 확보 및 미래성장 동력 확보를 위하여 「2026년 충남지자체 지식재산창출지원사업」 수요기업 지원계획을 다음과 같이 공고합니다. ☞ 충남 논산시, 보령시, 홍성군 소재 중소기업으로 해당 주소지에 공장 또는 연구소가 위치한 경우도 가능(지사는 불가) ☞ 국내 및 국외 출원비용 지원, 디자인 제품 혁신, IP컨설팅 지원 - 기업별 2개 프로그램 이내 지원 ※ 자세한 지원내용 공고문 참조","기술,충남,2026,충남테크노파크,충청남도,논산시,보령시,홍성군,중소기업,지식재산창출지원,지식재산,국내출원비용,국외출원비용,출원비용,디자인제품혁신,IP컨설팅",기술사업화/이전/지도,1300
221,경기도,시흥산업진흥원,수출,2026년 중국 선전 스마트제조기기 전시회 참가기업 모집공고,2026-08-10,2026-08-31,2026-08-10,https://www.bizinfo.go.kr/sii/siia/selectSIIA200Detail.do?pblancId=PBLN_000000000125269,,중소기업,"국내 중소기업 전시마케팅 역량강화 및 수출활성화를 위해「2026 중국 선전 스마트제조기기 전시회」참여기업을 다음과 같이 모집 공고합니다 ☞ 국내 소재 HI-TECH 관련 완제품 또는 모형 전시가 가능한 기업, 기술부문은 디바이스 시연이 가능한 중소기업 - 전시분야 : 바이오ㆍ헬스케어, ITㆍ전자제품, 신소재ㆍ신에너지, 로봇 및 자동화 기술, 첨단제조ㆍ3D프린팅, 저고도ㆍ항공우주, 스마트시티ㆍ환경 ※ 자세한 지원대상 공고문 참조 ☞ 전시회 참가(기업별 부스(9㎡) 제공, 기본 설비 및 디자인) - 통역지원 (기업당 1명 통역원 배정(","수출,서울,부산,대구,인천,전남광주,대전,울산,세종,경기,강원,충북,충남,전북,경북,경남,제주,2026,시흥산업진흥원,경기도,중국,심천,스마트제조기기,디바이스,완제품,모형,HI-TECH,바이오,헬스케어,IT,전자제품,신소재,신에너지,로봇,자동화기술,첨단제조,3D프린팅,저고도,항공우지,스마트시티,환경,전시회,전시참가,부스지원,통역지원,전시마케팅",시장개척,1399
222,경상남도,경남테크노파크,인력,[경남] 2026년 현장실습 지원사업 표준현장실습 학기제(2학기) 참여기업 모집 공고,2026-08-07,2026-08-24,2026-08-10,https://www.bizinfo.go.kr/sii/siia/selectSIIA200Detail.do?pblancId=PBLN_000000000125268,,중소기업,"경상남도와 경남테크노파크는 지역 대학생에게 지역 내 우수기업 소개와 취업에 대한 관심도 고취ㆍ직무연계 선순환 채용환경 조성을 위해「2026년 현장실습 지원사업」을 시행합니다. 이에, 경남지역대학의 표준현장실습학기제와 연계하여 기업 맞춤형 현장실습 참여기업을 모집하오니 지역기업의 많은 신청 바랍니다. ☞ 경남 소재 기업 중 2026년 표준현장실습학기제 참여희망 기업 - 경상남도에 주소지를 두고 있는 중소ㆍ중견기업 - 경남 지역 내 소재한 대학의 대학생을 실습생으로 매칭한 기업 ☞ 대학생 표준현장실습학기제 실습기업으로 확정된 기업에게 ","인력,경남,2026,경남테크노파크,경상남도,중소기업,중견기업,현장실습지원사업,현장실습,표준현장실습,대학생,실습,실습생,현장실습비",국내일반인력,1169
223,대전광역시,대전테크노파크,기술,[대전] 2026년 2차 특허 기술이전(중개) 지원기업 모집 공고(중소기업 혁신성장 지원 및 기술경쟁력 강화사업),2026-08-10,2026-08-31,2026-08-10,https://www.bizinfo.go.kr/sii/siia/selectSIIA200Detail.do?pblancId=PBLN_000000000125267,,중소기업,"대전소재 중소기업의 기술경쟁력 강화 및 기술 혁신형 중소기업 육성을 위해 「특허 기술이전(중개) 지원사업」을 다음과 같이 공고하오니 관심 있는 기업의 많은 신청을 바랍니다. ☞ 우수기술(특허)을 도입하여 사업화하고자 하는 대전소재의 중소기업(법인사업자) ☞ 기술이전 중개, 기술이전 비용(기술료) 지원 ※ 1개 기업당 1건 이상의 특허 기술이전 신청 가능하며, 복수 특허 이전 시 특허별 기술료를 구분","기술,대전,대전광역시,대전테크노파크,특허,2026,중소기업,기술경쟁력,기술이전,중개,기술료,특허별,우수기술,혁신성장",기술사업화/이전/지도,1346
224,전남광주통합특별시,전남창조경제혁신센터,수출,[전남광주] 2026년 중동 상황 대응 긴급 수출물류비 사업 대상 모집 공고,,,2026-08-10,https://www.bizinfo.go.kr/sii/siia/selectSIIA200Detail.do?pblancId=PBLN_000000000125266,예산 소진시까지,중소기업,"중동지역 분쟁에 따른 물류비 급등에 대응하여 도내 수출기업의 경영 악화 해소를 위해 「2026 중동 상황 대응 긴급 수출물류비 지원사업」을 아래와 같이 공고하니 많은 신청 바랍니다. ☞ 다음 요건을 모두 충족하는 도내 중소기업 - 도내에 본사 또는 공장을 보유한 기업 - 전남산 제품을 직접 수출하는 기업(직수출) ※ 수출신고필증상 수출화주와 제조사 모두 전남광주통합특별시 소재 ☞ 국외 물류비(항공ㆍ해상 운임, 해외 내륙운송료) 및 창고보관료 - 기업당 최대 3백만원 이내 지원","수출,전남광주,전남광주통합특별시,국외물류비,2026,내륙운송료,창고보관료,해상운임,항공,전남창조경제혁신센터,전라남도,중소기업",해외진출,1111
225,경상남도,기초자치단체,경영,[경남] 양산시 2026년 수산물 가공공장 스마트화 지원사업 신청 공고,2026-08-06,2026-08-20,2026-08-10,https://www.bizinfo.go.kr/sii/siia/selectSIIA200Detail.do?pblancId=PBLN_000000000125264,,중소기업,"「2026년 수산물 가공공장 스마트화 지원사업」시행지침을 붙임과 같이 안내하오니, 사업희망 업체는 신청바랍니다. ☞ 관내 소재한 수산물 생산ㆍ가공업체 ☞ 수산식품 생산성 증가와 위생 및 안전성 확보를 위한 스마트 장비 구입 비용 지원","경영,경남,바코드시스템,광학선별기,자동계량포장기,2026,스마트장비,생산업체,가공공장,가공업체,스마트화,수산물,기초자치단체,경상남도,수산식품",시설/입지지원,1145
226,경상남도,기초자치단체,경영,[경남] 김해시 2026년 우리동네 맑은공기 패키지 지원사업 참여 사업자 모집 공고,2026-08-07,2026-09-04,2026-08-10,https://www.bizinfo.go.kr/sii/siia/selectSIIA200Detail.do?pblancId=PBLN_000000000125260,,중소기업,"「2026년 우리동네 맑은공기 패키지 지원사업」 참여 사업자를 모집하고자 다음과 같이 공고합니다. ☞ 공고일 기준 다음 조건을 모두 충족하는 사업장 ① 김해시 진영읍 진영ㆍ본산리 준공업지역(악취관리지역), 부곡ㆍ유하동 일반 공업지역(악취관리지역), 지내ㆍ안동 일반공업지역 내 소재한 사업장 ②「대기환경보전법 시행령」 제13조에 따른 1~5종 사업장 ③「중소기업기본법 시행령」 제3조제1항에 따른 중ㆍ소기업 ☞ 소규모 사업장 대기오염방지시설 설치비 지원","경영,경남,악취관리,지내동,유하동,부곡동,진영리,본산리,2026,RCO,진영읍,RTO,안동,IoT,방지시설,사물인터넷,김해시,기초자치단체,경상남도",시설/입지지원,1137
227,중소벤처기업부,중소기업기술정보진흥원,내수,2026년 지방소멸대응 유공 포상 후보자 모집 공고,2026-08-10,2026-08-31,2026-08-10,https://www.bizinfo.go.kr/sii/siia/selectSIIA200Detail.do?pblancId=PBLN_000000000125259,,중소기업,"지역경제 활성화를 통해 지방소멸 대응에 기여한 유공자 및 단체를 발굴ㆍ격려하기 위하여 「2026년 지방소멸대응 유공」 포상 후보자를 아래와 같이 모집하오니 많은 신청 바랍니다. ☞ 개인ㆍ기업(중소기업 대표 또는 임직원), 기관ㆍ단체(지방정부ㆍ혁신기관및 담당자) - 개인ㆍ기업 : 인구감소(관심) 지역 등 소멸 위기 지역의 일자리 창출, 생활 인구 유입 등 활성화에 기여한 바가 큰 중소기업 대표자 또는 임직원 - 기관ㆍ단체 : 인구감소(관심) 지역 등 소멸 위기 지역의 지역 경제 활성화와 일자리 창출에 기여한 바가 큰 지방정부, 지역혁","내수,경영,부산,대구,인천,전남광주,대전,경기,강원,충북,충남,전북,경북,경남,지방소멸대응,인구감소,지역소멸,지방소멸,장관표창,표창,포상,중소기업기술정보진흥원,중소벤처기업부,2026",오프라인,1096
228,전북특별자치도,전북테크노파크,기술,[전북] 2026년 스케일업 공공실증 지원사업 참여기업 추가모집 공고(공공실증ㆍ규제 해소ㆍ혁신 시제품 선정 지원),2026-08-10,2026-08-25,2026-08-10,https://www.bizinfo.go.kr/sii/siia/selectSIIA200Detail.do?pblancId=PBLN_000000000125256,,창업벤처,"벤처ㆍ창업기업의 혁신적인 제품ㆍ서비스를 공공서비스 현장에 설치하고 테스트 기회를 제공하며, 관련 규제 해소, 혁신 시제품 선정 및 구매 연계와 민간투자 유치까지 다각적으로 지원하는「스케일업 공공실증 지원사업」의 참여기업 추가 모집을 아래와 같이 진행하오니 도내 창업ㆍ벤처기업의 많은 신청 바랍니다. ☞ 공공분야에 적용될 수 있는 공공성과 혁신성을 가진 기술혁신 제품ㆍ서비스를 보유한 전북 소재 창업 또는 벤처기업 - 공공에 활용될 수 있음을 입증할 수 있는 제품ㆍ서비스 - 기술성숙도(TRL) 6단계 이상으로 현장에 즉각 실증 가능한 제","기술,전북,공공수요형,테스트베드형,2026,공공실증,전북특별자치도,공공서비스,민간투자,실용신안,제품,서비스,스케일업,실증,벤처기업,창업7년이내,창업기업,전북테크노파크,특허",기술사업화/이전/지도,1413
229,경상북도,경북테크노파크,기술,[경북] 2026년 가속기 활용 산업체 경쟁력 강화사업 기술개발 지원사업 참여기업 모집 공고,2026-08-07,2026-08-20,2026-08-10,https://www.bizinfo.go.kr/sii/siia/selectSIIA200Detail.do?pblancId=PBLN_000000000125255,,중소기업,"경상북도와 경북테크노파크는 국가핵심연구시설의 산업체 이용률을 제고하고 중소ㆍ중견기업의 경쟁력 및 기술력 강화를 위해「2026년도 가속기 활용 산업체 경쟁력 강화사업」의 일환으로 가속기 활용 사업화 기술개발 지원사업의 참여기업 모집을 다음과 같이 공고하오니 많은 관심과 참여 부탁드립니다. ☞ 공고일 기준 경상북도 내 본사, 공장 및 연구소 등이 소재한 중소ㆍ중견 기업 - 지원분야 : 가속기 활용 가능 전 분야 ☞ 경북 기업의 신기술 개발 및 적용을 위해 가속기를 활용하여 매출향상 및 성능개선을 목적으로 기술개발 지원","기술,경북,2026,경북테크노파크,경상북도,가속기,기술개발,성능개선,신기술,모빌리티,에너지환경,전기전자",기술사업화/이전/지도,1165
230,충청남도,천안과학산업진흥원,경영,[충남] 천안시 2026년 천안 전략산업 가치사슬 체계구축 지원사업 참여기업 모집 공고,2026-08-06,2026-08-18,2026-08-10,https://www.bizinfo.go.kr/sii/siia/selectSIIA200Detail.do?pblancId=PBLN_000000000125254,,중소기업,"천안과학산업진흥원은 천안시 관내 중소기업의 오픈이노베이션을 촉진하고 대ㆍ중견기업과의 가치사슬 체계구축을 통해 지역 산업 생태계 활성화를 지원하고자 「2026년 천안 전략산업 가치사슬 체계구축 지원사업」 참여기업 모집을 다음과 같이 공고합니다. 관내 중소기업의 많은 관심과 적극적인 참여를 바랍니다. ☞ 천안 소재(본사, 공장, 부설연구소 등) 중소기업 ☞ 대ㆍ중견기업과 지역 중소기업의 협업 체계 구축을 위한 개발 자금 지원 ※ 자세한 지원내용 공고문 참조","경영,충남,2026,천안과학산업진흥원,충청남도,천안시,중소기업,오픈이노베이션,가치사슬,체계구축,개발자금,AX,재료비,외주용역비,기계장치,인건비,지급수수료",디자인/상품화/사업화,1272
231,경기도,경기테크노파크,내수,[경기] 구리시 2026년 중소기업 온라인 플랫폼 마케팅 지원사업 참가 모집 공고,2026-08-07,2026-08-21,2026-08-10,https://www.bizinfo.go.kr/sii/siia/selectSIIA200Detail.do?pblancId=PBLN_000000000125252,,중소기업,"구리시와 경기테크노파크에서는 관내 중소기업의 온라인 매출증대를 위하여 시장 경쟁력과 자생력을 갖출 수 있도록「2026년 구리시 중소기업 온라인 플랫폼 마케팅 지원사업」참여기업를 모집하고자 다음과 같이 공고하오니 많은 관심과 참여 바랍니다. ☞ 구리시 관내 중소기업 ☞ 맞춤형 온라인 마케팅 지원(업체당 최대 150만원) - 제품 상세페이지 제작, 제품 홍보 동영상 제작, 제품홍보 키워드 검색 및 쇼핑검색 광고, 홈쇼핑(라이브커머스 등) 및 글로벌 이커머스 지원","내수,경기,글로벌이커머스,2026,쇼핑검색,키워드검색,홍보동영상,온라인플랫폼,상세페이지,구리시,온라인마케팅,광고,경기테크노파크,홍보,라이브커머스,홈쇼핑,경기도,마케팅,중소기업",홍보지원,1310
232,전남광주통합특별시,전남정보문화산업진흥원,기술,[전남광주] AI어장 현장실증(응용 서비스 사업화) 지원 모집 3차 재공고(AI기반 어장공간정보 빅데이터 플랫폼 구축 및 활용사업),2026-08-07,2026-08-21,2026-08-10,https://www.bizinfo.go.kr/sii/siia/selectSIIA200Detail.do?pblancId=PBLN_000000000125250,,중소기업,"전남정보문화산업진흥원에서는 「AI기반 어장공간정보 빅데이터 플랫폼 구축 및 활용사업」의 일환으로 수산양식 분야 디지털 전환 촉진을 위한 “AI어장 현장실증(응용 서비스 사업화) 지원”을 다음과 같이 공고하오니, 역량 있는 기업의 많은 관심과 참여 바랍니다. ☞ 해양, 수산양식 분야에 적용가능한 해양조사, 서비스(SW, 응용서비스) 분야 ICT기업으로 전남광주통합특별시 소재의 기업, 법인 또는 연구소 보유기업 ※ 공고일 기준 전남광주통합특별시에 사업자등록을 완료한 기업(사업자등록 必) ※ 단독 또는 컨소시엄 형태로 지원 가능. 컨소시","기술,전남광주,전남광주통합특별시,AI어장,2026,양식업,현장적용,해양수산,전남정보문화산업진흥원,기술융합,시장성검증,컨소시엄,ICT,AI",공동기술개발,1439
233,경상남도,기초자치단체,내수,[경남] 창원시 제12회 창원음식문화축제 홍보판매 및 체험부스 참가업소 모집 공고,2026-08-03,2026-08-21,2026-08-10,https://www.bizinfo.go.kr/sii/siia/selectSIIA200Detail.do?pblancId=PBLN_000000000125249,,소상공인,"「제12회 창원음식문화축제」를 찾은 관람객에게 관내 식품위생업소의 대표 메뉴 및 특색 음식을 홍보하고, 다양한 음식문화 체험 기회를 제공하기 위하여 홍보판매부스 및 체험부스 참여업체를 다음과 같이 모집하오니 많은 관심과 참여 바랍니다. ☞ 관내 일반음식점, 휴게음식점, 제과점, 식품제조가공업, 즉석판매제조가공업 ☞ 부스 공간, 테이블ㆍ의자 등 기본 집기, 전기시설(필요 시 사전 조율), 체험부스 운영에 필요한 재료비 지원(사전조율)","내수,경남,2026,경상남도,기초자치단체,창원음식문화축제,체험,부스,홍보판매부스,제조가공업,일반음식점,휴게음식점,제과점,체험부스",오프라인,1056
234,경상남도,기초자치단체,경영,2026년 하반기 양산시 관광객 유치 인센티브 지원 계획 공고,,,2026-08-10,https://www.bizinfo.go.kr/sii/siia/selectSIIA200Detail.do?pblancId=PBLN_000000000125248,예산 소진시까지,중소기업,"양산시는 단체 관광객 유치를 통해 관광산업의 활력을 제고하고, 지역 관광 생태계 활성화를 위하여 관광객을 유치한 관광사업자를 대상으로 인센티브를 지원하고자 하오니 많은 관심과 참여 바랍니다. ☞ 관광진흥법 제3조 및 제4조에 따른 여행업을 등록한 국내여행업체 ☞ 당일관광, 숙박관광, 기차(당일), 유치 우수 여행사 추가 지원 ※ 자세한 지원내용 공고문 참조","경영,서울,부산,대구,인천,전남광주,대전,울산,세종,경기,강원,충북,충남,전북,경북,경남,제주,2026,경상남도,기초자치단체,양산시,관광객,인센티브,여행업체,여행업,관광산업,당일관광,숙박관광,기차,여행사",디자인/상품화/사업화,1026
235,경상남도,농업기술센터,경영,[경남] 2026년 수산물 수출가공 HACCP 시설 지원사업 공고,2026-08-06,2026-08-20,2026-08-10,https://www.bizinfo.go.kr/sii/siia/selectSIIA200Detail.do?pblancId=PBLN_000000000125245,,중소기업,"「2026년 수산물 수출가공 HACCP 시설 지원사업」시행지침을 붙임과 같이 안내하오니, 사업희망 업체는 신청바랍니다. ☞ 도내 소재한 HACCP 등록 또는 등록예정인 수산물 수출업체 ※ 최근 2년이내 수산물 수출 실적을 증빙할 수 있는 생산가공업체 ☞ 작업장 바닥, 벽, 천장, 출입문 및 창 등 개ㆍ보수 공사 비용 지원 - HACCP 적용에 따른 칸막이 공사(분리, 구획 등) 비용 - 작업장 청정도 관리에 필요한 설비 설치비용 : 공조기, 환기시설, 에어커튼 등","경영,경남,작업장바닥,생산가공업체,2026,벽,에어커튼,공조기,공사비용,농업기술센터,설치비용,수출업체,HACCP,개보수,수산물,경상남도",시설/입지지원,1049
236,경기도,시흥산업진흥원,수출,[경기] 시흥시 2026년 스타트업 투자유치 지원 참여기업 추가 모집 공고,2026-08-07,2026-08-25,2026-08-07,https://www.bizinfo.go.kr/sii/siia/selectSIIA200Detail.do?pblancId=PBLN_000000000125242,,창업벤처,"시흥산업진흥원은 관내 스타트업의 해외 투자 연계 기회를 확대하고 글로벌 투자 유치 가능성 제고을 위한 「2026년 스타트업 투자유치 지원사업」을 다음과 같이 공고합니다. ☞ 관내 본사, 연구소, 지사 등 업력 7년 이내 창업기업 ※ 창업기업은 「중소기업창업 지원법」에 따른 창업기업(업력 7년 이내)으로하며, 공고 시작일을 기준으로 업력 판단 ☞ 창업기업의 투자유치 프로그램(피칭, 데모데이 등)이 포함된 공식 글로벌 IR행사 참여 활동비 지원 - 기업당 소요비용 최대 500만원 한도 - 해외 IR 행사 참가경비, 해외출장 교통비","수출,창업,경기,2026,경기도,시흥산업진흥원,창업기업,창업7년이내,스타트업,투자유치,시흥시,IR행사,IR,해외출장,부스임차료,참가비,장치비,설치비,마케팅비,항공료,교통비",해외진출,7320
237,농림축산식품부,농림식품기술기획평가원,경영,2026년 농식품 중소기업 기술보호 컨설팅 지원사업 참여기업 모집 공고,2026-08-06,2026-08-21,2026-08-07,https://www.bizinfo.go.kr/sii/siia/selectSIIA200Detail.do?pblancId=PBLN_000000000125240,,중소기업,"농림식품기술기획평가원에서는 농식품 중소기업 기술보호 컨설팅 지원사업을 다음과 같이 추진하오니, 자격 요건에 해당하는 기업에서는 많은 관심과 참여를 부탁드립니다. ☞ 농식품 R&D 수행, 신기술ㆍ녹색인증 획득 및 혁신제품 지정 기업 등 농림식품 관련 산업 종사 중소기업 ☞ 농식품 중소기업 핵심기술 보호전략 수립 및 실무교육 지원","경영,서울,부산,대구,인천,전남광주,대전,울산,세종,경기,강원,충북,충남,전북,경북,경남,제주,2026,농식품,중소기업,농림식품,녹색인증,신기술,R&D,기술보호,컨설팅,실무교육,핵심기술보호,기술자료,임치지원,농림축산식품부,농림식품기술기획평가원",컨설팅,7190
238,충청북도,충북과학기술혁신원,수출,[충북] 2026년 자동차 부품기업 국내외 마케팅 지원사업 모집 공고,2026-08-07,2026-08-21,2026-08-07,https://www.bizinfo.go.kr/sii/siia/selectSIIA200Detail.do?pblancId=PBLN_000000000125239,,중소기업,도내 자동차 부품기업의 판로개척 및 수출경쟁력 강화를 위하여 「2026년 자동차 부품기업 국내외 마케팅 지원사업」을 아래와 같이 공고하오니 지원을 희망하는 기업은 관련 절차에 따라 신청하여 주시기 바랍니다. ☞ 도내 자동차부품 관련 중소ㆍ중견기업 ☞ 해외 모빌리티 전시회 참가지원(공동부스 운영),"수출,충북,해외모빌리티전시회,2026,해외전시회참가,모빌리티전시회,자동차부품기업,자동차부품,충북과학기술혁신원,충청북도,중견기업,마케팅,중소기업",해외진출,6546
239,산업통상부,한국기계전기전자시험연구원,기술,최초 수출기업의 해외인증 취득 사전 검증 지원 참여기업 모집 공고,2026-08-06,2026-08-21,2026-08-07,https://www.bizinfo.go.kr/sii/siia/selectSIIA200Detail.do?pblancId=PBLN_000000000125238,,중소기업,"한국기계전기전자시험연구원에서 수출 경험이 없는 기업을 대상으로 수출 수요와 인증장벽이 높은 해외인증 분야의 핵심 시험 항목을 사전검증하고 1:1 기술 멘토링 지원을 통해 부적합 리스크를 선제 해소하여 해외인증 취득 성공률을 제고하기 위해 「최초 수출기업의 해외인증 취득 사전 검증 지원 참여기업 모집」을 실시합니다. 많은 관심과 신청 바랍니다. ☞ 수출 경험이 없는 중소, 중견 기업 - 모집 분야 : 전기전자, 화장품, 사이버보안 ※ 자세한 지원대상 공고문 참조 ☞ 기술지도, 검증 및 시험비(기업당 최대 500만원) 지원 ※ 자세한 ","기술,수출,서울,부산,대구,인천,전남광주,대전,울산,세종,경기,강원,충북,충남,전북,경북,경남,제주,산업통상부,2026,한국기계전기전자시험연구원,사이버보안,기술멘토링,전기전자,시험비,해외인증,검증,기술지도,화장품,중견기업,중소기업",시험/인증,7648
240,산림청,산림조합중앙회,금융,2026년 2차 해외산림자원개발 이차보전 사업 공고,2026-08-10,2026-09-11,2026-08-07,https://www.bizinfo.go.kr/sii/siia/selectSIIA200Detail.do?pblancId=PBLN_000000000125237,,중소기업,"「해외농업ㆍ산림자원 개발협력법」 제25조, 「산림사업종합자금 운용규정」, 「산림사업종합자금 이차보전 규정」에 따라 ‘2026년 해외산림자원개발 이차보전 사업’을 다음과 같이 공고합니다. ☞「해외농업ㆍ산림자원 개발협력법」제2조 규정에 의한 해외산림자원을 개발하기 위하여 같은 법 제7조 규정에 의하여 해외산림자원개발 사업계획 신고가 수리된 자 ※ 자세한 지원대상 공고문 참조 ☞ 해외산림자원개발에 필요한 사업 자금 융자 지원 - 신규 대출규모 : 3,664백만원 ※ 자세한 지원내용 공고문 참조","금융,서울,부산,대구,인천,전남광주,대전,울산,세종,경기,강원,충북,충남,전북,경북,경남,제주,해외산림자원,2026,산림조합중앙회,해외산림자원개발,산림청,한국임업진흥원,이차보전,자금,융자",융자,6803
241,경상북도,경북문화재단 콘텐츠진흥원,기술,[경북] 2026년 해양 콘텐츠 제작 지원사업 모집 공고(경북콘텐츠기업지원센터),2026-08-06,2026-08-20,2026-08-07,https://www.bizinfo.go.kr/sii/siia/selectSIIA200Detail.do?pblancId=PBLN_000000000125236,,중소기업,"경북 동해안이 보유한 해양 자원을 기반으로 지역특화 콘텐츠를 발굴ㆍ제작하고 콘텐츠 기업의 역량 강화와 사업 기반을 마련하기 위하여 [2026 해양 콘텐츠 제작 지원사업]을 다음과 같이 공고하오니 경상북도 소재 콘텐츠기업의 많은 참여 바랍니다. ☞ 공고일 기준 사업자등록증 상 본사 또는 지사가 경상북도에 소재한 콘텐츠 기업 - 지원분야 : 해양 자원(소재)을 바탕으로 한 방송, 애니메이션, 캐릭터, 만화(웹툰), 음악 및 실감콘텐츠 등 순수 콘텐츠 분야 - 「문화산업진흥 기본법 제2조 1항」에 해당하는 문화산업 분야 기업(단, 게임,","기술,경영,경북,2026,경상북도,경북문화재단 콘텐츠진흥원,동해안,콘텐츠기업,콘텐츠,해양자원,해양콘텐츠,지역특화콘텐츠",기술사업화/이전/지도,6901
242,농림축산식품부,농림식품기술기획평가원,경영,2026년 농식품 중소기업 ESG 경영 도입 및 국제표준 인증 취득 지원사업 참여기업 모집 공고,2026-08-06,2026-08-21,2026-08-07,https://www.bizinfo.go.kr/sii/siia/selectSIIA200Detail.do?pblancId=PBLN_000000000125235,,중소기업,"농림식품기술기획평가원에서는 농식품 중소기업의 ESG경영 도입과 국제표준 인증 취득을 위한 컨설팅 지원사업을 다음과 같이 추진하오니, 자격 요건에 해당하는 기업에서는 많은 관심과 참여를 부탁드립니다. ☞ 농식품 R&D 수행, 신기술/녹색인증 획득 및 혁신제품 지정 등 농림식품 관련 산업 종사 중소기업 ☞ ESG경영 도입 및 국제표준(ISO) 인증 취득 등 종합 컨설팅 지원","경영,서울,부산,대구,인천,전남광주,대전,울산,세종,경기,강원,충북,충남,전북,경북,경남,제주,농림식품,2026,국제표준,ISO,녹색인증,ESG경영,혁신제품,신기술,ESG,농식품,농림식품기술기획평가원,농림축산식품부,인증,컨설팅,R&D",컨설팅,7008
243,지식재산처,한국발명진흥회,내수,2026년 하반기 지식재산처 우수특허기반 혁신제품 추가등록 공고,2026-08-12,2026-09-04,2026-08-07,https://www.bizinfo.go.kr/sii/siia/selectSIIA200Detail.do?pblancId=PBLN_000000000125234,,중소기업,"지식재산처에서는 우수특허기반 혁신제품의 공공조달 연계 활성화를 위해 「2026년 하반기 우수특허기반 혁신제품 추가등록」을 다음과 같이 공고하오니, 기 지정된 혁신제품의 규격 추가등록을 희망하는 중소기업은 안내에 따라 신청해 주시기 바랍니다. ☞ 혁신제품(지정 유효)을 소유한 중소기업 또는 개인사업자 - 기 지정된 혁신제품의 핵심 기술ㆍ성능ㆍ특허 등은 유지하되 제품의 외형, 핵심성능이 아닌 기타 성능 등이 변경되어 물품 추가등록이 필요한 혁신제품 ※ 자세한 지원대상 공고문 참조 ☞ 기 지정 우수특허기반 혁신제품의 규격 추가등록을 지원","기술,내수,서울,부산,대구,인천,전남광주,대전,울산,세종,경기,강원,충북,충남,전북,경북,경남,제주,2026,한국발명진흥회,지식재산처,우수특허기반,공공조달,혁신제품,추가등록,중소기업,연계활성화,판로구축",공공구매,6898
244,경상북도,경북문화재단 콘텐츠진흥원,기술,[경북] 메가 이벤트 연계 제작 지원사업 모집 공고(경북콘텐츠기업지원센터),2026-08-06,2026-08-20,2026-08-07,https://www.bizinfo.go.kr/sii/siia/selectSIIA200Detail.do?pblancId=PBLN_000000000125233,,중소기업,"경상북도 내 지역 축제ㆍ행사ㆍ관광자원 등 메가 이벤트 현장에서 활용 가능한 콘텐츠 제작을 위한 지원사업을 진행하오니 많은 참여 바랍니다. ☞ 공고일 기준 사업자등록증 상 본사 또는 지사가 경상북도에 소재한 콘텐츠 기업 - 지원분야 : 지역 행사ㆍ축제 연계 캐릭터, 애니메이션, 실감형 콘텐츠 등 순수 콘텐츠 분야 - 「문화산업진흥 기본법 제2조 1항」에 해당하는 문화산업 분야 기업(단, 게임, 공연, 영화, 출판, 디자인 분야 제외) - 지역행사 참여를 통해 콘텐츠의 시장성을 검증하고자 하는 경북 소재 콘텐츠 기업 - 신규 콘텐츠 I","기술,내수,경영,경북,지역행사참여,메가이벤트,2026,지역행사,경북콘텐츠기업지원센터,경북문화재단 콘텐츠진흥원,굿즈,라이선싱,문화산업,콘텐츠기업,IP,경상북도,콘텐츠",기술사업화/이전/지도,6611
245,지식재산처,한국발명진흥회,기술,2026년 하반기 지식재산처 우수특허기반 혁신제품 신규지정 공고,2026-08-12,2026-09-04,2026-08-07,https://www.bizinfo.go.kr/sii/siia/selectSIIA200Detail.do?pblancId=PBLN_000000000125232,,중소기업,"지식재산처에서는 우수특허기반 혁신제품의 공공조달 연계 활성화를 위해 「2026년 하반기 우수특허기반 혁신제품 신규지정」을 다음과 같이 공고하오니, 혁신제품 지정을 희망하는 중소기업은 안내에 따라 신청해 주시기 바랍니다. ☞ 지식재산처 우수연구개발 제품, 우수발명품 우선구매 추천 제품 - 중소기업진흥에 관한 법률 제2조제1호에 따른 중소기업 또는 개인사업자 - 조달청에 물품분류번호 및 물품식별번호가 모두 등록된 제품 - 신청제품에 적용한 기술에 대한 지식재산권(특허, 실용신안)이 있는 경우 - 개발완성수준(TRL) 7~9단계에 이르는","기술,내수,서울,부산,대구,인천,전남광주,대전,울산,세종,경기,강원,충북,충남,전북,경북,경남,제주,지식재산처,2026,우수발명품,우수연구개발,혁신제품,한국발명진흥회,중소기업,신규지정",시험/인증,7121
246,중소벤처기업부,충북테크노파크,경영,[충북] 2026년 하반기 중소기업 밀집지역 위기대응 체계 구축사업 Stand-up 맞춤지원 모집 공고,2026-08-06,2026-08-24,2026-08-07,https://www.bizinfo.go.kr/sii/siia/selectSIIA200Detail.do?pblancId=PBLN_000000000125231,,중소기업,"중소벤처기업부와 충청북도가 지원하는 「2026년 중소기업 밀집지역 위기대응 체계 구축사업」 하반기 Stand-up 맞춤지원을 다음과 같이 추진하오니, 참여를 희망하는 해당지역 중소기업들의 많은 신청 바랍니다. ☞ 충청북도 2026년 하반기 Stand-up 맞춤지원 대상 중소기업 밀집지역 소재 중소기업 ☞ 충청북도 내 중소기업 밀집지역 상시 모니터링 및 긴급처방 지원(Stand-up 맞춤지원) - Tech-UP (기술지원) : 기술정보 분석 지원/기술 멘토링, 국내외 지재권/인증 지원, 시험 및 성능분석 지원 - Biz-UP (사업화","기술,경영,충북,투자계약서작성,2026,한국테크노파크진흥회,강원특별자치도,기술정보분석,중소기업밀집지역,IR자료,성능분석,물류비,기술멘토링,시험,사업화,지식재산권,디자인개발,인증,컨설팅,중소벤처기업부,마케팅,중소기업,충북테크노파크",디자인/상품화/사업화,6523
247,경상북도,구미전자정보기술원,기술,2026년 이차전지 소재부품 기업대상 시제품 제작 지원프로그램 참여기업 추가 상시모집 공고,,,2026-08-07,https://www.bizinfo.go.kr/sii/siia/selectSIIA200Detail.do?pblancId=PBLN_000000000125229,상시 접수,중소기업,구미전자정보기술원은 국내 이차전지 산업생태계 활성화 및 경쟁력 강화를 위한「이차전지 육성 거점센터 구축 지원사업」의 일환으로 이차전지 원소재ㆍ전구체ㆍ양극재 개발을 위한 지원프로그램을 시행하고자 합니다. 아래와 같이 지원 사업을 공고하오니 관심있는 시업의 참여를 바랍니다. ☞ 이차전지 소재개발과 관련된 국내 기업 ☞ 이차전지 소재 및 셀 공정장비를 활용하여 기업의 시제품 제작 지원 ※ 자세한 지원내용 공고문 참조,"기술,서울,부산,대구,인천,전남광주,대전,울산,세종,경기,강원,충북,충남,전북,경북,경남,제주,2026,구미전자정보기술원,경상북도,이차전지,원소재,전구체,양극재,소재개발,셀공정장비,시제품제작",기술사업화/이전/지도,6613
248,지식재산처,한국지식재산보호원,수출,2026년 6차 해외지식재산센터 법률서비스 지원사업 정기 공고,,,2026-08-07,https://www.bizinfo.go.kr/sii/siia/selectSIIA200Detail.do?pblancId=PBLN_000000000125228,세부사업별 상이,중소기업,"해외 수출 또는 수출 준비 중인 우리 중소ㆍ중견 기업의 해외 지재권 권리확보 및 지재권 분쟁ㆍ침해 초기대응을 위한 해외 지재권 지원사업을 다음과 같이 공고합니다. ☞ 대한민국에 사업자로 등록이 되어 있고, 국세 및 지방세 체납이 없는 현지 수출 또는 수출 준비 중인 중소ㆍ중견기업(개인사업자 포함) ☞ 권리확보(해외 출원) 지원, 분쟁ㆍ침해 초기대응 지원, 심층 법률자문 지원(무료)","수출,서울,부산,대구,인천,전남광주,대전,울산,세종,경기,강원,충북,충남,전북,경북,경남,제주,2026,지식재산처,한국지식재산보호원,지재권,중소기업,중견기업,지식재산권,해외,해외출원,권리확보,분쟁,침해,법률자문",해외진출,2574
249,문화체육관광부,예술경영지원센터,창업,2026년 예술기업 상생혁신(오픈이노베이션) 지원사업 공고,2026-08-06,2026-08-20,2026-08-07,https://www.bizinfo.go.kr/sii/siia/selectSIIA200Detail.do?pblancId=PBLN_000000000125227,,창업벤처,"문화체육관광부와 (재)예술경영지원센터는 예술분야 창업기업의 창의적인 아이디어와 전문 역량을 바탕으로 대ㆍ중견기업과의 개방형 혁신(Open Innovation) 협업을 촉진하고, 협업 과제의 실행부터 사업화 검증(PoC)까지 단계별로 지원하는 <2026 예술기업 상생혁신(오픈이노베이션) 지원사업>을 추진합니다. 예술 전문성과 적극적인 실행역량을 갖춘 예술분야 창업기업을 다음과 같이 모집하오니 많은 관심과 참여 바랍니다. ☞ 업력 10년 이내 예술분야 창업기업 ※ 자세한 지원대상 공고문 참조 ☞ 대ㆍ중견기업과 1:1 매칭 및 협업 기회","창업,서울,부산,대구,인천,전남광주,대전,울산,세종,경기,강원,충북,충남,전북,경북,경남,제주,2026,문화체육관광부,예술경영지원센터,창업기업,예술분야,PoC,오픈이노베이션,1:1매칭,협업기회,지원금,전문컨설턴트,모더레이터,홍보,마케팅,네트워킹,성과공유회",사업화지원,3328
250,전남광주통합특별시,광주테크노파크,기술,[전남광주ㆍ충남] 2026년 인공지능 맞춤형 뷰티기기 고도화 글로벌화 지원사업 기업지원 통합 모집 공고(바이오산업 개방형 생태계 조성 촉진 사업),2026-08-06,2026-08-19,2026-08-07,https://www.bizinfo.go.kr/sii/siia/selectSIIA200Detail.do?pblancId=PBLN_000000000125226,,중소기업,"「2026년도 바이오산업 개방형 생태계 조성 촉진사업」의 일환으로 추진되는 인공지능 맞춤형 뷰티기기 고도화 글로벌화 지원사업 수행자로 선정된 수행기관 및 과제별 지원프로그램을 안내하오니, 해당 프로그램 참여를 희망하는 지역 기업의 많은 신청 바랍니다. ☞ 전남광주통합특별시 및 충청남도 소재 뷰티ㆍ인공지능ㆍ헬스케어 등 분야 중소ㆍ중견기업 - AI 기술 적용을 희망하는 제품(뷰티 디바이스, 뷰티ㆍ헬스케어 콜라보 디바이스, 기능성 화장품 콜라보ㆍ패키징 제품 등)을 보유ㆍ개발 중인 기업 ※ 공고일 기준 사업자등록증 상 본사, 지사, 공장,","기술,수출,경영,전남광주,충남,2026,전남광주통합특별시,광주테크노파크,전남대학교산학협력단,전남대학교병원,건양대학교산학협력단,범부처통합헬스케어협회,한국광융합산업진흥회,중소기업,중견기업,충청남도,뷰티,인공지능,헬스케어,시제품제작,특허,사용성평가,신뢰성평가,콘텐츠제작",기술사업화/이전/지도,2403
251,울산광역시,울산경제일자리진흥원,인력,[울산] 2026년 5차 사회연대경제 청년 일경험 시범사업 참여기업 추가 모집 공고,,,2026-08-07,https://www.bizinfo.go.kr/sii/siia/selectSIIA200Detail.do?pblancId=PBLN_000000000125225,모집 완료시,사회적기업,"미취업 청년에게 사회연대경제 분야 일경험 기회를 제공하여 직무 역량 강화 등 진입 기반을 마련하고 사회연대경제 분야에 대한 청년의 관심을 높이기 위한 「2026년 사회연대경제 청년 일경험 시범사업」의 참여기업을 다음과 같이 5차 추가 모집 공고합니다. ☞ 마을기업, 협동조합, 고용 10인 미만 사회연대경제 관련 비영리법인 및 단체 -「마을기업 육성 및 지원에 관한 법률」에 따른 마을기업 -「협동조합 기본법」에 따른 협동조합 - 고용 10인 미만의 사회연대경제 관련 비영리법인ㆍ단체 ☞ 사회연대경제 조직 현장에서 과업을 직접 수행하는 ","인력,울산,사회연대경제,2026,멘토수당,울산경제일자리진흥원,운영비,울산광역시,4대보험,마을기업,협동조합,일경험,제반비용",국내일반인력,1961
252,경상북도,경북테크노파크,경영,[경북] 2026년 2차 특화형 공공조달 연계 군수품 상용화 지원사업(교육 및 컨설팅 분야) 참여기업 모집 공고,2026-08-06,2026-08-28,2026-08-07,https://www.bizinfo.go.kr/sii/siia/selectSIIA200Detail.do?pblancId=PBLN_000000000125222,,중소기업,"경북지역 방산 군수품 관련 기업의 경쟁력 강화를 위해 「026 경북지역 특화형 공공조달 연계 군수품 상용화 지원사업」의 일환으로, 경북지역 기업 제품이 군수물자로 납품을 위한 「교육ㆍ컨설팅ㆍ기술교류회」를 지원하고자 하오니, 기업의 많은 관심과 신청 바랍니다. ☞ 공고일 기준 경상북도 내 본사 또는 사업장을 보유하고 군수품 납품을 희망하는 중소ㆍ중견기업 - 신청 가능제품 : 군수물자 또는 군(軍) 수요 품목 ☞ 군수물자 납품 모의평가, 교육, 컨설팅, 기술교류회 지원","기술,경영,경북,2026,경상북도,경북테크노파크,군수물자,군수요품목,군수품,중소기업,중견기업,교육,컨설팅,기술교류회,모의평가,군수물자납품,공공조달",교육,2009
253,지식재산처,한국지식재산보호원,수출,2026년 K-브랜드 해외 상표권 보호ㆍ라이선싱 전략 지원(시범)사업 공고,2026-08-03,2026-08-21,2026-08-07,https://www.bizinfo.go.kr/sii/siia/selectSIIA200Detail.do?pblancId=PBLN_000000000125221,,중소기업,"해외 진출을 추진하거나, 진출 예정인 국내 중소ㆍ중견기업의 안정적인 해외시장 진출과 IP 기반 수익 창출을 지원하고자「2026년 K-브랜드 해외 상표 보호ㆍ라이선싱 전략 지원 시범사업」을 다음과 같이공고합니다. ☞ 해외에서 프랜차이즈 계약, 상표권 사용 계약, 라이선스 계약 등을 추진(예정) 중인 수출 중소ㆍ중견기업 ☞ 해외 로열티 수익 창출(예정) 중소ㆍ중견기업을 대상으로 해외 상표권 라이선스 계약 전략 수립, 기존 계약서 검토ㆍ개선 등 맞춤형 대응전략 수립을 위한 전문가(특허법인, 지식재산 전문 로펌 등)의 컨설팅 지원","수출,서울,부산,대구,인천,전남광주,대전,울산,세종,경기,강원,충북,충남,전북,경북,경남,제주,랜차이즈,상표보호,지식재산처,2026,로열티,K-브랜드,라이선싱,상표권,상표,한국지식재산보호원,IP,지식재산,해외시장,중견기업,해외,중소기업",해외진출,2775
254,산림청,한국임업진흥원,기술,2026년 산림분야 지식재산권 우수기술 사업화 지원사업 공고,2026-08-03,2026-08-23,2026-08-07,https://www.bizinfo.go.kr/sii/siia/selectSIIA200Detail.do?pblancId=PBLN_000000000125220,,중소기업,"산림분야의 우수 지식재산권을 발굴하고, 임업 기술의 실용화 및 산업 경쟁력 강화를 도모하고자 「2026년 산림분야 지식재산권 우수기술 사업화 지원사업」을 다음과 같이 공고하오니, 관련 임산업체 여러분의 많은 관심과 참여 바랍니다. ☞ 산림분야 등록특허ㆍ실용신안 기술을 활용한 제품 판매 예정 또는 판매 중인 임산업체 ※ 등록특허ㆍ실용신안을 자체 보유 또는 기술이전 등을 통해 활용하려는 경우 포함 ※ 단, 산림형(예비)사회적기업, 산림분야 국유특허 기술이전기업, 산림청 혁신제품 보유기업 등은 별도의증빙서류를제출하는경우, 예외적으로인정 ","기술,경영,서울,부산,대구,인천,전남광주,대전,울산,세종,경기,강원,충북,충남,전북,경북,경남,제주,2026,산림청,한국임업진흥원,산림분야,지식재산권,우수기술,임산업체,등록특허,실용신안,산림형,시제품,실증,인허가,판로개척,사업화컨설팅,보고서",기술사업화/이전/지도,2096
255,산림청,한국임업진흥원,기술,2026년 산림분야 지식재산권 출원 지원사업 공고,2026-08-03,2026-08-23,2026-08-07,https://www.bizinfo.go.kr/sii/siia/selectSIIA200Detail.do?pblancId=PBLN_000000000125219,,중소기업,"산림분야의 지식재산권 창출을 촉진하고 임업기술의 실용화 및 경쟁력 강화를 위한 지원사업을 다음과 같이 공고하오니, 관심 있는 분들의 많은 참여 바랍니다. ☞ 임업인 또는 임산업체 ※ 단, 산림형(예비)사회적기업, 산림분야 국유특허 기술이전기업, 산림청 혁신제품 보유기업 등은 별도의증빙서류를제출하는경우, 예외적으로인정 ☞ 지식재산권 출원, 선행기술조사 지원 - (지식재산권 출월) 보유 기술의 권리화를 위해 출원 관납료ㆍ대리 비용 지원, 선정된 기술 출원 컨설팅 지원 ㆍ국내특허/실용신안(100만원 이내/건), 디자인(50만원 이내/건)","기술,경영,서울,부산,대구,인천,전남광주,대전,울산,세종,경기,강원,충북,충남,전북,경북,경남,제주,기술출원,대리비용,임산업체,임업기술,2026,관납료,국내특허,산림형,임업인,혁신제품,실용신안,상표,산림청,한국임업진흥원,지식재산권,디자인,컨설팅,선행기술조사,조사보고서",기술사업화/이전/지도,1925
256,보건복지부,한국보건산업진흥원,기술,2026년 2차 바이오헬스산업 기술평가-사업화 연계 지원사업 참여기관(업) 모집 공고,2026-08-05,2026-08-25,2026-08-07,https://www.bizinfo.go.kr/sii/siia/selectSIIA200Detail.do?pblancId=PBLN_000000000125218,,중소기업,"바이오헬스산업 분야 혁신창업 및 기술사업화 활성화를 위한 「2026년도 바이오헬스산업 기술평가-사업화 연계 지원사업」 참여기관(업)을 다음과 같이 모집 공고합니다. ☞ 의약품, 의료기기 기술을 보유한 대학, 연구기관 및 기업 ☞ 보건의료 연구개발 성과물을 사업화 관점에서 검토하여 기술사업화 전략을 담은 보고서 제공 및 사업화 연계 지원","기술,서울,부산,대구,인천,전남광주,대전,울산,세종,경기,강원,충북,충남,전북,경북,경남,제주,2026,기술사업화,보건의료,의약품,연구개발,바이오헬스,의료기기,한국보건산업진흥원,보건복지부",기술사업화/이전/지도,2866
257,중소벤처기업부,대중소기업농어업협력재단,기타,2026년 민관 공동 전략형 상생협력사업 (창의트랙사업) 추가모집 공고,2026-07-30,2026-08-18,2026-08-07,https://www.bizinfo.go.kr/sii/siia/selectSIIA200Detail.do?pblancId=PBLN_000000000125217,,중소기업,"대ㆍ중소기업ㆍ농어업협력재단(이하 ‘상생협력재단’)은 대ㆍ중소기업 등이 자율적으로 기획한 창의적 상생협력 과제를 지원하기 위해 「2026년도 민관 공동 전략형 상생협력사업(창의트랙사업)」을 다음과 같이 추가 공고하오니 많은 참여 바랍니다. ☞ 출연기업과 공동으로 과제에 참여하는 중소기업(참여기업) ☞ 대ㆍ중소기업 상생협력기금(이하 ‘상생협력기금’)을 활용하여 자율적으로 추진하는 과제 중 창의적이면서 상호 윈윈할 수 있는 상생협력과제 지원 - 지원분야 : 해외진출, 창업기업, 생산성향상, 기술보호, 복리증진 - 과제당 최대 50백만원 ","기타,서울,부산,대구,인천,전남광주,대전,울산,세종,경기,강원,충북,충남,전북,경북,경남,제주,환경변화대응,지식확산,창의트랙사업,민관공동전략형상생협력사업,2026,상생협력기금,대중소기업농어업협력재단,중소벤처기업부,해외진출,창업기업,중소기업,생산성향상,기술보호,복리증진",동반성장,2649
258,인천광역시,인천테크노파크,기술,[인천] 2027년 방산 중소기업 생산성향상 지원사업 수혜기업 모집 공고,2026-08-05,2026-09-04,2026-08-07,https://www.bizinfo.go.kr/sii/siia/selectSIIA200Detail.do?pblancId=PBLN_000000000125216,,중소기업,"(재)인천테크노파크에서는 무기체계 부품 생산기업의 방산 부품 생산능력 향상을 위한 금형 및 생산설비 고도화 지원을 실시하고자 하오니 관심 있는 기업에서는 많은 참여와 신청 바랍니다. ☞ 접수마감일 기준 ① ∼ ④ 모두 충족 ① 소재지 : 인천광역시 내 본사 또는 주사업장 소재 중소법인체 ② 업종 : 방위산업 분야 종사 중소기업 ③ 규모 : 중소기업법에 따른 중소기업(중견기업, 대기업 해당없음) ④ 분야 : 2022년 이후 $50백만 이상 수출 수주 무기체계 관련 부품 생산기업 ☞ (공통) 유형자산 자산취득비 지원 - 금형 고도화 및","기술,인천,2026,무기체계,생산설비,금형,방위산업,방산,인천테크노파크,인천광역시,중소기업,재료비,외주가공비,설계비,설비구축비,수선유지비",기술사업화/이전/지도,2023
259,인천광역시,인천테크노파크,기술,[인천] 2026년 스마트공장 DX견학공장 기업 모집 연장 공고,2026-08-07,2026-08-21,2026-08-07,https://www.bizinfo.go.kr/sii/siia/selectSIIA200Detail.do?pblancId=PBLN_000000000125214,,중소기업,"인천광역시 중소ㆍ중견기업이 견학 및 벤치마킹할 수 있는 모범사례 공장을 지원하는 2026년 인천 스마트공장 DX견학공장 운영 사업의 지원계획을 다음과 같이 공고합니다. ☞ 인천광역시 소재 스마트공장을 도입한 기업 ☞ 견학공장 유지보수 및 기능개선, 운영비 지원 (최대 10,000천원) – 공장 설비ㆍ시스템 유지보수 및 기능개선, 기업 홍보자료 제작 (영상, 전자카달로그 등), 견학 운영에 필요한 기자재 및 다과 – 공장 견학 담당자 인건비(총 사업비의 10% 이내), 교육비 등","기술,경영,인천,DX견학공장,2026,홍보자료,설비,기자재,카탈로그,시스템,영상,인건비,유지보수,인천테크노파크,인천광역시,스마트공장,중견기업,중소기업",기술사업화/이전/지도,1967
260,중소벤처기업부,한국인공지능소프트웨어산업협회,수출,국내 게임산업 해외 진출 아세안 최대규모 2026 Gamescom Asia x Thailand Game Show 전시 공동관 및 현지 네트워킹 행사 참여기업 모집 공고,2026-08-07,2026-08-28,2026-08-07,https://www.bizinfo.go.kr/sii/siia/selectSIIA200Detail.do?pblancId=PBLN_000000000125213,,중소기업,"한국인공지능ㆍ소프트웨어산업협회(KOSA)는 국내 대표 멀티 클라우드 MSP이자 KOSA 해외진출위원장사 메가존클라우드(주)와 함께 국내 게임산업 밸류체인 기업의 태국ㆍ아세안 판로 개척 지원을 위해 「아세안 최대 규모 게임 전시회 2026 Gamescom Asia x Thailand Game Show 및 현지 네트워킹 행사」 참여기업을 모집합니다. 관심기업의 많은 참여 부탁드립니다. ☞ 태국ㆍ아세안 시장 진출 의지가 높은 국내 게임 콘텐츠 및 게임산업 연관 솔루션을 보유한 국내 중소기업 - 모집분야 게임 콘텐츠, 페이먼트, 사이버보안","수출,서울,부산,대구,인천,전남광주,대전,울산,세종,경기,강원,충북,충남,전북,경북,경남,제주,2026,중소벤처기업부,한국인공지능소프트웨어산업협회,대중소기업농어협력재단,태국,아세안,게임전시회,네트워킹,행사,중소기업,게임콘텐츠,게임산업,AI,VR,AR,밋업,사전매칭,클라우드",시장개척,2076
261,중소벤처기업부,한국중소벤처기업유통원,내수,2026년 2차 마케팅 역량강화 매칭 지원사업 참여기업 모집 공고,2026-08-06,2026-08-20,2026-08-07,https://www.bizinfo.go.kr/sii/siia/selectSIIA200Detail.do?pblancId=PBLN_000000000125212,,중소기업,"중소기업의 마케팅 역량 제고 및 경쟁력 강화를 위한「2026년 마케팅 역량강화 매칭 지원사업」참여기업을 다음과 같이 모집하오니 많은 참여바랍니다. ☞ 온라인판로 종합지원, 오프라인 판로지원을 받은 기업 ☞ 플랫폼(롯데온ㆍ지마켓)별 마케팅 역량 컨설팅, 홍보/광고지원, 인증 지원, AI 활용 지원 중 메뉴판 방식으로 선택 지원","내수,서울,부산,대구,인천,전남광주,대전,울산,세종,경기,강원,충북,충남,전북,경북,경남,제주,오프라인 판로,2026,한국중소벤처기업유통원,지마켓,온라인판로,롯데온,중기업,광고,홍보,인증,컨설팅,중소벤처기업부,소기업,마케팅,소상공인",홍보지원,3389
262,중소벤처기업부,한국중소벤처기업유통원,경영,2026년 3차 기술개발제품 시범구매 지원계획 공고,2026-08-06,2026-08-26,2026-08-07,https://www.bizinfo.go.kr/sii/siia/selectSIIA200Detail.do?pblancId=PBLN_000000000125211,,중소기업,"창업기업 등 기술개발제품의 공공판로 개척을 지원하기 위한「2026년 기술개발제품 시범구매 지원계획(3차)」을 다음과 같이 공고하오니 많은 참여 바랍니다. ☞ 설립 7년 이하 「판로지원법」시행령 제13조의2제1항제1호에 따른 중소기업자 - 우선구매 대상 기술개발제품 12종 또는 벤처창업혁신조달상품, 우수발명품, 상생협력제품, 산업융합 신제품 적합성인증제품 중 1개 이상의 인증을 보유한 제품 ※ 자세한 지원대상 공고문 참조 ☞ 구매기관이 적용 받는 법률 또는 규정에 의거하여 시범구매, 공공기관 대상 제품홍보(안내), 교류행사 운영, 정","창업,경영,서울,부산,대구,인천,전남광주,대전,울산,세종,경기,강원,충북,충남,전북,경북,경남,제주,설립 7년 이하,2026,한국중소벤처기업유통원,기술개발제품,공공판로,창업기업,중소벤처기업부,중소기업,시범구매,제품홍보,교류행사,정책연계",디자인/상품화/사업화,2802
263,보건복지부,한국노인인력개발원,인력,2026년 현장실습 훈련(시니어 인턴십) 지원사업 참여 기업 모집 공고(차오름),,,2026-08-07,https://www.bizinfo.go.kr/sii/siia/selectSIIA200Detail.do?pblancId=PBLN_000000000125210,예산 소진시까지,중소기업,"현장실습 훈련(시니어인턴십) 지원사업은 60세 이상자의 고용촉진을 위해 기업에 인건비를 지원하여 계속고용을 유도하는 사업입니다. ☞ 60세 이상인 자를 고용할 의사가 있는 4대보험 가입사업장 중 근로자 보호 규정을 준수하는 기업 ☞ 현장실습훈련 지원금(최대 550만원) - 인턴지원금 : 입사일로부터 3개월 간 1인당 120만원 (월 급여의 50%, 최대 40만원 한도 내)지원 - 채용지원금 : 인턴종료 후 6개월 이상 계속고용 계약 체결 시 3개월 간 1인당 150만원 (월 급여의 50%, 최대 50만원 한도 내)지원 - 장기취업 ","인력,서울,부산,대구,인천,전남광주,대전,울산,세종,경기,강원,충북,충남,전북,경북,경남,제주,2026,60세이상,시니어인턴십,인턴지원금,한국노인인력개발원,현장실습,채용지원금,보건복지부",고용유지,2165
264,조달청,직접수행,내수,2026년 1차 하반기 나라장터 상생세일 참여업체 모집 공고,2026-08-06,2026-09-02,2026-08-07,https://www.bizinfo.go.kr/sii/siia/selectSIIA200Detail.do?pblancId=PBLN_000000000125209,,중소기업,"조달청은 조달 기업의 판로 확대 지원과 내수시장 활성화를 위해 ‘2026 하반기 나라장터 상생세일‘을 개최하오니 많은 참여 바랍니다. ☞ 다수공급자계약(MAS) 품목, 우수조달물품 및 정부조달문화상품 - 나라장터 종합쇼핑몰에서 구매 가능한 제품에 한함 ☞ 할인제품 홍보 및 판매 지원 ※ 자세한 지원내용 공고문 참조","내수,서울,부산,대구,인천,전남광주,대전,울산,세종,경기,강원,충북,충남,전북,경북,경남,제주,2026,상생세일,조달기업,판매,MAS,다수공급자계약,조달청,나라장터,홍보,직접수행,할인제품,우수조달물품,정부조달문화상품",홍보지원,1988
265,산업통상부,국가산업융합센터,경영,2026년 산업융합 혁신품목 및 산업융합 선도기업 선정 계획 공고,2026-08-06,2026-09-02,2026-08-07,https://www.bizinfo.go.kr/sii/siia/selectSIIA200Detail.do?pblancId=PBLN_000000000125208,,중소기업,"「산업융합 선도기업 선정 및 지원에 관한 요령」(산업통상부 고시 제2020-40호) 제5조의 규정에 따라 2026년 산업융합 혁신품목 및 산업융합 선도기업 선정계획을 아래와 같이 공고합니다. ☞ 산업융합 중소중견기업이 개발 및 자체생산하는 도전적ㆍ혁신적 품목(첨단기술융합ㆍ융합성과확산)으로, 융합을 통해 국내외 최초 개발 또는 기존기술을 혁신적으로 개선한 품목 ☞ ‘산업융합 선도기업’으로 선정된 중소ㆍ중견기업의 경쟁력 강화를 위해 필요한 지원시책을 패키지(기술확보, 금융, 컨설팅, 네트워크, 전시회)로 지원 ※ 자세한 지원내용 공고문","기술,경영,서울,부산,대구,인천,전남광주,대전,울산,세종,경기,강원,충북,충남,전북,경북,경남,제주,산업통상부,국가산업융합센터,패키지,2026,산업융합,선도기업,혁신품목,중소기업,중견기업,기술확보,컨설팅,네트워크,전시회",디자인/상품화/사업화,2002
266,경기도,성남산업진흥원,내수,[경기] 성남시 2026년 유관기관 협력 지원(오아시스마켓) 참가기업 모집 공고,2026-08-05,2026-08-20,2026-08-07,https://www.bizinfo.go.kr/sii/siia/selectSIIA200Detail.do?pblancId=PBLN_000000000125206,,중소기업,"성남산업진흥원은 관내 새벽배송 전문기업인 오아시스마켓과 협력하여 관내 중소 제조기업의 판로개척에 도움을 드리고자 합니다. 관심 있는 우리 기업들의 많은 참여를 바랍니다. ☞ 성남 관내 중소 제조기업 - 식품기업(농ㆍ축ㆍ수산물, 가공식품, 간식, 유제품, 건강식품, 양념, 음료 반찬) 생활 및 주방용품 등 ☞ 우수기업 직매입 전환 및 새벽배송 서비스 진행, 오프라인 생협 매장 입점 지원 - 오아시스마켓 온라인 플랫폼 입점 및 성남관 별도 카테고리(성남장터) 상시 운영 지원 - 전단 배너 및 기타 이벤트 배너 홍보, 특별 할인쿠폰 제공","내수,경영,경기,오아시스마켓,성남시,성남산업진흥원,경기도,2026,제조기업,식품기업,농산물,축산물,수산물,가공식품,건강식품,주방용품,새벽배송,매장입점,온라인플랫폼,이벤트배너,홍보,할인쿠폰,전단배너,상담,상품배너,상세페이지",홍보지원,1744
267,경기도,성남산업진흥원,경영,[경기] 성남시 찾아가는 스마트 경영 컨설팅 참가기업 모집 공고(성남 섬유제조 소공인특화지원센터),2026-08-06,2026-10-30,2026-08-07,https://www.bizinfo.go.kr/sii/siia/selectSIIA200Detail.do?pblancId=PBLN_000000000125205,,소상공인,"성남산업진흥원(성남 섬유제조 소공인특화지원센터)에서는 집적지 내 섬유제조 소공인의 성장 촉진 및 경쟁력 강화를 위해 다음과 같이 「찾아가는 스마트 경영 컨설팅」참가기업을 모집하오니 많은 신청 바랍니다. ☞ 성남시 소재 상시 근로자 10인 미만 섬유제조 소공인(C13, C14) ☞ 산업ㆍ기술ㆍ생산ㆍ마케팅 등 경영활동 전분야에서 발생하는 애로요인 해소를 위한 전문가 1:1 현장 방문형 심층 상담 지원 - 지원분야 : 경영, 자금ㆍ융자, 판로수출, 행정사항, 세무ㆍ회계, 기술ㆍ인증, 과제유치, 스마트공정, 기타","경영,경기,2026,경기도,섬유제조,소공인,소상공인,컨설팅,C13,C14,전문가,애로요인,방문형,심층상담,자금,융자,판로수출,행정사항,세무,회계,인증,과제유치,스마트공정,성남산업진흥원",컨설팅,1819
268,경기도,기초자치단체,창업,2026년 하반기 고양 IR데이 참가기업 추가모집 공고,2026-08-05,2026-08-30,2026-08-07,https://www.bizinfo.go.kr/sii/siia/selectSIIA200Detail.do?pblancId=PBLN_000000000125204,,창업벤처,"고양시가 주최하는 「2026 창업오디션, 고양 IR데이」에 우수 창업기업의 참여 기회를 확대하고자 아래와 같이 참가기업을 추가 모집하오니, 많은 관심과 참여를 바랍니다. ☞ 공고일 기준, 고양시 소재 또는 고양시로 1년 이내 이전 예정인 기업 중 업력 7년 이내 창업기업 또는 예비창업자 (설립연월일 : 2019. 8. 5. 이후) ※ 기존 고양 IR데이 프로그램(2021~2025) 신청기업도 재신청 가능 ※ 본사 또는 지사ㆍ지점, 부설연구소, 공장의 사업장 등 이전(신규 설치 포함) ☞ 기업진단 및 투자유치 전략 수립을 위한 1:1","창업,서울,부산,대구,인천,전남광주,대전,울산,세종,경기,강원,충북,충남,전북,경북,경남,제주,IR스토리라인,2026,스피치,창업오디션,IR피칭,투자검토,밋업,기업진단,고양시,IR데이,네트워킹,예비창업자,기초자치단체,창업기업,투자유치,경기도,컨설팅,사업화자금",사업화지원,2161
269,경기도,안양산업진흥원,내수,[경기] 안양시 2026년 안양춤축제 연계 안양 중소기업 홍보관 참가 기업모집 공고,2026-08-06,2026-08-31,2026-08-07,https://www.bizinfo.go.kr/sii/siia/selectSIIA200Detail.do?pblancId=PBLN_000000000125203,,중소기업,2026 안양 춤축제 기간 중 유망 중소기업과 시민의 만남의 장을 마련하기 위해「2026 안양 중소기업 홍보관」을 운영합니다. 우수제품 및 기술을 보유한 유망 중소기업의 많은 참여를 바랍니다. ☞ 안양시에 사업장 또는 공장을 운영하고 있는 중소ㆍ벤처기업 - 소비재를 중심으로 완제품 개발 생산 및 제품 시연 가능 기업 - 스타트기업ㆍ청년예비창업자로 시민들에게 브랜드 및 제품 홍보가 가능한 기업 ☞ 기업홍보 및 제품 현장 판매 지원,"내수,경기,완재품,2026,제품시연,청년예비창업자,브랜드,안양시,안양산업진흥원,예비창업자,제품홍보,벤처기업,경기도,스타트업,중소기업",홍보지원,1803
270,경상남도,기초자치단체,인력,[경남] 거제시 2026년 3차 노동자 휴게시설 지원사업 재공고,2026-08-10,2026-08-28,2026-08-07,https://www.bizinfo.go.kr/sii/siia/selectSIIA200Detail.do?pblancId=PBLN_000000000125202,,중소기업,"「경상남도 노동자 권익 보호 및 증진을 위한 조례」제25조 및 「거제시노동자 권리보호 및 증진을 위한 조례」제9조에 따라 “2026년 노동자 휴게시설 지원사업”을 재공고(3차)합니다. ☞ 상시 근로자 수 50명 미만 관내 사업장 ※ 신청일 이전 달의 고용보험 가입 근로자 수 기준 ☞ 휴게쉼터 신설 및 개보수(공동휴게시설 포함) 개소당 최대 5백만 원 지원 - 편의시설 설치 (냉난방기, 안마의자, 탁자, 정수기 등 휴게쉼터 내 비품 일체) - 감정노동자의 경우, 필요장비(CCTV, 전화녹음기, 격리시설 설치 등)","인력,경영,경남,휴게쉼터,공동휴게시설,2026,냉난방기,편의시설,정수기,비품,휴게시설,개보수,노동자,기초자치단체,경상남도",고용환경개선,1641
271,경기도,경기도경제과학진흥원,창업,2026년 창업혁신공간(동부권) 하남시 스타트업 발굴 및 육성 지원사업 이루다+ 참여기업 모집 공고,2026-07-23,2026-08-17,2026-08-07,https://www.bizinfo.go.kr/sii/siia/selectSIIA200Detail.do?pblancId=PBLN_000000000125201,,창업벤처,"경기도경제과학진흥원은 하남시에서 기술성이 높은 우수 기업을 발굴 및 지원하고자 아래와 같이 2026년 창업혁신공간(동부권) 하남시 스타트업 발굴 및 육성 지원사업 「이루다+」 참가기업을 모집하오니 지원을 희망하는 기업의 많은 관심과 참여를 바랍니다. ☞ 하남시 내 본사를 등록 또는 등록 예정인 7년 이내 기술창업 기업(예비창업자 포함) ※ 등록 예정에 해당하는 기업은 2026.09.30.까지 등록 必 ※ 자세한 지원대상 공고문 참조 ☞ 성장기반구축(맞춤형 컨설팅, 액셀러레이팅, 보육공간 제공), 실전투자연계(단계별 IR 컨설팅, I","기술,창업,서울,부산,대구,인천,전남광주,대전,울산,세종,경기,강원,충북,충남,전북,경북,경남,제주,경기도경제과학진흥원,2026,경기도,하남시,스타트업,이루다+,기술창업,예비창업자,컨설팅,액셀러레이팅,뵤육공간,IR,투자상담회,비즈니스매칭,PoC,미팅,성과공유회",사업화지원,2430
272,과학기술정보통신부,정보통신산업진흥원,경영,2026년 지역SW산업발전 유공자 및 공모전 공고,2026-08-03,2026-09-30,2026-08-07,https://www.bizinfo.go.kr/sii/siia/selectSIIA200Detail.do?pblancId=PBLN_000000000125199,,중소기업,"과학기술정보통신부는 지역SW산업발전에 기여한 유공자 및 지역 SW 사업 우수사례를 선정하여 표창하고자 ‘지역SW산업발전 유공자 및 공모전’을 다음과 같이 공고합니다. ☞ (유공자) 지역SW산업발전을 위한 정책ㆍ산업육성ㆍ기술개발에 기여한 자 ※ 자세한 지원대상 공고문 참조 ☞ 지역SW산업발전 유공자 포상, 지역SW산업발전 우수사례 공모전 시상 지원 ※ 자세한 지원내용 공고문 참조","내수,경영,서울,부산,대구,인천,전남광주,대전,울산,세종,경기,강원,충북,충남,전북,경북,경남,제주,지역SW산업발전,2026,디지털산업,장관상,유공,시상,공모전,유공자,정보통신산업진흥원,과학기술정보통신부,포상",디자인/상품화/사업화,2003
273,대구광역시,경북대학교 첨단정보통신융합산업기술원,기술,[대구] 2026년 3차 BIT융합캠퍼스(의료ㆍ헬스ㆍ바이오) 지원사업 기업 모집 공고,,,2026-08-07,https://www.bizinfo.go.kr/sii/siia/selectSIIA200Detail.do?pblancId=PBLN_000000000125198,세부사업별 상이,중소기업,"경북대학교 첨단정보통신융합산업기술원에서는 대구 앵커 사업 ‘③-2) 기업집적지 현장캠퍼스 운영’ 단위과제 수행과 관련하여 의료ㆍ바이오ㆍ헬스케어 분야 융합 기술ㆍ제품 개발을 지원하고자 지원대상 기업을 모집합니다. ☞ BIT 융합 기반 의료ㆍ바이오ㆍ헬스케어 전분야 대구광역시 소재 기업 ※ 지원분야별 지원대상 상이하므로 자세한 사항 공고문 참조 ☞ BIT융합 프로젝트 랩, 전문시설 활용, 글로벌 의료기기 개발지원 플랫폼 지원 ※ 자세한 지원내용 공고문 참조","기술,대구,글로벌의료기기개발지원,전문시설활용,전문시설,BIT융합기반,2026,경북대학교 첨단정보통신융합산업기술원,BIT,의료,중견,대구광역시,헬스케어,바이오,중소기업,중견기업",시험/인증,1600
274,중소벤처기업부,중소벤처기업진흥공단,수출,2026년 민관협력 K-뷰티 중소벤처기업 일본 데뷔 프로그램 참여기업 모집 공고,2026-08-06,2026-08-21,2026-08-07,https://www.bizinfo.go.kr/sii/siia/selectSIIA200Detail.do?pblancId=PBLN_000000000125197,,중소기업,"국내 K-뷰티 분야 중소벤처기업의 일본 시장 진출 지원을 위한「민관협력 K-뷰티 중소벤처기업 일본 데뷔 프로그램」을 다음과 같이 안내하오니, 관심 있는 기업들의 많은 참여 부탁드립니다. ☞ K-뷰티 분야 영위 일본 수출(예정) 중소벤처기업 - ｢중소기업기본법｣ 제2조에 따른 중소기업 ☞ K-뷰티 주간 연계 전시 홍보부스 제공(10.26-30), 사전 인플루언서 마케팅, 현지 유통, 물류기업 대상 피칭 및 네트워킹 교류회, 일본 법인설립, 계좌개설, 무역거래 등 금융상담 지원","수출,서울,부산,대구,인천,전남광주,대전,울산,세종,경기,강원,충북,충남,전북,경북,경남,제주,2026,금융상담,무역거래,K-뷰티,인플루언서,민관협력,중소벤처기업,중소벤처기업진흥공단,네트워킹,유통,중소벤처기업부,일본,마케팅",해외진출,2336
275,전북특별자치도,전북테크노파크,기술,[전북] 2026년 기후테크 특화 오픈이노베이션 참여기업 추가모집 연장 재공고(기후테크 창업기업 성장지원사업),2026-08-06,2026-08-21,2026-08-07,https://www.bizinfo.go.kr/sii/siia/selectSIIA200Detail.do?pblancId=PBLN_000000000125196,,중소기업,"전북특별자치도 내 기후테크 산업 활성화 및 기업의 신성장 동력 확보를 위하여, 기후테크 창업기업과 앵커기업 간 협업을 통한 기술 실증(PoC) 및 사업화 연계를 지원하는 「2026 기후테크 특화 오픈이노베이션」참여기업을 다음과 같이 추가모집하오니 역량 있는 기업의 많은 참여 바랍니다. ☞ 신청 마감일 기준 아래의 자격을 모두 갖추어야 함(유형1 : 창업기업, 유형2 : 창업기업+앵커기업) - 창업기업 : ① 공고일 기준 창업 7년 이내 ② 기후테크 분야 기술ㆍ제품ㆍ서비스를 보유한 기업, ③ 전북특별자치도 내 사업장(본사, 지사, 연","기술,전북,에코테크,지오테크,카본테크,2026,전북특별자치도,클린테크,앵커기업,기후테크,푸드테크,리사이클,이차전지,오픈이노베이션,PoC,컨소시엄,실증,신재생에너지,창업기업,전북테크노파크,중견기업,중소기업",시험/인증,1897
276,중소벤처기업부,인천창조경제혁신센터,수출,2026년 빅웨이브 글로벌(일본5차)참가기업 모집 공고,2026-08-04,2026-08-21,2026-08-06,https://www.bizinfo.go.kr/sii/siia/selectSIIA200Detail.do?pblancId=PBLN_000000000125195,,창업벤처,"인천창조경제혁신센터에서는 일본진출을 희망하는 기업을 대상으로 빅웨이브 글로벌(일본5차)에 참여할 기업을 모집합니다.일본시장에 관심있고, ILS2026 오픈이노베이션 전시회에 참여할 준비된 기업분들의 많은 참여를 바랍니다. ☞ 공고일 기준 설립 7년이내 전국 우수 스타트업 ※ 초격차분야의 경우 10년차까지 지원 ☞ 국내역량강화, 일본 파트너발굴, 전시회참가 등 - 기업 현황파악, 국내역량강화 및 파트너발굴지원 등 - 현지 비즈니스 매칭, 기업 IR, 네트워킹 등 현지프로그램 제공 - ILS2026 전시회 등록 및 프로그램 참가지원 -","수출,서울,부산,대구,인천,전남광주,대전,울산,세종,경기,강원,충북,충남,전북,경북,경남,제주,2026,중소벤처기업부,인천창조경제혁신센터,빅웨이브,일본,오픈이노베이션,비즈니스매칭,네트워킹,전시회",해외진출,4642
277,충청북도,충청북도기업진흥원,인력,[충북] 2026년 2차 미취업청년 취업연계 일경험 지원사업 참여기업 모집 공고,2026-08-05,2026-09-04,2026-08-06,https://www.bizinfo.go.kr/sii/siia/selectSIIA200Detail.do?pblancId=PBLN_000000000125194,,중소기업,"충청북도와 충북기업진흥원은 미취업 청년에게 전공과 적성을 고려한 일경험 기회를 제공하여 직무 역량을 강화하기 위한「2026년 미취업 청년 취업연계 일경험 지원사업」을 추진하오니 참여 희망 기업의 많은 관심과 참여 바랍니다. ☞ 충북 도내 소재지를 둔 고용보험 피보험자 5인 이상 (소상공인, 중소ㆍ중견기업, 의료기관) ※ 자세한 신청대상 공고문 참조 ☞ 일경험 청년 인건비 월 최대 180만원(3개월) 지원 ※ 사대보험 사업장 부담금, 별도 부대비용 등 제외","금융,인력,충북,2026,직업교육,청년인건비,일경험,취업연계,미취업청년,인턴,의료기관,중견,인건비,충청북도,충청북도기업진흥원,소상공인,중소기업",국내일반인력,3583
278,대전광역시,대전일자리경제진흥원,기술,[대전] 2026년 3차 해외규격인증 획득지원사업 참여기업 모집 공고,,,2026-08-06,https://www.bizinfo.go.kr/sii/siia/selectSIIA200Detail.do?pblancId=PBLN_000000000125190,선착순 접수,중소기업,"대전광역시는 대전 관내에 본사 또는 공장이 소재한 기업을 대상으로 해외시장 진출 확대를 위해 「2026년 해외규격인증 획득지원사업」을 아래와 같이 공고하오니 많은 참여 바랍니다. ☞ 대전 관내 본사 또는 제조시설(공장)을 둔 중소제조기업으로 ‘25년 12월 ~ ’26년 11월 내 인증획득 완료한 기업(신청일 기준 획득 완료, 24년 및 25년 지원받은 기업 제외) ☞ 해외규격인증획득에 직접적으로 소요된 인증비, 시험비, 컨설팅비 등 기업당 최대 14,000천원 한도 지원 - 기업당 최대 3건 인증 지원(지원한도 내)","기술,수출,대전,2026,해외규격인증획득,시험,해외규격인증,대전일자리경제진흥원,중소제조기업,인증,컨설팅,대전광역시,제조업,중소기업",시험/인증,3675
279,경상북도,경상북도경제진흥원,수출,[경북] 영천시 2026년 해외(태국ㆍ말레이시아) 무역사절단 참가기업 추가모집 공고,,,2026-08-06,https://www.bizinfo.go.kr/sii/siia/selectSIIA200Detail.do?pblancId=PBLN_000000000125189,모집 완료시까지,중소기업,"영천시와 경상북도경제진흥원은 영천시 중소기업의 해외 판로 개척을 지원하기 위하여 다음과 같이 무역사절단 파견을 희망하는 중소기업을 모집하오니, 관심 있는 기업들의 많은 참여 바랍니다. ☞ 영천시 소재 제조 중소기업 - (품목) 종합(식품, 화장품, 생활용품, 자동차부품, 산업재 등) ☞ 기업 맞춤형 바이어 발굴 및 상담 지원, 현지 홍보 행사 등 지원 - (수출상담회) 기업별 태국ㆍ말레이시아 현지 바이어 발굴 및 상담, 통역 지원 등 - (홍보판촉전) 현지 바이어 및 고객 대상 홍보ㆍ판촉행사 참가 지원 - (기업지원금) 항공료(1개","수출,경북,2026,산업재,판촉행사,홍보판촉전,숙박비,항공료,말레이시아,무역사절단,자동차부품,생활용품,통역,영천시,인프라,태국,수출상담회,식품,홍보,경상북도경제진흥원,화장품,경상북도,제조업,바이어,중소기업",시장개척,3583
280,경상북도,경상북도경제진흥원,수출,[경북] 김천시 2026년 해외무역사절단 파견 지원 참가기업 모집 공고,2026-08-06,2026-08-24,2026-08-06,https://www.bizinfo.go.kr/sii/siia/selectSIIA200Detail.do?pblancId=PBLN_000000000125188,,중소기업,"김천시와 경상북도경제진흥원에서는 김천시 관내 중소기업을 대상으로 해외 (신)시장 개척 및 글로벌 역량 강화 기회를 제공하고자 ‘2026년 김천시 해외무역사절단’참가기업을 모집하오니 많은 신청 바랍니다. ☞ 김천시 소재 중소기업 - 김천시 소재 중소기업 중 공장등록 기업이거나 제조시설 면적이 500㎡ 미만인 경우 건축물관리대장상 건축물 용도가 ‘공장’ 또는 ‘제조업소’ 인 기업 - 최근 3년 이내(2023 ~ 2025) 직ㆍ간접 수출실적 보유 기업 - 참여품목 : 종합품목(소비재, 기계류, 식품, 화장품, 자동차 부품 등) ☞ 해외무","수출,경북,2026,샘플운송료,왕복항공료,기계류,해외무역사절단,파견,김천시,무역사절단,자동차부품,통역,상담회,식품,경상북도경제진흥원,화장품,경상북도,소비재,바이어,상담,중소기업",시장개척,3473
281,중소벤처기업부,강원테크노파크,경영,[강원] 2026년 하반기 중소기업 밀집지역 위기대응 체계 구축사업 Stand-up 맞춤지원 모집 공고,,,2026-08-06,https://www.bizinfo.go.kr/sii/siia/selectSIIA200Detail.do?pblancId=PBLN_000000000125185,예산 소진시까지,중소기업,"중소벤처기업부와 강원특별자치도가 지원하는 「2026년 중소기업 밀집지역 위기대응 체계 구축사업」 상반기 Stand-up 맞춤지원을 다음과 같이 추진하오니, 참여를 희망하는 해당지역 중소기업들의 많은 신청 바랍니다. ☞ 강원특별자치도 2026년 하반기 Stand-up 맞춤지원 대상 중소기업 밀집지역 소재 중소기업 ☞ 기술지원(기술정보 분석/기술멘토링, 국내외 지재권/인증, 시험 및 성능분석), 사업화 지원(마케팅, 디자인개발, IR자료ㆍ투자계약서 작성, 물류비, 경영 개선 컨설팅) - 기업당 지원한도는 최대 1,000만원까지이며, 지","기술,경영,강원,투자계약서작성,2026,한국테크노파크진흥회,강원특별자치도,기술정보분석,중소기업밀집지역,IR자료,성능분석,물류비,기술멘토링,시험,사업화,지식재산권,강원테크노파크,인증,컨설팅,중소벤처기업부,마케팅,중소기업,디자인개발",디자인/상품화/사업화,3688
282,중소벤처기업부,충남테크노파크,경영,[충남] 예산군 2026년 3차 뿌리산업 고도화를 통한 전후방산업 동반성장 모델 구축 사업 모집 공고(시군구 연고산업 육성사업),2026-08-05,2026-08-25,2026-08-06,https://www.bizinfo.go.kr/sii/siia/selectSIIA200Detail.do?pblancId=PBLN_000000000125183,,중소기업,"2026년도 중소벤처기업부와 충남도 및 예산군이 지원하는 시군구 연고산업 육성사업(부처협업프로젝트) 수행자로 선정된 수행기관별 지원 프로그램을 안내하오니, 해당 프로그램 참여를 희망하는 예산군 지역 중소기업의 많은 신청 바랍니다. ☞ 예산군 지역에 소재한 중소기업으로 예산군 뿌리산업 전ㆍ후방 연관 제품(기술) 분야로 신청 가능 ☞ 사업화(기술지도, 마케팅), 생산 효율화, 외국인 인력채용 지원 - 기업별 총 한도 9천만원 이내에서 지원 ※ 자세한 지원내용 공고문 참조","기술,경영,충남,한국지역특화산업협회,2026,선문대학교,예산군,중소기업기술정보진흥원,중소기업,중소벤처기업부,충남테크노파크,충청남도,사업화,기술지도,마케팅,외국인인력,생산효율화",디자인/상품화/사업화,3387
283,인천광역시,인천상공회의소,내수,[인천] 2026년 공공구매(조달) 상담회 참가기업 모집 공고(지역상품 공공 조달정보 지원사업),2026-08-05,2026-09-14,2026-08-06,https://www.bizinfo.go.kr/sii/siia/selectSIIA200Detail.do?pblancId=PBLN_000000000125182,,중소기업,"인천상공회의소는 인천 관내 기업의 공공조달 시장 진출 및 판로 지원을 위하여 다음과 같이 공공기관과 공급 희망 기업 간 1:1 매칭 상담을 진행하는 ‘2026년 인천지역 공공구매(조달) 상담회'를 붙임과 같이 진행하오니 많은 관심과 참여 바랍니다. ☞ 인천 관내 기업(본사, 공장, 지사 : 사업자등록증 상 주소지 기준) ☞ 구매상담, 정책상담, 실무교육 지원","내수,인천,2026,구매,정책,공공조달,공공구매,상담회,실무교육,인천광역시,인천상공회의소",공공구매,3507
284,해양수산부,수협중앙회,수출,2026년 부산국제수산EXPO(BISFE) 연계 상담회 참가업체 모집 공고,2026-07-29,2026-09-18,2026-08-06,https://www.bizinfo.go.kr/sii/siia/selectSIIA200Detail.do?pblancId=PBLN_000000000125180,,중소기업,"「2026 부산국제수산EXPO(BISFE)」와 연계 추진 예정인 상담회가 ‘26. 11. 4(수) ~ 6(금) 3일간 벡스코(BEXCO)에서 개최됩니다. 2026년 부산국제수산EXPO에서는 해외 각지의 무역지원센터에서 엄선한 해외 수산바이어 약 80개사를 초청하여 실질적인 비즈니스 네트워크 장을 제공합니다. 또한, 무역지원센터 소재 국가 외에도 인근 국가 바이어를 추가 초청하여 귀사의 해외시장 수출 확대 기회가 될 수 있도록 추진할 예정이오니 많은 신청 바랍니다. ☞ 수산식품(냉동ㆍ냉장품, 연제품, 염장품, 가공품 등) 업체 ☞ 1","수출,서울,부산,대구,인천,전남광주,대전,울산,세종,경기,강원,충북,충남,전북,경북,경남,제주,2026,사전매칭,염장품,냉장품,연제품,BISFE,수산업체,냉동,무역상담회,벡스코,가공품,통역,수협중앙회,해양수산부,수산식품,바이어",해외진출,3371
285,부산광역시,부산정보산업진흥원,수출,[부산] 2026년 국제게임전시회 지스타 BTBㆍBTC 부산공동관 참가기업 모집 공고,2026-08-05,2026-08-20,2026-08-06,https://www.bizinfo.go.kr/sii/siia/selectSIIA200Detail.do?pblancId=PBLN_000000000125179,,중소기업,"(재)부산정보산업진흥원에서는 지역 게임콘텐츠 기업의 국내ㆍ외 시장 진출 및 비즈니스 기회 확대를 위해 「지스타 2026 BTBㆍBTC 부산공동관」 참가기업을 다음과 같이 모집합니다. ☞ 사업공고일 기준 부산광역시에 소재한 게임콘텐츠 관련 기업 ☞ (공통) 부산공동관 부스 임차 및 구축, 전력, 인터넷, 테이블 등 기본 부스 비품 지원, 공동관 운영 인력 및 통역(BTB) 지원, 전시자 출입증, 홍보물 제작 지원 - (BTB) BTB 네트워킹 파티 등 참가 지원, 지스타 온라인 비즈매칭 사이트 등록 및 매칭 지원, 바이어 기념품 지원","수출,내수,경영,부산,2026,부산정보산업진흥원,게임콘텐츠,지스타,BTB,BTC,부산공동관,부스,통역,홍보물,부산광역시",해외진출준비,3646
286,과학기술정보통신부,정보통신산업진흥원,수출,2026년 2차 ICT 비즈니스 파트너십(일본) 참가기업 모집 공고,2026-08-05,2026-09-02,2026-08-06,https://www.bizinfo.go.kr/sii/siia/selectSIIA200Detail.do?pblancId=PBLN_000000000125178,,중소기업,"과학기술정보통신부와 정보통신산업진흥원은 정보통신방송융합서비스 분야 중소ㆍ중견기업의 해외 시장진출 및 파트너십 구축을 위해 현지 바이어 발굴 및 매칭, B2B 상담회 개최, 현지 기관 방문 등으로 구성된 2026년 2차 ICT 비즈니스 파트너십을 추진하오니 많은 참여와 관심 부탁드립니다. ☞ 정보통신방송 융합서비스 중소ㆍ중견기업 ※ ICT, AI, 디지털 전분야의 제품 또는 솔루션/서비스 ☞ 파트너십 개최 및 운영, 현지 네트워킹, 통역지원(현지어 또는 영어), 현지 교통지원(공식일정), 참가기업별 1인 출장비용(최대 200만원)","수출,서울,부산,대구,인천,전남광주,대전,울산,세종,경기,강원,충북,충남,전북,경북,경남,제주,2026,정보통신방송융합서비스,정보통신방송,현지교통,출장,통역,솔루션,서비스,중견,ICT,정보통신산업진흥원,과학기술정보통신부,AI,바이어,중소기업,세미나,중견기업,네트워킹,출장비용",시장개척,2545
287,과학기술정보통신부,한국여성과학기술인육성재단,내수,2026년 제26회 올해의 여성과학기술인상 선정계획 공고,2026-07-28,2026-08-31,2026-08-06,https://www.bizinfo.go.kr/sii/siia/selectSIIA200Detail.do?pblancId=PBLN_000000000125177,,중소기업,"우수한 업적으로 과학기술 발전에 공헌한 여성과학기술인을 발굴ㆍ포상하고자 아래와 같이「올해의 여성과학기술인상」 선정계획을 공고하오니 많은 관심과 추천 바랍니다. ☞ 국내 대학, 공공 연구기관, 산업체 등에서 활동하는 한국인 및 한국계 여성과학기술인(진흥부문 후보자는 과학기술분야 비전공자도 포함) ※ 5년 이내 동일 업적으로 국가가 수여하는 타 상이나 포상을 받은 자는 제외 ☞ 과학기술정보통신부 장관 상장 및 상금 각 1천만 원 지원 ※ 자세한 지원내용 공고문 참조","내수,서울,부산,대구,인천,전남광주,대전,울산,세종,경기,강원,충북,충남,전북,경북,경남,제주,한국여성과학기술인육성재단,과학기술정보통신부,2026,여성과학기술인,포상,과학기술,상장,상금",오프라인,1763
288,문화체육관광부,한국콘텐츠진흥원,기술,2026년 문화체육관광 연구개발사업 기술사업화 및 글로벌 전시 참가기업 모집 공고,2026-08-05,2026-08-17,2026-08-06,https://www.bizinfo.go.kr/sii/siia/selectSIIA200Detail.do?pblancId=PBLN_000000000125176,,중소기업,"문화체육관광부와 한국콘텐츠진흥원 부설 한국문화기술기획평가원은 기술사업화 및 글로벌 전시 지원사업을 통해 문화기술 경쟁력 강화 및 해외 진출 기반을 마련하고자 참가기업을 모집하오니 많은 신청 바랍니다. ☞ 우수 R&D 기술을 보유한 중소기업 및 창업기업 - 문화체육관광 분야 연구개발사업(과제) 수행 경험이 있는 중소기업 및 창업기업 - 지원분야 : 문화콘텐츠/저작권/스포츠/관광 ※ 자세한 지원대상 공고문 참조 ☞ 기술사업화 역량진단 및 홍보, 비즈니스 매칭, 해외 전시 참가 지원 - (기술사업화 역량진단 및 홍보) 우수 R&D 기술의","기술,수출,경영,서울,부산,대구,인천,전남광주,대전,울산,세종,경기,강원,충북,충남,전북,경북,경남,제주,2026,소개영상,비즈니스매칭,심천,매칭,해외전시참가,네트워킹,한국콘텐츠진흥원,문화체육관광부,홍보,창업기업,중소기업",기술사업화/이전/지도,2761
289,산업통상부,지능형자동차부품진흥원,기술,[대구] 2026년 모빌리티 부품 제조AI 확산센터 구축 사업 기업지원 수혜기업 모집 통합 공고,2026-07-27,2026-08-17,2026-08-06,https://www.bizinfo.go.kr/sii/siia/selectSIIA200Detail.do?pblancId=PBLN_000000000125175,,중소기업,"2026년 산업통상부가 지원하고 지역기관이 수행하는 기업 제조현장 맞춤형 AI 도입 및 상용화 촉진을 위한 지원프로그램을 안내하오니, 제조현장의 AI 도입 및 활용을 통해 경쟁력 강화를 추진하고자 하는 지역 중소ㆍ중견기업의 많은 신청 바랍니다. ☞ 대구지역 내에 소재한 중소ㆍ중견기업(본사, 공장, 연구소 등 1개 이상)으로 미래 모빌리티 핵심부품 제조업 및 관련 부품군 제조업 또는 미래 모빌리티 부품으로 제조 전환 예정 시 신청 가능 - 지원분야 : 미래 모빌리티 핵심부품 또는 관련 부품군 제조업 분야 ☞ 제조 AI 기술도입을 위한","기술,대구,산업통상부,2026,지능형자동차부품진흥원,한국전자기술연구원,대구경북과학기술원,제조업,중소기업,중견기업,미래모빌리티,미래모빌리티핵심부품,제조AI,차량SW,제조공정혁신,공정",기술사업화/이전/지도,2226
290,울산광역시,울산테크노파크,인력,[울산] 2026년 방폭안전 강화사업 지원기업 모집 추가 공고,2026-08-05,2026-08-21,2026-08-06,https://www.bizinfo.go.kr/sii/siia/selectSIIA200Detail.do?pblancId=PBLN_000000000125174,,중소기업,"2026년도 울산광역시가 지원하는 「2026년 맞춤형 방폭안전관리 역량강화 사업」의 참여기업을 모집합니다. 본 사업은 울산지역 방폭 대상 사업장의 현장 중심 전수조사를 통해 폭발위험요소를 발굴하고, 방폭 안전관리 체계 구축 및 산업현장의 자율적인 안전관리 역량 강화를 지원하기 위한 사업으로, 참여를 희망하는 사업장의 많은 신청 바랍니다. ☞ 울산광역시 소재 PSM(Process Safety Management) 사업장 중 가연성 가스, 인화성 액체 또는 분진을 취급하는 방폭 대상 사업장 ※ PSM : 「산업안전보건법」 제44조에 따","인력,울산,인화성액체,가연성가스,방폭안전관리,PSM,2026,방폭,현장조사,울산테크노파크,울산광역시",작업환경개선,1763
291,경기도,기초자치단체,수출,[경기] 안산시 2026년 해외지사화 지원사업 참가기업 추가모집 공고,2026-08-05,2026-08-31,2026-08-06,https://www.bizinfo.go.kr/sii/siia/selectSIIA200Detail.do?pblancId=PBLN_000000000125173,,중소기업,"안산시에서는 관내 중소기업의 해외시장 판로개척과 수출활성화를 지원하기 위해 「2026년 안산시 해외지사화 지원사업」에 참여할 기업을 아래와 같이 추가모집하오니, 관심 있는 기업의 많은 참여를 바랍니다. ☞ 관내에 본사 또는 공장이 소재한 중소기업으로서, 대한무역투자진흥공사(KOTRA) 등 유관기관이 주관하는 ‘해외지사화사업’에 선정된 중소기업 ※ 공고일 이전인 2026. 1. 1.부터 선정된 기업 포함 ☞ ‘2026년 해외지사화사업’ 참가비 (진입ㆍ발전단계만 지원) 업체당 최대 300만원 이내 지원 - 서비스단계 ‘진입’의 경우 :","수출,경기,2026,해외지사화사업,진입,발전,수출활성화,안산시,판로개척,기초자치단체,경기도,중소기업,참가비",해외진출준비,1939
292,국토교통부,대구테크노파크,기술,2026년 스마트도시 특화단지 조성사업 스마트도시 알파-부스트 지원사업 추가모집 공고,2026-08-06,2026-08-26,2026-08-06,https://www.bizinfo.go.kr/sii/siia/selectSIIA200Detail.do?pblancId=PBLN_000000000125170,,중소기업,"AI+α 기술로 도시를 혁신하고 어반테크기업 성장을 지원하는 미래형 실증도시 모델 구축을 위하여 국토교통부와 대구광역시에서 추진하는「스마트도시 특화단지 조성사업」의 2026년 스마트도시「알파-부스트」지원사업을 다음과 같이 공고합니다. ☞ 스마트도시 서비스 및 개발 역량을 보유한 국내 법인사업자 - 지원분야 : 스마트인프라(AI 컴퓨팅, 데이터허브, 5G, IoT 등)를 활용한 도시서비스 및 공공서비스(로봇 / 모빌리티 / 지능형 관제 / 안전 서비스 및 솔루션 등) ☞ 기업 성장단계와 기업활동 전반(상용화, 실증, 마케팅)에 걸친 ","기술,서울,부산,대구,인천,전남광주,대전,울산,세종,경기,강원,충북,충남,전북,경북,경남,제주,알파-부스트,스마트인프라,도시서비스,2026,스마트도시,공공서비스,대구테크노파크,국토교통부,대구광역시",기술사업화/이전/지도,2336
293,강원특별자치도,강원지방중소벤처기업청,수출,[강원] 2026년 비관세장벽 대응 지원사업(미국FDA 식품등록) 참여기업 모집 공고,2026-08-05,2026-08-21,2026-08-06,https://www.bizinfo.go.kr/sii/siia/selectSIIA200Detail.do?pblancId=PBLN_000000000125168,,중소기업,"강원지역 우수 식품기업의 미국 시장 진출을 지원하기 위한 「2026년 강원지역 비관세장벽 대응 지원사업(미국 FDA 식품등록)」 참여기업을 다음과 같이 모집 공고합니다. ☞ 강원특별자치도 소재(본사 등록) 식품 제조 중소벤처기업 - (공통) 국내 식약처 등록완료 및 판매 중인 제품(등록 예정은 불가) - (미국 FDA 식품시설등록) 제품 등록의 경우 제조사의 시설등록 정보 제공 가능자 ※ (참가제한) ① 전년도(2025년) 수출실적 1,000만불 이상 기업 / ② 동일품목ㆍ동일인증에 대하여 타기관에서 지원 받은 기업 ☞ 미국 FDA","수출,경영,강원,비관세장벽대응,식품등록,2026,강원특별자치도,강원지방중소벤처기업청,미국,식품제조,FDA,한국화학융합시험연구원,중소벤처기업,제조",해외진출,1858
294,중소벤처기업부,경북테크노파크,기술,[경북] 연구장비 활용 수수료 지원사업 수혜기업 모집 공고(경북산업기술단지 거점기능강화사업),2026-08-06,2026-08-21,2026-08-06,https://www.bizinfo.go.kr/sii/siia/selectSIIA200Detail.do?pblancId=PBLN_000000000125167,,중소기업,"중소벤처기업부, 경상북도, 경북테크노파크에서는 지역기업의 경쟁력 강화 및 지역 내 연구장비 활용도 제고를 위해 다음과 같이 “경상북도 연구장비 활용 수수료지원사업”을 공고하오니 많은 관심과 참여바랍니다. ☞ 경상북도 소재 중소벤처기업 ① 본사(또는 공장, 연구소)가 경상북도에 소재하면서 다음 사항 중 하나 이상에 해당하는 기업 ※ 「중소기업기본법」 에 따른 중소기업에 해당하는 기업 ※ 벤처기업 육성에 관한 특별조치법 제2조의 2 「벤처기업 요건」에 해당하는 기업 ② 제품ㆍ기술 개발을 목적으로 연구 장비를 활용하는 기업 ③ 경상북도 ","기술,경북,2026,경상북도,경북테크노파크,중소기업,중소벤처기업,연구장비,수수료,연구장비활용수수료,중소벤처기업부",기술인력/장비지원,1778
295,중소벤처기업부,한국중소벤처기업유통원,내수,2026년 디지털커머스 전문기관(소담스퀘어 in 경북) 모집 공고,2026-08-05,2026-10-30,2026-08-06,https://www.bizinfo.go.kr/sii/siia/selectSIIA200Detail.do?pblancId=PBLN_000000000125166,,소상공인,"소상공인 디지털 콘텐츠 제작 및 온라인시장 진출을 위해 필요한 장비ㆍ시설을 구축하고 전문인력, 사업지원 등을 통한 소상공인 디지털 전환 촉진을 위한 사업입니다. ☞ 디지털커머스 역량강화를 필요로 하는「소상공인기본법」제2조에 따른 소상공인 ☞ AI플랫폼 활용 디지털 커머스 역량강화 교육 및 컨설팅 - AI플랫폼 활용 홍보 및 광고 콘텐츠 제작 실습 - 디지털커머스 전환 및 역량강화를 위한 정책연계 컨설팅 - 온라인 유통 플랫폼 입점지원(별도 사업 연계지원)","내수,경영,서울,부산,대구,인천,전남광주,대전,울산,세종,경기,강원,충북,충남,전북,경북,경남,제주,2026,한국중소벤처기업유통원,AI플랫폼,디지털커머스,디지털콘텐츠,디지털,중소벤처기업부,경상북도,소상공인,컨설팅,콘텐츠제작실습,입점지원",홍보지원,1908
296,중소벤처기업부,소상공인시장진흥공단,수출,2026년 해외 온라인 플랫폼 입점지원 사업 참여 소상공인 모집 공고,2026-08-04,2026-08-18,2026-08-06,https://www.bizinfo.go.kr/sii/siia/selectSIIA200Detail.do?pblancId=PBLN_000000000125162,,소상공인,"해외 온라인 플랫폼 진출을 희망하는 소상공인의 플랫폼 입점을 지원하는 ’26년「해외 온라인 플랫폼 입점지원」사업 참여 소상공인을 모집합니다. ☞ 신청일 기준 정상 영업 중인 「소상공인 기본법」 제2조에 따른 소상공인으로 해외 온라인 플랫폼에 미 입점한 업체 ☞ 해외 온라인 플랫폼 진출 및 수출 기반 마련을 위한 4가지 항목 지원 - (필수) 입점지원 - (선택) 콘텐츠 제작, 컨설팅, 특허ㆍ지재권","수출,경영,서울,부산,대구,인천,전남광주,대전,울산,세종,경기,강원,충북,충남,전북,경북,경남,제주,츨랫폼,2026,입점지원,입점,소상공인시장진흥공단,지식재산권,지재권,컨설팅,중소벤처기업부,콘텐츠,해외,특허,소상공인,온라인",해외진출,4373
297,산업통상부,DYETEC연구원,경영,패션 브랜드 협업활성화 원단지원 기업 모집 공고(원단 제공기업 대상 디자인 협업 및 홍보ㆍ마케팅 지원),2026-08-05,2026-08-21,2026-08-06,https://www.bizinfo.go.kr/sii/siia/selectSIIA200Detail.do?pblancId=PBLN_000000000125161,,중소기업,다이텍연구원 미래의류연구소에서는 섬유소재기업과 패션기업의 동반성장과 디자이너의 창작활동을 지원하기 위한 작업 공간을 구축하고 있습니다. 이에 디자인 개발과 샘플 제작용 원단을 확보하고 참여기업의 소재 홍보ㆍ마케팅을 지원하고자 소재지원 기업을 모집하오니 많은 관심과 참여를 바랍니다. ☞ 패션 브랜드 및 디자이너의 디자인 개발 및 샘플 제작에 활용할 원단을 제공할 수 있는 국내 섬유ㆍ의류 소재기업 - 디자이너 및 패션 브랜드와의 협업을 통해 자사 원단과 소재의 홍보를 희망하는 기업 ☞ 패션 브랜드 및 디자이너의 창작활동에 활용할 원단 ,"경영,서울,부산,대구,인천,전남광주,대전,울산,세종,경기,강원,충북,충남,전북,경북,경남,제주,2026,DYETEC연구원,산업통상부,패션기업,디자이너,홍보,마케팅,원단,정보공유,협업참여,패션브랜드",디자인/상품화/사업화,1737
298,경상북도,경상북도경제진흥원,수출,[경북] 2026년 우수 수산물 육성사업 대만 해외시장개척단 참가기업 추가 모집 공고,2026-08-07,2026-08-20,2026-08-06,https://www.bizinfo.go.kr/sii/siia/selectSIIA200Detail.do?pblancId=PBLN_000000000125160,,중소기업,"경상북도와 (재)경상북도경제진흥원에서는 경북도내 수산기업을 대상으로 해외 신규시장 개척 및 수출증대를 위해 「경북 우수 수산물 육성사업 대만 해외시장개척단」 참가기업을 다음과 같이 모집하오니 많은 관심 바랍니다. ☞ 경상북도 수산물 생산 및 가공기업 ☞ 행사장 구성(상담회, 판촉홍보전), 바이어 섭외 및 1:1 상담, 물류지원 등, 통역사 지원(1기업당 1인), 현지 이동수단(단체) 지원","수출,경북,판촉홍보,2026,해외시장개척단,수산기업,대만,상담회,경상북도경제진흥원,경상북도,바이어,물류지원,통역사,이동수단",시장개척,1476
299,전북특별자치도,전북지식재산센터,수출,[전북] 2026년 5차 글로벌 IP스타기업 육성 해외출원비용지원사업 모집 공고,2026-08-03,2026-08-18,2026-08-06,https://www.bizinfo.go.kr/sii/siia/selectSIIA200Detail.do?pblancId=PBLN_000000000125159,,중소기업,"2026년도 글로벌 IP스타기업 육성 해외출원비용 지원사업을 다음과 같이 공고하오니, 동 사업에 참여를 원하는 기업은 신청하여 주시기 바랍니다. ☞ 전북 글로벌 IP스타기업 ☞ 해외 특허, 상표, 디자인 출원에 소요되는 비용 중 일부를 지원하며, 전북지식재산센터 컨설턴트의 컨설팅 병행 지원 ※ 개별국 직접출원, PCT출원(국제/국내단계), 마드리드 국제상표출원, 헤이그 국제디자인출원 등 해외에서 권리 획득을 위한 모든 산업재산권 출원 가능","기술,수출,경영,전북,특수국,글로벌 IP스타기업,디자인 출원,글로벌 IP,해외 특허,2026,전북특별자치도,개별국,IP스타기업,전북지식재산센터,해외출원비용,PCT,미국,상표,디자인,전북테크노파크,컨설팅,중국,일본,유럽,특허",해외진출준비,1700
300,전북특별자치도,한국식품산업클러스터진흥원,경영,[전북] 2026년 2차 기능성식품 규제자유특구 규제자유특구혁신사업육성 사업화지원 사업 모집 공고,2026-08-04,2026-08-18,2026-08-06,https://www.bizinfo.go.kr/sii/siia/selectSIIA200Detail.do?pblancId=PBLN_000000000125158,,중소기업,"한국식품산업클러스터진흥원은「식품산업진흥법」제12조의2에 따라 국가식품클러스터의 육성ㆍ관리와 농림축산식품부 장관이 위탁하는 사업 등을 효율적으로 지원하기 위하여 설립된 농림축산식품부 산하 공공기관입니다. 우리 진흥원은 전북 기능성식품 규제자유특구 사업자의 성공적인 시장 안착 및 판로 확대를 지원하고자「2026년 규제자유특구혁신사업육성 사업화지원 사업」을 다음과 같이 공고하오니, 특구 사업자들의 많은 참여 바랍니다. ☞ 전북 기능성식품 규제자유특구 사업자 ☞ 기술지원 및 사업화 지원 - (기술 지원) 시험ㆍ분석, 현장애로 기술지도 - ","기술,경영,전북,2026,한국식품산업클러스터진흥원,전북특별자치도,기능성식품,규제자유특구,시험,분석,현장애로,기술지도,디자인,홍보물,사업화전략,전시회,박람회",디자인/상품화/사업화,1694
301,인천광역시,기초자치단체,내수,[인천] 제물포구 2026년 하반기 착한가격업소 신규 지정 모집 공고,2026-08-05,2026-09-04,2026-08-06,https://www.bizinfo.go.kr/sii/siia/selectSIIA200Detail.do?pblancId=PBLN_000000000125157,,소상공인,"우리 구에서는 지역의 동일 업종 평균가격에 비하여 저렴한 가격으로 친절하고 품질 높은 서비스를 제공해 물가안정에 기여하고 있는 착한가격업소를 선정하고자 합니다. 아래와 같이 착한가격업소를 모집하오니 많은 신청 바랍니다. ☞ 인천광역시 제물포구에 사업장을 둔 개인서비스요금에 해당하는 품목 관련 업종에 대해 자영업자, 개인사업자가 운영하는 업소 중 물가안정에 기여해 온 개인서비스업종 ☞ 착한가격업소 표찰, 업소별 인센티브, 인천광역시 제물포구청 홈페이지, SNS 등을 통한 업소 홍보 등","내수,경영,인천,2026,인천광역시,기초자치단체,착한가격업소,제물포구,자영업자,표찰,인센티브,SNS,업소홍보",홍보지원,1440
302,과학기술정보통신부,대구테크노파크,창업,2026년 로봇 기반 공간컴퓨팅 창업지원 예비창업자(팀) 모집 추가공고,2026-08-04,2026-08-19,2026-08-06,https://www.bizinfo.go.kr/sii/siia/selectSIIA200Detail.do?pblancId=PBLN_000000000125156,,창업벤처,"과학기술정보통신부와 대구광역시가 지원하는「2026년 로봇기반 공간컴퓨팅 창업지원사업」의 예비창업(팀) 지원을 위한 과제를 수행할 예비창업자를 다음과 같이 모집하고자 하오니, 많은 신청 바랍니다. ☞ AIㆍ공간컴퓨팅, 로봇, XR 등 공간 기반 SW 개발 분야 ※ 산업여건 및 수요를 고려하여, SW기반 HW 융합 분야까지 확대 - 예비창업팀 : 공고일 기준 신청자 명의의 사업자등록 또는 법인 설립 등기가 없는 자들로 구성된 예비 창업팀(1명 이상) ☞ 개발 및 사업화 비용, 인건비 지원 ※ 자세한 지원내용 공고문 참조","기술,창업,서울,부산,대구,인천,전남광주,대전,울산,세종,경기,강원,충북,충남,전북,경북,경남,제주,로봇기반,2026,공간컴퓨팅,대구테크노파크,XR,SW,인건비,로봇,지식재산권,기술이전,시제품제작,과학기술정보통신부,예비창업,AI",예비창업자지원,2517
303,경기도,한국산업기술보호협회,경영,[경기] 성남시 2026년 산업기술보호 컨설팅 지원사업 모집 공고,,,2026-08-06,https://www.bizinfo.go.kr/sii/siia/selectSIIA200Detail.do?pblancId=PBLN_000000000125154,예산 소진시까지,중소기업,"성남시ㆍ성남산업진흥원ㆍ한국산업기술보호협회는 성남시 중소ㆍ중견기업, 대학교 연구소의 기술유출 방지 및 보안역량 강화를 위한 「2026년 성남시 산업기술보호 컨설팅」지원 사업을 다음과 같이 공고합니다. ☞ 성남시 중소ㆍ중견기업 ☞ 보안관리체계 전반 진단 및 개선방안 컨설팅, 정보시스템 취약점 점검 및 조치 지원(솔루션 제공), 성남시 산업기술보호 협의체 구성원 자격 부여 등 지원","기술,경영,경기,산업기술보호컨설팅,보안관리체계,2026,산업기술보호,한국산업기술보호협회,중견,성남시,성남산업진흥원,경기도,컨설팅,중소기업",컨설팅,1563
304,대전광역시,나노종합기술원,창업,2026년 딥테크 창업기업 기술지원사업 LAB TO CITY (L2C)ㆍ반도체 공고,2026-08-07,2026-08-20,2026-08-06,https://www.bizinfo.go.kr/sii/siia/selectSIIA200Detail.do?pblancId=PBLN_000000000125151,,창업벤처,"대전창조경제혁신센터와 나노종합기술원은 창업기업의 기술 사업화 역량을 강화하고 성장 지원을 위해 2026년 「딥테크 창업기업 지술지원사업, LAB TO CITY(L2C)ㆍ반도체」를 공고하오니 많은 관심과 참여를 바랍니다. ☞ 대전광역시 내 사업장을 보유하며, 사업자등록증 기준 창업일로부터 7년 이내 나노ㆍ소재ㆍ반도체ㆍ바이오ㆍICT 융합 분야 창업기업 ☞ 나노종합기술원 신뢰성 및 분석 장비 사용료 지원(2,000만원) - 분석 결과 기술 컨설팅 (전담 연구원 매칭) 지원","창업,대전,2026,나노종합기술원,대전창조경제혁신센터,대전광역시,창업기업,중소기업,딥테크,나노,소재,반도체,바이오,ICT,분석장비,사용료,기술컨설팅,연구원매칭",사업화지원,2117
305,전북특별자치도,전북바이오융합산업진흥원,내수,제24회 전주국제발효식품엑스포 참가기업 추가모집 공고,2026-08-03,2026-08-21,2026-08-06,https://www.bizinfo.go.kr/sii/siia/selectSIIA200Detail.do?pblancId=PBLN_000000000125150,,중소기업,"전북바이오융합산업진흥원에서는 전북특별자치도와 전주시지원으로 제24회 전주국제발효식품엑스포 개최에 따른 국내 우수 발효식품기업 및 관련 기관의 참가를 통해 기업홍보 및 제품판로개척 등 기회의 장을 만들고자 아래와 같이 참가기업 및 관련 기관을 모집하오니, 많은 참여 바랍니다. ☞ 발효식품 및 발효관련 제품을 제조 생산하는 기업 및 기관 - 전시품목 : 발효식품, 식음료, 기타(연구소, 기관, 사업단 등) ☞ 기업홍보 및 제품판로개척 등 지원","내수,서울,부산,대구,인천,전남광주,대전,울산,세종,경기,강원,충북,충남,전북,경북,경남,제주,2026,전북바이오융합산업진흥원,전북특별자치도,전주국제발효식품엑스포,발효식품기업,기업홍보,제품판로개척,식음료,발효식품",홍보지원,1706
306,경상북도,경상북도경제진흥원,경영,[경북] 2026년 경북세일페스타 유통사 입점 마케팅 데이 참여기업 모집 공고,,,2026-08-06,https://www.bizinfo.go.kr/sii/siia/selectSIIA200Detail.do?pblancId=PBLN_000000000125149,선착순 접수,중소기업,"경상북도경제진흥원에서 중소기업ㆍ소상공인을 대상으로 평소 미팅이 어려웠던 온라인 유통 MD를 1:1 전문가 상담을 지원하고자 「2026년 경북세일페스타 유통사 입점 마케팅 데이 참여기업 모집」을 실시합니다. 많은 관심과 참여 바랍니다. ☞ 경상북도 소재 중소기업ㆍ소상공인 ☞ 구매상담ㆍ전문가 상담ㆍ상품 전시, 현장 상담 멘토 등 지원 ※ 자세한 지원내용 공고문 참조","경영,경북,2026,경상북도,경상북도경제진흥원,중소기업,소상공인,입점,마케팅데이,구매상담,멘토,상품전시,현장상담,MD",컨설팅,1536
307,산업통상부,대한무역투자진흥공사,수출,2026년 북미 자동차 부품 전략 상담회 참가기업 모집 공고,2026-08-05,2026-08-28,2026-08-06,https://www.bizinfo.go.kr/sii/siia/selectSIIA200Detail.do?pblancId=PBLN_000000000125148,,중소기업,"북미 내 보호무역주의 확산과 부품 현지화 요구를 공급망 재편 과정에서 발생하는 대체 수요 확보의 기회로 활용하여 현지 주요 OEM 및 Tier-1 공급망에 대한 선제적 진입을 지원하기 위해 「2026 북미 자동차 부품 전략 상담회」을 추진합니다. 다가오는 10월 13일, 미국 디트로이트에서 개최되는 동 행사에 참여를 희망하는 기업을 아래와 같이 모집하오니 많은 관심과 참여 바랍니다. ☞ 국내 자동차부품ㆍ이차전지 소부장 기업 - KOTRA 기업회원 중 북미 바이어(OEM, Tier-1) 수요 대응 가능한 국내 자동차 부품사 ☞ 북미 ","수출,서울,부산,대구,인천,전남광주,대전,울산,세종,경기,강원,충북,충남,전북,경북,경남,제주,산업통상부,2026,소부장기업,디트로이트,이차전지,자동차부품,북미,모빌리티,대한무역투자진흥공사,상담회,세미나",시장개척,1638
308,인천광역시,기초자치단체,경영,[인천] 계양구 2026년 하반기 착한가격업소 신규지정 모집 공고,2026-08-03,2026-09-04,2026-08-06,https://www.bizinfo.go.kr/sii/siia/selectSIIA200Detail.do?pblancId=PBLN_000000000125147,,소상공인,"저렴한 가격과 양질의 서비스로 지역물가안정에 기여할 착한가격업소를 지정하고자 하오니 희망하는 업소의 많은 신청 바랍니다. ☞ 계양구 소재 외식업, 이ㆍ미용업, 목욕업, 세탁업 등 개인(법인)서비스 업소 ☞ 착한가격업소 인증 표찰 및 착한가격메뉴판 지원, 업소별 인센티브 지원(종량제봉투, 소모품 등), 계양구 홈페이지, SNS 등을 통한 홍보 지원","내수,경영,인천,2026,표찰,이용업,미용업,목욕업,착한가격업소,계양구,외식업,지정,숙박업,인센티브,홍보,기초자치단체,인증,인천광역시",디자인/상품화/사업화,1365
309,산업통상부,대한무역투자진흥공사,창업,2026년 ILS(Innovation Leaders Summit) 연계 한일 오픈이노베이션 참가기업 모집 공고,2026-08-05,2026-08-19,2026-08-06,https://www.bizinfo.go.kr/sii/siia/selectSIIA200Detail.do?pblancId=PBLN_000000000125146,,창업벤처,"KOTRA 도쿄무역관에서는 일본 경제산업성(METI)이 후원하는 아시아 최대 규모 오픈이노베이션 행사 'Innovation Leaders Summit(ILS) 2026'과 연계하여 일본 대기업ㆍVCㆍCVC와의 협업ㆍ투자 매칭 프로그램을 개최하오니 관심 있는 국내 스타트업의 많은 신청 바랍니다. ☞ 국내 유망 스타트업 - 모집분야 : 재생에너지ㆍ탈탄소ㆍGXㆍ탄소중립ㆍSDGs, 고기능 소재, 배터리ㆍ에너지저장ㆍ수소ㆍ바이오매스 등 ※ 자세한 지원대상 공고문 참조 ☞ ILS 공식 참가, 파워 매칭, 통역, 사전 컨설팅, 네트워킹, 사후, ","창업,서울,부산,대구,인천,전남광주,대전,울산,세종,경기,강원,충북,충남,전북,경북,경남,제주,ILS,매칭프로그램,산업통상부,2026,바이오매스,GX,매칭,탄소중립,재생에너지,오픈이노베이션,투자연계,통역,배터리,대한무역투자진흥공사,네트워킹,컨설팅,스타트업,인천창조경제혁신센터,KT,연구개발특구진흥재단",사업화지원,2006
310,인천광역시,기초자치단체,경영,[인천] 미추홀구 2026년 하반기 착한가격업소 신규 모집 공고,2026-08-03,2026-09-04,2026-08-06,https://www.bizinfo.go.kr/sii/siia/selectSIIA200Detail.do?pblancId=PBLN_000000000125145,,소상공인,"우리 구에서는 지역 물가안정에 기여해 온 업소를 착한가격업소로 지정하여 지원 하고자 다음과 같이 신규 지정 신청 공고합니다. ☞ 개인사업자, 법인으로서 서민생활과 밀접한 개인서비스요금(통계청 분류)에 해당하는 업종에 대해 시민에게 직접 소매 단위로 물품ㆍ서비스 등의 판매행위를 하는 업소 (예: 외식업, 이ㆍ미용업, 목욕업, 숙박업 등) ☞ 미추홀구 홈페이지에 착한가격업소 소개 및 홍보지원, 착한가격업소 인증 표찰 제작 지원, 식재료, 소모품 등 인센티브 지원","내수,경영,인천,2026,표찰,이용업,미용업,목욕업,착한가격업소,미추홀구,외식업,지정,숙박업,인센티브,홍보,기초자치단체,인증,인천광역시",디자인/상품화/사업화,1431
311,경기도,경기산학융합원,인력,[경기] 2026년 에너지기술공유대학(ETU) 산업체 연계 인턴십 참여기업 모집 공고,,,2026-08-06,https://www.bizinfo.go.kr/sii/siia/selectSIIA200Detail.do?pblancId=PBLN_000000000125144,예산 소진시까지,중소기업,"2026년도 「에너지기술공유대학(ETU) 사업」 산업체 연계 인턴십 참여기업 모집을 다음과 같이 공고하오니 참여를 희망하는 기업 및 기관은 신청하여 주시기 바랍니다. ☞ 경기도 내 사업장(본사 또는 공장)이 있는 에너지 관련 기업 및 대학ㆍ연구기관 ※ 에너지기술공유대학 핵심 분야(전력계통, 전력변환, 태양광, 섹터커플링, 탄소중립, 수요관리)와 관련된 기술을 활용하거나 에너지 분야 사업을 영위하는 기업ㆍ기관 ☞ 인턴 인건비 지원(기업당 1,000,000원)","인력,경기,수요관리,2026,에너지기술공유대학,전력변환,전력계통,섹터커플링,경기산학융합원,인턴십,탄소중립,태양광,인건비,경기도",고용유지,1465
312,전북특별자치도,전북특별자치도경제통상진흥원,내수,[전북] 전북사회적경제혁신타운 생생마을 한가위 큰장터 참여업체 모집 공고,2026-08-03,2026-08-17,2026-08-05,https://www.bizinfo.go.kr/sii/siia/selectSIIA200Detail.do?pblancId=PBLN_000000000125143,,사회적기업,"전북특별자치도경제통상진흥원에서 전북특별자치도 생생마을 한가위 큰장터에 참여할 업체를 첨부와 같이 모집하니 본 사업에 참여를 희망하고자 하는 업체들의 많은 신청 바랍니다. ☞ 도내 사회적경제기업 - 참가품목 : 한가위에 관련된 제품(과일, 곡물 등) ☞ 행사 판매실적의 20% 범위 내 프로모션(업체당 일 최대 50만원), 판매부스 운영 비품 및 식비 등","내수,경영,전북,2026,전북특별자치도경제통상진흥원,전북특별자치도,한가위,큰장터,과일,곡물,판매부스",오프라인,4026
313,전남광주통합특별시,광주광역시관광공사,경영,[전남광주] 2026년 무등포레스트 상품화 참여기업 모집 공고(남부권 광역관광개발 사업),2026-08-03,2026-08-23,2026-08-05,https://www.bizinfo.go.kr/sii/siia/selectSIIA200Detail.do?pblancId=PBLN_000000000125141,,중소기업,"전남광주통합특별시와 광주관광공사가 남부권 광역관광개발 사업의 일환으로 추진 중인「2026 무등포레스트 상품화」참여기업 모집을 다음과 같이 공고합니다. ☞ 전남광주통합특별시 동구ㆍ북구ㆍ서구 및 화순군ㆍ담양군 소재 숙박ㆍ식음ㆍ체험기업 ☞ 광주ㆍ전남 숙박ㆍ식음ㆍ체험기업 연계 관광상품 개발 및 상품화 지원 - OTAㆍ여행사 연계 프로모션, 맞춤형 교육 및 컨설팅, 홍보물 및 운영물품 지원, 브랜드 공동홍보, 거버넌스 운영 지원","경영,전남광주,2026,광주광역시관광공사,화순군,담양군,동구,북구,서구,무등포레스트,숙박,식음,체험,관광상품,전남광주통합특별시",디자인/상품화/사업화,3664
314,산업통상부,한일산업기술협력재단,수출,2026년 한일 IT기업교류회(오키나와 나하) 참가기업 모집 공고,2026-08-05,2026-08-19,2026-08-05,https://www.bizinfo.go.kr/sii/siia/selectSIIA200Detail.do?pblancId=PBLN_000000000125140,,중소기업,"거대한 내수시장과 자본력을 갖춘 일본 시장 진출을 희망하는 우수한 기술의 한국기업에 일본시장 정보제공 및 협력네트워크 구축을 통한 진출 지원을 해드리는 사업입니다. ☞ 한국 IT 기업(AI, ICT, IoT 등) ☞ 일본현지 숙박비(1인 1실, 조식 포함), 참가 일본기업 모집 등, 일본현지 단체 이동비(버스), 교류회 비용, 통역 비용 지원","수출,서울,부산,대구,인천,전남광주,대전,울산,세종,경기,강원,충북,충남,전북,경북,경남,제주,산업통상부,2026,이동비,기업교류회,IT기업,숙박비,IoT,통역,일본시장,한일산업기술협력재단,ICT,AI,일본,오키나와,나하",시장개척,4233
315,대전광역시,대전테크노파크,기술,[대전] 2026년 하반기 중소기업 밀집지역 위기대응 체계 구축사업 Stand-up 맞춤지원 모집 공고,2026-08-04,2026-08-19,2026-08-05,https://www.bizinfo.go.kr/sii/siia/selectSIIA200Detail.do?pblancId=PBLN_000000000125138,,중소기업,"중소벤처기업부와 대전광역시가 지원하는 「2026년 중소기업 밀집지역 위기대응 체계 구축사업」 하반기 Stand-up 맞춤지원을 다음과 같이 추진하오니, 참여를 희망하는 해당지역 중소기업들의 많은 신청 바랍니다. ☞ 대전광역시 2026년 하반기 Stand-up 맞춤지원 대상 중소기업 밀집지역 소재 중소기업(사업자등록증상 소재지 기준) ☞ 대전광역시 내 중소기업 밀집지역 상시 모니터링 및 긴급처방 지원(Stand-up 맞춤지원) - Tech-UP (기술지원) : 기술정보 분석 지원/기술 멘토링, 국내외 지재권/인증 지원, 시험 및 성능","기술,경영,대전,2026,대전광역시,대전테크노파크,중소기업,밀집지역,모니터링,분석지원,기술멘토링,지재권,인증,시험,성능분석,마케팅,디자인개발,IR자료,투자계약서작성,물류비,컨설팅",기술사업화/이전/지도,3911
316,산업통상부,한국산업기술시험원,기술,2026년 글로벌 진출 스마트 휴머니제이션 사업 공고,2026-07-29,2026-08-18,2026-08-05,https://www.bizinfo.go.kr/sii/siia/selectSIIA200Detail.do?pblancId=PBLN_000000000125137,,중소기업,"바이오글로벌 사업화지원센터에서는 2026년도 산업통상부 「글로벌 진출 스마트 휴머니제이션 제품 AI기반 맞춤형 지원체계 구축」의 일환으로 기업지원 프로그램을 안내하오니, 해당 프로그램 참여를 희망하는 기업의 많은 신 청 바랍니다. ☞ AI 기반의 기술 혁신을 활용한 제품 고도화를 통해 첨단 바이오소재 및 디지털헬스 제품 개발 기업 ☞ 제품 고도화(AI 성능 시험, 시제품 개발 및 고도화), 인허가 및 실증(소재ㆍ제품 사전 성능 및 안전성 검증 등), 해외인증 및 사업화(인공지능 경영시스템 구축, 국내 전시회 등) 지원 ※ 자세한 지","기술,서울,부산,대구,인천,전남광주,대전,울산,세종,경기,강원,충북,충남,전북,경북,경남,제주,AI성능시험,휴머니제이션,바이오글로벌사업화지원센터,한국AI의료헬스케어연구원,산업통상부,2026,안전성검증,디지털헬스,펫,한국산업기술시험원,제품고도화,인허가,해외인증,시제품개발,제품개발,전시회,바이오소재,스마트,인공지능",기술사업화/이전/지도,4771
317,경기도,용인시산업진흥원,수출,[경기] 용인시 2026년 2차 해외진출 종합지원사업(해외물류비) 공고,,,2026-08-05,https://www.bizinfo.go.kr/sii/siia/selectSIIA200Detail.do?pblancId=PBLN_000000000125136,예산 소진시까지,중소기업,"용인시산업진흥원에서는 관내 중소기업의 해외시장 진출 및 수출활성화를 도모하기 위한 해외물류비 지원을 시행하오니 많은 참여 바랍니다. ☞ 용인 소재 본사 또는 공장 등이 있고 수출제품을 보유한, 신청일 기준 정산서류 구비 완료 중소기업 - 지원범위 : 2026년 1월 ~ 7월까지 수출신고필증을 득한 수출 건(신청일 기준 모든 증빙서류 제출 필수) ※ 자세한 지원대상 공고문 참조 ☞ 제품 수출 시 발생하는 물류비용 지원(기업당 연 1회, 최대 300만원) - 국제우편(EMS), 국제특송업체(DHL, FEDEX 등), 포워딩 업체 비용 ","수출,경기,국제특송업체,2026,물류비용,수출제품,국제우편,포워딩,용인시산업진흥원,용인시,경기도,해외시장,중소기업",해외진출,3559
318,경기도,용인시산업진흥원,기술,[경기] 용인시 2026년 2차 인증ㆍ지식재산 지원사업 모집 공고,2026-08-05,2026-08-27,2026-08-05,https://www.bizinfo.go.kr/sii/siia/selectSIIA200Detail.do?pblancId=PBLN_000000000125135,,중소기업,"용인시산업진흥원에서는 용인시 소재 기업의 경쟁력 강화와 제품ㆍ서비스 신뢰도 향상을 도모하기 위한 인증ㆍ지식재산 지원을 시행하오니 많은 참여 바랍니다. ☞ 공고일 기준 설립 3년 이상의 용인 소재 본사 또는 공장 보유 중소기업 ☞ 국내ㆍ외 인증 획득 및 지식재산권 출원ㆍ등록 비용 지원(기업당 최대 500만원 이내) - 인증(국내, 해외규격), IP(산업재산권)(특허(국내, 해외), 실용신안, 상표, 디자인) ※ 자세한 지원내용 공고문 참조","기술,경영,경기,2026,해외규격,용인시산업진흥원,용인시,국내인증,등록,출원,실용신안,상표,지식재산권,디자인,경기도,인증,지식재산,특허,중소기업",시험/인증,3955
319,충청남도,충남테크노파크,기술,[충남] 2026년 디지털품질역량강화사업 크라우드 테스팅 희망기업 모집 공고,2026-08-04,2026-11-28,2026-08-05,https://www.bizinfo.go.kr/sii/siia/selectSIIA200Detail.do?pblancId=PBLN_000000000125132,,중소기업,"충남테크노파크는 충남 SW 품질역량 강화를 위하여 충남 SW품질테스터단을 운영합니다. 본 테스터단은 ISTQB 국제자격 과정 교육을 이수 등 각종 테스트 관련 프로그램을 이수한 전문인력으로 구성되어있으며, 도내 기업의 소프트웨어 품질 향상 및 검증 활동을 지원합니다. ☞ 충청남도 내 중소ㆍ중견기업 - 소프트웨어 제품 또는 시스템을 개발ㆍ운영 중인기업 - 품질테스트, 검증, 개선이 필요한 기업 ☞ SW 기능 테스트, 결함 도출 및 리포팅 - 사용자 관점 테스트 시나리오 설계 및 수행 - 품질 진단 및 개선 권고안 제시 - 필요시, 충","기술,충남,프트웨어,2026,품질테스트,운영,개선,시스템,충남테크노파크,개발,검증,충청남도,중견기업,중소기업",기술사업화/이전/지도,3440
320,경상남도,경남투자경제진흥원,금융,[경남] 2026년 3분기 중소기업육성자금 일반자금 지원계획 공고,2026-08-25,2026-08-27,2026-08-05,https://www.bizinfo.go.kr/sii/siia/selectSIIA200Detail.do?pblancId=PBLN_000000000125127,,중소기업,"「경상남도 중소기업육성자금 지원 조례」제8조에 따라 2026년 경상남도 중소기업 육성자금 3분기 일반자금 융자(이차보전) 지원계획을 다음과 같이 공고합니다. ☞ 경상남도에 소재한「중소기업기본법」제2조에 따른 중소기업으로서 지원 제외대상에 해당되지 않고, 자금별 세부 지원대상에 해당하는 기업 ※ 자금별 지원대상이 상이하므로 자세한 지원대상 공고문 참조 ☞ 중소기업육성자금에 대한 이차보전(경영안정자금, 시설설비자금) 지원 ※ 자세한 지원내용 공고문 참조","금융,경남,2026,경남투자경제진흥원,중소기업육성자금,육성자금,이차보전,경상남도,융자,중소기업,경영안정자금,시설설비자금,일반자금",융자,4753
321,울산광역시,울산경제일자리진흥원,인력,[울산] 2026년 중장년 활력UP 일자리사업 참여기관 추가 모집 공고,2026-08-03,2026-08-18,2026-08-05,https://www.bizinfo.go.kr/sii/siia/selectSIIA200Detail.do?pblancId=PBLN_000000000125125,,중소기업,"근로능력이 있는 중장년층에게 적합한 일자리 활동 및 연계ㆍ체험을 제공하기 위한 2026년 「중장년 활력UP 일자리사업」에 참여할 참여기관 모집을 다음과 같이 공고하오니 많은 참여 바랍니다. ☞ 사회적기업, 사회적협동조합, 고용보험법상 피보험자 수 5인 이상인 관내 중소기업 등 - 모집분야 : 울산 주력산업, 문화예술, 상담ㆍ멘토링, 사회서비스 등 중장년층 맞춤 일자리사업 분야 ☞ 참여기관 운영비 참여자 1인당 월 10만원 지원","인력,울산,2026,울산광역시,울산경제일자리진흥원,중장년층,사회적기업,사회적협동조합,중소기업,운영비,일자리사업",고용유지,2116
322,울산광역시,울산경제일자리진흥원,인력,[울산] 2026년 신중년 경력형 일자리사업 참여기관 추가 모집 공고,2026-08-04,2026-08-19,2026-08-05,https://www.bizinfo.go.kr/sii/siia/selectSIIA200Detail.do?pblancId=PBLN_000000000125122,,중소기업,"근로능력이 있는 신중년층에게 적합한 일자리 활동 및 연계ㆍ체험을 제공하기 위한 2026년 「신중년 경력형 일자리사업」에 참여할 참여기관 모집을 다음과 같이 공고하오니 많은 참여 바랍니다. ☞ 사회적기업, 사회적협동조합, 고용보험법상 피보험자 수 5인 이상인 관내 중소기업 등 ※ 자세한 지원대상 공고문 참조 ☞ 참여기관 운영비 등 지원 - 참여자 1인당 매월 10만원 지원(최대 4회 지급)","인력,울산,2026,울산경제일자리진흥원,운영비,사회적협동조합,울산광역시,인건비,사회적기업,중소기업,신중년",국내일반인력,2073
323,충청남도,충남테크노파크,기술,[충남] 부여군 2026년 3차 굿뜨래 농산물을 활용한 백제문화기반 디저트산업 육성 지원 모집 공고(시군구연고산업육성사업),2026-08-05,2026-08-21,2026-08-05,https://www.bizinfo.go.kr/sii/siia/selectSIIA200Detail.do?pblancId=PBLN_000000000125121,,중소기업,"2026년도 중소벤처기업부와 충청남도 및 부여군이 지원하는 시군구 연고산업 육성사업 수행자로 선정된 수행기관별 지원 프로그램을 안내하오니, 해당 프로그램 참여를 희망하는 부여군 지역 소재 중소기업의 많은 신청 바랍니다. ☞ 충남 부여군 지역 내에 소재한 중소기업으로 부여군 연고자원을 활용 디저트 제품 생산(예정) 기업 - 부여군 굿뜨래 공동 브랜드 사용승인 업체 중 디저트 제품 생산(예정) 기업 ※ 연고자원 : 부여군에서 생산되는 굿뜨래 인증 농산물, 부여 10品 농산물(수박, 밤, 토마토, 양송이, 멜론, 딸기, 오이, 표고버섯,","기술,충남,디저트제품,한국지역특화산업협회,2026,호서대학교,연고자원,시군구연고산업,굿뜨래,공장자동화,공동브랜드,부여군,제품고급화,장비활용,충남테크노파크,기술혁신,지식재산권,시제품제작,인증,충청남도,중소벤처기업부,중소기업",기술사업화/이전/지도,2098
324,전북특별자치도,전북테크노파크,경영,[전북] 2026년 산업체 애로기술 해결을 위한 기술자문 참여기업 모집 공고(지역지능화혁신인재양성사업),,,2026-08-05,https://www.bizinfo.go.kr/sii/siia/selectSIIA200Detail.do?pblancId=PBLN_000000000125119,모집 완료시,중소기업,"(재)전북테크노파크에서는「지역지능화혁신인재양성사업」의 일환으로 전북지역 산업체의 애로기술 해결을 위한 기술자문을 지원하고자 하오니 참여를 희망하는 기업은 많은 신청 바랍니다. ☞ 신청일 기준 전북지역에 소재한(본사, 기업부설연구소) 기업 ☞ 개발기술 성과물의 현장 적용, 기술 실행과정에서 애로사항을 가지고 있는 전북지역 산업체 대상으로 기술자문 지원 - 산업체의 기술 애로사항을 고려하여 산업체-전문가 기술지원 컨설팅(자문)매칭 및 산업체-전문가간 기술자문 수행 - 기술자문 분야 : 농생명바이오, 첨단융복합소재, 미래모빌리티, ICT","기술,경영,전북,애로기술 해결,2026,지능화기술,전북특별자치도,첨단융복합소재,농생명바이오,산업체,미래모빌리티,기술자문,SW,ICT,빅데이터,전북테크노파크,인공지능",컨설팅,1942
325,경기도,성남산업진흥원,수출,[경기] 성남시 2026년 폴란드 방산 시장개척단 참가기업 모집 공고,2026-07-31,2026-08-18,2026-08-05,https://www.bizinfo.go.kr/sii/siia/selectSIIA200Detail.do?pblancId=PBLN_000000000125118,,중소기업,"성남시 중소기업의 해외시장 진출 및 수출 경쟁력 강화를 위하여 「2026년도 성남시 폴란드 시장개척단」에 참가할 기업을 다음과 같이 모집하오니 많은 관심과 신청 바랍니다. ☞ 중소기업기본법 제2조에 의한 중소기업으로 본사 또는 공장 소재지가 성남시인 기업 ☞ 현지 바이어 발굴 및 1:1 B2B 수출 상담 주선, 항공료(1사 1인, 최대 100만원), 상담장 임차료, 시장조사비 등 지원","수출,경기,2026,경기도,성남산업진흥원,방위산업,방산,해외바이어,성남시,중소기업,현지바이어,바이어,B2B,상담,항공료,상담장임차료,시장조사비,폴란드,브로츠와프,시장개척단",시장개척,1720
326,대구광역시,대구테크노파크,기술,2026년 2차 대구 미래신산업 유망벤처ㆍ고성장기업 육성사업 글로벌 비상(飛上) 프로젝트 참여기업 모집 공고,2026-08-19,2026-08-25,2026-08-05,https://www.bizinfo.go.kr/sii/siia/selectSIIA200Detail.do?pblancId=PBLN_000000000125117,,중소기업,"「2026년 미래신산업 유망벤처ㆍ고성장기업 육성사업」의 일환으로 미래신산업 분야(미래모빌리티, 로봇, ABB, 헬스케어, 반도체) 지역기업의 글로벌 시장진출 및 투자유치 활동 지원을 위해 시행 중인 ""글로벌 비상(飛上) 프로젝트""에 참여할 지역기업을 다음과 같이 2차 모집하오니 많은 참여 바랍니다. ☞ 대구광역시 내 본사가 소재하는 미래신산업 분야 기업 中 글로벌 시장진출 및 투자유치를 희망하는 기업(본사 이전 예정 기업 포함) ※ 본사 이전 예정인 기업의 경우, 협약체결 후 1개월 이내 본사 이전 시 지원 가능 - 미래신산업 분야","기술,수출,서울,부산,대구,인천,전남광주,대전,울산,세종,경기,강원,충북,충남,전북,경북,경남,제주,유망벤처,2026,고성장기업,ABB,미래모빌리티,대구테크노파크,반도체,로봇,대구광역시,헬스케어,베트남",기술사업화/이전/지도,2220
327,인천광역시,직접수행,기타,[인천] 2026년 2차 인천형 예비사회적기업 지정계획 공고,2026-08-03,2026-08-21,2026-08-05,https://www.bizinfo.go.kr/sii/siia/selectSIIA200Detail.do?pblancId=PBLN_000000000125114,,사회적기업,"「인천광역시 사회적경제 육성 및 지원에 관한 조례」제11조 및「2026년도 사회적기업 인증 업무지침(고용노동부)」에 따라 2026년 제2차 인천형 예비사회적기업 지정계획을 다음과 같이 공고합니다. ☞ 공고일 현재 인천광역시에 소재하고 아래의 예비사회적 기업 지정요건을 모두 갖춘 법인ㆍ단체 ※ 자세한 지원대상 공고문 참조 ☞ 지정일로부터 3년간 인천광역시 예비사회적기업 지정, 재정지원사업 신청자격부여, 이차보전 지원, 전문교육 및 컨설팅 참여, 중앙부처 등 공모사업 신청자격 부여, 공공기관 우선구매 대상 및 지원","기타,인천,2026,재정지원,전문교육,우선구매,사회적경제,이차보전,판로지원,인천광역시,컨설팅,직접수행,예비사회적기업,사회적기업,지정,교육",제도,1849
328,대구광역시,직접수행,창업,[대구] 2026년 청년농업인 맞춤지원 사업 대상자 모집 공고,2026-08-05,2026-08-24,2026-08-05,https://www.bizinfo.go.kr/sii/siia/selectSIIA200Detail.do?pblancId=PBLN_000000000125113,,창업벤처,"청년농업인들의 열정과 창의적인 사업을 공모하여 농업ㆍ농촌 발전에 새로운 계기를 마련하기 위한 「2026년 청년농업인 맞춤지원 사업」 대상자를 다음과 같이 공개모집하오니, 많은 참여바랍니다. ☞ 신청일 현재 대구광역시에 주민등록 주소를 두고 있으며 관내 소재지에서 1년 이상 영농을 하고 있는 자 ※ 자세한 지원대상 공고문 참조 ☞ 청년농업인의 고품질 농산물 생산 및 경영안정을 위한 기반시설(장비) 구축 지원 - (생산기반) 신기술 도입, 생산비 및 노동력 절감 등에 필요한 시설ㆍ장비 등 - (가공ㆍ유통) 농산물 가공ㆍ유통에 필요한 시","창업,경영,대구,2026,대구광역시,직접수행,청년농업인,기반시설,가공품개발,농산물체험,브랜드개발,홈페이지구축,포장디자인,관광,제품개발,고품질농산물",사업화지원,2207
329,경기도,경기도경제과학진흥원,창업,[경기] 2026년 3차 경기스타트업플랫폼 투자연계 지원 프로그램 온라인 밋업위크 참여기업 모집 공고,2026-08-03,2026-08-17,2026-08-05,https://www.bizinfo.go.kr/sii/siia/selectSIIA200Detail.do?pblancId=PBLN_000000000125112,,창업벤처,"경기도와 경기도경제과학진흥원은 경기도 내 투자 역량 강화 및 투자유치를 희망하는 스타트업을 모집하오니 많은 관심과 참여를 바랍니다. ☞ 도내 기술창업 기업(7년 미만, 단, 신산업분야 10년 이내) ☞ 투자용 기업소개자료 제작 및 투자기관 배포 - 국내 AC, VC(CVC) 등 투자자 1:1 온라인 밋업 - 국내 주요 투자자 대상 IR 발표 및 피드백 지원 - 오프라인 투자상담회 개최 등 지원","창업,경기,온라인밋업,2026,소개자료,CVC,IR발표,AC,투자자,VC,투자상담회,피드백,기술창업,경기도경제과학진흥원,경기도,스타트업",사업화지원,3101
330,충청북도,충북과학기술혁신원,수출,[충북] 2026년 한국국제승강기 엑스포 홍보부스 지원 참여기업 모집 공고,,,2026-08-05,https://www.bizinfo.go.kr/sii/siia/selectSIIA200Detail.do?pblancId=PBLN_000000000125111,모집 완료시,중소기업,"도내 승강기산업 육성 및 경쟁력 강화를 위하여 「2026년 한국국제승강기 엑스포」 참가지원 희망기업을 아래와 같이 모집하오니 신청 기간 내 제출하여 주시기 바랍니다. ☞ 사업공고일 기준 충청북도에 본사, 사업장, 공장 중 1개를 보유하고 있는 승강기, 부품 관련 제조업 ☞ 기업 홍보부스(부스공간, 부스설치) 전액지원","수출,내수,충북,2026,충청북도,충북과학기술혁신원,승강기산업,엑스포,한국국제승강기,제조업,홍보부스,부스공간,부스설치",시장개척,1522
331,전북특별자치도,전북바이오융합산업진흥원,기술,2026년 3차 전북 기업성장 환류형 상생일자리 지원사업 참여기업 모집 공고(BIONE 고용혁신 프로젝트),2026-08-05,2026-08-21,2026-08-05,https://www.bizinfo.go.kr/sii/siia/selectSIIA200Detail.do?pblancId=PBLN_000000000125110,,중소기업,"고용노동부ㆍ전북특별자치도와 전주시ㆍ익산시ㆍ정읍시에서는 지역의 우수한 바이오 기능을 연계하고 산업 성장과 양질의 일자리 생태계 구축을 위해「BIONE 고용혁신 프로젝트」를 시행합니다. 이에 전북바이오융합산업진흥원에서는 전주시ㆍ익산시ㆍ정읍시에 소재한 바이오기업을 대상으로 기업성장이 근로자복지로 환류하는 상생형 일자리 지원을 위하여 다음과 같이 참여기업을 모집하오니 많은 관심과 참여 바랍니다. ☞ 전주ㆍ익산ㆍ정읍시에 사업장을 두었거나, 협약 종료일까지 해당지역에 사업장(본사 또는 연구소, 공장 등)을 이전ㆍ추가 설치할 계획인 바이오기업 ","기술,서울,부산,대구,인천,전남광주,대전,울산,세종,경기,강원,충북,충남,전북,경북,경남,제주,시설컨설팅,기능이음,이사비,실증검증,2026,장비이전,전북특별자치도,위탁생산,정읍시,익산시,생산,전주시,전북바이오융합산업진흥원,브랜드,임차비,시험분석,실증,제품개발,바이오기업,고용노동부,기술이전,바이오,제조,기술개발,R&D",기술사업화/이전/지도,1759
332,충청북도,충북과학기술혁신원,기술,[충북] SAVE 충주 탄소중립 그린도시 기술 리빙랩 수요기업 모집 공고,2026-07-27,2026-08-27,2026-08-05,https://www.bizinfo.go.kr/sii/siia/selectSIIA200Detail.do?pblancId=PBLN_000000000125109,,중소기업,"충북과학기술혁신원에서는 환경부와 충청북도, 충주시의 지원으로 도내 저탄소 녹색전환 가속화 및 유망 기업의 기술 실증 지원을 위하여 「SAVE 충주 탄소중립 그린도시 기술리빙랩 지원사업」을 시행하고 있습니다. 이에 「2026년도 SAVE 충주 탄소중립 그린도시 기술리빙랩」참여희망 기업을 모집하오니 저탄소 실증 기술 및 고도화된 IoTㆍ데이터 분석 역량을 보유한 기업의 적극적인 참여를 바랍니다. ☞ 공고일 기준 충청북도 내에 본사, 공장, 연구소 중 1개 이상을 보유하고 있는 중소ㆍ벤처 기업 - 개발 완료 단계의 기술을 충주시 관내에 ","기술,충북,저탄소녹색전환,2026,알고리즘,데이터분석,기술실증,충주시,IoT,탄소중립,충북과학기술혁신원,PoC,온실가스,벤처기업,충청북도,중소기업",시험/인증,1754
333,충청북도,충북과학기술혁신원,기술,[충북] 2026년 ICT산업 경쟁력 강화 지원사업 ICT산업 신규과제 발굴 지원 사업 재공고,2026-07-29,2026-08-20,2026-08-05,https://www.bizinfo.go.kr/sii/siia/selectSIIA200Detail.do?pblancId=PBLN_000000000125108,,중소기업,"(재)충북과학기술혁신원은 충북 지역 ICT 산업의 혁신적 성장을 지원하며 기술경쟁력 강화를 위해 신규과제 발굴 지원 사업을 다음과 같이 공고하오니 많은 관심과 참여 바랍니다. ☞ 충북 도내 ICT/SW 관련 벤처ㆍ중소기업 또는 산학연 전문가 그룹 ※ 자세한 지원대상 공고문 참조 ☞ 과제 기획에 필요한 비용 지원(인건비 최대 20,000천원(1개 과제))","기술,충북,차세대반도체클라우드,양자 컴퓨팅,2026,AR,VR,충북과학기술혁신원,반도체,XR,SW,ICT,벤처기업,충청북도,AI,중소기업",혼합(단독+공동),1779
334,대구광역시,대구디지털혁신진흥원,경영,[대구] 2026년 2차 데이터 산업 성장 및 활성화 지원사업(데이터 가치평가) 지원 참여기업 모집 공고,2026-08-05,2026-10-16,2026-08-05,https://www.bizinfo.go.kr/sii/siia/selectSIIA200Detail.do?pblancId=PBLN_000000000125107,,중소기업,"대구광역시와 대구디지털혁신진흥원은 데이터 우수기업 지원 강화를 통해 우수 기업 데이터의 상업ㆍ전략적 가치평가를 지원하여 경쟁력을 강화하고자 본 사업을 공모하오니, 관심 있는 기업의 많은 참여 바랍니다. ☞ 데이터를 보유한 중소 및 초기 중견기업 - 대구지역에 본사, 지사를 두고 있는 기업 (공고일 기준) - 데이터 기업(데이터 수행인력 보유 및 관련사업 수행실적 등 증빙 필수) ※ 「중견기업 성장촉진 및 경쟁력 강화에 관한 특별법」 제8조 및 동법 시행령 특례 요건에 따른 초기 중견기업으로 평균 매출액 등이 3,000억원 미만인 기","금융,내수,경영,대구,홍보용,보증용,상업,대구디지털혁신진흥원,전략적,경쟁력강화,가치평가,우수기업,데이터,대구광역시,2026,중견기업",디자인/상품화/사업화,1946
335,충청북도,충북과학기술혁신원,기술,[충북] 괴산군 2026년 경쟁력강화산업 육성사업(R&D) 지원 모집공고,2026-07-31,2026-08-21,2026-08-05,https://www.bizinfo.go.kr/sii/siia/selectSIIA200Detail.do?pblancId=PBLN_000000000125106,,중소기업,"성장잠재력이 높은 괴산군 경쟁력강화산업의 집중ㆍ육성을 통해 관련 산업의 생태계 조성과 기업의 경쟁력 제고를 위하여 추진하는「2026년 괴산군 경쟁력강화산업 육성사업」을 아래와 같이 공고하오니 많은 관심과 참여 바랍니다. ☞ 괴산군에 경쟁력강화산업을 영위하고 있고, 본사 또는 사업장(공장)이 소재한 유기농바이오헬스 관련 중소ㆍ중견기업 ※ 단독 또는 컨소시엄 지원 가능 ☞ 시군별 경쟁력강화산업 분야 대상 기업 자율형 R&D 과제 지원 - R&D(기술개발) : 신기술 및 제품ㆍ서비스개발 등 기술경쟁력 향상 지원","기술,충북,유기농바이오헬스,2026,괴산군,헬스,유기농,충북과학기술혁신원,바이오,충청북도,기술개발,R&D,컨소시엄,신기술",혼합(단독+공동),1676
336,과학기술정보통신부,벤처기업협회,경영,2026년 5-6차 투자유치설명회 ICT벤처IR 참여기업 모집 공고,2026-07-29,2026-08-28,2026-08-05,https://www.bizinfo.go.kr/sii/siia/selectSIIA200Detail.do?pblancId=PBLN_000000000125105,,중소기업,"과학기술정보통신부와 함께 벤처기업협회는 유망 ICT 벤처기업의 투자 유치 기회 제공 및 성장을 지원하는 '제5-6차 ICT벤처 IR' 모집이 시작되었습니다. 성공적인 자금 조달과 스케일업을 꿈꾸는 기업의 많은 참여 부탁드립니다. ☞ 투자가 필요한 ICT분야 중소기업 ☞ 투자ㆍM&A 및 피칭 역량 강화 교육, 투자사 대상 실전 IR 피칭 및 Q&A, VC 대상 1:1 투자상담 및 밀착 멘토링 지원","경영,서울,부산,대구,인천,전남광주,대전,울산,세종,경기,강원,충북,충남,전북,경북,경남,제주,2026,투자상담,IR피칭,M&A,벤처기업협회,투자,벤처기업,과학기술정보통신부,투자유치,멘토링,교육,중소기업",컨설팅,2414
337,충청남도,충남창조경제혁신센터,창업,2026년 Nexus Connect 오픈이노베이션 밋업 데이 참여기업 모집 공고,2026-08-06,2026-08-31,2026-08-05,https://www.bizinfo.go.kr/sii/siia/selectSIIA200Detail.do?pblancId=PBLN_000000000125104,,창업벤처,"충남창조경제혁신센터는 대ㆍ중견기업의 기술 수요를 기반으로 AIㆍ딥테크 스타트업을 발굴하고, 차년도 기술실증(PoC), 공동사업화 및 투자 연계 대상기업을 발굴하기 위한 「2026 Nexus Connect 오픈이노베이션 밋업 데이」를 개최합니다. 혁신적인 기술과 성장 잠재력을 보유한 유망 스타트업의 많은 관심과 참여를 바랍니다. ☞ 공고일 기준 업력 7년 미만ㆍ전국 소재 창업기업 ※ 자세한 모집분야 공고문 참조 ☞ 수요기업 현업부서와의 1:1 기술 밋업 및 협력 가능성 검토 - 차년도 기술실증(PoC) 및 공동사업화 대상기업 우선 검","창업,서울,부산,대구,인천,전남광주,대전,울산,세종,경기,강원,충북,충남,전북,경북,경남,제주,2026,충청남도,충남창조경제혁신센터,AI,딥테크,스타트업,PoC,밋업데이,공동사업화,TIPS,벤처펀드,투자파트너,액셀러레이팅,창업기업,7년미만",사업화지원,2349
338,서울특별시,서울물재생시설공단,기술,2026년 물산업 혁신기술 R&D 지원사업 추가 공고,2026-07-31,2026-08-31,2026-08-05,https://www.bizinfo.go.kr/sii/siia/selectSIIA200Detail.do?pblancId=PBLN_000000000125099,,중소기업,"서울시 물산업의 혁신기술 발굴 및 실증화 지원을 위한 물산업 혁신기술 R&D 시범사업에 참여할 기관을 모집하고자 다음과 같이 공고하오니, 본 공고에 관심 있는 분들의 많은 신청과 참여를 바랍니다. ☞ 물산업 관련 대ㆍ중소기업, 대학 및 연구기관 등 ☞ 테스트베드 공간 제공, 연구에 필요한 하수 원수 또는 슬러지 등 지원","기술,서울,부산,대구,인천,전남광주,대전,울산,세종,경기,강원,충북,충남,전북,경북,경남,제주,점용료,공공하수도,서울물재생시설공단,슬러지,혁신기술,테스트베드,연구개발,서울특별시,R&D,2026",단독기술개발,2263
339,산업통상부,한국산업기술기획평가원,기술,2026년 2차 AI 응용제품 신속 상용화 지원사업 신규지원 대상과제 공고,2026-08-11,2026-09-03,2026-08-05,https://www.bizinfo.go.kr/sii/siia/selectSIIA200Detail.do?pblancId=PBLN_000000000125096,,중소기업,"2026년도「AI 응용제품 신속 상용화 지원사업」2차 신규 지원대상 과제를 다음과 같이 공고하오니 수행하고자 하는 자는 신청하여 주시기 바랍니다. ☞ 국내 중소ㆍ중견기업 ※ 수요기업과 공급기업이 참여하는 컨소시엄 구성을 원칙으로 함 ※ 자세한 지원대상 공고문 참조 ☞ AI 응용제품 상용화 비용을 기업 수요 맞춤형으로 지원 - AI 모델 개발을 위한 HWㆍSW 확보, 실증ㆍ양산, 인증ㆍ지재권 획득, 홍보 등 비용을 기업 수요 맞춤형으로 지원 - (Type1) 시제품 완성 단계 제품ㆍ서비스에 상용 AI 모델을 적용하여 조기 상용화 및 ","기술,서울,부산,대구,인천,전남광주,대전,울산,세종,경기,강원,충북,충남,전북,경북,경남,제주,2026,산업통상부,한국산업기술기획평가원,중소기업,중견기업,AI,응용제품,AI모델,AI응용제품",공동기술개발,4497
340,울산광역시,울산테크노파크,내수,[울산] 2026년 재난안전산업 육성지원사업 기업지원(대한민국 안전산업 박람회(BEXCO)) 상시모집 공고,,,2026-08-05,https://www.bizinfo.go.kr/sii/siia/selectSIIA200Detail.do?pblancId=PBLN_000000000125095,모집 완료시,중소기업,"2026년도 울산광역시가 지원하는 재난안전산업분야 중소기업의 사업화지원을 위하여「2026 대한민국 안전산업 박람회」참가지원 기업을 모집하오니, 해당 프로그램 참여를 희망하는 울산지역 기업의 많은 신청 바랍니다. ☞ 재난안전산업 관련 기술경쟁력 및 사업화 역량 강화 지원을 희망하는 울산지역 내 소재한 중소기업 ※ 검토기준 : 울산지역에 공고일 현재 본사, 공장, 연구소 등 1개를 보유하고 있는 중소기업 ☞ 박람회 참가(부스임차료 및 시공비) 기업당 최대 600만원 이내 지원","내수,울산,부스시공,2026,안전산업,재난안전산업,부스임차료,울산테크노파크,울산광역시,사업화,박람회,중소기업",오프라인,1623
341,중소벤처기업부,울산테크노파크,경영,[울산] 2026년 하반기 중소기업 밀집지역 위기대응 체계 구축사업 Stand-up 맞춤지원 모집 공고,,,2026-08-05,https://www.bizinfo.go.kr/sii/siia/selectSIIA200Detail.do?pblancId=PBLN_000000000125094,예산 소진시까지,중소기업,"중소벤처기업부와 울산광역시가 지원하는 「2026년 중소기업 밀집지역 위기대응 체계 구축사업」 하반기 Stand-up 맞춤지원을 다음과 같이 추진하오니, 참여를 희망하는 해당지역 중소기업들의 많은 신청 바랍니다. ☞ 울산광역시 2026년 하반기 Stand-up 맞춤지원 대상 중소기업 밀집지역 소재 중소기업 ☞ 기업당 최대 1,000만원까지 지원 - Tech-UP (기술지원) : 기술정보 분석 지원/기술 멘토링, 국내외 지재권/인증 지원, 시험 및 성능분석 지원 - Biz-UP (사업화지원) : 마케팅 지원, 디자인 개발, IR자료/투","기술,경영,울산,체계,2026,Stand-up,구축사업,투자계약서,맞춤지원,한국테크노파크진흥회,밀집지역,기술정보분석,물류비,위기대응,울산테크노파크,울산광역시,지재권,컨설팅,중소벤처기업부,마케팅,중소기업",디자인/상품화/사업화,1699
342,중소벤처기업부,중소기업기술정보진흥원,기술,2026년 하반기 중소벤처기업부 혁신제품 신규지정 수정공고,2026-07-10,2026-09-03,2026-08-05,https://www.bizinfo.go.kr/sii/siia/selectSIIA200Detail.do?pblancId=PBLN_000000000125092,,중소기업,"중소벤처기업부 소관 중소기업기술개발 지원사업을 통해 개발된 제품의 공공조달 연계 활성화를 위하여「2026년도 하반기 중소벤처기업부 혁신제품 신규지정」을 다음과 같이 수정공고하오니, 참여하고자 하는 중소기업은 안내에 따라 신청하여 주시기 바랍니다. ☞ 「중소기업기본법」제2조에 따른 중소기업 - 접수마감일 기준 5년(’21. 8. 11. ~ ‘26. 9. 3.) 이내 중기부 소관 중소기업 R&D사업 수행 완료(우수, 보통) 후 그 기술을 사업화한 중소기업의 제품 ※ 중소기업 R&D 최종평가 완료(우수, 보통) 판정 통보일 기준 ☞ 중소","기술,서울,부산,대구,인천,전남광주,대전,울산,세종,경기,강원,충북,충남,전북,경북,경남,제주,2026,신규지정,혁신제품,공공조달,조달청,중소기업기술정보진흥원,중소벤처기업부,중소기업",시험/인증,2529
343,대구광역시,대구디지털혁신진흥원,내수,[대구] 2026년 대한민국 ICT융합 엑스포(FIX 2026) 가상융합 공동관 조성 지원사업 모집 공고,2026-08-10,2026-08-18,2026-08-05,https://www.bizinfo.go.kr/sii/siia/selectSIIA200Detail.do?pblancId=PBLN_000000000125091,,중소기업,"(재)대구디지털혁신진흥원에서는 지역의 가상융합 및 AI 기업을 대상으로 국내에서 추진되는「2026 대한민국 ICT융합 엑스포」전시회 참가를 지원하고자 하오니 관심 있는 기업들의 많은 참여 바랍니다. ☞ 대구시 소재 가상융합 및 AI 콘텐츠 기업 ① 대구시(사업자등록증 기준) 본사 소재 가상융합 및 AI 기업 ② 중소기업기본법 제2조의 규정에 의한 중소기업 ③ 사업자등록증 업태/종목에 IT/SW, 디지털콘텐츠 등이 명시된 기업 - 전시품목 : 모빌리티, 로봇, AIㆍICT ☞ 전시부스, 부대시설 장치 등 일괄 임차를 통합 기업 지원 ","내수,대구,2026,대구디지털혁신진흥원,대구광역시,모빌리티,로봇,AI,ICT,디지털콘텐츠,홍보물 제작,중소기업,비즈니스,전시부스,엑스포",오프라인,1604
344,산림청,한국산림복지진흥원,창업,2026년 2차 민간 산림복지 창업ㆍ성장 패키지 FOR SEED(예비창업 패키지) 참여기업 모집 공고,2026-08-04,2026-08-25,2026-08-05,https://www.bizinfo.go.kr/sii/siia/selectSIIA200Detail.do?pblancId=PBLN_000000000125090,,창업벤처,"한국산림복지진흥원(이하 ‘진흥원’)에서는 민간 산림복지 분야 아이디어 사업화 지원을 통해 다양한 산림복지서비스 유형을 발굴하고 관련 기업의 시장 경쟁력을 확보하고자 다음과 같이 공고합니다. ☞ 산림복지전문업 창업에 관심이 있는 예비창업자 또는 사업자 등록 5년 미만 기업 중 산림복지전문업 미등록 기업 ☞ 역량진단, 창업교육, 멘토링, IR 피드백, IR 피칭덱 디자인, 포상, 교육, 멘토링, IR 피칭덱 제작 등 단계별 연계 구조롤 통해 실질적인 성과물 창출 ※ 우수 참여자 차년도 산림복지 차업ㆍ성장 지원사업 참여 및 사업화 지원 ","창업,서울,부산,대구,인천,전남광주,대전,울산,세종,경기,강원,충북,충남,전북,경북,경남,제주,IR피드백,산림복지전문업,2026,산림복지,한국산림복지진흥원,IR피칭덱,역량진단,아이디어,창업교육,산림청,예비창업자,사업화,디자인,멘토링",사업화지원,2133
345,울산광역시,울산콘텐츠코리아랩,경영,[울산] 울산콘텐츠코리아랩 U-Grow 상시 컨설팅 모집 공고,,,2026-08-05,https://www.bizinfo.go.kr/sii/siia/selectSIIA200Detail.do?pblancId=PBLN_000000000125089,예산 소진시까지,창업벤처,"울산콘텐츠코리아랩의 창작자ㆍ초기 창업자를 위한 사업 경쟁력 강화를 위해 울산콘텐츠코리아랩이 U-Grow 상시 컨설팅을 진행합니다. 전문가와의 1:1 맞춤형 컨설팅을 통해 창작물의 완성도를 높이고, 사업 경쟁력을 강화하여 성공적인 창업과 판로 확대를 지원합니다. 콘텐츠 제작 역량을 한 단계 높이고 싶은 창작자, 콘텐츠 분야 창업 3년 이내 스타트업, 사업 모델 고도화 및 콘텐츠 산업 전문가의 맞춤형 컨설팅이 필요한 분이라면 누구나 환영합니다! ☞ 울산광역시 소재 콘텐츠 분야 창업 3년 이내 스타트업 또는 콘텐츠 제작 역량을 한 단계 ","창업,경영,울산,U-Grow,창제작자,2026,울산콘텐츠코리아랩,콘텐츠제작,브랜딩,울산광역시,3년이내,지식재산권,창업기업,컨설팅,마케팅",컨설팅,1879
346,문화체육관광부,한국콘텐츠진흥원,수출,한중 문화 및 푸드 교류 페스티벌 참가기업 모집 공고,2026-08-03,2026-08-18,2026-08-04,https://www.bizinfo.go.kr/sii/siia/selectSIIA200Detail.do?pblancId=PBLN_000000000125088,,중소기업,"한국콘텐츠진흥원은 국내 콘텐츠기업의 해외시장 진출 및 한국 콘텐츠의 수요 저변 확대를 위하여 다음과 같이 “한중 문화 및 푸드 교류 페스티벌” 국내 참가기업을 모집합니다. 많은 관심과 참여 부탁드립니다. ☞ 중국 진출을 희망하는 국내 콘텐츠기업 ※ 지원내용별 지원대상 상이하므로 자세한 사항 공고문 참조 ☞ K-콘텐츠위크 in 선전, K-브랜드 홍보ㆍ판촉 마켓 참가 지원 - (K-콘텐츠위크 in 선전) 기업별 수출상담 공간(상담테이블, 의자 등) 제공, 홍보물 제작(디렉토리북 등) 및 온라인 홍보, 현지 바이어 섭외 및 비즈매칭, 기","수출,서울,부산,대구,인천,전남광주,대전,울산,세종,경기,강원,충북,충남,전북,경북,경남,제주,콘텐츠위크,한국농식품유통공사,주홍콩한국문화원,2026,K-콘텐츠,K-브랜드,판촉,심천,콘텐츠기업,수출상담,한국콘텐츠진흥원,문화체육관광부,홍보,농림축산식품부,중국,콘텐츠",시장개척,4315
347,기후에너지환경부,한국환경산업기술원,금융,2026년 녹색자산유동화증권 이차보전 지원사업(기보2차) 공고,2026-08-03,2026-09-09,2026-08-04,https://www.bizinfo.go.kr/sii/siia/selectSIIA200Detail.do?pblancId=PBLN_000000000125086,,중소기업,"「2026년 녹색자산유동화증권 이차보전 지원사업」시행계획을 다음과 같이 공고하오니, 본 지원사업 참여를 희망하는 중소ㆍ중견기업은 아래 내용을 참고하여 신청하여 주시기 바랍니다. ☞ 한국형 녹색분류체계에 부합하는 자산(회사채)을 기초로 한 유동화증권 발행에 편입된 중소ㆍ중견기업 ☞ 녹색자산유동화증권 발행 시 발생하는 이자비용 일부 지원 ※ 자세한 지원내용 공고문 참조","금융,서울,부산,대구,인천,전남광주,대전,울산,세종,경기,강원,충북,충남,전북,경북,경남,제주,기후에너지환경부,2026,유동화증권,녹색자산유동화증권,회사채,이차보전,기술보증기금,한국환경산업기술원,중견기업,중소기업",융자,4147
348,지식재산처,한국지식재산보호원,수출,[충남] 2026년 6차 K-브랜드분쟁 대응전략 지원사업 공고,2026-08-01,2026-08-21,2026-08-04,https://www.bizinfo.go.kr/sii/siia/selectSIIA200Detail.do?pblancId=PBLN_000000000125085,,중소기업,"우리 중소기업의 상표ㆍ디자인권을 보호하고 수출 경쟁력을 강화하기 위한 「K-브랜드분쟁 대응전략 지원사업」을 아래와 같이 6차 공고합니다. ☞ 수출 중이거나 수출예정인 충청남도 소재 국내 중소기업 - (수출기업) 직ㆍ간접수출 중이거나 수출실적이 있는 기업 - (수출예정기업) 현지시장조사, 수출계획, 거래처 확보, 계약 체결, 현지 승인 획득, 해외 운송계약 및 현지 광고 등 수출을 위한 제반 활동이 인정된 기업([붙임1]에 따른 증빙자료 제출 필요) - (중소기업) 「중소기업기본법」제2조에 따른 기업(개인사업자 포함) ※ 단, ‘IP","기술,수출,충남,무단선점,역공격대응,지식재산처,2026,IP보호,모방,권리보호,충남지식재산센터,수출예정기업,충남북부상공회의소,상표,분쟁대응,수출기업,한국지식재산보호원,디자인,콘텐츠,중소기업",해외진출,3475
349,경기도,기초자치단체,금융,[경기] 화성시 2026년 중소기업 매출채권보험 지원사업 변경사항 공고,,,2026-08-04,https://www.bizinfo.go.kr/sii/siia/selectSIIA200Detail.do?pblancId=PBLN_000000000125084,예산 소진시까지,중소기업,외상거래 위험에 따른 신용리스크를 중소기업(제조업) 스스로 관리하여 자생력을 키우고자 화성시-신용보증기금 협약 2026년 중소기업 매출채권보험 지원사업을 다음과 같이 공고합니다. ☞ 당기매출액 500억원 미만인 본사 또는 주사업장의 소재지가 화성시에 있는「중소기업기본법」제2조에 따른 중소기업 ☞ 매출채권보험료의 최대 70% 지원(기업당 최대 2백만원),"금융,경기,2026,매출채권보험,신용보증기금,화성시,기초자치단체,경기도,중소기업,매출채권보험료,보험료,신용리스크",보험(수출+무역),4014
350,지식재산처,한국지식재산보호원,수출,[인천] 2026년 6차 K-브랜드분쟁 대응전략 지원사업 공고,2026-08-01,2026-08-21,2026-08-04,https://www.bizinfo.go.kr/sii/siia/selectSIIA200Detail.do?pblancId=PBLN_000000000125083,,중소기업,"관내 중소기업의 상표ㆍ디자인권을 보호하고 수출 경쟁력을 강화하기 위한 「K-브랜드분쟁 대응전략 지원사업」을 아래와 같이 6차 공고합니다. ☞ 수출 중이거나 수출예정인 인천 소재 국내 중소기업 ※ (신청대상) 미추홀구, 연수구, 남동구, 부평구, 서구 소재 중소기업 - (수출기업) 직ㆍ간접수출 중이거나 수출실적이 있는 기업 - (수출예정기업) 현지시장조사, 수출계획, 거래처 확보, 계약 체결, 현지 승인 획득, 해외 운송계약 및 현지 광고 등 수출을 위한 제반 활동이 인정된 기업([붙임1]에 따른 증빙자료 제출 필요) - (중소기업)","수출,인천,위조모방대응,분쟁대비,형태모방대응,무단선점,역공격대응,지식재산처,2026,브랜드분쟁,수출예정기업,인천지식재산센터,미추홀구,남동구,연수구,상표,분쟁대응,수출기업,서구,한국지식재산보호원,부평구,디자인,콘텐츠,중소기업",해외진출,3376
351,지식재산처,한국지식재산보호원,수출,[대전] 2026년 6차 K-브랜드분쟁 대응전략 지원사업 공고,2026-08-01,2026-08-21,2026-08-04,https://www.bizinfo.go.kr/sii/siia/selectSIIA200Detail.do?pblancId=PBLN_000000000125082,,중소기업,"대전소재 중소기업의 상표ㆍ디자인권을 보호하고 수출 경쟁력을 강화하기 위한 「K-브랜드분쟁 대응전략 지원사업」을 아래와 같이 6차 공고합니다. ☞ 수출 중이거나 수출예정인 대전 소재 국내 중소기업 - (수출기업) 직ㆍ간접수출 중이거나 수출실적이 있는 기업 - (수출예정기업) 현지시장조사, 수출계획, 거래처 확보, 계약 체결, 현지 승인 획득, 해외 운송계약 및 현지 광고 등 수출을 위한 제반 활동이 인정된 기업([붙임1]에 따른 증빙자료 제출 필요) - (중소기업) 「중소기업기본법」제2조에 따른 기업(개인사업자 포함) ※ 단, ‘IP","기술,수출,대전,역공격방어,분쟁대비,무단선점,지식재산처,2026,IP보호,모방,수출예정기업,상표,분쟁대응,수출기업,한국지식재산보호원,디자인,대전테크노파크,콘텐츠,중소기업",해외진출,3342
352,지식재산처,한국지식재산보호원,수출,2026년 6차 K-브랜드분쟁 대응전략 지원사업 정기 공고,2026-08-03,2026-08-21,2026-08-04,https://www.bizinfo.go.kr/sii/siia/selectSIIA200Detail.do?pblancId=PBLN_000000000125081,,중소기업,"우리 기업ㆍ기관 등의 상표ㆍ디자인권을 보호하고 수출 경쟁력을 강화하기 위한 「K-브랜드분쟁 대응전략 지원사업」을 아래와 같이 6차 공고합니다. ☞ (개별대응) 수출 중이거나 수출예정인 국내 중소ㆍ중견기업 또는 협ㆍ단체, 대학ㆍ공공연, 지자체, 기관 등 / (공공대응) 공통된 분쟁 이슈를 갖는 국내기업 3개사 이상으로 구성된 기업 협의체 ※ 단, ‘IP 보호 콘텐츠’ 지원유형의 경우 해외 진출(예정) 문화콘텐츠 관련 중소ㆍ중견기업에 한정하여 지원 ※ 자세한 지원대상 공고문 참조 ☞ 분쟁대응 및 분쟁대비 지원 - 분쟁대응 유형 : 개별","기술,수출,서울,부산,대구,인천,전남광주,대전,울산,세종,경기,강원,충북,충남,전북,경북,경남,제주,역공격방어,분쟁대비,무단선점,지식재산처,2026,IP보호,브랜드분쟁,모방,수출예정기업,상표,분쟁대응,수출기업,한국지식재산보호원,디자인,중견기업,콘텐츠,중소기업",해외진출,4069
353,지식재산처,한국지식재산보호원,기술,[충남] 2026년 6차 특허분쟁 대응전략 지원사업 공고(충남연계),2026-08-03,2026-08-21,2026-08-04,https://www.bizinfo.go.kr/sii/siia/selectSIIA200Detail.do?pblancId=PBLN_000000000125080,,중소기업,"충남소재 중소기업의 특허ㆍ실용신안권을 보호하고 수출 경쟁력 강화를 위한 「특허분쟁 대응전략 지원사업」을 아래와 같이 공고합니다. ☞ 해외기업과 특허분쟁(위험)이 있는 충남 소재 중소기업 ☞ 분쟁 상황에 따라 분쟁방어와 권리행사로 구분하여 지원(총 사업비의 70%) - 분쟁방어 초기대응(특허침해분석(TRO분석), 분쟁위험 사전대비전략), 사후대응(특허보증, 경고장 대응전략, 소송 방어전략, 라이선스 협상전략) 지원 - 권리행사 초기대응(특허침해모니터링, 특허피침해분석), 사후대응(특허권행사(경고장 발송, 침해 제소), 특허권보호(이의","기술,충남,라이선스협상전략,소송방어전략,경고장대응전략,사후대응,FTO,사전대비전략,특허분쟁대응전략,지식재산처,2026,특허침해분석,충남지식재산센터,특허보증,특허분쟁,한국지식재산보호원,중소기업",시험/인증,3438
354,경기도,기초자치단체,수출,[경기] 화성시 2027년 미국 라스베가스 CES 전시회 참관단 모집 공고,2026-08-03,2026-08-21,2026-08-04,https://www.bizinfo.go.kr/sii/siia/selectSIIA200Detail.do?pblancId=PBLN_000000000125079,,중소기업,"화성특례시는 관내 업체의 수출 판로 개척 지원을 위하여「2027 미국 라스베가스 CES 전시회 화성특례시 참관단」에 참여할 업체를 모집하오니, 관심 있는 업체들의 많은 참여 바랍니다. ☞ 관내 사업장(본사) 또는 공장이 소재한 중소기업 및 소공인 ☞ 왕복항공료 200만원, 전시회 입장료, 간담회 및 세미나(1社당 1명)지원 ※ 자세한 지원내용 공고문 참조","수출,경기,2026,소비자전자제품,CES,라스베가스,미국,모빌리티,화성시,로봇,소공인,기초자치단체,헬스케어,정보통신,전시회,경기도,AI,스타트업,중소기업",해외진출,3725
355,지식재산처,한국지식재산보호원,기술,[대전] 2026년 6차 특허분쟁 대응전략 지원사업 공고(대전연계),2026-08-03,2026-08-21,2026-08-04,https://www.bizinfo.go.kr/sii/siia/selectSIIA200Detail.do?pblancId=PBLN_000000000125078,,중소기업,"대전소재 중소기업의 특허ㆍ실용신안권을 보호하고 수출 경쟁력 강화를 위한 「특허분쟁 대응전략 지원사업」을 아래와 같이 공고합니다. ☞ 해외기업과 특허분쟁(위험)이 있는 대전 소재 중소기업 ☞ 분쟁 상황에 따라 분쟁방어와 권리행사로 구분하여 지원(총 사업비의 70%) - 분쟁방어 초기대응(특허침해분석(TRO분석), 분쟁위험 사전대비전략), 사후대응(특허보증, 경고장 대응전략, 소송 방어전략, 라이선스 협상전략) 지원 - 권리행사 초기대응(특허침해모니터링, 특허피침해분석), 사후대응(특허권행사(경고장 발송, 침해 제소), 특허권보호(이의","기술,대전,라이선스협상전략,소송방어전략,경고장대응전략,사후대응,FTO,사전대비전략,특허분쟁대응전략,지식재산처,2026,특허침해분석,특허보증,특허분쟁,한국지식재산보호원,대전테크노파크,중소기업",시험/인증,3322
356,울산광역시,울산경제일자리진흥원,인력,[울산] 2026년 자동차 부품업종 근로자 지역정착 지원사업 참여기업 모집 수정 공고(지역ㆍ산업맞춤형 일자리지원 사업(자율계정)),,,2026-08-04,https://www.bizinfo.go.kr/sii/siia/selectSIIA200Detail.do?pblancId=PBLN_000000000125077,예산 소진시까지,중소기업,울산지역 자동차 부품업종 근로자 지역정착ㆍ장기근속 유도 및 안정적 고용 구조 강화를 위한 「자동차 부품업종 근로자 지역정착 지원사업의」 참여기업을 다음과 같이 모집하오니 많은 신청 바랍니다. ☞ 상시근로자 5인 이상 500인 이하인 울산 소재 자동차 부품 업종 기업 ☞ 지역정착금(근로자) 및 4대보험료 (사업주) 지원 - 지역정착금 : 근로자 1인당 최대 150만원(25만원× 최대 6개월) 지원 - 4대보험료 지원 : 근로자 1인당 최대 105만원(35만원× 최대 3개월) 지원,"인력,울산,2026,부품업종,울산경제일자리진흥원,지역정착,자동차,4대보험료,울산광역시",고용유지,3456
357,지식재산처,한국지식재산보호원,기술,[인천] 2026년 6차 특허분쟁 대응전략 지원사업 공고(인천연계),2026-08-03,2026-08-21,2026-08-04,https://www.bizinfo.go.kr/sii/siia/selectSIIA200Detail.do?pblancId=PBLN_000000000125076,,중소기업,"인천소재 중소기업의 특허ㆍ실용신안권을 보호하고 수출 경쟁력 강화를 위한 「특허분쟁 대응전략 지원사업」을 아래와 같이 공고합니다. ☞ 해외기업과 특허분쟁(위험)이 있는 인천 소재 중소기업 ※ (신청대상) 미추홀구, 연수구, 남동구, 부평구, 서구 소재 중소기업 ☞ 분쟁 상황에 따라 분쟁방어와 권리행사로 구분하여 지원(총 사업비의 70%) - 분쟁방어 초기대응(특허침해분석(TRO분석), 분쟁위험 사전대비전략), 사후대응(특허보증, 경고장 대응전략, 소송 방어전략, 라이선스 협상전략) 지원 - 권리행사 초기대응(특허침해모니터링, 특허피침","기술,인천,라이선스협상전략,소송방어전략,경고장대응전략,사후대응,FTO,사전대비전략,특허분쟁대응전략,지식재산처,2026,특허침해분석,특허보증,인천지식재산센터,미추홀구,남동구,연수구,특허분쟁,서구,한국지식재산보호원,부평구,중소기업",시험/인증,3351
358,전남광주통합특별시,광주경제진흥상생일자리재단,경영,[전남광주] 2026년 우수 소상공인 프랜차이즈화 지원사업 사업화지원 참여업체 모집 공고,2026-08-04,2026-08-18,2026-08-04,https://www.bizinfo.go.kr/sii/siia/selectSIIA200Detail.do?pblancId=PBLN_000000000125073,,중소기업,"(재)광주경제진흥상생일자리재단에서는 소상공인들이 프랜차이즈화를 통해 안정적인 사업확장과 고용창출을 실현하도록 돕고, 프랜차이즈 가맹본부로 성공적으로 확장할 수 있도록 효과적이고 맞춤형 지원을 제공하기 위해「2026년 우수 소상공인 프랜차이즈 지원사업」사업화지원에 참여할 업체를 아래와 같이 모집하오니 유망소상공인 및 가맹본부의 많은 참여 바랍니다. ☞ 전남광주통합특별시 5개 자치구 소상공인 및 가맹본부 ※ 공고일 기준 정보공개서 등록(공정위) 후 최근년도 연매출 3천만원 이상인 가맹본부 ☞ 업체당 8백만원 이내 지원 ※ 소상공인(구축","경영,전남광주,2026,가맹본부,상품,프랜차이즈,시스템,IT,디자인,마케팅,소상공인,중소기업,광주경제진흥상생일자리재단,전남광주통합특별시",디자인/상품화/사업화,2383
359,문화체육관광부,한국출판문화산업진흥원,수출,2026년 6차 수출용 홍보자료(샘플) 지원 사업 공고,2026-08-03,2026-08-31,2026-08-04,https://www.bizinfo.go.kr/sii/siia/selectSIIA200Detail.do?pblancId=PBLN_000000000125071,,중소기업,"국내 출판물 해외시장 접근성 확대 및 수출 활성화 제고를 위해「2026년 제6차 수출용 홍보자료(샘플) 지원 사업」을 다음과 같이 공고합니다. 출판 관계자 여러분의 많은 관심과 참여 부탁드립니다. ☞ 해외 진출을 희망하는 국내 출판사 및 에이전시 ☞ 서지 정보, 작가ㆍ작품 소개, 마케팅 정보, 도서 내용 일부 발췌 번역 및 감수비 지원 - 도서별 샘플 최대 2개 외국어까지 번역ㆍ감수 지원","수출,서울,부산,대구,인천,전남광주,대전,울산,세종,경기,강원,충북,충남,전북,경북,경남,제주,2026,감수비,출판물,홍보자료,도서,외국어,번역,출판사,한국출판문화산업진흥원,문화체육관광부,샘플,해외시장,마케팅",해외진출준비,2294
360,전남광주통합특별시,전남창조경제혁신센터,수출,[전남광주] 2026년 하반기 바이어 초청 수출 상담회 참가기업 모집 공고,,,2026-08-04,https://www.bizinfo.go.kr/sii/siia/selectSIIA200Detail.do?pblancId=PBLN_000000000125070,선착순 접수,중소기업,전남창조경제혁신센터에서는 전남광주통합특별시 내 우수 농수산식품 생산ㆍ가공 및 수출기업의 해외 유통 채널 판로개척 지원을 위해 아래와 같이 「2026년 하반기 바이어 초청 수출상담회」를 개최합니다. 관심 있는 기업의 많은 참여 바랍니다. ☞ 전남광주통합특별시 내 농수산식품 생산ㆍ가공 및 수출기업(해외 온ㆍ오프라인 매장 입점 희망 또는 가능 기업) ☞ 해외 바이어 수출상담을 통한 글로벌 온ㆍ오프라인 시장 진출 지원,"수출,전남광주,2026,전남창조경제혁신센터,전남광주통합특별시,농수산식품,생산,가공,바이어,수출상담회,수출상담,해외바이어,글로벌시장진출",해외진출준비,1909
361,경상북도,포항테크노파크,기술,[경북] 포항시 2026년 2차 지역산업위기대응 맞춤형 지원사업 참여기업 모집 통합 공고,2026-08-03,2026-08-21,2026-08-04,https://www.bizinfo.go.kr/sii/siia/selectSIIA200Detail.do?pblancId=PBLN_000000000125069,,중소기업,"포항 철강 전후방 산업의 경영환경 악화에 대응하고 지역기업의 경쟁력 강화를 지원하기 위한 「2026년 2차 경북 포항시 지역산업위기대응 맞춤형 지원사업」의 참여기업을 다음과 같이 모집하오니 많은 참여 바랍니다. ☞ 산업위기지역(포항) 소재 철강ㆍ금속 분야 주된 산업 또는 전ㆍ후방 연관 산업 영위 기업 ※ 자세한 신청자격 공고문 참조 ☞ 기업당 최대 100백만원 패키지형 지원 - 기술지원 : 스케일업 R&D, 시제품 제작, 기술개발, 제품 고급화, 인증 및 시험분석 등 지원 - 사업화지원 : 마케팅, 전시회, 상품기획, 스마트물류 내","기술,경북,스마트물류내비게이션,2026,패키지형,전후방산업,상품기획,포항시,철강,제품고급화,금속,포항테크노파크,시험분석,스케일업,시제품제작,투자유치,전시회,인증,기술개발,경상북도,중견기업,마케팅,R&D,중소기업",기술사업화/이전/지도,2158
362,경기도,기초자치단체,수출,[경기] 수원시 2026년 국외 박람회 개별참가 지원사업 참가 기업 모집 공고,2026-08-04,2026-08-18,2026-08-04,https://www.bizinfo.go.kr/sii/siia/selectSIIA200Detail.do?pblancId=PBLN_000000000125068,,중소기업,"수원시는 2026년 국외 박람회에 개별적으로 참가하는 관내 중소제조기업을 위해 아래와 같이 참가비 일부를 지원함으로써 수출 판로개척을 지원하고자 하오니 해당 기업은 신청하시기 바랍니다. ☞ 2026년 개최 국외 박람회에 개별 참가하는 관내 중소제조기업 ※ 공고일 이전 2026년 개최된 박람회에 참가한 기업이 선정될 경우, 소급 지원 가능 ☞ 기업 당 박람회 1회, 750만원 한도 내 지원 - 부스임차료 : 기본부스(1개 부스(조립ㆍ독립부스 택1)) - 장치비 : 1개 부스 내에 전시 관련 장치물 및 부속시설 설치비 등 - 편도 운송","수출,경기,2026,경기도,기초자치단체,수원시,국외박람회,중소기업,제조업,제조기업,수출판로지원,박람회,중소제조기업,부스임차료,장치비,편도운송비,해상운송",해외진출,2004
363,과학기술정보통신부,한국인터넷진흥원,경영,2026년 8차 정보보호 인증제품 조달청 벤처나라 추천기업 모집 공고(8월 추천),2026-08-03,2026-08-21,2026-08-04,https://www.bizinfo.go.kr/sii/siia/selectSIIA200Detail.do?pblancId=PBLN_000000000125065,,창업벤처,"과학기술정보통신부와 한국인터넷진흥원에서는 정보보호 분야 우수 제품 발굴 및 공공판로 지원을 위하여 IoT, 물리보안, 우수 정보보호 기술 등 정보보호 인증제품에 대해 벤처창업기업제품 지정(조달청 벤처나라 등록 상품)과 관련하여 조달청에 추천하고 있으니, 지정희망 기업의 많은 관심과 참여를 바랍니다. ☞ 창업기업 또는 벤처기업의 과기정통부 지정 IoT, 물리, 우수 정보보호 기술 등 분야 정보보호 인증제품 중, 조달청 벤처나라 지정과 관련하여 결격사유가 없는 제품 - 창업기업 또는 벤처기업 직접 생산하거나 국내 제조 기업과 주문자상표","경영,서울,부산,대구,인천,전남광주,대전,울산,세종,경기,강원,충북,충남,전북,경북,경남,제주,2026,인증제품,물리,벤처나라,정보보호,IoT,조달청,한국인터넷진흥원,벤처기업,창업기업,과학기술정보통신부",디자인/상품화/사업화,2319
364,강원특별자치도,강원지속가능경제지원센터,경영,[강원] 2026년 마을기업 체계적 육성지원 사업 부문 참여 기업 모집 공고,2026-08-03,2026-08-18,2026-08-04,https://www.bizinfo.go.kr/sii/siia/selectSIIA200Detail.do?pblancId=PBLN_000000000125064,,마을기업,"강원지속가능경제지원센터는 강원 마을기업의 체계적 육성과 성장동력 확보를 위해 체계적육성지원부문 3개 사업에 참여할 마을기업을 모집하오니 많은 참여 바랍니다. ☞ 강원 (예비)마을기업 ※ 세부사업별 지원대상 상이 (공고문 참조) ☞ 특화모델 발굴 및 초기 사업화, 차기단계 육성 및 사업 고도화, 재도약 컨설팅 및 재기 사업화 지원 ※ 자세한 지원내용 공고문 참조","경영,강원,강원지속가능경제지원센터,2026,특화모델,강원특별자치도,발굴,사업화,컨설팅,예비,마을기업",디자인/상품화/사업화,1778
365,경상북도,경상북도경제진흥원,경영,[경북] 경산시 2026년 소상공인 카드수수료 지원사업 참여점포 모집 변경 공고,,,2026-08-04,https://www.bizinfo.go.kr/sii/siia/selectSIIA200Detail.do?pblancId=PBLN_000000000125063,예산 소진시까지,소상공인,"경상북도경제진흥원에서는 국내외 경기침체로 어려움을 겪고 있는 소상공인들을 위한 ‘소상공인 카드수수료 지원사업’ 참여점포를 다음과 같이 모집하오니 많은 신청 부탁드립니다. ☞ ’25년도 연매출액이 3억 원 이하이며,사업자등록증 상의 소재지가 경산시인 소상공인 ※ 매출액은 부가가치세과세표준증명원 혹은 면세사업자수입금액증명원을 기준으로 함 ☞ 전년도 카드매출액의 0.4% 지원 - 업체당 최저 5만원 최대 40만원 한도 ※ 지원금 산정방법 : ’25년 카드 매출액 / 1.1 * 0.4%","경영,경북,소상공인카드수수료,2026,행복카드,카드수수료,경산시,경영안정,경상북도경제진흥원,경상북도,소상공인",디자인/상품화/사업화,1866
366,충청북도,청주상공회의소,기술,[충북] 2026년 2차 국내출원비용 지원사업 모집 공고,2026-08-03,2026-08-31,2026-08-04,https://www.bizinfo.go.kr/sii/siia/selectSIIA200Detail.do?pblancId=PBLN_000000000125062,,중소기업,충청북도에 소재하고 있는 중소기업의 지식재산권 역량강화를 위해 국내출원비용 지원사업을 아래와 같이 안내하오니 관심 있는 기업의 많은 참여바랍니다. ☞ 충청북도 내(본사 소재지) 중소기업 ☞ 국내출원에 소요되는 출원비용(대리인에게 입금한 금액 등)중 일부(70%이내) 지원 ※ 자세한 지원내용 공고문 참조,"기술,충북,2026,국내출원,출원비용,실용신안,브랜드,충북지식재산센터,청주상공회의소,상표,지식재산권,디자인,충청북도,특허,중소기업",시험/인증,1903
367,경기도,경기테크노파크,경영,[경기] 안산시 2026년 온라인마케팅 지원사업 안산e스토어 입점 기업 모집 공고,,,2026-08-04,https://www.bizinfo.go.kr/sii/siia/selectSIIA200Detail.do?pblancId=PBLN_000000000125061,상시 접수,중소기업,"안산시와 경기테크노파크는 중소기업의 판로 확대와 홍보 강화를 위해 우수 제품 온라인 홍보관「안산e스토어」입점 기업을 모집합니다. 관심 있는 기업의 많은 참여 바랍니다. ☞ 네이버 스마트스토어 또는 홈페이지 운영 중인 안산시 소재 중소기업(소상공인 포함)으로 직접 개발ㆍ제조 또는 OEM 생산 기업 ☞ 입점, 기업 홍보, 기타 등 지원 - 입점 : ‘안산e스토어’제품 등록 및 네이버 스마트스토어 연동(상품 상세 정보, 결제, 사용자 리뷰 노출 등) - 기업 홍보 : 네이버 스마트스토어 미운영 기업 홍보를 위해 기업 홈페이지 입점 링크 ","경영,경기,링크연동,플레이스등록,2026,안산e스토어,온라인마케팅교육,기업홍보,할인쿠폰,입점,경기테크노파크,안산시,경기도,소상공인,중소기업",디자인/상품화/사업화,1718
368,부산광역시,부산정보산업진흥원,인력,[부산] 2026년 3차 부산콘텐츠아카데미 일자리 지원사업 모집 공고,2026-08-03,2026-08-17,2026-08-04,https://www.bizinfo.go.kr/sii/siia/selectSIIA200Detail.do?pblancId=PBLN_000000000125060,,중소기업,"(재)부산정보산업진흥원에서는 지역 내 게임 기업을 대상으로「2026 부산콘텐츠아카데미 일자리 지원사업 추가 모집」을 다음과 같이 추진하오니, 관심 있는 기업의 많은 참여를 바랍니다. ☞ 게임 프로젝트를 개발 중인 기업 - (사업장 요건) ① 공고일 기준, 부산에 본사 또는 지사를 두고 사업자등록 6개월 이상인 기업 ② 4대보험 가입 사업장으로, 국세 및 지방세 체납이 없는 사업장 ③ 공고일 기준 사업자등록증상 ‘게임’ 관련 종목 포함 기업 ④ 온라인 채용 플랫폼 ‘부산게임인’에 등록된 기업 및 근로자 ☞ 신규 채용 인력 월 인건비 ","인력,부산,게임 프로젝트,신규 채용,2026,부산게임인,부산정보산업진흥원,개발,부산광역시,일자리,게임,인건비",고용환경개선,2163
369,경기도,시흥산업진흥원,수출,[경기] 시흥시 2026년 소공인 공동판로개척사업 참여기업 모집 공고,2026-08-03,2026-09-30,2026-08-04,https://www.bizinfo.go.kr/sii/siia/selectSIIA200Detail.do?pblancId=PBLN_000000000125059,,소상공인,"(재)시흥산업진흥원(대야기계장비 소공인특화지원센터)에서는 소공인의 기술(제품)의 판로 개척 및 R&BD 마케팅을 강화를 위한「2026년 대야기계장비 소공인특화지원센터 소공인 공동판로개척사업」을 다음과 같이 공고하오니 사업 참여를 희망하는 소공인은 아래 내용에 따라 신청하시기 바랍니다. ☞ 집적지(대야,신천,은행,신현,매화,과림동) 소재에 10인 미만의 기계장비제조 (업종코드 C25, C29) 소공인으로서, 신청일 현재 가동중인 기업 ☞ 2026년 아시아 기계 & 제조 산업전 AMXPO 소공인 공동관 운영 지원","수출,내수,경기,소공인공동관,AMXPO,C25,2026,과림동,신현동,대야동,매화동,은행동,신천동,C29,기계장비제조,소공인,시흥산업진흥원,경기도,기계,제조",해외진출준비,1773
370,경상북도,경상북도경제진흥원,경영,[경북] 구미시 2026년 소상공인 카드수수료 지원사업 참여 점포 모집 변경 공고,,,2026-08-04,https://www.bizinfo.go.kr/sii/siia/selectSIIA200Detail.do?pblancId=PBLN_000000000125058,예산 소진시까지,소상공인,"경상북도경제진흥원에서는 국내외 경기침체로 어려움을 겪고 있는 소상공인들을 위한 ‘소상공인 카드수수료 지원사업’ 참여점포를 다음과 같이 모집하오니 많은 신청 부탁드립니다. ☞ ’25년도 연매출액이 3억 원 이하이며,사업자등록증 상의 소재지가 구미시인 소상공인 ☞ 전년도 카드매출액의 0.4% 지원 - 업체당 최저 5만원 최대 40만원 한도 ※ 지원금 산정방법 : ’25년 카드 매출액 / 1.1 * 0.4%","경영,경북,구미시소상공인연합회,2026,카드매출액,매출액,카드수수료,경상북도경제진흥원,구미시,경상북도,소상공인",디자인/상품화/사업화,1686
371,경상북도,경상북도경제진흥원,경영,[경북] 성주군 2026년 소상공인 카드수수료 지원사업 참여점포 모집 변경 공고,,,2026-08-04,https://www.bizinfo.go.kr/sii/siia/selectSIIA200Detail.do?pblancId=PBLN_000000000125057,예산 소진시까지,소상공인,"경상북도경제진흥원에서는 국내외 경기침체로 어려움을 겪고 있는 소상공인들을 위한 ‘소상공인 카드수수료 지원사업’ 참여점포를 다음과 같이 모집하오니 많은 신청 부탁드립니다. ☞ ’25년도 연매출액이 3억 원 이하이며,사업자등록증 상의 소재지가 성주군인 소상공인 ※ 매출액은 부가가치세과세표준증명원 혹은 면세사업자수입금액증명원을 기준으로 함 ☞ 전년도 카드매출액의 0.4% 지원 - 업체당 최저 5만원 최대 40만원 한도 ※ 지원금 산정방법 : ’25년 카드 매출액 / 1.1 * 0.4%","경영,경북,소상공인카드수수료,2026,성주군,행복카드,카드수수료,경영안정,경상북도경제진흥원,경상북도,소상공인",디자인/상품화/사업화,1525
372,울산광역시,울산경제일자리진흥원,인력,[울산] 2026년 자동차 부품업종 안전관리 인력 고용지원사업 참여기업 모집 수정 공고(지역ㆍ산업맞춤형 일자리지원 사업(자율계정)),,,2026-08-04,https://www.bizinfo.go.kr/sii/siia/selectSIIA200Detail.do?pblancId=PBLN_000000000125056,예산 소진시까지,중소기업,"울산지역 자동차 부품업종 안전관리 인력의 지역정착ㆍ장기근속 유도 및 안정적 고용 구조 강화를 위한「자동차 부품업종 안전관리 인력 고용지원 사업의」참여기업을 다음과 같이 모집하오니 많은 신청 바랍니다. ☞ 상시근로자 5인 이상 500인 이하인 울산 소재 자동차 부품 업종 ※ 세부사업별 지원대상 상이 (공고문 참조) ☞ 안전관리 인력 채용장려금 지원, 안전관리 업무 추가 수행지원, 안전관리자 장기근속 지원금, 안전관리자 선임 정착 지원 ※ 자세한 지원내용 공고문 참조","인력,울산,선임정착,장기근속지원금,수행지원,2026,자동차부품업종,안전관리자,울산경제일자리진흥원,고용지원금,채용장려금,울산광역시,안전관리",고용유지,1606
373,경상북도,경상북도경제진흥원,경영,[경북] 의성군 2026년 소상공인 카드수수료 지원사업 참여점포 모집 변경 공고,,,2026-08-04,https://www.bizinfo.go.kr/sii/siia/selectSIIA200Detail.do?pblancId=PBLN_000000000125055,예산 소진시까지,소상공인,"경상북도경제진흥원에서는 국내외 경기침체로 어려움을 겪고 있는 소상공인들을 위한 ‘소상공인 카드수수료 지원사업’ 참여점포를 다음과 같이 모집하오니 많은 신청 부탁드립니다. ☞ ’25년도 연매출액이 3억 원 이하이며,사업자등록증 상의 소재지가 의성군인 소상공인 ※ 매출액은 부가가치세과세표준증명원 혹은 면세사업자수입금액증명원을 기준으로 함 ☞ 전년도 카드매출액의 0.4% 지원 - 업체당 최저 5만원 최대 40만원 한도 ※ 지원금 산정방법 : ’25년 카드 매출액 / 1.1 * 0.4%","경영,경북,소상공인카드수수료,2026,행복카드,카드수수료,의성군,경영안정,경상북도경제진흥원,경상북도,소상공인",디자인/상품화/사업화,1553
374,울산광역시,울산경제일자리진흥원,인력,[울산] 2026년 자동차 부품업종 미래인재 일경험 지원사업 참여기업 모집 수정 공고(지역ㆍ산업맞춤형 일자리지원 사업(자율계정)),,,2026-08-04,https://www.bizinfo.go.kr/sii/siia/selectSIIA200Detail.do?pblancId=PBLN_000000000125054,예산 소진시까지,중소기업,"울산지역 자동차 부품업종 산업 분야 일경험ㆍ직무교육 연계를 통한 청년의 산업 적응 촉진 및 인력 확보 기반 강화 위한「자동차 부품업종 미래인재 일경험 지원사업」의 참여기업을 다음과 같이 모집하오니 많은 신청 바랍니다. ☞ 지역청년 인턴사원을 채용한 관내 자동차 부품업종 기업 - 상시인턴 5인 이상 500인 이하인 울산 소재 자동차 부품 업종 ☞ 인턴 실습비, 직무 교육 지원 - 인턴실습비 지원 : 사업주가 인턴사원에게 지급한 월급여 일부 지원 - 직무교육 지원 : 인턴사원 대상 조직 기본소양, 직무심화 교육 실시","인력,울산,월급여,인턴실습비,미래인재일경험,자동차부품업종산업,2026,자동차부품업종,인턴사원,울산경제일자리진흥원,직무교육,인턴,울산광역시",국내일반인력,1559
375,경기도,부천산업진흥원,기술,[경기] 부천시 2026년 8월 유해물질 시험분석 수수료 지원 사업 공고,2026-08-01,2026-08-31,2026-08-04,https://www.bizinfo.go.kr/sii/siia/selectSIIA200Detail.do?pblancId=PBLN_000000000125053,,중소기업,"부천시와 부천산업진흥원은 국내외 유해물질 규제에 대응하여 지역 중소기업의 제품 신뢰성 확보 및 경쟁력 강화를 위한「2026년 유해물질 시험분석 수수료 지원 사업」을 추진하오니, 관련 기업의 적극적인 참여를 바랍니다. ☞ 본사 또는 공장이 부천시에 소재한 중소기업(제조업) - 국내 시험분석 : 한국인정기구(KOLAS) 공인 시험ㆍ분석기관에서 수행한 시험 - 해외 시험분석 : ISO/IEC 17025 인증 시험ㆍ분석기관에서 수행한 시험 ☞ 유해물질 시험분석 수수료 지원(기업당 지원금 합계 100만원 이내(연간))","기술,경기,해외시험분석,국내시험분석,2026,유해물질시험분석,유해물질,KOLAS,수수료,시험분석,부천산업진흥원,부천시,경기도,제조업,중소기업",시험/인증,1578
376,강원특별자치도,직접수행,인력,[강원] 2026년 하반기 (예비)사회적기업 일자리 창출 참여기업 추가모집 공고,2026-08-04,2026-08-19,2026-08-04,https://www.bizinfo.go.kr/sii/siia/selectSIIA200Detail.do?pblancId=PBLN_000000000125051,,사회적기업,"「고용정책기본법」제28조,「사회적기업육성법」제14조 및 고용노동부 「2026년 사회적기업 재정지원사업 업무지침」에 따라 2026년 (예비)사회적기업 하반기 일자리 창출사업 참여기업을 다음과 같이 모집합니다. ☞ 2026년 2. 28.(토)기준 유급근로자(자체 고용근로자)를 1명 이상 고용하고 있는 강원특별자치도 소재 인증사회적기업 및 예비사회적기업(지역형, 부처형) - 상시근로자 수 30인 미만 인증 또는 예비사회적기업 ※ 상시근로자 수 30인 이상 기업 중 SVI 평가 ‘탁월’, ‘우수’ 기업은 예외적으로 지원 ☞ 사회적기업 육성","인력,강원,상시근로자 수 30인,일자리 창출,2026,국민취업지원제도,강원특별자치도,신규채용,SVI,취약계층,직접수행,예비사회적기업,사회적기업",고용유지,1703
377,지식재산처,한국지식재산보호원,기술,2026년 6차 특허분쟁 대응전략 지원사업 공고,2026-08-03,2026-08-21,2026-08-04,https://www.bizinfo.go.kr/sii/siia/selectSIIA200Detail.do?pblancId=PBLN_000000000125050,,중소기업,"우리 중소ㆍ중견기업 등의 특허ㆍ실용신안권ㆍ영업비밀을 보호하고 수출 경쟁력 강화를 위한 「특허분쟁 대응전략 지원사업」을 아래와 같이 공고합니다. ☞ (개별대응) 해외기업과 특허 또는 영업비밀 분쟁(위험)이 있는 국내 중소ㆍ중견 기업 - (공동대응) 공통된 분쟁 이슈를 갖는 국내기업 3개社 이상으로 구성된 기업 협의체(단, 중소ㆍ중견 기업이 과반수일 것) ※ 자세한 지원대상 공고문 참조 ☞ 유형별 (분쟁방어, 권리행사, 영업비밀 분쟁대응) 지원 ※ 자세한 지원내용 공고문 참조","기술,서울,부산,대구,인천,전남광주,대전,울산,세종,경기,강원,충북,충남,전북,경북,경남,제주,라이선스협상,소송방어,사전대비전략,지식재산처,2026,특허침해분석,특허권행사,특허권보호,실용신안권,대응전략,한국지식재산보호원,중견기업,중소기업",시험/인증,1864
378,경기도,이천시청년창업지원센터,창업,[경기] 이천시 2026년 청년창업 날개달기 지원사업 공고,2026-08-03,2026-08-18,2026-08-04,https://www.bizinfo.go.kr/sii/siia/selectSIIA200Detail.do?pblancId=PBLN_000000000125048,,창업벤처,"이천시 청년창업지원센터에서는 관내 청년창업자의 안정적인 창업과 지속 가능한 성장을 지원하고자 「2026년 이천시 청년창업 ‘날개달기’ 지원사업」 참여기업을 다음과 같이 모집하오니 많은 관심과 신청 바랍니다. ☞ 다음 요건을 모두 충족하는 청년창업자 (만19~39세) - 공고일 현재 주민등록상 이천시 거주자 - 공고일 현재 이천시 소재 실제 사업장을 운영 중인 자 - 공고일 기준 사업자등록 후 3년 이내의 창업기업 ☞ 홍보 콘텐츠 제작비(홍보 동영상, 사진, 브로셔, 팜플렛, 홍보용품, 인쇄물 등) - 기업ㆍ제품 브랜드 디자인 개발비","창업,경기,보도자료제작,상표디자인,날개달기,이천시청년창업지원센터,2026,브랜드디자인,콘텐츠제작비,온라인광고,팜플렛,청년창업자,개발비,마케팅비,이천시,SNS,홍보,경기도",사업화지원,2027
379,중소벤처기업부,장애인기업종합지원센터,창업,2026년 3차 장애인 창업사업화 지원사업 대상자 모집 공고,2026-08-03,2026-08-24,2026-08-04,https://www.bizinfo.go.kr/sii/siia/selectSIIA200Detail.do?pblancId=PBLN_000000000125047,,장애인기업,"중소벤처기업부와 (재)장애인기업종합지원센터(이하 '센터'라 함)는 창업의지가 있는 장애인 예비창업자 및 업종전환희망자를 대상으로 창업사업화를 지원합니다. 이에 다음과 같이 지원대상자를 모집하오니 많은 참여 바랍니다. ☞ ‘26. 1. 1.(일) 이후 센터에서 주관한 교육과정, 또는 직전년도 특화교육을 이수한 장애인 중 예비창업자 및 업종전환희망자 ※창업교육과정 : 온라인 창업교육(기초, 역량강화, 재기, 협동조합, 시각장애인 창업교육) ※업종전환희망자는 온라인 재기교육 필수 수강 ☞ 창업 초기비용(1,000~2,000만원), 전문컨","창업,서울,부산,대구,인천,전남광주,대전,울산,세종,경기,강원,충북,충남,전북,경북,경남,제주,2026,APP,업종전환희망자,전문컨설팅,브랜드개발,장애인기업종합지원센터,홈페이지,인테리어,리모델링,예비창업자,장애인,사업화,홍보,중소벤처기업부,마케팅,창업사업화",사업화지원,2497
380,경상북도,경북문화재단 콘텐츠진흥원,경영,2026년 경북 로케이션 제작지원 사업 추가 공고,,,2026-08-04,https://www.bizinfo.go.kr/sii/siia/selectSIIA200Detail.do?pblancId=PBLN_000000000125046,예산 소진 시까지,중소기업,"경북문화재단 콘텐츠진흥원에서는 지역 영상ㆍ영화산업 활성화를 위하여 아래와 같이 <경북 로케이션 제작지원>을 시행하오니, 영화, 드라마 등 영상 콘텐츠 제작사들의 많은 관심과 참여를 바랍니다. ☞ 경북에서 3회차 이상 촬영하는 국내 영상물(영화ㆍ드라마ㆍ예능ㆍ다큐) 제작사 - 영화, 드라마 제작업 등의 신고증을 보유한 제작 - 투자, 배급(방영)계약이 완료된 작품 - 국내 서비스 중인 플랫폼(방송사, OTT, 극장 등)에 방영 예정인 작품 ☞ 관내 소비액의 70% 이내 지원, 작품당 최대 7천만원 지급 가능 ※ 자세한 지원내용 공고문 ","경영,서울,부산,대구,인천,전남광주,대전,울산,세종,경기,강원,충북,충남,전북,경북,경남,제주,영상 콘텐츠,2026,다큐,제작지원,경북문화재단 콘텐츠진흥원,예능,로케이션,OTT,드라마,영상,플랫폼,영화,경상북도",디자인/상품화/사업화,1666
381,경상북도,경상북도경제진흥원,내수,[경북] 우수 수산물 안테나숍 입점기업 모집 공고,2026-08-06,2026-08-19,2026-08-04,https://www.bizinfo.go.kr/sii/siia/selectSIIA200Detail.do?pblancId=PBLN_000000000125044,,중소기업,경상북도와 (재)경상북도경제진흥원에서는 도내 수산가공 및 제조기업의 국내판로개척을 위해 추진 중인 「경북 우수 수산물 안테나숍」 입점 희망기업을 다음과 같이 공고하오니 도내 수산가공기업의 많은 관심 바랍니다. ☞ 경북 수산물 생산 및 가공기업 - 사업자등록증상 수산관련으로 등록된 기업 - 안테나숍 기존 입점 기업 중 신제품이 있는 기업 ☞ 안테나숍 입점 및 판매 지원 - 매장 내 판매사원 상시 근무 - 판촉행사 진행 등 매장운영 전반적 사항 지원,"내수,경북,판매사원,2026,수산가공기업,매장운영,안테나숍,판촉행사,판매,입점,수산물,경상북도경제진흥원,경상북도",오프라인,1504
382,전북특별자치도,직접수행,창업,[전북] 2026년 하반기 지역형 예비사회적기업 지정 공고,2026-08-03,2026-08-21,2026-08-04,https://www.bizinfo.go.kr/sii/siia/selectSIIA200Detail.do?pblancId=PBLN_000000000125043,,사회적기업,"「전북특별자치도 사회적기업 육성 지원 조례」시행규칙 제6조에 따라 2026년도 지역형 예비사회적기업 지정 공모를 다음과 같이 공고합니다. ☞ 아래의 예비사회적기업 지정요건을 모두 갖춘 법인ㆍ단체 ① 「사회적기업 육성법」제8조 및 동법 시행령 제8조에 따른 조직형태를 갖춘 기업 ② 사회적 목적 실현을 조직의 주된 목적으로 할 것 ③ 영업활동을 수행할 것 ④ 배분 가능한 이윤을 사회적 목적으로 사용 ⑤ 고용노동관계법령 및 수행사업 관련 현행법 준수 ⑥ 사회적(경제)기업 교육 이수 필수(접수마감일 기준 1년 이내, 대표자 명의로 수강한 ","창업,전북,2026,전북특별자치도,판로지원,홍보,예비사회적기업,교육,사회적기업,직접수행,우선구매대상,경영컨설팅",예비창업자지원,2131
383,부산광역시,직접수행,경영,[부산] 2026년 예비사회적기업 지정 계획 공고,2026-08-14,2026-09-04,2026-08-04,https://www.bizinfo.go.kr/sii/siia/selectSIIA200Detail.do?pblancId=PBLN_000000000125042,,사회적기업,"「부산광역시 사회적기업 육성에 관한 조례」제5조, 고용노동부「2026년 사회적기업 인증 업무지침」에 따라 2026년 부산광역시 예비사회적기업 지정 계획을 다음과 같이 공고합니다. ☞ 2026년 지역형(부산) 예비사회적기업 지정 희망 법인ㆍ단체 ☞ 예비사회적기업 지정 지원","경영,부산,2026,단체,법인,부산광역시,예비사회적기업,사회적기업,직접수행",디자인/상품화/사업화,1622
384,산업통상부,대한무역투자진흥공사,수출,2026년 KOTRA-이베이재팬(큐텐재팬) 파워셀러 1단계 입점교육 4기 참가기업 모집 공고,2026-08-03,2026-08-23,2026-08-04,https://www.bizinfo.go.kr/sii/siia/selectSIIA200Detail.do?pblancId=PBLN_000000000125041,,중소기업,"KOTRA는 온라인 수출 지원 수요 증가에 대응하여 유망 소비재 기업의 글로벌 온라인 유통망 입점부터 생존, 파워셀러로 성장하는 전 과정을 지원하는「2026 KOTRA 이베이재팬(큐텐재팬) 파워셀러 육성사업 1단계 입점교육 4기」를 모집합니다. 아래와 같이 참가기업을 모집하오니 관심 기업의 많은 신청 부탁드립니다. ☞ 큐텐재팬 계정 미보유 기업 혹은 큐텐재팬 연 판매액 1천만엔(약 1억원) 미만 기업 중 기초 입점 및 마케팅 교육을 필요로 하는 국내 기업 ☞ 온라인 마켓플레이스(큐텐재팬) 입점 교육을 통해 글로벌 유통망 진입을 지원","수출,경영,서울,부산,대구,인천,전남광주,대전,울산,세종,경기,강원,충북,충남,전북,경북,경남,제주,국내 기업,마케팅 교육,기초 입점,산업통상부,2026,이베이재팬,역직구,큐텐,이커머스,큐텐재팬,이베이,유통망,파워셀러,대한무역투자진흥공사,플랫폼,일본,KOTRA,교육,온라인",해외진출준비,1852
385,산업통상부,대한무역투자진흥공사,수출,2026년 KOTRA-월마트 파워셀러 1단계 3기 입점교육 참가기업 모집 공고,2026-08-03,2026-08-23,2026-08-04,https://www.bizinfo.go.kr/sii/siia/selectSIIA200Detail.do?pblancId=PBLN_000000000125040,,중소기업,"KOTRA는 온라인 수출 지원 수요 증가에 대응하여 유망 소비재 기업의 글로벌 온라인 유통망 입점부터 생존, 파워셀러로 성장하는 전 과정을 지원하는「2026 KOTRA-월마트 파워셀러 육성사업 1단계 입점교육 3기」를 모집합니다. 아래와 같이 참가기업을 모집하오니 관심 기업의 많은 신청 부탁드립니다. ☞ 월마트 계정 미보유 기업 혹은 월마트 계정은 보유하고 있으나 판매를 시행하고 있지 않은 기업 중, 기초 입점 및 마케팅 교육을 필요로 하는 국내 기업 ☞ 온라인 마켓플레이스(월마트) 입점 교육을 통해 글로벌 유통망 진입을 지원하고,","수출,경영,서울,부산,대구,인천,전남광주,대전,울산,세종,경기,강원,충북,충남,전북,경북,경남,제주,월마트,전세계,온라인 수출 지원,중소중견기업,산업통상부,2026,역직구,이커머스,마케팅비,유통망,미국,입점교육,파워셀러,대한무역투자진흥공사,플랫폼,KOTRA",해외진출준비,1839
386,산업통상부,대한무역투자진흥공사,수출,2026년 2차 KOTRA 중국 K-소비재 물류 데스크 특화사업 모집 공고,2026-08-03,2026-08-19,2026-08-04,https://www.bizinfo.go.kr/sii/siia/selectSIIA200Detail.do?pblancId=PBLN_000000000125039,,중소기업,"상하이시 물류 인프라를 활용하여, 국내 중소ㆍ중견 소비재 기업에게 현지 물류사 연계를 통한 물류ㆍ통관ㆍ인증 등 원스톱 서비스를 제공함으로써, 유망 소비재(식품, 뷰티, 생활용품)의 중국 시장 진출을 지원하고자「2026년 KOTRA 중국 K-소비재 물류 데스크 특화사업 모집」을 실시합니다. 많은 관심과 신청 바랍니다. ☞ 현지(중국 상하이) 물류서비스가 필요한 국내 중소ㆍ중견 소비재 기업 ☞ 현지 물류사 연계 중국 내 물류ㆍ통관ㆍ인증ㆍ라벨링 등 지원 - 물류 : 현지 전문 물류사 연계 B2B/B2C 중국 내 물류 서비스 지원 - 통관","수출,서울,부산,대구,인천,전남광주,대전,울산,세종,경기,강원,충북,충남,전북,경북,경남,제주,샘플활용,대리전시,원스톱서비스,산업통상부,2026,대리상담,소비재기업,물류서비스,라벨링,통관,수출상담회,대한무역투자진흥공사,인증,컨설팅,중견기업,중소기업",해외진출,1740
387,산업통상부,대한무역투자진흥공사,수출,2026년 톈진 신에너지 자동차 공급망 전시회 연계 공급망 진입 지원 상담회 모집 공고,2026-07-30,2026-08-19,2026-08-04,https://www.bizinfo.go.kr/sii/siia/selectSIIA200Detail.do?pblancId=PBLN_000000000125038,,중소기업,"대한무역투자진흥공사에서 「2026 톈진 신에너지 자동차 전시회 연계 공급망 진입 지원 상담회」을 실시하오니 많은 관심과 신청 바랍니다. ☞ 전기차 부품, 전장, 배터리, 생산ㆍ설비 자동화 관련 국내기업 ☞ 1:1상담회, 완성차 브랜드 네트워킹(한정), 상담 통역 지원","수출,경영,서울,부산,대구,인천,전남광주,대전,울산,세종,경기,강원,충북,충남,전북,경북,경남,제주,2026,산업통상부,대한무역투자진흥공사,톈진,자동차,전시회,공급망,바이어,비스니스상담,네트워킹,통역,상담",해외진출,1540
388,산업통상부,한국산업기술기획평가원,기술,2026년 반도체첨단산업기술개발(시스템반도체기술개발) 신규 지원대상 연구개발과제 추가 공고,2026-08-17,2026-09-01,2026-08-04,https://www.bizinfo.go.kr/sii/siia/selectSIIA200Detail.do?pblancId=PBLN_000000000125034,,중소기업,"2026년도 반도체첨단산업기술개발(시스템반도체기술개발) 사업의 신규 지원대상 연구개발과제를 다음과 같이 추가 공고하오니 수행하고자 하는 자는 신청하여 주시기 바랍니다. ☞ 기업, 대학, 연구기관, 연구조합, 사업자단체, 의료기관 등 「산업기술혁신촉진법」 제11조 제2항 및 같은 법 시행령 제11조, 「산업기술혁신사업 공통 운영요령」 제2조제1항제3호, 제4호 및 제4의2호, 9의2부터 9의5, 제58호에 해당하는 기관 - 주관연구개발기관이 기업인 경우는 접수마감일 현재 법인사업자이어야 하며, 선정평가 개최일 이전에 기업부설연구소(한","기술,서울,부산,대구,인천,전남광주,대전,울산,세종,경기,강원,충북,충남,전북,경북,경남,제주,산업통상부,2026,파운드리,한국산업기술기획평가원,팹리스,SoC,모듈,시스템,시스템반도체,SW,기술개발,중견기업,중소기업",공동기술개발,1760
389,서울특별시,서울경제진흥원,내수,[서울] 2026년 2차 SETEC 전시회 연계 소비자 반응 테스트 지원 참가기업 모집 공고,2026-08-05,2026-08-26,2026-08-04,https://www.bizinfo.go.kr/sii/siia/selectSIIA200Detail.do?pblancId=PBLN_000000000125032,,중소기업,"연간 130만명이 시민과 12,000개사 이상의 기업이 방문하는 서울무역전시장(SETEC)에서는 시장 초기 진입을 위해 소비자 반응 테스트가 필요한 제품ㆍ서비스를 보유한 중소기업의 시장진출을 위해 SETEC 전시회를 연계하여 관람객 및 방문객 대상 소비자 반응 테스트 기회를 제공하오니 많은 참여를 부탁드립니다. ☞ 제품ㆍ서비스 보유기업으로 초기 시장 진입을 위한 소비자 반응 테스트 지원이 필요한 서울 소재 유망 중소기업 ☞ SETEC 개최 전시회와 연계하여 시장 초기 진입 단계의 제품ㆍ서비스을 관람객 대상으로 테스트할 수 있는 기회","내수,경영,서울,2026,서울경제진흥원,서울특별시,SETEC,서울무역전시장,소비자반응테스트 ,소비자,반응,테스트",오프라인,1942
390,대전광역시,대전테크노파크,기술,[대전] 2026년 2차 K-방산 생태계 활성화 및 강소기업 맞춤형 패키지 지원사업 IAMSEC 2026 (국제 육군 M&S학술 컨퍼런스) 전시참가 지원기업 추가모집 공고,2026-08-03,2026-08-20,2026-08-03,https://www.bizinfo.go.kr/sii/siia/selectSIIA200Detail.do?pblancId=PBLN_000000000125030,,중소기업,"대전테크노파크에서는 지역의 방위산업 육성과 방산 기술 및 제품을 보유한 대전 소재 중소기업의 시장진출 기회를 제공을 위해「IAMSEC 2026 (국제 육군M&S학술 컨퍼런스 및 전시회)」 전시참가 지원기업을 다음과 같이 추가(2차) 모집합니다. ☞ 대전 소재 방위산업 관련 중소ㆍ벤처기업 ☞ 전시참가비 지원(1기업당 2,000천원 이내)","기술,대전,2026,전시참가비,컨퍼런스,방위산업,방산,벤처기업,전시회,대전광역시,대전테크노파크,중소기업",기술사업화/이전/지도,3720
391,문화체육관광부,한국공예디자인문화진흥원,경영,2026년 공예 해외진출 컨설팅 추가 참가사 모집 공고,2026-08-04,2026-08-25,2026-08-03,https://www.bizinfo.go.kr/sii/siia/selectSIIA200Detail.do?pblancId=PBLN_000000000125025,,중소기업,"문화체육관광부와 한국공예ㆍ디자인문화진흥원은 국내 공예사업체의 해외 진출 기반 마련과 경쟁력 강화를 위하여 「2026 한국공예 해외유통망 개척」 “공예 해외진출 컨설팅” 공모를 운영합니다. 본 사업은 최초 수출부터 사후 주문거래 관리까지, 맞춤형 지원을 제공합니다. 해외시장 진출과 사업체의 국제적 성장을 함께 이끌어나갈 공예사업체의 많은 관심과 참여 바랍니다. ☞ 해외진출 및 거래 실적을 보유하거나 희망하는 공예분야 사업체(하기의 1개 이상 충족) - 해외수출 및 거래 이력 1회 이상 보유한 업체 / 해외박람회 참여경력이 있거나, 참","수출,경영,서울,부산,대구,인천,전남광주,대전,울산,세종,경기,강원,충북,충남,전북,경북,경남,제주,맞춤형상담,그룹매칭,공예사업체,공예분야,2026,노하우공유,자료지원,해외시장진출,한국공예디자인문화진흥원,문화체육관광부,해외진출,컨설팅,멘토링",컨설팅,3757
392,대구광역시,기초자치단체,경영,[대구] 달서구 2026년 2차 소규모 사업장 방지시설 설치 지원사업 공고(우리동네 맑은공기 패키지 지원사업),2026-08-03,2026-09-01,2026-08-03,https://www.bizinfo.go.kr/sii/siia/selectSIIA200Detail.do?pblancId=PBLN_000000000125022,,중소기업,"소규모 영세사업장의 미세먼지 등 대기오염물질 저감과 노후 방지시설 설치 부담완화를 위해 달서구 성서산단(5차제외) 및 달성군 달성1차산단, 달서구 및 달성군 소재 아스콘업종의 소규모 사업장 방지시설 설치 지원사업을 다음과 같이 시행하오니 지원 희망자는 2026. 9. 1.(화)까지 신청하여 주시기 바랍니다. ☞ 「중소기업기본법」시행령 제3조제1항에 따른 중ㆍ소기업 - 공고일 현재 대구광역시 달서구 성서산업단지(5차단지 제외) 및 달성군 달성1차산업단지, 달서구 및 달성군 소재 아스콘업종에 한함. - 「대기환경보전법」시행령 제13조에","경영,대구,대기대출시설방지시설,아스콘업종,달서군,달서구성서산업단지,2026,대기배출시설,달서구,대구광역시,기초자치단체,중소기업,방지시설,달성군,소규모영세사업장,소규모사업장",시설/입지지원,3508
393,충청남도,충남테크노파크,기술,[충남] 2026년 3차 지역혁신클러스터육성(비R&D)사업 사업화 지원 수혜기업 모집 공고,2026-07-31,2026-08-20,2026-08-03,https://www.bizinfo.go.kr/sii/siia/selectSIIA200Detail.do?pblancId=PBLN_000000000125021,,중소기업,"충남 수소에너지 기업의 역량 강화 및 성장잠재력 확보를 통해 산업경쟁력을 제고하고 생태계를 조성하고자, 수소 생산–저장ㆍ운송–충전–활용 전주기 밸류체인 기반의 수요맞춤형 사업화 지원사업을 다음과 같이 시행하오니 많은 관심과 참여를 바랍니다. ☞ 아래 각 호의 어느 하나에 해당하는 기업 - 충남 지역혁신융복합단지에 입주하고, 특화산업(KSIC)에 해당하는 기업 - 충남 기회발전특구 투자기업이고, 중부권 지역혁신클러스터 한국표준산업분류(KSIC)에 해당하는 기업 ※ 자세한 지원대상 공고문 참조 ☞ 기업당 최대 6,000만원 이내 지원(","기술,충남,센서구축,기능향상,산업통상부,2026,충남지역산업진흥원,생산공정개선,모니터링,금형제작,충남테크노파크,제품고도화,시험분석,디지털전환,디자인,시제품제작,전시회,인증,충청남도,컨설팅,마케팅,특허",기술사업화/이전/지도,3893
394,전북특별자치도,전북테크노파크,기술,[전북] 2026년 첨단바이오 부스트업 플랫폼 구축 기업지원 바우처 서비스 추가 공고(국가전략기술 지역혁신엔진),2026-07-31,2026-08-28,2026-08-03,https://www.bizinfo.go.kr/sii/siia/selectSIIA200Detail.do?pblancId=PBLN_000000000125018,,중소기업,"전북특별자치도 내 첨단바이오 기술의 기술이전ㆍ사업화ㆍ글로벌 확산을 지원하는 전북 중심의 바이오 전략 플랫폼 구축의 일환으로 링킹랩 지원의 모집을 아래와 같이 공고하오니, 지역 기업 및 기관들의 많은 참여를 바랍니다. ☞ 국가전략기술(바이오) 분야 기술을 보유하거나 개발하고자 하는 전북특별자치도 소재 기업(연구소/전담부서 보유) 및 도내 대학ㆍ연구기관 컨소시엄 ※ 자세한 지원대상 공고문 참조 ☞ 정출연(대학, 혁신기관) 연구장비활용 개방형랩실 운영 및 기술인력 협력을 통한 문제해결 지원 - 정출연(또는 대학) 공간ㆍ장비 활용 비용, ","기술,전북,장비오퍼레이팅,활용비용,개방형랩실,2026,정출연,전북특별자치도,전문가자문,기술인력,연구장비활용,링킹랩,연구장비,컨소시엄,바이오,전북테크노파크,컨설팅",기술사업화/이전/지도,3460
395,전북특별자치도,전북테크노파크,기술,[전북] 2026년 2차 전북특화방위산업육성지원사업 모집 공고,2026-07-31,2026-08-28,2026-08-03,https://www.bizinfo.go.kr/sii/siia/selectSIIA200Detail.do?pblancId=PBLN_000000000125015,,중소기업,"전북 방위산업의 육성을 위하여 지역 내 중소ㆍ중견기업의 방위산업 시장진입과 경쟁력 강화를 위하여 다음과 같이 지원계획을 공고하오니, 많은 참여 바랍니다. ☞ 접수 마감일 기준 전북특별자치도내 소재한 기업으로 아래 각 호 중 한 가지를 충족하는 기업 ① 도내 창업(기술)보육센터 입주기업 또는 도내에 공장등록을 하였거나, 사업장 소재 기업 (3가지 요건 중 한 가지 충족 시 가능) ② 한국산업기술진흥협회에 등록된 기업부설연구소 또는 연구전담부서를 보유하거나, 기업부설연구소 또는 연구전담부서 설립 예정인 기업 - 참여기관 : 정부출연(연","기술,전북,전북특화방위산업육성지원사업,국방기술이전형,수출연계형,2026,전북특별자치도,전력지원체계,방산제품,무기체계,R&BD,방위산업,기술사업화,중견,전북테크노파크,중소기업",기술사업화/이전/지도,2218
396,충청북도,충북바이오산학융합원,내수,2026년 K-바이오헬스 지역ㆍ전략센터 공동관 참여기업 모집 공고(타 지역(충북 외) 바이오헬스기업 오송화장품뷰티엑스포 공동관 참여),,,2026-08-03,https://www.bizinfo.go.kr/sii/siia/selectSIIA200Detail.do?pblancId=PBLN_000000000125014,선착순 접수,중소기업,"바이오헬스 기업의 시장진출 지원을 위해「K-바이오헬스 지역ㆍ전략센터 연계ㆍ협력 지원사업」의「2026오송화장품뷰티엑스포」공동관 참여기업을 다음과 같이 모집 공고합니다. ☞ 충북 외 소재한 바이오헬스분야 중소ㆍ벤처기업 또는 K-바이오헬스 지역센터(원주, 대전, 전북, 전남, 김해) 참여기업 - 바이오헬스 산업 분야 : 혁신적 의료기기, 혁신ㆍ필수 의약품, 디지털 헬스케어, 첨단재생의료ㆍ첨단바이오의약품, 유전자 검사, 뇌ㆍ기계 인터페이스(BMI), 인프라, 기능성 화장품, 메디푸드, 건강기능식품 ☞ 「2026오송화장품뷰티엑스포」공동관 참","내수,서울,부산,대구,인천,전남광주,대전,울산,세종,경기,강원,충남,전북,경북,경남,제주,K-바이오헬스지역센터,2026,공동관참여,장치,부스,충북바이오산학융합원,엑스포,벤처기업,바이오헬스,충청북도,중소기업",오프라인,1880
397,인천광역시,기초자치단체,경영,[인천] 남동구 2026년 착한가격업소 신규지정 신청 공고,2026-08-03,2026-09-04,2026-08-03,https://www.bizinfo.go.kr/sii/siia/selectSIIA200Detail.do?pblancId=PBLN_000000000125009,,소상공인,"우리 구에서는 지역 물가안정에 기여해 온 업소를 착한가격업소로 지정하여 지원하고자 다음과 같이 신규 지정 신청 공고합니다. ☞ 가격이 주변보다 저렴하고, 위생상태 및 청결상태가 좋은 인천광역시 관내 개인서비스 업소(외식업, 이ㆍ미용업, 목욕업, 숙박업 등) ※ 가맹사업자(프랜차이즈업소) 제외 ☞ 착한가격업소 신규 지정, 남동구 홈페이지에 착한가격업소 소개 및 홍보, 착한가격업소 인증 표찰 제작, 소모품 등 인센티브 지원","내수,경영,인천,2026,표찰,이용업,미용업,목욕업,착한가격업소,남동구,외식업,지정,숙박업,인센티브,홍보,기초자치단체,인증,인천광역시",디자인/상품화/사업화,1619
398,산업통상부,한국산업기술시험원,기술,물류영역 서비스로봇 공통플랫폼구축 사업 기업 지원 모집 공고,2026-07-31,2026-12-18,2026-08-03,https://www.bizinfo.go.kr/sii/siia/selectSIIA200Detail.do?pblancId=PBLN_000000000125008,,중소기업,"한국산업기술시험원에서「물류영역 서비스로봇 공통플랫폼 구축사업」모집 공고를 안내하오니 물류로봇 관련 기업들의 많은 참여를 바랍니다. ☞ 물류영역 서비스로봇 관련 제품을 도입하고자 하는 물류기업, 물류로봇 제조사 및 서비스 운용사, 물류로봇 SI기업 ☞ 기업당 수수료 최대 30% 이내 지원 - 물류로봇 관련 기업의 개발 및 양산 제품에 대한 성능시험 및 기술사업화 지원 - 물류로봇 신뢰성 검증 및 안전성 가이드라인 지원","기술,서울,부산,대구,인천,전남광주,대전,울산,세종,경기,강원,충북,충남,전북,경북,경남,제주,물류영역,산업통상부,2026,가이드라인,신뢰성검증,서비스로봇,물류기업,안전성,SI기업,한국산업기술시험원,기술사업화,수수료,성능시험",기술사업화/이전/지도,2445
399,인천광역시,인천테크노파크,기술,[인천] 2026년 2차 수요기업 대응형 기술전환 지원 컨설팅 수요기업 추가모집 공고(고강도 고방열 경량금속소재 부품화 실증 기반구축사업),2026-07-30,2026-08-18,2026-08-03,https://www.bizinfo.go.kr/sii/siia/selectSIIA200Detail.do?pblancId=PBLN_000000000125005,,중소기업,"인천테크노파크 미래차센터에서는 「고강도 고방열 경량금속소재 부품화 실증 기반구축사업」의 일환으로 추진하는「수요기업 대응형 기술전환 패키지 지원」사업의 전문 컨설팅 수요기업을 아래와 같이 모집하오니 역량 있는 기업의 많은 관심과 신청 바랍니다. ☞ 경량금속소재를 활용(개발 계획)하는 중소ㆍ중견기업 ☞ 전문 컨설팅사를 통한 기업당 23,000천원 규모 간접지원 - Track별 2개사 내외의 전문 컨설팅사 선정 후 참여기업 매칭 지원 - Track 1 : 기술ㆍ공정 전환 컨설팅 / Track 2 : 구조 분석/해석 컨설팅 - 후속 시험 ","기술,경영,인천,기술전환 패키지,경량금속소재,2026,고방열,부품화,고강도,중견,실증,인천테크노파크,인천광역시,컨설팅,중소기업",기술사업화/이전/지도,1635
400,과학기술정보통신부,정보통신산업진흥원,수출,2026년 일본 디지털 시장개척단 참가기업 모집 공고,2026-07-31,2026-08-31,2026-08-03,https://www.bizinfo.go.kr/sii/siia/selectSIIA200Detail.do?pblancId=PBLN_000000000125004,,중소기업,"과학기술정보통신부와 정보통신산업진흥원에서는 국내 ICT기업의 해외시장진출 및 신규 바이어 발굴을 위해 “2026년 일본 디지털 시장개척단” 참가기업을 모집하오니 많은 관심과 참여 바랍니다. ☞ AIㆍICT 기술, 서비스를 보유한 중견ㆍ중소기업 ☞ 현지 마케팅 행사, 현지 네트워킹, 기타 지원 - 현지 마케팅 행사 : 현지 바이어 발굴ㆍ매칭, B2B 상담 운영 지원, 참가기업별 상담 공간(책상, 모니터, 인터넷 제공 등) 제공, 기업소개자료 제작 등 - 현지 네트워킹 : 현지 진출에 도움이 될 수 있는 주요 기관 또는 기업, 우리기업","수출,서울,부산,대구,인천,전남광주,대전,울산,세종,경기,강원,충북,충남,전북,경북,경남,제주,2026,과학기술정보통신부,정보통신산업진흥원,일본,시장개척단,AI,ICT,중소기업,중견기업,바이어,상담,B2B상담,네트워킹,통역,교통,출장,디지털",시장개척,2879
401,전남광주통합특별시,전남창조경제혁신센터,창업,2026년 한국전력공사 에너지브릿지 오픈이노베이션 참여기업 모집 공고,2026-07-31,2026-08-29,2026-08-03,https://www.bizinfo.go.kr/sii/siia/selectSIIA200Detail.do?pblancId=PBLN_000000000125002,,창업벤처,"한국전력공사와 전남창조경제혁신센터는 대ㆍ중견기업과 스타트업의 협업 프로젝트를 통한 혁신성장을 도모하기 위하여 오픈이노베이션 프로그램에 참여할 스타트업을 다음과 같이 모집하오니 많은 관심과 참여를 바랍니다. ☞ 공고일 기준 수요분야 관련 기술 및 솔루션을 보유한 기업 누구나 ※ 자세한 지원대상 공고문 참조 ☞ 대ㆍ중견기업 사업 부서 밋업 연계, 사업화(PoC) 지원금, 전남창조경제혁신센터 직ㆍ간접 투자 연계 검토 등 지원(1개社 당 최대 35,000천원 내외) - (밋업&IR) 기술ㆍ시장 전문가 강연, 투자 네트워크 등 추천 - (글","창업,서울,부산,대구,인천,전남광주,대전,울산,세종,경기,강원,충북,충남,전북,경북,경남,제주,투자네트워크,투자연계검토,전남광주통합특별시,2026,전문가강연,IR피칭,입주,밋업,솔루션,PoC,전남창조경제혁신센터,엑셀러레이팅,스타트업",사업화지원,2707
402,충청남도,충남경제진흥원,수출,[충남] 2026년 베트남 비즈니스 매칭데이 참가기업 모집 공고,2026-07-31,2026-08-21,2026-08-03,https://www.bizinfo.go.kr/sii/siia/selectSIIA200Detail.do?pblancId=PBLN_000000000125001,,중소기업,"도내 수출 중소기업의 동남아 시장 판로개척과 해외마케팅 지원을 위한「2026 베트남 글로벌 비즈니스 매칭데이」 참가기업을 다음과 같이 모집하오니 관심있는 충청남도 소재 중소기업의 많은 신청 바랍니다. ☞ 충남 도내 본사 또는 공장을 둔 중소제조기업 ※ 식품ㆍ화장품 기업의 경우, 직접 제조기업(OEM/ODM 기업인 경우 제조계약서 제출) ☞ 현지 바이어 1:1 상담회 운영ㆍ매칭 및 통역지원ㆍ사후관리 등, 참가기업 제품 배송 및 제품 전시대 제작, 기업ㆍ제품 홍보 숏츠형 영상 제작 및 틱톡 채널 홍보 지원","수출,충남,숏츠형영상,2026,전시대,대전방송,배송,충남경제진흥원,틱톡,사후관리,통역,동남아,상담회,홍보,제조기업,충청남도,베트남,해외마케팅,바이어,중소기업",해외진출,1679
403,경기도,기초자치단체,수출,[경기] 성남시 2026년 하반기 해외전시회 개별참가 지원사업 참가기업 모집 공고,2026-07-30,2026-08-21,2026-08-03,https://www.bizinfo.go.kr/sii/siia/selectSIIA200Detail.do?pblancId=PBLN_000000000124999,,중소기업,"성남시는 관내 중소기업의 수출판로 개척을 위해 해외전시회 참가 비용을 지원하는「2026년 하반기 해외전시회 개별참가 지원사업」 참가업체를 모집하오니 관심있는 업체의 많은 신청바랍니다. ☞ 전년도(2025년) 수출실적 천만불 이하 성남시 본사 또는 공장 소재 중소기업 ☞ 전시회 부스임차료 및 기본 장치비(기업당 500만원 한도, 연 1회 지원)","수출,경기,2026,기본장치비,부스임차료,해외전시회,성남시,기초자치단체,경기도,중소기업",해외진출,1819
404,서울특별시,서울경제진흥원,경영,[서울] 2026년 하반기 B the B 뷰티테크ㆍ디바이스 테스트베드 지원기업 모집 공고,2026-07-31,2026-08-21,2026-08-03,https://www.bizinfo.go.kr/sii/siia/selectSIIA200Detail.do?pblancId=PBLN_000000000124998,,중소기업,"서울경제진흥원은 뷰티복합문화공간 ‘B the B(비더비)’를 활용하여 기업이 주도적으로 소비자를 대상으로 제품ㆍ기술을 테스트하고 피드백을 받을 수 있도록 지원함으로써, 중소 뷰티테크ㆍ디바이스 기업의 소비자 접점 확대와 경쟁력 강화를 지원하고자 합니다. ☞ 뷰티와 연계한 전시ㆍ체험이 가능한 서울 소재 중소 뷰티테크ㆍ디바이스 기업 ※ 자세한 지원대상 공고문 참조 ☞ ‘B the B(비더비)’ 체험형 전시 및 테스트베드 공간 지원 - (뷰티테크) 기술 정확도ㆍ알고리즘 고도화를 위한 기술 실증 및 데이터 수집 지원 - (디바이스) 사용 편","기술,경영,서울,체험형 전시,뷰티 디바이스,B the B,2026,서울경제진흥원,뷰티복합문화공간,뷰티테크,테스트베드,서울특별시",디자인/상품화/사업화,2189
405,부산광역시,부산정보산업진흥원,인력,2026년 8월 부산 청년 게임개발자 정착지원사업 공고,2026-08-01,2026-08-17,2026-08-03,https://www.bizinfo.go.kr/sii/siia/selectSIIA200Detail.do?pblancId=PBLN_000000000124997,,중소기업,"(재)부산정보산업진흥원에서는 부산 청년 게임개발자들의 주거 지원 사업을 공지하고 신청자를 모집하오니, 많은 관심과 참여 바랍니다. ☞ 사업장 소재지가 부산인 게임 관련 중소기업 - 협약일 기준, 1개월 이내 본사 이전 또는 지사 설립을 확약한 중소기업 ※ 자세한 지원조건 공고문 참조 ☞ 부산 지역 내 게임기업 청년 정착지원금 지원(기업당 최대 2명) - 월 최대 25만원/인, 인당 최대 12개월 지원","인력,경영,서울,부산,대구,인천,전남광주,대전,울산,세종,경기,강원,충북,충남,전북,경북,경남,제주,2026,게임개발자,정착지원금,월세,부산정보산업진흥원,게임기업,부산광역시,중소기업",고용유지,1842
406,전남광주통합특별시,범부처통합헬스케어협회,수출,[전남광주] MEDICAL JAPAN TOKYO 2026 전시회 부스 참여 기업 모집 공고(K-의료AIㆍ의료기기 글로벌 연합 진출 지원 프로그램),2026-07-31,2026-08-21,2026-08-03,https://www.bizinfo.go.kr/sii/siia/selectSIIA200Detail.do?pblancId=PBLN_000000000124996,,중소기업,"사단법인 범부처통합헬스케어협회는 정보통신산업진흥원(NIPA)와 전남광주통합특별시가 지원하는 「광주 AI 의료생태계 구축(AI의료 전주기적 지원서비스) 사업」 K-의료AIㆍ의료기기 글로벌 연합 진출 지원 프로그램의 일환으로, MEDICAL JAPAN TOKYO 2026 전시회에 참가할 전남광주통합특별시 소재 의료AI 관련 제품/서비스 또는 의료기기 기업 모집을 아래와 같이 공고하오니, 관심 있는 기업들의 많은 참여를 바랍니다. ☞ 전남광주통합특별시 지역 내 소재한 중소ㆍ중견기업으로, 의료 인공지능(AI) 관련 제품/서비스 또는 의료기","수출,전남광주,K-의료,전남광주통합특별시,범부처통합헬스케어협회,2026,개별부스,부스운영,설계,인테리어,인허가,설치,정보통신산업진흥원,컨설팅,의료기기,중견기업,중소기업",해외진출,3841
407,세종특별자치시,기초자치단체,경영,[세종] 2026년 하반기 디자인 지원사업 참여기업 모집 공고,2026-08-04,2026-08-18,2026-08-03,https://www.bizinfo.go.kr/sii/siia/selectSIIA200Detail.do?pblancId=PBLN_000000000124995,,창업벤처,"세종특별자치시는 세종지역 내 청년과 일반인, 농업인 그리고 예비 창업자를 대상으로 디자인 컨설팅 및 개발을 지원하고자 합니다. 디자인 개선으로 매출 향상을 희망하는 분들의 많은 신청 바랍니다. ☞ 사업자등록증(농업경영체등록 확인서) 소재지가 세종시 또는 주민등록상 1년 이상 거주지가 세종시 (예비)청년창업자, (예비)청년농업인 및 세종시민 ※ 자세한 지원대상 공고문 참조 ☞ 디자인 지원분야 4개 항목 중 1개 선택 가능하며 참여기업에 대한 디자인 컨설팅 진행 후 디자인 개발 - 디자인 지원 후 6개월 이내 디자인에 대한 애로사항 자","창업,경영,세종,2026,예비 창업자,패키지디자인,브랜드디자인,청년농업인,청년창업자,전시부스,홍보물,기초자치단체,세종특별자치시,직접수행",디자인/상품화/사업화,1882
408,전남광주통합특별시,전남테크노파크,기술,[전남광주] AI 산학연 프로젝트(AI솔루션 랩) 지원사업 공고,2026-07-31,2026-08-21,2026-08-03,https://www.bizinfo.go.kr/sii/siia/selectSIIA200Detail.do?pblancId=PBLN_000000000124994,,중소기업,"(재)전남테크노파크에서는 도내 제조기업 재직자 및 AI대전환사업 교육을 받은 기업 재직자가 기업 현장의 문제를 직접 발굴하고, 대학ㆍ연구기관의 기술지원을 통해 AI솔루션을 개발하여 기업의 AI활용역량을 내재화할 수 있도록 지원하고자「AI 산학연 프로젝트(AI솔루션 랩) 지원사업 모집공고」를 아래와 같이 실시하오니 도내 제조기업의 많은 관심과 참여 바랍니다. ☞ 전라남도에 본사 또는 지사를 보유한 공고일 기준 설립 1년 6개월 경과「중소기업기본법」제2조에 의한 중소기업(사업자등록증의 업태 기준 제조업) ☞ AI 현장문제 해결을 위한 ","기술,전남광주,전남광주통합특별시,2026,AI솔루션,솔루션개발,현장적용,설계,성능검증,개발,기술지원,제조기업,전남테크노파크,AI,중소기업",기술사업화/이전/지도,2394
409,중소벤처기업부,전남테크노파크,경영,[전남광주] 2026년 하반기 중소기업 밀집지역 위기대응 체계 구축사업 Stand-up 맞춤지원 모집 공고,,,2026-08-03,https://www.bizinfo.go.kr/sii/siia/selectSIIA200Detail.do?pblancId=PBLN_000000000124991,예산 소진시까지,중소기업,"중소벤처기업부와 전남광주통합특별시가 지원하는「2026년 중소기업 밀집지역 위기대응 체계 구축사업」하반기 Stand-up 맞춤지원을 다음과 같이 추진하오니, 참여를 희망하는 해당지역 중소기업들의 많은 신청 바랍니다. ☞ 전남광주통합특별시 2026년 하반기 Stand-up 맞춤지원 대상 중소기업 밀집지역 소재 중소기업 ☞ 전남광주통합특별시 내 중소기업 밀집지역 상시 모니터링 및 긴급처방 지원(Stand-up 맞춤지원) - Tech-UP (기술지원) : 기술정보 분석 지원/기술 멘토링, 국내외 지재권/인증 지원, 시험 및 성능분석 지원 ","기술,경영,전남광주,2026,Stand-up,맞춤지원,한국테크노파크진흥회,기술정보분석,중소기업밀집지역,성능분석,물류비,시험,경영개선,기술지원,사업화,지식재산권,디자인,인증,전남테크노파크,컨설팅,중소벤처기업부,IR,마케팅,멘토링,중소기업",디자인/상품화/사업화,1922
410,해양수산부,경남테크노파크,수출,"[경남] 2026년 투자유치, 국내ㆍ외 박람회 및 수출상담회 참여기업 모집 통합 공고(해양수산 창업ㆍ투자지원사업)",2026-08-03,2026-08-25,2026-08-03,https://www.bizinfo.go.kr/sii/siia/selectSIIA200Detail.do?pblancId=PBLN_000000000124989,,중소기업,"경남 지역 해양수산 및 전후방 연관산업 내 유망기업의 투자유치 자생력 확보와 국내ㆍ외 판로 개척 및 수출 역량 강화를 위하여 「2026년도 경남 해양수산 창업ㆍ투자지원사업」의 분야별 참여기업을 다음과 같이 모집 공고합니다. ☞ 경상남도 해양수산 및 전후방 연관 산업 기업 - 해양ㆍ수산ㆍ항만ㆍ조선ㆍ물류ㆍ해양환경ㆍ해양에너지 등 해양수산 관련산업 전반에 바이오(식품ㆍ화장품 등), 인공지능, 디지털 전환, 데이터, 자동화, 스마트 기술 등 ☞ 해양수산 투자유치 IR 고도화 및 로드쇼, 국내 박람회 참가(부산국제수산EXPO), 국외 박람회 ","수출,내수,경남,2026,부산국제수산,해양환경,경남항노화연구원,항만,해양에너지,해양수산,스마트기술,수산,물류,싱가포르,조선,시장개척단,수출상담회,해양수산부,식품,경남테크노파크,투자유치,박람회,바이오,화장품,해양,인공지능,일본",해외진출,1959
411,부산광역시,부산테크노파크,내수,[부산] 2026년 스마트제조 IT기업(공급기업) 국내 전시회 개별참가 지원기업 모집 공고,2026-07-31,2026-08-23,2026-08-03,https://www.bizinfo.go.kr/sii/siia/selectSIIA200Detail.do?pblancId=PBLN_000000000124987,,중소기업,"부산지역 스마트공장 공급기업의 기술경쟁력 제고와 우수 솔루션 홍보 기회 제공을 위해 국내 전시회 참가 부스 지원사업을 다음과 같이 공고하오니, 관심 있는 기업의 많은 신청 바랍니다. ☞ 부산지역 스마트공장 공급기업 또는 스마트제조 관련 ITㆍSWㆍHW기업 - 사업공고일 기준 부산지역에 본사, 지사, 연구소 또는 사업장을 보유한 기업 - 스마트공장 구축, 제조DX, 제조AI, MES, ERP, POP, 설비연동, 데이터 수집ㆍ분석, 자동화, 로봇, IoT 등 스마트제조 관련 솔루션 또는 서비스, 제품 등을 보유한 기업 - 공고일 기준","내수,부산,2026,부산테크노파크,부산광역시,스마트제조,스마트공장,IoT,로복,자동화,데이터,데이터수집,데이터분석,제조DX,제조AI,MES,ERP,설비연동,POP,솔루션,부스임차료,장치비,전시회,박람회",오프라인,1796
412,충청북도,충북과학기술혁신원,기술,[충북] 2026년 충북 AX기업혁신센터(ANCHOR) 데이터 수집 기반 DX 구축 지원사업 통합 공고,2026-07-30,2026-08-26,2026-08-03,https://www.bizinfo.go.kr/sii/siia/selectSIIA200Detail.do?pblancId=PBLN_000000000124986,,중소기업,"충북과학기술혁신원은 지역혁신중심 대학지원체계(RISE) 사업의 일환으로, 도내 주력산업 기업의 디지털 전환(DX) 촉진과 데이터 기반 구축을 지원하기 위해 아래와 같이 「데이터 수집 기반 DX 구축 지원사업」을 통합공고 하오니 관심 있는 기업의 많은 참여를 바랍니다. ☞ 사업공고일 기준 충청북도 소재 바이오, 반도체, 이차전지, 첨단모빌리티 등 제조기업 ☞ 수집 데이터 AI 활용, 데이터 수집환경 구축, 설비ㆍ공정 3D 디지털화 지원 - 수집 데이터 AI 활용 : 데이터 수집 진단 → 센서ㆍ솔루션 도입 → AI 학습용 데이터셋 구축","기술,충북,XR센터,데이터수집모듈,3D디지털화,수집데이터,2026,첨단모빌리티,이차전지,충북과학기술혁신원,반도체,제조기업,바이오,충청북도,컨설팅,AI",기술사업화/이전/지도,2121
413,부산광역시,부산테크노파크,기술,[부산] 2026년 수리조선 기업인증 지원사업 공고,2026-07-31,2026-08-21,2026-08-03,https://www.bizinfo.go.kr/sii/siia/selectSIIA200Detail.do?pblancId=PBLN_000000000124985,,중소기업,"(재)부산테크노파크는 부산지역 수리조선산업 스마트화 및 전문 엔지니어 육성을 통한 지역 수리조선산업의 경쟁력 강화를 위하여「2026년 수리조선 기업인증 지원사업」을 다음과 같이 시행하오니 많은 참여를 바랍니다. ☞ 부산광역시 소재 수리조선 기업 ※업종 또는 사업 실적 기준을 통해 수리조선 기업 확인 가능하여야함 ☞ 선급ㆍ해외규격 인증 지원(기업당 최대 20백만원), 기술특허 지원(기업당 최대 5백만원)","기술,부산,2026,부산테크노파크,수리조선,기업인증,기술특허,해외규격,선급,인증,부산광역시",시험/인증,1596
414,경기도,경기테크노파크,기술,2026년 바이오매스관련 기업애로기술 해결지원사업 참여기업 모집 공고,2026-08-03,2026-08-21,2026-08-03,https://www.bizinfo.go.kr/sii/siia/selectSIIA200Detail.do?pblancId=PBLN_000000000124984,,중소기업,"(재)경기테크노파크는 바이오매스 소재 플라스틱 자동차 부품과 관련된 산업에 종사하는 중소기업의 애로기술 해결 및 해외판로 개척 지원을 하는 사업을 추진하고 있습니다. 바이오 매스 소재 플라스틱 자동차 부품과 관련된 중소기업의 많은 참여 바랍니다. ☞ 바이오매스 플라스틱 소재 자동차 부품 관련 산업에 종사하거나 새롭게 진출하려는 중소기업 ☞ 기업 애로기술 해결 지원 - 인증 지원(자동차 부품, ESG, 기술경영 등) - 사업화 지원(기술개발 및 기술금융 컨설팅, 해외 판로개척 알리바바닷컴 현지 교육 등)","기술,서울,부산,대구,인천,전남광주,대전,울산,세종,경기,강원,충북,충남,전북,경북,경남,제주,2026,경기테크노파크,경기도,플라스틱,바이오매스,자동차부품,인증,ESG,기술경영,기술개발,기술금융,컨설팅,알리바바닷컴,사업화",기술사업화/이전/지도,1760
415,산업통상부,경북대학교 첨단정보통신융합산업기술원,기술,[비수도권] 2026년 4차 지능형 반도체 시험분석ㆍ성능검증 지원 지원기업 모집 공고,2026-08-03,2026-08-21,2026-08-03,https://www.bizinfo.go.kr/sii/siia/selectSIIA200Detail.do?pblancId=PBLN_000000000124983,,중소기업,"경북대학교 첨단정보통신융합산업기술원에서는 국내 팹리스 기업이 개발한 지능형 반도체 및 이를 적용한 제품의 시험분석ㆍ성능검증을 지원하여 기업의 기술개발 성과 확산을 도모하고자 하오니 기업의 많은 신청 바랍니다. ☞ 비수도권 (서울, 경기, 해외 제외) 내 본사, 지사, 연구소 중 1개 이상 소재하고 있는 국내 팹리스 전문 중소기업 및 중견기업 - 비수도권 소재 팹리스 중소ㆍ중견기업과 수요기업의 컨소시엄 ☞ 시험분석 서비스, 시험분석ㆍ성능검증 지원 (기업당 최대 10,000천원 지원) - (시험분석 서비스) 기술원이 보유한 시험분석 장","기술,부산,대구,인천,전남광주,대전,울산,세종,강원,충북,충남,전북,경북,경남,제주,지능형 반도체,산업통상부,기술원,지능형반도체개발지원센터,2026,경북대학교 첨단정보통신융합산업기술원,팹리스,비수도권,경북대학교,성능검증,전문인력,첨단정보통신융합산업기술원,시험분석,컨소시엄,기술개발,중견기업,중소기업",시험/인증,1615
416,과학기술정보통신부,한국과학기술정보연구원,경영,개방형 XR 협업 플랫폼 서비스 아이디어 도출 경진대회 공고,2026-07-22,2026-09-14,2026-08-03,https://www.bizinfo.go.kr/sii/siia/selectSIIA200Detail.do?pblancId=PBLN_000000000124982,,창업벤처,"2026년 7월 22일부터 2026년 9월 14일까지 '개방형 XR 협업 플랫폼 서비스 아이디어 도출 경진대회'가 열립니다. 행사에 대한 자세한 내용은 첨부파일을 참고하시면 됩니다. ☞ 개인 또는 팀 단위 참가 가능 (팀 구성 시 1팀 3명 이내) ☞ 한국과학기술정보연구원 원장상, 상금 지원 ※ 자세한 지원내용 공고문 참조","경영,서울,부산,대구,인천,전남광주,대전,울산,세종,경기,강원,충북,충남,전북,경북,경남,제주,2026,원장상,개방형,아이디어,경진대회,상금,한국과학기술정보연구원,XR,과학기술정보통신부",디자인/상품화/사업화,1699
417,중소벤처기업부,한국화학융합시험연구원,수출,2026년 해외규격인증획득지원사업(전략지원) 참여기업 모집 변경 공고,2026-01-30,2026-11-30,2026-08-03,https://www.bizinfo.go.kr/sii/siia/selectSIIA200Detail.do?pblancId=PBLN_000000000124978,,중소기업,"중소기업의 해외시장 진출에 필요한 해외규격인증 획득을 지원하는「해외규격인증획득지원사업(전략지원)」참여기업 모집을 다음과 같이 공고합니다. ​☞ 전년도 직접수출액 5,000만불 미만의 중소기업 ※ 단, 글로벌 강소기업 1000+ 지정기업은 5,000만불 이상도 지원 가능 ☞ 해외규격인증 획득에 필수적으로 소요되는 인증비, 시험비 및 컨설팅비 등 인증획득비용의 일부(50% ~ 70%) 지원 ※ 지원한도 : 기업당 최대 4건, 1억원 한도 내 지원(트랙 무관 연간 합산)","기술,수출,서울,부산,대구,인천,전남광주,대전,울산,세종,경기,강원,충북,충남,전북,경북,경남,제주,2026,인증획득비용,해외규격인증획득,시험,해외규격인증,한국화학융합시험연구원,글로벌강소기업,인증,컨설팅,중소벤처기업부,중소기업",해외진출준비,2234
418,대전광역시,국방기술진흥연구소,경영,[대전] 2026년 대전국방벤처센터 신규 협약기업 모집 공고,2026-07-29,2026-08-31,2026-08-03,https://www.bizinfo.go.kr/sii/siia/selectSIIA200Detail.do?pblancId=PBLN_000000000124977,,중소기업,"국방분야 전문연구기관인 국방기술진흥연구소는 K-방산수도 대전 실현을 지향하는 대전광역시와 함께 대전국방벤처센터를 공동설립하여 국방분야 기술개발 및 중소기업을 육성하고 있습니다. 이에 국방사업 및 방산시장에 참여를 희망하는 우수 기술을 보유한 중소기업을 대상으로 아래와 같이 협약기업을 모집하오니 많은 참여 바랍니다. ☞ 대전광역시에 소재하고 있으며, 국방분야에 적용 가능한 기술이나 품목을 보유하고 군 사업화를 추진 또는 희망하는 중소기업 ☞ 군 사업화과제 발굴, 시험평가 지원 등 전반적인 국방사업화 지원 - 국방기술진흥연구소 및 외부","경영,대전,사업화과제,2026,무료경영지원,국방사업화,국방벤처센터,정보제공,전문기술인력,지적재산권,임차료,시험평가,국방기술진흥연구소,기술자료,전시회,박람회,컨설팅,대전광역시,중소기업",디자인/상품화/사업화,1705
419,과학기술정보통신부,정보통신산업진흥원,기술,전 국민 AI 서비스 보편적 활용 지원 (모두의 AI) 사업 수정 공고,2026-07-13,2026-08-18,2026-07-31,https://www.bizinfo.go.kr/sii/siia/selectSIIA200Detail.do?pblancId=PBLN_000000000124976,,중소기업,과학기술정보통신부와 정보통신산업진흥원은 국산 AI모델 확보 성과를 바탕으로 전국민이 쉽고 편리하게 우리 AI서비스를 쉽고 부담없이 사용할수 있도록 「전 국민 AI서비스 보편적 활용 지원(모두의 AI) 사업」을 다음과 같이 수정 공고하오니 많은 관심과 참여를 바랍니다. ☞ B2C 서비스 경험과 역량을 보유하여 전국민 대상으로 AI서비스를 제공하는 기업(단일 또는 컨소시엄 가능) ☞ 모두의 AI 서비스 개발 및 개시에 필요한 GPU 지원 - (지원조건) - 연내 전국민 대상 무료 범용 AI 챗봇 서비스 출시 - 공공 AI 에이전트 제공,"기술,서울,부산,대구,인천,전남광주,대전,울산,세종,경기,강원,충북,충남,전북,경북,경남,제주,국산AI,특화 AI,공공AI에이전트,범용,AI 챗봇,모두의AI,AI에이전트,2026,AI서비스,GPU,정부지원,정보통신산업진흥원,과학기술정보통신부",기술인력/장비지원,11820
420,산업통상부,한국기계연구원,기술,2026년 EV플랫폼 연계부품 XRㆍ디지털트윈 기술지원 기반구축 사업 기업지원 통합 공고,,,2026-07-31,https://www.bizinfo.go.kr/sii/siia/selectSIIA200Detail.do?pblancId=PBLN_000000000124975,상시 접수,중소기업,"산업통상자원부와 부산광역시가 지원하는 “EV플랫폼 연계부품 XR/디지털트윈 기술지원 기반구축”의 세부 지원내용을 안내하오니, 참여를 희망하는 중소ㆍ중견기업의 많은 참여 바랍니다. ☞ EV플랫폼 연계부품 XR/디지털트윈 기술 활용 관련 자동차부품기업 ※ 자세한 지원대상 공고문 참조 ☞ 시험평가인증지원, 시제품제작지원, 기술지도, 기술사업화 지원","기술,서울,부산,대구,인천,전남광주,대전,울산,세종,경기,강원,충북,충남,전북,경북,경남,제주,배터리팩케이스,냉각플레이트,워터펌프,산업통상부,2026,컴프레셔,전동화부품,시험평가인증,열교환기,한국기계연구원,기술사업화,한국자동차연구원,밸브,기술지도,시제품제작",기술사업화/이전/지도,7909
421,중소벤처기업부,기술보증기금,경영,2026년 기업승계 M&A 활성화를 위한 컨설팅 지원사업 시행계획 (변경 공고),,,2026-07-31,https://www.bizinfo.go.kr/sii/siia/selectSIIA200Detail.do?pblancId=PBLN_000000000124966,예산 소진시까지,중소기업,"2026년도 기업승계 M&A 활성화를 위한 컨설팅 지원사업 시행계획을 다음과 같이 변경공고하오니, 동 사업에 참여를 희망하는 기업은 공고 내용에 따라 신청하여 주시기 바랍니다. ☞ M&A를 통한 기업승계를 희망하는 중소기업(매도희망기업) 또는 기업승계를 희망하는 기업을 인수할 의향이 있는 중소기업(매수희망기업) - 매도희망기업: 대표자 연령이 만 55세 이상 및 업력 만 5년 이상일 것 - 매수희망기업: 기업승계 희망기업 인수를 검토 중일 것 ※ 자세한 지원대상 공고문 참조 ☞ 기초컨설팅 : (매도희망기업) M&A 추진을 위한 기초","경영,서울,부산,대구,인천,전남광주,대전,울산,세종,경기,강원,충북,충남,전북,경북,경남,제주,인수가격협상,인수대상탐색,2026,기업승계,기업가치평가,M&A,기술보증기금,컨설팅,중소벤처기업부,중소기업",컨설팅,7603
422,경기도,고양산업진흥원,내수,[경기] 고양시 2026년 콘텐츠코리아 전시회 참가 기업 모집 공고,2026-07-29,2026-08-26,2026-07-31,https://www.bizinfo.go.kr/sii/siia/selectSIIA200Detail.do?pblancId=PBLN_000000000124965,,중소기업,"고양산업진흥원에서는 우수 콘텐츠기업을 발굴하고, 국내외 판로 개척 지원을 위해 ‘콘텐츠코리아 2026’ 참가기업을 모집하오니, 관심있는 기업들의 많은 참여 바랍니다. ☞ 고양시 본사 소재 콘텐츠기업 ☞ 고양시 공동관 내 부스 조성 지원 - 기업당 부스 1개(3m×3m), 국/영문 간판, 실내 조명 2Spot/간판 조명 2Spot, 인포데스크/접의자 각 1개, 전기 1KW 기본 제공","수출,내수,경기,2026,콘텐츠코리아,부스,고양산업진흥원,공동관,콘텐츠기업,고양시,경기도,실내조명,간판조명,국영문간판",오프라인,7310
423,문화체육관광부,예술경영지원센터,금융,2026년 4차 예술산업 금융지원 시범사업(융자) 연장 공고,2026-08-03,2026-08-21,2026-07-31,https://www.bizinfo.go.kr/sii/siia/selectSIIA200Detail.do?pblancId=PBLN_000000000124963,,중소기업,"문화체육관광부와 예술경영지원센터는 예술 분야 사업자를 대상으로 저리의 융자 자금 공급을 통해 예술산업의 지속가능한 성장 및 미래 경쟁력을 제고하고자 <2026 예술산업 금융지원 시범사업(융자) 4차 공모>를 진행합니다. 관심 있는 예술 분야 사업자의 많은 참여 바랍니다. ☞ 공고일 기준 사업자등록증을 보유한 예술 분야 사업자 (민간예술시설업체, 예술서비스업체) ※ 자세한 지원대상 공고문 참조 ☞ 시설자금(자산취득), 운전자금(비용지출) 지원 ※ 자세한 지원내용 공고문 참조","금융,서울,부산,대구,인천,전남광주,대전,울산,세종,경기,강원,충북,충남,전북,경북,경남,제주,민간예술시설,예술서비스,2026,시범사업,예술경영지원센터,예술,운전자금,문화체육관광부,시설자금,융자",융자,7919
424,산업통상부,한국생산기술연구원,기술,2026년 3차 섬유산업 지능형 마이크로팩토리 제조 플랫폼 실증기반 구축사업 I-Tube 기술지원 서비스 참여기업 모집 공고,2026-07-27,2026-08-21,2026-07-31,https://www.bizinfo.go.kr/sii/siia/selectSIIA200Detail.do?pblancId=PBLN_000000000124960,,중소기업,"한국생산기술연구원(주관기관)과 한국섬유개발연구원, 한국섬유산업연합회에서는 온디맨드 섬유패션산업 실현을 위한 지능형 마이크로팩토리 제조혁신 모델을 산업계에 보급ㆍ확산하는 사업을 추진하고 있습니다. 본 사업의 일환으로 테크패션 제품 관련 기업에 I-Tube 플랫폼을 활용하여 서비스를 지원하고자 하니 본 사업에 참여를 희망하는 기업은 아래 공고 내용에 따라 많은 신청 바랍니다. ☞ 테크패션 분야 니트 패브릭ㆍ우븐 패브릭 및 제품 개발ㆍ전문 기업, 테크패션 분야 초창기 창업 기업 ☞ 테크웨어 제품 디지털 설계 기반 신제품 기획 지원 서비스","기술,서울,부산,대구,인천,전남광주,대전,울산,세종,경기,강원,충북,충남,전북,경북,경남,제주,I-Tube,산업통상부,2026,테크패션,신제품기획,한국섬유개발연구원,섬유패션산업,한국섬유산업연합회,한국생산기술연구원,창업기업",기술사업화/이전/지도,7164
425,경상북도,경상북도사회적경제지원센터,인력,[경북] 2026년 3차 사회연대경제 청년 일경험 시범사업 참여기업 모집 공고,2026-07-31,2026-08-25,2026-07-31,https://www.bizinfo.go.kr/sii/siia/selectSIIA200Detail.do?pblancId=PBLN_000000000124959,,사회적기업,"경상북도 사회적경제지원센터는 미취업 청년에게 사회연대경제 분야 일경험 기회를 제공하여 직무역량 강화를 통한 경력형성 및 노동시장 진입 기반 마련하고, 사회연대경제 분야에 대한 청년의 관심 제고 및 진로탐색을 통한 지역활력 제고 및 사회연대경제 활성화를 위하여 다음과 같이 「사회연대경제 청년 일경험 시범사업」에 참여할 사회연대경제기업을 모집하오니 많은 참여 바랍니다 ☞「마을기업 육성 및 지원에 관한 법률」에 따른 경상북도 내 마을기업 -「협동조합 기본법」에 따른 경상북도 내 협동조합 - 경상북도 내 사회연대경제 관련 비영리법인ㆍ단체(","인력,경북,사회연대경제,2026,경상북도사회적경제지원센터,일경험,행정안전부,청년,경상북도,마을기업,멘토,협동조합",국내일반인력,2458
426,울산광역시,울산창조경제혁신센터,수출,2026년 울산창조경제혁신센터 U-Global Bridge UK 프로그램 참여기업 모집 공고,2026-07-29,2026-08-17,2026-07-31,https://www.bizinfo.go.kr/sii/siia/selectSIIA200Detail.do?pblancId=PBLN_000000000124955,,중소기업,울산창조경제혁신센터에서는 글로벌 성장 가능성이 높은 기술을 보유한 스타트업의 영국 시장 진출을 지원하기 위해「2026 U-Global Bridge UK」프로그램 참여기업을 다음과 같이 모집하오니 관심 있는 스타트업의 많은 참여 바랍니다. ☞ 아래 요건을 모두 충족하는 영국 시장 진출에 관심 있는 기술 기반 스타트업 ① 공고일 기준 설립 7년 이내 스타트업 (신산업창업 분야의 중소기업은 업력 10년까지) ② 영국 현지 프로그램 전 일정(2026.10.19.~10.23.(예정)) 참여 가능한 기업 ③ 영어 커뮤니케이션이 가능한 인력을 ,"수출,서울,부산,대구,인천,전남광주,대전,울산,세종,경기,강원,충북,충남,전북,경북,경남,제주,2026,영국,UK,스타트업,런던,버밍엄,바우처,울산창조경제혁신센터,울산광역시, 멘토링,네트워킹,비즈니스미팅",해외진출,2738
427,충청북도,충북지방중소벤처기업청,수출,[충북] 2026년 비관세장벽 대응 지원사업(미국FDA 식품등록) 참여기업 모집 공고,2026-07-29,2026-08-21,2026-07-31,https://www.bizinfo.go.kr/sii/siia/selectSIIA200Detail.do?pblancId=PBLN_000000000124945,,중소기업,"충북지방중소벤처기업청은 도내에 소재한 식품 중소기업의 수출경쟁력 강화와 해외 시장 진출 촉진을 위하여 미국FDA 식품등록 비용을 지원하고자 하오니, 식품을 제조 및 수출하는 충청북도 내 중소기업의 적극적인 신청 바랍니다. ☞ 중소기업법 제2조에 의한 중소기업 중 사업장 소재지(본점) 또는 공장 소재지가 충청북도인 기업 - 전년도 수출실적 1,000만 불 미만 기업 ☞ 미국FDA 식품시설등록, 라벨 현지화 제작, FCEㆍSID 등록 등([붙임2] 참조) 기업당 최대 100만원 지원","수출,경영,충북,SID,FCE,라벨현지화제작,식품등록,2026,충북지방중소벤처기업청,미국FDA,한국화학융합시험연구원,충청북도,중소기업",해외진출,2349
428,대전광역시,대전창조경제혁신센터,창업,[대전] 2026년 재도전ㆍ혁신캠퍼스 운영 재도전 아이디어 경진대회 참여 기업 모집 공고,2026-08-14,2026-08-21,2026-07-31,https://www.bizinfo.go.kr/sii/siia/selectSIIA200Detail.do?pblancId=PBLN_000000000124943,,창업벤처,"대전창조경제혁신센터는 투자전문가가 참여하는 실전형 투자 피칭을 통해 우수 재도전 아이디어를 발굴ㆍ육성하고, 시민참여형 평가로 재도전 창업에 대한 사회적 공감대를 확산하기 위한 「2026년 재도전 아이디어 경진대회」 참가자를 모집하오니 많은 관심과 적극적인 참여 바랍니다. ☞ 예비 재창업자, 재창업 3년 미만 창업자 또는 폐업 위기 창업자 ※ 자세한 신청자격 공고문 참조 ☞ 시상(대전광역시 시장상, 중소벤처기업진흥공단 이사장상 등) 및 후속(투자 연계, 사업화ㆍ액셀러레이팅, 홍보ㆍ전시, 네트워킹 등) 지원","창업,대전,대전광역시시장상,중소벤처기업진흥공단이사장상,투자피칭,2026,투자전문가,아이디어,경진대회,시상,대전창조경제혁신센터,전시,예비재창업자,액셀러레이팅,네트워킹,창업자,사업화,홍보,재도전,대전광역시",사업화지원,2656
429,경상북도,경상북도경제진흥원,수출,[경북] 칠곡군 2026년 해외무역사절단 파견 참가기업 모집 공고,2026-07-29,2026-08-31,2026-07-31,https://www.bizinfo.go.kr/sii/siia/selectSIIA200Detail.do?pblancId=PBLN_000000000124942,,중소기업,"경상북도경제진흥원에서는 칠곡군 소재 중소기업을 대상으로 해외 신시장 개척 및 신기술 벤치마킹 기회를 제공하고자 ‘2026년 칠곡군 해외무역사절단’ 참가기업을 모집하오니 많은 신청 바랍니다. ☞ 칠곡군 소재 중소기업(제조기업) - 참여품목 : 종합품목(소비재, 기계류, 식품, 화장품, 자동차 부품 등) ☞ 해외 수출상담회 개최 및 국제 박람회 참관 지원","수출,경북,2026,참관,국제박람회,벤치마킹,기계류,해외무역사절단,칠곡군,자동차부품,수출상담회,식품,경상북도경제진흥원,제조기업,화장품,경상북도,소비재,중소기업",해외진출,2206
430,산업통상부,대구테크노파크,경영,2026년 대경권(대구) 지역혁신클러스터육성(비R&D) 기업지원 수혜기업 상시 모집 공고,,,2026-07-30,https://www.bizinfo.go.kr/sii/siia/selectSIIA200Detail.do?pblancId=PBLN_000000000124940,모집 마감시,중소기업,"산업통상부와 대구광역시가 지원하는「2026년 대경권 지역혁신클러스터육성(비R&D)」기업지원 프로그램 수혜기업을 상시 모집하오니 모빌리티 부품ㆍSW 분야 대구 지역기업의 많은 관심과 신청바랍니다. ☞ 다음 요건에 모두 해당 ①, ② 하여야 함 ① 소재지 : 접수 마감일 기준 대구지역혁신융복합단지 지구 지번 내 사업장(본사, 공장, 연구소 등)이 소재하거나 지원기간 내 이전 예정인 기업 ② 특화산업 : 대구지역혁신클러스터 코드 20개 중 해당 ※ 공고문 참고 - (지원분야) 모빌리티 부품ㆍSW ☞ 대경권 공동 기술 사업화, R&D 연계","기술,경영,서울,부산,대구,인천,전남광주,대전,울산,세종,경기,강원,충북,충남,전북,경북,경남,제주,2026,대구지역산업진흥원,대구지역혁신클러스터,SW품질,대경권,비R&D,제품고급화,테스팅,부품,모빌리티,SW,판로개척,컨설팅,R&D,한국산업기술진흥원,대구테크노파크,대구광역시,산업통상부",디자인/상품화/사업화,4665
431,대구광역시,대구테크노파크,수출,[대구] 2027년 지역 의료기기 토탈 마케팅 지원사업 AEEDC Dubai 2027ㆍWHX Dubai 2027 대구공동관 참가기업 모집 공고,2026-07-29,2026-08-19,2026-07-30,https://www.bizinfo.go.kr/sii/siia/selectSIIA200Detail.do?pblancId=PBLN_000000000124937,,중소기업,재단법인 대구테크노파크에서는 대구광역시에서 지원하는 「지역 의료기기 토탈 마케팅 지원사업」의 일환으로 지역 의료산업 기업을 대상으로 글로벌 시장개척 및 수출사업화 확대를 위하여 ‘2027 두바이 치과기자재전시회(AEEDC Dubai 2027)’ 및 ‘2027 두바이 의료기기전시회(WHX Dubai 2027)’ 대구공동관 참가기업 모집을 아래와 같이 공고하오니 관심 있는 기업들의 많은 참여 바랍니다. ☞ 대구지역 내 소재한 의료산업 및 전ㆍ후방 연관 분야 중소ㆍ벤처기업으로 현재 영업활동 및 수출을 진행하고 있는 개인 또는 법인사업자 ,"수출,대구,Dubai,AEEDC,WHX,2026,비품임대,치과기자재전시회,해외전시,치과기자재,대구공동관,의료기기전시회,두바이,부스임차,개인사업자,의료산업,대구테크노파크,법인사업자,대구광역시,벤처기업,의료기기,마케팅,중소기업",해외진출,4745
432,중소벤처기업부,전북테크노파크,경영,[전북] 2026년 하반기 중소기업 밀집지역 위기대응 체계 구축사업 Stand-up 맞춤지원 모집 공고,,,2026-07-30,https://www.bizinfo.go.kr/sii/siia/selectSIIA200Detail.do?pblancId=PBLN_000000000124931,예산 소진시까지,중소기업,"중소벤처기업부와 전북특별자치도가 지원하는 「2026년 중소기업 밀집지역 위기대응 체계 구축사업」 하반기 Stand-up 맞춤지원을 다음과 같이 추진하오니, 참여를 희망하는 해당지역 중소기업들의 많은 신청 바랍니다. ☞ 전북특별자치도 2026년 하반기 Stand-up 맞춤지원 대상 중소기업 밀집지역 소재 중소기업 ※ 자세한 지원대상 공고문 참조 ☞ Stand-up 맞춤지원 프로그램 제공(기업당 지원한도는 최대 1,000만원, 지원기간 최대 3개월 지원 가능) - Tech-UP(기술지원) : 기술정보 분석 지원ㆍ기술 멘토링, 국내외 지","기술,경영,전북,2026,전북특별자치도,한국테크노파크진흥회,중소기업밀집지역,성능분석,기술정보,물류비,시험,지식재산권,디자인개발,인증,전북테크노파크,컨설팅,중소벤처기업부,마케팅,멘토링,중소기업",디자인/상품화/사업화,4358
433,산업통상부,한국산업기술기획평가원,기술,2026년 3차 산업기술R&D연구기획사업 신규지원 대상과제 공고,2026-07-29,2026-08-27,2026-07-30,https://www.bizinfo.go.kr/sii/siia/selectSIIA200Detail.do?pblancId=PBLN_000000000124927,,중소기업,"산업기술R&D연구기획사업의 2026년도 제3차 신규지원 대상과제를 다음과 같이 공고하오니 동 사업에 참여를 희망하는 기관(기업)에서는 신청하여 주시기 바랍니다. ☞ 기업, 대학, 연구기관, 연구조합, 사업자단체, 의료기관 등 - 「산업기술혁신촉진법」 제11조 제2항 및 같은 법 시행령 제11조, 「산업기술혁신사업 공통 운영요령」 제2조제1항제3호, 제4호 및 제4의2호, 9의2부터 9의5에 해당하는 기관 ☞ 산업기술분야 신규 R&D 사업기획 연구개발비 지원 - 대형사업기획 : 총사업비 1천억(국비 500억) 이상인 대형규모 R&D ","기술,서울,부산,대구,인천,전남광주,대전,울산,세종,경기,강원,충북,충남,전북,경북,경남,제주,중소형사업기획,대형사업기획,산업통상부,2026,한국산업기술기획평가원,산업기술분야,연구개발비,R&D",혼합(단독+공동),5915
434,산업통상부,인천테크노파크,기술,2026년 AI 기반 조명산업의 자원순환 및 서비스화 실증 기반구축 사업 기업지원사업 통합 상시 모집 공고,,,2026-07-30,https://www.bizinfo.go.kr/sii/siia/selectSIIA200Detail.do?pblancId=PBLN_000000000124926,상시 접수,중소기업,"차세대 조명기술 트렌드 및 순환경제형 조명서비스 시장 수요에 대응할 수 있는 제품ㆍ서비스 기업지원사업을 안내하오니, 참여를 희망하는 관련 기업들의 많은 신청 바랍니다. ☞ 친환경 조명 소재ㆍ부품, 모듈러LEDㆍ스마트조명, 조명서비스화 및 관련 전기ㆍ전자제품 분야 기업 ☞ 기업 애로기술, 기반구축 인프라 지원서비스 지원 - 기업 애로기술 : 제품 개발에 필요한 요소기술 전문가 지도 - 기반구축 인프라 지원 서비스 : 방진ㆍ방수 성능 확인을 위한 내환경성 시험ㆍ평가, LCA 기반 전과정 탄소 및 폐기물 발생량 검증 지원, 사이버보안 취","기술,서울,부산,대구,인천,전남광주,대전,울산,세종,경기,강원,충북,충남,전북,경북,경남,제주,2026,산업통상부,인천테크노파크,친환경조명,조명기술,조명산업,AI,제품,서비스,전기전자제품,기업애로기술,애로기술,인프라,기반구축,키엘연구원,부천산업진흥원,인천대학교 산학협력단",기술사업화/이전/지도,5155
435,산업통상부,한국산업기술진흥원,내수,2026년 기술사업화 유공자 포상 신청 연장 공고,2026-07-29,2026-08-19,2026-07-30,https://www.bizinfo.go.kr/sii/siia/selectSIIA200Detail.do?pblancId=PBLN_000000000124925,,중소기업,"공공 및 민간부문 연구개발(R&D) 결과물이 기업에 이전ㆍ사업화 되어 산업 전반의 기술경쟁력을 강화하고 新산업을 창출하도록 기여하는 선도적인 기술이전ㆍ거래, 기술사업화, 기술나눔 분야의 공로자에게 포상을 실시하고자 하오니 많은 참여 바랍니다. ☞ 3년 이상 국내 기술사업화 분야 발전에 기여한 공이 인정되는 자로 「정부포상업무지침」 및 「산업통상자원부 장관포상 및 후원명칭 처리지침」에 의한 결격사유에 해당되지 않는 자 - 포상분야 : 기술이전ㆍ거래, 기술사업화(공공, 민간), 기술나눔 ※ 자세한 신청자격 공고문 참조 ☞ 장관상, 한국","내수,서울,부산,대구,인천,전남광주,대전,울산,세종,경기,강원,충북,충남,전북,경북,경남,제주,한국산업기술진흥원장상,민간부문,2026,기술나눔,장관상,공공,기술사업화,유공자,연구개발,포상,산업통상자원부,한국산업기술진흥원",홍보지원,3231
436,경상남도,창원산업진흥원,수출,[경남] 창원시 2026년 인도네시아 의료기기 전시회(Hospital Expo 2026) 공동관 참가기업 모집 공고(AI기반 슬립테크 국제협력 실증 확산 지원사업),2026-07-20,2026-08-19,2026-07-30,https://www.bizinfo.go.kr/sii/siia/selectSIIA200Detail.do?pblancId=PBLN_000000000124924,,중소기업,"창원시 슬립테크 관련 기업의 해외시장 진출 촉진 및 글로벌 트렌드 확인을 위한 「2026 인도네시아 의료기기 전시회(Hospital Expo 2026) 공동관 참가 지원사업」을 다음과 같이 공고하오니 관심있는 기업의 많은 참가를 바랍니다. ☞ 창원시에 주된사업장(본사) 또는 공장을 보유하고 있는 중소기업 ☞ 부스 임차 및 조성, 화물탁송, 통역료 등 지원","수출,경남,확물탁송,2026,슬립테크,통역료,부스임차,조성,창원산업진흥원,창원시,경상남도,전시회,의료기기,중소기업",해외진출,2782
437,경기도,경기대진테크노파크,경영,[경기] 남양주시 2026년 사물인터넷(IoT) 측정기기 부착 지원사업 공고,2026-07-29,2026-08-31,2026-07-30,https://www.bizinfo.go.kr/sii/siia/selectSIIA200Detail.do?pblancId=PBLN_000000000124923,,중소기업,「대기환경보전법 시행령」 제17조의 규정에 따라 오염물질배출량과 배출허용기준의 준수 여부 및 방지시설의 적정 가동 여부를 확인하기 위하여 추진하는「2026년 사물인터넷[IoT] 측정기기 부착 지원사업」을 아래와 같이 공고하오니 지원을 희망하는 중소기업은 (재)경기대진테크노파크로 신청하여 주시기 바랍니다. ☞ 남양주시 「중소기업기본법」시행령 제3조 제1항에 따른 중ㆍ소기업 ①「대기환경보전법 시행규칙」제37조의3[별표9의2] 규정에 따른 사물인터넷(IoT) 측정기기 부착대상 시설 ② 보조금을 받아 설치한 방지시설 ③ 방지시설 설치면제 ,"경영,경기,배출허용기준,2026,사물인터넷측정기기,오염물질,남양주시,IoT,방지시설,사물인터넷,경기대진테크노파크,경기도,중소기업",시설/입지지원,2460
438,경기도,경기테크노파크,기술,[경기] 안산시 2026년 2차 로봇직업교육센터 구축사업 제조기업 로봇공정 성능개선 지원사업 공고,2026-07-29,2026-08-21,2026-07-30,https://www.bizinfo.go.kr/sii/siia/selectSIIA200Detail.do?pblancId=PBLN_000000000124921,,중소기업,"안산시 소재 로봇공정(자동화 공정)을 기 운영하고 있는 기업을 대상으로 해당 공정의 성능개선을 지원하는 사업을 공고하오니 참여를 희망하는 기업의 많은 관심과 신청 바랍니다. ☞ 안산시 관내 제조 중소중견기업, 로봇공정 공급기업(SI) ※ 제조 중소중견기업은 로봇공정 자동화 설비를 운영하는 기업에 한정 - (제조기업) : 안산시 관내 기업 중「중소기업기본법」에 따른 중소기업 및「중견기업 성장촉진 및 경쟁력 강화에 관한 특별법」에 따른 중견기업 - 본사가 관외에 소재한 기업 중 로봇공정 성능개선 대상(공장)이 관내에 소재한 경우 지원 ","기술,경기,로봇 액세서리,로봇구축,주변설비,2026,안전설비,로봇공정,전기장비,성능개선,권리화,경기테크노파크,안산시,제품개발,제조기업,경기도,마케팅,로봇핸드,그리퍼",기술사업화/이전/지도,2525
439,경상남도,창원산업진흥원,수출,[경남] 창원시 2026년 2차 주력산업 육성 맞춤형 패키지 지원사업 참가기업 모집 수정 공고,2026-07-08,2026-08-19,2026-07-30,https://www.bizinfo.go.kr/sii/siia/selectSIIA200Detail.do?pblancId=PBLN_000000000124920,,중소기업,"창원시 관내 수출기업의 글로벌 환경변화에 대응 가능한 수출주도형 강소기업 육성을 위한 「2026년 주력산업 육성 맞춤형 패키지 지원사업」을 다음과 같이 참여기업 모집 공고하오니 관심 있는 기업의 많은 참여를 바랍니다. ☞ 창원시에 주된 사무소(본사) 또는 공장을 보유하고 있는 중ㆍ소 제조기업 - 직전년도 매출액 30억이상 이상 또는 직수출액 10만불(US$) 이상 수출기업 - 대상산업 : 자동차, 산업기계(+공작기계, 일반기계), 미래모빌리티 등 ☞ 기업진단, 공동마케팅/개별패키지 지원, 개별(후속) 패키지 지원 - 기업당 최대 1","수출,경영,경남,개별패키지,2026,수출계약,후속지원,기업진단,공동마케팅,현장진단,창원산업진흥원,창원시,상담회,경상남도,제조기업,컨설팅,소기업,해외마케팅,중소기업,자동차,산업기계,공작기계,일반기계,미래모빌리티",해외진출,2538
440,대전광역시,대전일자리경제진흥원,금융,[대전] 2026년 하반기 중소기업 구매조건 생산지원자금 지원 공고,2026-07-27,2026-12-31,2026-07-30,https://www.bizinfo.go.kr/sii/siia/selectSIIA200Detail.do?pblancId=PBLN_000000000124917,,중소기업,"「대전광역시 중소기업육성기금 조례」에 따라, 2026년도 하반기 구매조건 생산지원자금 지원계획을 다음과 같이 공고합니다. ☞ 대전광역시에 본사 또는 사업장(사업자등록)을 소재한「중소기업기본법」상 중소기업으로 별첨 1「지원가능 업종」에 해당하는 기업 - 2026년 5월 이후 국내 대기업 및 중소기업, 또는 공공기관과의 납품계약 및 해외구매자(해외조달시장 포함)와의 수출 또는 납품 계약을 체결 후 납품이 완료되지 아니한 기업 ☞ 지원규모 업체당 5억원 이내, 소요자금(원부자재 구매 비용)의 75% 지원","금융,대전,원부자재구매비용,2026,구매조건생산지원자금,중소기업육성기금,대전일자리경제진흥원,대전광역시,중소기업",융자,3172
441,대전광역시,대전일자리경제진흥원,금융,[대전] 2026년 하반기 중소기업 창업 및 경쟁력강화사업자금 지원 공고,2026-07-27,2026-12-31,2026-07-30,https://www.bizinfo.go.kr/sii/siia/selectSIIA200Detail.do?pblancId=PBLN_000000000124915,,중소기업,"「대전광역시 중소기업육성기금 조례」에 따라, 2026년도 하반기 중소기업 창업 및 경쟁력강화사업자금 지원계획을 다음과 같이 공고합니다. ☞ 대전광역시에 본사 또는 사업장을 소재한「중소기업기본법」의 중소기업 ☞ 시설투자자금 15억원 이내, 운전자금 3억원 이내 지원 - 융자금리 : 5.0%(1년 단위 변동금리, 농협협력자금) / 이차보전 : 일반기업 2.0%, 우대기업 2.5% ~ 3.0% ※ 자세한 지원내용 공고문 참조","금융,대전,2026,경쟁력강화사업자금,시설투자자금,중소기업육성기금,금리,운전자금,이차보전,대전일자리경제진흥원,대전광역시,융자,중소기업",융자,3728
442,산업통상부,창원산업진흥원,기술,[경남] 창원시 2026년 의료기기 부품ㆍ모듈 국산화 및 기술개발 지원사업 공고(AI 빅데이터 기반 의료바이오 첨단기기 연구제조센터 구축사업),2026-07-22,2026-08-21,2026-07-30,https://www.bizinfo.go.kr/sii/siia/selectSIIA200Detail.do?pblancId=PBLN_000000000124914,,중소기업,산업통상자원부 「AI 빅데이터 기반 의료바이오 첨단기기 연구제조센터 구축사업」을 통해 창원시가 지원하는 2026년 의료기기 부품ㆍ모듈 국산화 및 기술개발 지원 사업을 안내하오니 관심있는 기업들의 많은 참여 바랍니다. ☞ 관내 의료ㆍ바이오 산업을 영위하고 있는 기업 혹은 전환 예정 전ㆍ후방 기업 ※ 부가가치세법 및 동법 시행령 제8조에 따라 창원시 관내 본사 또는 공장(연구소) 보유기업 ※ 자세한 지원대상 공고문 참조 ☞ 의료기기 부품 모듈 국산화 및 기술개발 관련 시작품 & 고도화 개발 지원 - 의료기기 부품모듈 시작품 연구개발 지,"기술,경남,시험방법,부품모듈,평가분석비,시작품개발,산업통상부,2026,품질기준,고도화개발,한국산업기술기획평가원,가이드라인,시험성능,국산화,성능평가,전후방기업,창원시,연구개발,바이오,의료기기,기술개발,창원산업진흥원",혼합(단독+공동),2497
443,중소벤처기업부,장애인기업종합지원센터,창업,[경남] 2026년 진주시 발달장애인 가족공동창업 기업 지원사업 모집 공고,2026-07-29,2026-08-19,2026-07-30,https://www.bizinfo.go.kr/sii/siia/selectSIIA200Detail.do?pblancId=PBLN_000000000124912,,장애인기업,"진주시에 소재한 발달장애인과 가족구성원의 공동창업 기업의 경쟁력 제고와 성장 촉진을 위한 2026년도「진주시 발달장애인 가족공동창업 기업 지원사업」을 다음과 같이 공고하오니 많은 관심과 참여 바랍니다. ☞ 진주시 지역의 발달장애인이 대표자로 등재되어있는 가족공동창업 기업 - 진주시에 거주 중인 발달장애인 중 창업을 준비하는 예비창업자 ☞ 기업 사업화 지원(과제 택1) - 시제품 제작비용 : 로컬푸드(식품) 제조 관련 시제품 제작 비용 최대 1천만원 까지 지원 - 홍보ㆍ마케팅 비용 : 브랜드 개발, 홍보물 제작 등 기타 홍보 마케팅 ","창업,경남,2026,가족공동창업,브랜드개발,발달장애인,장애인기업종합지원센터,진주시,로컬푸드,홍보물제작,예비창업자,홍보,시제품제작,컨설팅,중소벤처기업부,마케팅",사업화지원,1797
444,서울특별시,서울경제진흥원,경영,"[서울] 2026년 서울형 가족 뿌리기업, 전문 뿌리기업 통합 모집 추가 공고",2026-07-29,2026-08-20,2026-07-30,https://www.bizinfo.go.kr/sii/siia/selectSIIA200Detail.do?pblancId=PBLN_000000000124911,,중소기업,"서울시는 뿌리산업 발전에 헌신한 기업의 노고를 예우하고, 산업에 대한 긍정적인 인식을 확산하며, 아울러 우수 뿌리기업의 기술 신뢰도를 높이고 사업화 성장을 지원하고자 합니다. 이에「서울형 가족 뿌리기업」및「서울형 전문 뿌리기업」선정을 다음과 같이 공고하오니, 관내 뿌리기업의 많은 관심과 참여를 바랍니다. ☞ 서울 소재 뿌리기업(14대 공정 기술) 또는 서울 소재 기계금속 소공인 - 기반 공정기술(6대): 주조, 금형, 소성가공, 용접, 열처리, 표면처리 - 소재 다원화 공정기술(4대): 사출ㆍ프레스, 정밀가공, 적층제조, 산업용 필","경영,서울,산업지능형,서울형,2026,소성가공,프레스,정밀가공,서울경제진흥원,열처리,사출,적층제조,엔지니어링,산업용,센서,용접,주조,금형,표면처리,기계금속,소프트웨어,온라인홍보,뿌리기업,로봇,홍보,소공인,서울특별시",디자인/상품화/사업화,2892
445,기후에너지환경부,한국사회적기업진흥원,기타,2026년 환경형 예비사회적기업 지정계획 공고,2026-07-29,2026-08-25,2026-07-30,https://www.bizinfo.go.kr/sii/siia/selectSIIA200Detail.do?pblancId=PBLN_000000000124910,,사회적기업,"환경분야에 특화된 예비사회적기업 발굴ㆍ육성을 위하여 「환경형 예비사회적기업 지정제도 및 사회적기업 인증추천제도 운영지침(2026.7, 기후에너지환경부)」,「2026년도 사회적기업 인증 업무지침(2026.1, 고용노동부)」에 따라 2026년 환경형 예비사회적기업 지정계획을 다음과 같이 공고합니다. ☞「사회적기업 육성법」제8조 및 같은 법 시행령 제8조에 따른 조직형태를 갖추고 환경분야에서 사회적 목적 실현을 추구하는 기업 ※ 자세한 지원대상 공고문 참조 ☞ 지정서 발급일로부터 3년 지정 지원 - 지정기간은 3년으로 하며, 부처형ㆍ지역","기타,서울,부산,대구,인천,전남광주,대전,울산,세종,경기,강원,충북,충남,전북,경북,경남,제주,환경형예비사회적기업,기후에너지환경부,2026,환경형,지정,한국사회적기업진흥원,예비사회적기업,사회적기업",제도,2852
446,중소벤처기업부,소상공인시장진흥공단,금융,2026년 중소벤처기업부 소상공인 정책자금 융자사업 4차 변경 공고,,,2026-07-30,https://www.bizinfo.go.kr/sii/siia/selectSIIA200Detail.do?pblancId=PBLN_000000000124909,예산 소진시까지,소상공인,"「소상공인 보호 및 지원에 관한 법률」제9조에 의한 “2026년 중소벤처기업부 소상공인 정책자금 융자사업”을 다음과 같이 공고합니다. ☞ 「소상공인기본법」제2조 및 같은 법 시행령 제3조의 소상공인 ※ 세부사업별 지원대상 상이, 자세한 사항 공고문 참조 ☞ 일반경영안정자금, 특별경영안정자금, 성장기반자금 등 지원 ※ 세부사업별 지원대상 상이, 자세한 사항 공고문 참조","금융,서울,부산,대구,인천,전남광주,대전,울산,세종,경기,강원,충북,충남,전북,경북,경남,제주,신용취약,2026,청년고용연계자금,일반경영안정자금,대환대출,특별경영안정자금,소상공인시장진흥공단,정책자금,장애인기업,성장기반자금,중소벤처기업부,융자,소상공인",융자,10770
447,중소벤처기업부,기술보증기금,창업,모두의 창업: 사회혁신 소셜벤처 리그 모집 공고,2026-07-30,2026-08-19,2026-07-30,https://www.bizinfo.go.kr/sii/siia/selectSIIA200Detail.do?pblancId=PBLN_000000000124908,,창업벤처,"혁신적인 기술 또는 아이디어로 사회문제를 해결하는 소셜벤처기업을 발굴ㆍ육성하기 위해「모두의 창업 : 사회혁신 소셜벤처 리그」도전자를 다음과 같이 모집합니다. ☞ 사회문제를 해결할 수 있는 혁신적인 기술 또는 아이디어를 보유한 예비창업자 또는 창업 후 7년 이내 기업 ☞ (서류평가 선정기업) 사회적 문제 구체화, 비즈니스 모델(BM) 고도화 등 임팩트 활동 지원(기업당 200만원) - (발표평가 선정기업) 솔루션 고도화, 현장 적용성 검토, 공공데이터 활용, 사업화 전략, 투자ㆍ판로 연계 등 멘토링 지원(기업당 500만원), 보증이용","창업,서울,부산,대구,인천,전남광주,대전,울산,세종,경기,강원,충북,충남,전북,경북,경남,제주,보증이용,임팩트활동,모두의창업,2026,희망기업,리그,공공데이터활용,장관표창,소셜벤처기업,7년이내,솔루션,비즈니스모델,예비창업자,기술보증기금,사업화자금,중소벤처기업부,멘토링",사업화지원,6473
448,중소벤처기업부,중소기업기술정보진흥원,기술,2026년 표준공정 기반 공정최적화 기술개발사업(공정최적화R&D) 시행계획 공고,2026-08-10,2026-08-28,2026-07-30,https://www.bizinfo.go.kr/sii/siia/selectSIIA200Detail.do?pblancId=PBLN_000000000124904,,중소기업,"「2026년도 표준공정 기반 공정최적화 기술개발사업(공정최적화R&D)」의 시행계획을 다음과 같이 공고하오니, 동 사업에 참여하고자 하는 중소기업 및 연구기관은 사업안내에 따라 신청하시기 바랍니다. ☞ (주관연구개발기관) 「중소기업기본법」제2조에서 정한 중소기업 ※ 단, 공장등록증을 보유하고 있으며, (내역1) 사전연구 및 제조현장진단에서 전문연구기관의 제조현장 진단을 받은 중소제조기업에 한함 - (공동연구개발기관) 전문연구기관, 스마트제조기술기업 ※ 자세한 지원대상 공고문 참조 ☞ 공정 최적화 기술개발 과제 당 최대 2년, 10억원","기술,서울,부산,대구,인천,전남광주,대전,울산,세종,경기,강원,충북,충남,전북,경북,경남,제주,스마트제조기술기업,2026,전문연구기관,공정최적화,제조현장,기술개발사업,연구개발비,제조기업,R&D,중소기업,중소기업기술정보진흥원,중소벤처기업부",공동기술개발,4069
449,산업통상부,창원산업진흥원,기술,[경남] 창원시 2026년 창원지능형의료기기지원센터 활성화 지원사업 공고(AI 빅데이터 기반 의료바이오 첨단기기 연구제조센터 구축사업),,,2026-07-30,https://www.bizinfo.go.kr/sii/siia/selectSIIA200Detail.do?pblancId=PBLN_000000000124903,예산 소진 시까지,중소기업,"산업통상자원부 ⸢AI 빅데이터 기반 의료바이오 첨단기기 연구제조센터 구축사업⸥을 통해 창원시가 지원하는 2026년 창원지능형의료기기지원센터 활성화 지원사업을 안내하오니 관심있는 기업들의 많은 참여 바랍니다. ☞ 관내 의료ㆍ바이오 산업을 영위하고 있는 기업 혹은 전환 예정 전ㆍ후방 기업 - 창원시 관내 주사업장(본사, 공장, 연구소)을 보유한 법인기업 - 접수마감일 기준 창업 후 1년이상 경과하고 6개월 이상 납세 등 창원에서 업력이 있는 기업 - 의료바이오 산업 유관 전ㆍ후방(예비) 기업 ☞ 창원지능형의료기기지원센터 활성화를 위한 ","기술,경남,창원지능형의료기기지원센터,산업통상부,2026,의료바이오,법인기업,전후방기업,의료,창원산업진흥원,바이오,시험인증비,시험분석검사비,사용적합성평가비,멘토링,컨설팅",기술사업화/이전/지도,2354
450,경기도,평택산업진흥원,수출,[경기] 평택시 2026년 3차 해외플랫폼 입점 지원사업 모집 공고,2026-07-27,2026-08-31,2026-07-30,https://www.bizinfo.go.kr/sii/siia/selectSIIA200Detail.do?pblancId=PBLN_000000000124901,,중소기업,"평택산업진흥원은 관내 중소기업 대상으로「해외플랫폼 입점 지원사업」을 아래와 같이 공고하오니 지원을 희망하는 기업은 관련 절차에 따라 신청하여 주시기 바랍니다. 많은 관심과 참여 부탁드립니다. ☞ 공고 마감일 기준 평택시 소재 기업 또는 공장 보유,「중소기업 기본법」제2조에 의한 중소기업 ☞ 해외플랫폼 입점 관련 마케팅(판매ㆍ입점수수료, 광고ㆍ프로모션, 콘텐츠ㆍ상세페이지) 활동 비용 지원 - 판매ㆍ입점수수료 : 해외 플랫폼 입점·판매 시 발생하는 관련 수수료(계정개설 수수료, 유료회원 가입비, 플랫폼 이용 수수료 등) - 광고ㆍ프로모","수출,경기,상품촬영비,롱폼,메인페이지,PPC,2026,번역료,배너,평택산업진흥원,상세페이지제작,해외플랫폼,숏폼,수수료,프로모션,라이브커머스,경기도,마케팅,중소기업",해외진출,2549
451,경상남도,창원산업진흥원,수출,[경남] 창원시 CES2027 참가기업 지원사업 참가기업 모집 공고,2026-07-22,2026-08-21,2026-07-30,https://www.bizinfo.go.kr/sii/siia/selectSIIA200Detail.do?pblancId=PBLN_000000000124899,,창업벤처,"창원시 창업기업의 해외 마케팅 및 글로벌 역량 증대를 위하여 「CES2027 참가기업 지원사업」을 추진하오니 관심 있는 관내 기업의 많은 참여를 바랍니다. ☞ 신제품을 보유한 창원시 창업기업 중 CES유레카파크 조건을 충족하는 기업 - 전시품목 : AI, 5G, 로보틱스, 디지털 헬스 등 25가지 분야 ※ 자세한 지원대상 공고문 참조 ☞ 통합한국관 참가비, 항공료, 홍보물, 통역비, 물류비, 혁신상 신청비 등 기업당 최대 23,000,000원 이내 지원 ※ 자세한 지원내용 공고문 참조","수출,경남,CES2027,2026,로보틱스,디지털헬스,유레카파크,한국관,홍보물,5G,창원산업진흥원,창원시,경상남도,AI,해외마케팅,스타트업",해외진출,2417
452,경상북도,경상북도경제진흥원,창업,[경북] 2026년 청년창업제품 온라인 기획전 판로지원 참가기업 모집 공고(청년창업제품 판로개척 지원사업),2026-07-28,2026-08-21,2026-07-30,https://www.bizinfo.go.kr/sii/siia/selectSIIA200Detail.do?pblancId=PBLN_000000000124893,,창업벤처,"경북도 내 청년창업기업의 판로 확보와 경쟁력 강화를 위해「2026년 청년창업제품 판로개척 지원사업」 온라인 기획전 참가 기업 모집을 다음과 같이 공고합니다. ☞ 사업자등록증상 소재지가 경북이면서 통신판매업신고증을 보유한 청년창업기업 ※ 대표자 나이 만19세~39세 이하, 1987년 이후 출생자 ☞ 온라인 전용 기획관 운영, 상세 페이지 제작, 마케팅 및 광고 지원 등 판로지원","내수,창업,경북,청년CEO관,2026,창업제품,롯데온,입점지원,청년창업기업,상세페이지,광고,프로모션,판로지원,홍보,경상북도경제진흥원,경상북도,마케팅,온라인",사업화지원,2183
453,기후에너지환경부,한국에너지기술평가원,기술,2026년 2차 에너지수요관리핵심기술개발사업 신규지원대상 연구개발과제 공고,2026-07-28,2026-08-24,2026-07-30,https://www.bizinfo.go.kr/sii/siia/selectSIIA200Detail.do?pblancId=PBLN_000000000124891,,중소기업,"에너지수요관리핵심기술개발사업의 2026년 2차 신규지원 대상 연구개발과제를 다음과 같이 공고하오니 해당 기술개발과제를 수행하고자 하는 자는 관련 규정에 따라 신청하여 주시기 바랍니다. ☞ 기업, 대학, 연구기관, 연구조합, 사업자단체, 의료기관 등 ☞ 에너지수요관리핵심기술개발(수요관리기반기술개발) 지원 ※ '4. 제출서류 및 참고(최종)'는 출처 바로가기 내 첨부파일 참고","기술,서울,부산,대구,인천,전남광주,대전,울산,세종,경기,강원,충북,충남,전북,경북,경남,제주,2026,기후에너지환경부,한국에너지기술평가원,에너지,수요관리,핵심기술,연구개발과제",혼합(단독+공동),2246
454,대구광역시,기초자치단체,경영,[대구] 유성구 2026년 하반기 디지털 골목상점 참여업소 모집 공고,,,2026-07-30,https://www.bizinfo.go.kr/sii/siia/selectSIIA200Detail.do?pblancId=PBLN_000000000124890,상시 접수,소상공인,"청년IT지원단의 연계활동을 통해 관내 소상공인들의 디지털 전환 및 골목경제 활성화를 위한 2026 하반기「디지털 골목상점」 참여업소를 아래와 같이 공개 모집하오니 많은 신청바랍니다. ☞ 유성구에 영업신고한 상시근로자 5인 미만 경영 방식에 대한 디지털 전환 지원 및 SNS 마케팅 지원이 필요한 사업자 ☞ 디지털 지원, 디자인 제작 지원, 교육 및 컨설팅 지원","내수,경영,대구,2026,대구광역시,유성구,디지털골목상점,디지털,골목상점,소상공인,기초자치단체,디자인,교육,컨설팅,SNS마케팅,마케팅,SNS,숏폼,디지털전환,홍보영상,온라인마케팅,홍보,배달앱",디자인/상품화/사업화,2229
455,충청남도,충남경제진흥원,내수,[충남] 2026년 사회적경제기업 공공구매 활성화 사업 참가기업 모집 공고,2026-07-23,2026-08-21,2026-07-30,https://www.bizinfo.go.kr/sii/siia/selectSIIA200Detail.do?pblancId=PBLN_000000000124889,,사회적기업,"충청남도 사회적경제기업의 지속 가능한 성장을 지원하고 공공구매 활성화를 통한 지속적인 판로 확대를 도모하고자 「2026년 사회적경제기업 공공구매 활성화」를 개최하오니, 참가를 희망하는 기업의 많은 관심과 참여를 바랍니다. ☞ 충청남도 소재 사회적경제기업 중 사회적기업, 예비사회적기업 해당 ☞ 제품 홍보 및 ‘가치소비 쇼룸’ 전시 및 기업 브랜드 홍보 지원 - 잠재적 공공구매 연계를 위한 제품 체험(시식ㆍ시연) 및 홍보 물품 배포 지원 - 공공기관과 맞춤형 구매 상담 지원 (※수요, 공급이 서로 매칭시) - 공공기관 판로 개척 지원","내수,충남,2026,충청남도,충남경제진흥원,사회적경제기업,공공구매,사회적기업,예비사회적기업,제품홍보,가치소비쇼룸,전시,브랜드홍보,홍보물품배포,구매상담,판로개척",공공구매,1884
456,농림축산식품부,한국식품연구원,경영,2026년 한국식품연구원 식품기술대상 모집 공고,2026-07-28,2026-08-31,2026-07-30,https://www.bizinfo.go.kr/sii/siia/selectSIIA200Detail.do?pblancId=PBLN_000000000124884,,중소기업,연구개발과 기술혁신을 적극적으로 추진하여 식품산업의 발전에 기여한 식품업체 종사자에 포상을 실시함으로써 제품개발에 대한 동기 부여 및 우리 식품기술의 우수성을 확산하고자「2026년 한국식품연구원 식품기술대상 모집」을 실시 합니다. 관심 있는 기업의 많은 참여를 바랍니다. ☞ 국내 식품산업체 - 대상제품 : 국내에서 생산 및 출시되는 식품 전 부문(김치류 제외) ☞ 과학기술정보통신부장관상 및 농림축산식품부장관상 수여 지원 ※ 자세한 지원내용 공고문 참조,"내수,경영,서울,부산,대구,인천,전남광주,대전,울산,세종,경기,강원,충북,충남,전북,경북,경남,제주,2026,식품산업체,식품기술대상,식품산업,시상,표창,한국식품연구원,식품,농림축산식품부,포상",디자인/상품화/사업화,2018
457,산업통상부,대한상공회의소,경영,제33회 기업혁신대상 모집 공고,2026-07-29,2026-09-23,2026-07-30,https://www.bizinfo.go.kr/sii/siia/selectSIIA200Detail.do?pblancId=PBLN_000000000124883,,중소기업,대한상공회의소는 1994년부터 산업통상부와 공동으로「기업혁신대상」을 개최하고 있습니다. 올해 33회째를 맞이하는「기업혁신대상」은 우리 기업의 경영혁신과 ESG경영 모범사례 발굴ㆍ시상을 통해 기업들의 큰 호평을 받고 있습니다. 이번 시상에서는 특히 AI 등 첨단 기술의 산업 융합과 실질적인 ESG 가치 창출을 이루어낸 현장의 혁신 사례를 집중 조명하고자 합니다. 이에 대한민국 산업계를 선도할「기업혁신대상」의 새로운 주인공을 찾기 위해 다음과 같이 응모와 심사를 진행하오니 혁신 경영과 ESG 경영 실천을 주도하는 국내 우수 기업들의 많,"경영,서울,부산,대구,인천,전남광주,대전,울산,세종,경기,강원,충북,충남,전북,경북,경남,제주,2026,대한상공회의소,산업통상부,기업혁신대상,경영혁신,ESG,기업,ESG경영",디자인/상품화/사업화,2281
458,산업통상부,한국전자정보통신산업진흥회,기술,2026년 3차 IoT제품 개발 및 데이터분석 과제기획 수요기업 모집 공고,2026-07-28,2026-08-31,2026-07-30,https://www.bizinfo.go.kr/sii/siia/selectSIIA200Detail.do?pblancId=PBLN_000000000124881,,중소기업,"한국전자정보통신산업진흥회(KEA) 디지털혁신실에서는 ""IoT 제품 개발을 준비중이거나 IoT제품은 만들었는데 데이터는 어떻게 써야 할지 막막하다"", ""데이터는 쌓이는데 서비스나 사업으로 연결이 안 된다"" 이런 고민을 가진 기업을 위해 KEA가 IoT 제품 개발부터 데이터 분석ㆍ활용까지 실무 중심으로 무상 지원합니다. 위 지원사업과 관련하여 상담을 희망하시는 기업은 아래 신청서를 작성해 주시길 바랍니다. ☞ IoT제품 개발 및 데이터 분석이 필요한 기업 - IoT 가전ㆍ전자ㆍ디바이스 제품 개발을 준비중이거나 보유한 기업 - 제품 데이","기술,서울,부산,대구,인천,전남광주,대전,울산,세종,경기,강원,충북,충남,전북,경북,경남,제주,디바이스제품,연동지원,lOT,산업통상부,2026,학습데이터구축,통신모듈,모바일앱,데이터분석,BM,활용,한국전자정보통신산업진흥회,제품개발,사업화,전자,가전",기술사업화/이전/지도,2744
459,산업통상부,원주의료기기산업진흥원,기술,2026년 AI 융합 에스테틱 의료기기 글로벌 사업화 기반구축 사업(1차년도) 참여기업 통합모집 공고(바이오산업 개방형 생태계 조성 촉진),2026-07-28,2026-08-19,2026-07-29,https://www.bizinfo.go.kr/sii/siia/selectSIIA200Detail.do?pblancId=PBLN_000000000124877,,중소기업,"산업통상부와 강원특별자치도(원주시)가 지원하는 「AI 융합 에스테틱 의료기기 글로벌 사업화 기반구축」사업의 참여기업을 아래와 같이 모집하오니, 관심있는 기업들의 많은 신청 바랍니다. ☞ 전국 소재 AI 융합 에스테틱 의료기기 개발 기업 (국내 AI 융합 에스테틱 의료기기 제조기업 또는 AI 융합 에스테틱 의료기기 제품 개발 희망 기업) ☞ AI 융합 에스테틱 의료기기 개발 전주기 지원 ※ 수행기관별 지원내용 상이하므로, 공고문 참조","기술,서울,부산,대구,인천,전남광주,대전,울산,세종,경기,강원,충북,충남,전북,경북,경남,제주,2026,산업통상부,원주의료기기산업진흥원,한국AI의료헬스케어연구원,연세대학교,AI융합,에스테틱,제조기업,의료기기,강원특별자치도,원주시,AI융합에스테틱,개발,의료기기개발,시제품개발,시험검사,인허가,평가,성적발급",기술사업화/이전/지도,6255
460,전남광주통합특별시,전남테크노파크,경영,[전남광주] 2026년 스마트공장(기초단계) 보급ㆍ확산사업 지원 공고,2026-07-28,2026-08-21,2026-07-29,https://www.bizinfo.go.kr/sii/siia/selectSIIA200Detail.do?pblancId=PBLN_000000000124870,,중소기업,"전남 소재 중소ㆍ중견 제조기업을 대상으로 기초단계 스마트공장 보급을 위해 전라남도에서 지방비(도 30%, 시군 30%)를 지원하는 '2026년 전남형 스마트공장(기초단계) 보급ㆍ확산사업'을 공고하오니 많은 신청바랍니다. ☞ 기초수준 스마트공장 구축을 희망하는 전남소재 중소ㆍ중견 제조기업 ※ 도입공장 소재지 기준(본사 소재지와 무관) ※ 도입기업ㆍ공급기업 컨소시엄 형태로 신청 ※ 자세한 지원대상 공고문 참조 ☞ 생산정보 디지털화를 위해 IoT 등 첨단기술을 적용한 스마트공장 솔루션 구축 및 솔루션 연동 자동화장비ㆍ제어기ㆍ센서 등 구입","기술,경영,전남광주,전남광주통합특별시,전남테크노파크,2026,중소기업,중견기업,제조기업,제조업,스마트공장,스마트공장구축,자동화장비,제어기,센서,솔루션,솔루션구축",시설/입지지원,4446
461,전남광주통합특별시,전남테크노파크,경영,[전남광주] 2026년 지역특화형 스마트공장(식품ㆍ바이오) 구축지원사업(기초) 공고,2026-07-28,2026-08-21,2026-07-29,https://www.bizinfo.go.kr/sii/siia/selectSIIA200Detail.do?pblancId=PBLN_000000000124869,,중소기업,"전남 소재 중소ㆍ중견 제조기업 중 식품, 바이오 분야를 대상으로 기초단계 스마트공장 보급을 위해 전라남도에서 지방비(도 30%, 시군 30%)를 지원하는 “2026년 지역특화형(식품, 바이오) 스마트공장 구축지원사업(기초)“을 공고하오니 많은 신청 바랍니다. ☞ 전남 소재 중소ㆍ중견기업 중 스마트공장 구축이 필요한 식품, 바이오분야 제조기업 ※ 도입기업ㆍ공급기업 컨소시엄 형태로 신청 - 도입기업 : 국내 제조기업 중「중소기업기본법」에 따른 중소기업, 「중견기업 성장촉진 및 경쟁력 강화에 관한 특별법」에 따른 중견기업 - 공급기업 :","경영,전남광주,2026,전남광주통합특별시,전남테크노파크,중소기업,중견기업,제조업,제조기업,바이오,식품,스마트공장,기초단계스마트공장,기초,구축,스마트공장구축,HACCP,GMP,시스템구축",시설/입지지원,4089
462,전북특별자치도,전주정보문화산업진흥원,경영,2026년 하반기 전주 영화 후반제작 지원사업 공고,2026-08-03,2026-08-18,2026-07-29,https://www.bizinfo.go.kr/sii/siia/selectSIIA200Detail.do?pblancId=PBLN_000000000124868,,중소기업,"전주정보문화산업진흥원과 전주국제영화제조직위원회는 영화영상산업 발전과 창작 환경 조성을 위해 아래와 같이 제작지원 사업을 공고 시행합니다. ☞ 연출자 또는 제작사(영비법에 의한 영화제작업자) - 디지털 영화영상 관련 연출 감독 및 제작사 후반작업 진행 예정인 영화영상물(독립 중ㆍ단편영화, 저예산 예술 영화, 영상 다큐멘터리 등을 포함) ☞ 후반 제작(색보정ㆍ사운드) 및 디지털마스터링(DCP) 지원 ※ 자세한 지원내용 공고문 참조","경영,서울,부산,대구,인천,전남광주,대전,울산,세종,경기,강원,충북,충남,전북,경북,경남,제주,영화영상물,영화후반제작,2026,전북특별자치도,전주국제영화제조직위원회,디지털마스터링,전주,제작사,전주정보문화산업진흥원,영화제작업자,후반제작",디자인/상품화/사업화,3933
463,충청북도,청주상공회의소,수출,[충북] 2026년 베트남 하노이 충북무역상품 전시상담회 참여기업 모집 공고,2026-07-27,2026-08-17,2026-07-29,https://www.bizinfo.go.kr/sii/siia/selectSIIA200Detail.do?pblancId=PBLN_000000000124866,,중소기업,"충청북도와 청주상공회의소는 베트남 하노이에서 「2026 베트남 하노이 충북무역상품 전시상담회」를 개최하오니 도내 중소ㆍ중견기업의 많은 관심과 참여 바랍니다. ☞ 사업자 본점 또는 공장 소재지가 충청북도 소재인 중소ㆍ중견기업 - 품목 : 화장품, 식품, 생활용품, 건축자재, 기계 등 종합품목 ☞ 전시상담장 임차 및 전시 부스장치비, 베트남 현지 바이어 발굴 및 매칭, 수출상담 진행, 전시상담장 샘플 물류비 지원, 통역, 현지 이동 차량 제공 지원","수출,충북,2026,충청북도,청주상공회의소,베트남,하노이,화장품,중소기업,중견기업,생활용품,건축자제,기계,전시상담회,무역상품,상담장임차,부스장치비,바이어,매칭,수출상담,샘플물류비,통역,차량",해외진출,3780
464,인천광역시,인천테크노파크,금융,[인천] 2026년 8차 중소기업육성자금 지원 공고,,,2026-07-29,https://www.bizinfo.go.kr/sii/siia/selectSIIA200Detail.do?pblancId=PBLN_000000000124861,예산 소진시까지,중소기업,"「인천광역시 중소기업경영안정자금 지원 및 운용조례」 제6조 및「인천광역시 중소기업 육성기금 설치 및 운용조례」 제13조의 규정에 의거 ‘2026년도 인천광역시 중소기업 육성자금 지원(8차)’을 다음과 같이 공고합니다. ☞ 신청일 현재 인천시 경영안정자금(이차보전) 잔여한도가 있는 기업 ※ 자세한 지원대상 공고문 참조 ☞ 기계구입자금, 공장확보, 벤처창업자금, 에너지효율화자금, 재해기업자금, 기술이전기업(기계, 공장, R&D) 등 지원 ※ 자세한 지원내용 공고문 참조","금융,인천,2026,공공기술,기술전환,전략산업,육성기금,인천테크노파크,제조기업,인천광역시,융자,중소기업",융자,3767
465,전남광주통합특별시,전라남도중소기업일자리경제진흥원,수출,[전남광주] 2026년 세계한인경제인대회 전남광주통합특별시 공동관 참여기업 신청 공고,2026-07-28,2026-08-21,2026-07-29,https://www.bizinfo.go.kr/sii/siia/selectSIIA200Detail.do?pblancId=PBLN_000000000124860,,중소기업,"세계 한인 경제인과 비즈니스 네트워크를 구축하여 중소기업의 중국 시장진출 및 글로벌 수출 판로를 확대하기 위해 ‘2026 세계한인경제인대회 전남광주통합특별시 공동관’ 참가기업을 아래와 같이 모집하오니 많은 신청 바랍니다. ☞ 전남광주통합특별시 제품을 제조ㆍ생산ㆍ유통하는 관내 소재 중소기업(소비재) ※ 자세한 지원대상 공고문 참조 ☞ 부스․장치비(전액), 항공ㆍ물류비(1사 1인, 50% 지원, 합산 80만원 한도) 등 지원","수출,전남광주,2026,전남광주통합특별시,전라남도중소기업일자리경제진흥원,수출판로,중국,세계한인경제인대회,공동관,생산,유통,중소기업,수출중소기업",시장개척,1995
466,경상북도,경북테크노파크,기술,[경북] 2026년 미래자동차 탑승자 중심 편의부품 평가 기반구축 1차년도 기업지원 수혜기업 모집 공고,2026-07-23,2026-12-31,2026-07-29,https://www.bizinfo.go.kr/sii/siia/selectSIIA200Detail.do?pblancId=PBLN_000000000124859,,중소기업,"2026년도 미래자동차 편의ㆍ안전 기술고도화 기반구축사업 「미래자동차 탑승자 중심 편의부품 평가 기반구축」의 당해연도 기업지원 프로그램을 안내하오니, 해당 프로그램 참여를 희망하는 중소⋅중견기업의 많은 신청 바랍니다. ☞ 경상북도 지역 내ㆍ외 미래자동차(전기ㆍ수소차 등) 편의ㆍ안전부품 관련 기술을 보유하거나 개발 중인 관련 중소ㆍ중견기업(대기업, 공공기관 제외) 및 업종전환 희망 기업 ☞ 핵심부품 시제품 제작, 기술지도, 기술ㆍ제품 정보 DB 지원","기술,경북,산업통상부,2026,경북테크노파크,한국자동차연구원,케이모빌리티클러스터협회,영남대학교산학협력단,경상북도,미래자동차,탑승자,편의부품,전기,수소차,중소기업,중견기업,시제품제작,핵심부품,기술지도,DB",기술사업화/이전/지도,2222
467,경상북도,포항테크노파크,인력,2026년 소프트웨어 인재키움사업 바이브코딩 창업교육 교육생 통합모집 공고,2026-07-28,2026-08-18,2026-07-29,https://www.bizinfo.go.kr/sii/siia/selectSIIA200Detail.do?pblancId=PBLN_000000000124858,,창업벤처,"재단법인 포항테크노파크에서는 「2026년 소프트웨어 인재키움사업」 바이브코딩 창업교육 교육생 모집을 공고하오니 많은 관심과 신청을 바랍니다. ☞ 바이브코딩, AIㆍSW관련 창업분야에 관심이 있는 예비 창업자로 교육수료 후 경북지역 내 창업이 가능한 자 - 창업 1년 미만 (공고일 기준) 기업으로 창업팀이 선정된 후 경북지역 사업자 이전(등록) 가능한 기업 ☞ 코딩, 사무공간 등 지원, 수료 후 우수팀 선정 사업화 지원비 제공(최대4천만원) ※ 자세한 지원내용 공고문 참조","인력,경영,서울,부산,대구,인천,전남광주,대전,울산,세종,경기,강원,충북,충남,전북,경북,경남,제주,바이브코딩,2026,코딩,창업교육,포항테크노파크,구미전자정보기술원,SW,예비창업자,AI,경상북도",교육/훈련/연수,2724
468,부산광역시,한국여성경제인협회부산지회,내수,[부산] 2026년 여성기업 전시회 지원(마케팅) 지원 참여기업 모집 공고,2026-07-28,2026-10-30,2026-07-29,https://www.bizinfo.go.kr/sii/siia/selectSIIA200Detail.do?pblancId=PBLN_000000000124856,,여성기업,"한국여성경제인협회 부산지회에서는 여성기업 경쟁력 강화를 위해 전시회(마케팅) 참여 지원사업을 공고합니다. ☞ 공고 마감일 현재 한국 여성경제인협회 부산지회 회원사 또는 (재)여성기업종합지원센터 부산센터 입주기업, 부산지역 여성기업 ☞ 부스비 및 운영비(전기 및 유틸리티), 홍보비(현수막, 배너 제작) 기업당 각 110만원 내외 지원","내수,부산,한국여성경제인협회부산지회,배너제작,유틸리티,현수막,홍보비,부스비,운영비,전기,부산광역시,전시회,여성기업,2026,마케팅",오프라인,2324
469,중소벤처기업부,한국중소벤처기업유통원,경영,2026년 3차 마케팅 구매상담회 참여기업 모집 공고,2026-07-28,2026-08-24,2026-07-29,https://www.bizinfo.go.kr/sii/siia/selectSIIA200Detail.do?pblancId=PBLN_000000000124853,,중소기업,"중소기업의 신규 판로 개척 및 유통ㆍ마케팅 역량 강화 지원을 위한「2026년 마케팅 구매상담회」참여기업을 다음과 같이 모집하오니 많은 참여를 바랍니다. ☞ 중소기업기본법에 따른 중소기업으로 온ㆍ오프라인 매장에서 판매가 가능한 제품을 제조하거나 그 제품을 취급하는 중기업 또는 소기업 ※ 중소기업확인서 내 ’소기업(소상공인)’은 지원 제외 ※ 자세한 지원대상 공고문 참조 ☞ 유통플랫폼 MD 1대1 상담 지원, 최신 유통 트렌드 및 AI 활용 등 강연, 우수 중소기업 상품 홍보관 운영 등 지원","내수,경영,서울,부산,대구,인천,전남광주,대전,울산,세종,경기,강원,충북,충남,전북,경북,경남,제주,판로 개척,2026,한국중소벤처기업유통원,중기업,오프라인,구매상담회,AI,중소벤처기업부,소기업,마케팅,온라인",디자인/상품화/사업화,3004
470,경기도,기초자치단체,수출,[경기] 화성시 2026년 2차 공공기관 해외지사화 참가 지원사업 참가기업 모집 공고,2026-07-28,2026-08-21,2026-07-29,https://www.bizinfo.go.kr/sii/siia/selectSIIA200Detail.do?pblancId=PBLN_000000000124852,,중소기업,"화성시는 관내 중소기업의 해외마케팅을 지원하고자 「2026년도 KOTRAㆍ중소벤처기업진흥공단ㆍOKTA의 해외지사화 사업」 참가비를 지원하는 사업을 진행하오니, 관심 있는 기업들의 많은 신청 바랍니다. ☞ 관내 본사 또는 공장이 소재한 전년도 수출액 2,000만불 이하 중소기업 中 「2026년도 KOTRA, 중소벤처기업진흥공단, OKTA의 해외지사화사업(1차 ~ 6차, 발전 단계)」참가 기업 ☞ 「2026년도 KOTRAㆍ중소벤처기업진흥공단ㆍOKTA 해외지사화사업」의 무역관(지역) 별 해외지사화 사업비(참가비)의 60%(최대 300만원","수출,경기,2026,경기도,기초자치단체,중소기업,해외마케팅,중소벤처기업진흥공단,대한무역투자진흥공사,OKTA,참가비,상담회,물류통관자문,출장,유통망입점,인허가취득,브랜드홍보,IP등록",해외진출,2286
471,부산광역시,부산경제진흥원,내수,[부산] 2026년 마을기업 통합 홍보물 패키지 제작 지원 공고,2026-07-27,2026-11-10,2026-07-29,https://www.bizinfo.go.kr/sii/siia/selectSIIA200Detail.do?pblancId=PBLN_000000000124851,,마을기업,"마을기업 오프라인 판로 확대 및 브랜드 인지도 제고를 위하여 「마을기업 통합 홍보물 패키지 제작」을 추진하오니, 부산 지역 내 마을기업은 많은 신청 바랍니다. ☞ 부산 지역 내 마을기업 ☞ 진흥원에서 제작한 마을기업 통합 패키지(종이백, 리유저블백) 지원","내수,경영,부산,리유저블백,종이백,홍보물패키지,브랜드인지도,2026,오프라인,판로확대,부산경제진흥원,부산광역시,마을기업",오프라인,1939
472,경상남도,경남테크노파크,수출,2026년 4차 중소기업 해외지사화 지원사업 참여업체 모집 공고,2026-07-27,2026-08-21,2026-07-29,https://www.bizinfo.go.kr/sii/siia/selectSIIA200Detail.do?pblancId=PBLN_000000000124850,,중소기업,"경상남도는 해외지사 설립 여건이 부족한 도내 수출 중소기업 대상 「2026 중소기업 해외지사화 지원사업」을 시행하오니 관심 있는 업체의 많은 참여 바랍니다. ☞ 도내 본사 소재 중소기업(중견기업 제외) 중 산업부 주관 2026년 KOTRA, 중진공 해외지사화 사업 1차 ~ 7차 ‘발전단계 6개월, 발전단계 9개월, 발전단계 1년’ 선정기업 ☞ 산업부 주관 KOTRA, 중진공 2026년 해외지사화 사업 1차 ~ 7차 선정기업 참가비 지원","수출,경남,2026,참가비지원,발전단계,중소벤처기업진흥공단,대한무역투자진흥공사,해외지사화,경남테크노파크,경상남도,중소기업",해외진출,2417
473,부산광역시,부산경제진흥원,수출,[부산] 2026년 원부자재 공동구매 지원사업 신청기업 모집 공고,,,2026-07-29,https://www.bizinfo.go.kr/sii/siia/selectSIIA200Detail.do?pblancId=PBLN_000000000124849,예산 소진시까지,중소기업,"원부자재 수입 후 수출하는 부산 소재 중소기업의 수입 물류비 부담 완화를 목적으로 “원부자재 공동구매 지원사업” 참가기업을 모집합니다. 참가를 희망하는 기업 관계자께서는 아래 내용을 참조하시어 정해진 기한 내 신청하시기 바랍니다. ☞ 부산 소재의 수출입 중소기업이면서 수출 목적을 위한 임가공을 위해 자재ㆍ원료ㆍ부품을 수입하는 기업 ※ 자세한 지원대상 공고문 참조 ☞ 2개사 이상의 기업이 그룹을 형성하여 동일 물류사, 컨테이너 및 선적을 기준으로 공동수입을 진행하는 경우 수입 과정에서 발생하는 물류 관련 모든 제반 비용 일체 지원(1","수출,부산,2026,부산경제진흥원,부산광역시,중소기업,수입,물류비,원부자재,공동구매,임가공,물류사,컨데이너,제반비용",해외진출,2013
474,경기도,시흥산업진흥원,경영,[경기] 시흥시 2026년 소규모 점포 시설개선 지원사업 모집 공고,2026-07-27,2026-08-18,2026-07-29,https://www.bizinfo.go.kr/sii/siia/selectSIIA200Detail.do?pblancId=PBLN_000000000124845,,소상공인,시흥산업진흥원(이하 ‘진흥원’)은 관내 소상인의 경영안정을 지원하고자 「2026년 소규모 점포 시설개선 지원사업」을 아래와 같이 공고합니다. ☞ 관내 6개월 이상 영업중인 소상인 약 40개소(2개월 이상인 화재피해 소상인) ※ 자세한 지원대상 공고문 참조 ☞ 간판ㆍ인테리어ㆍ안전ㆍ위생 등 최대 300만원 지원,"경영,경기,2026,시흥산업진흥원,경기도,소상인,소규모점포,시설개선,간판,인테리어,안전,위생,화재",시설/입지지원,2290
475,고용노동부,한국사회적기업진흥원,내수,2026년 사회적협동조합ㆍ사회적기업 대상 공공조달 및 민간위탁 1:1 맞춤형 컨설팅 참여기업 모집 공고,,,2026-07-29,https://www.bizinfo.go.kr/sii/siia/selectSIIA200Detail.do?pblancId=PBLN_000000000124842,회차별 상이,사회적기업,"2026년 사회적협동조합ㆍ사회적기업 대상 공공조달 및 민간위탁 1:1 맞춤형 컨설팅 사업의 참여기업 모집을 아래와 같이 공고하오니, 관심 있는 사회적협동조합ㆍ(예비)사회적기업의 많은 참여를 바랍니다. ☞ 사회적협동조합, (예비)사회적기업 ☞ 상담 분야 및 수준, 상담 방식 등을 사전 조사하여 1:1 맞춤형 컨설팅(공공조달, 민간위탁) 지원","내수,경영,서울,부산,대구,인천,전남광주,대전,울산,세종,경기,강원,충북,충남,전북,경북,경남,제주,2026,민간위탁,공공조달,사회적협동조합,고용노동부,한국사회적기업진흥원,컨설팅,사회적기업,상담,예비사회적기업",공공구매,2063
476,경기도,시흥산업진흥원,기술,2026년 DXㆍAX 컨설팅 지원사업 모집 공고,,,2026-07-29,https://www.bizinfo.go.kr/sii/siia/selectSIIA200Detail.do?pblancId=PBLN_000000000124841,예산 소진시까지,중소기업,"산업통상자원부 [금형 기반 생산기술 디지털전환 기반 구축사업]의 일환으로 관내ㆍ외 제조기업의 디지털전환(DX)의 도입 및 고도화 컨설팅을 희망하는「2026년 DXㆍAX 컨설팅 지원사업」의 참여기업을 모집하오니 많은 관심과 참여 바랍니다. ☞ 관내ㆍ외 DX(디지털전환) 관심 제조기업 등 ※ 경기도 시흥시 이외 지역도 지원 가능 ☞ MES, AI 예지보전 등 디지털전환(DX) 솔루션 신규 도입 및 기존 DX 시스템 고도화 컨설팅 지원 - 기업당 최대 200만원 이내(1기업당 컨설팅 5회 내외) ※ 자세한 신청방법 공고문 참조","기술,서울,부산,대구,인천,전남광주,대전,울산,세종,경기,강원,충북,충남,전북,경북,경남,제주,2026,시스템고도화,MES,솔루션,디지털전환,DX,시흥산업진흥원,제조기업,경기도,컨설팅",기술사업화/이전/지도,3268
477,대전광역시,한국발명진흥회,경영,[대전] 2026년 소상공인 IP출원(상표출원) 지원 사업 소상공인 수혜자 모집 공고,,,2026-07-29,https://www.bizinfo.go.kr/sii/siia/selectSIIA200Detail.do?pblancId=PBLN_000000000124840,예산 소진시까지,소상공인,"한국발명진흥회 대전지부(대전지식재산센터)는 소상공인의 지식재산 피해를 예방하고 안정적 성장을 위하여, 소상공인의 상호ㆍ브랜드 권리화를 지원하는 IP출원(상표출원) 지원 사업을 진행하오니 희망하는 소상공인은 아래에 따라 신청하여 주시기를 바랍니다. ☞「소상공인기본법」제2조에 따른 소상공인(사업자등록증 보유) ☞ 상표출원 지원 ※ 자세한 지원내용 공고문 참조","경영,대전,2026,상호,상표출원,브랜드,권리화,IP출원,한국발명진흥회,대전광역시,소상공인",디자인/상품화/사업화,2291
478,경기도,화성산업진흥원,기타,[경기] 화성시 2026년 하반기 벤처인증 비용 지원사업 참여기업 모집 공고,2026-07-15,2026-10-15,2026-07-29,https://www.bizinfo.go.kr/sii/siia/selectSIIA200Detail.do?pblancId=PBLN_000000000124837,,창업벤처,"화성산업진흥원에서는 화성동탄테크노폴 벤처기업육성촉진지구 지정에 따른 관내 벤처기업 육성 사업을 시행하오니 많은 관심과 지원 바랍니다. ☞ 벤처기업 인증을 취득한 화성시 소재 중소기업 ☞ 벤처기업인증(벤처투자유형, 연구개발유형, 혁신성장유형) 취득 수수료 비용지원 (기업당 최대 450천원 지원)","기타,경기,취득수수료,혁신성장유형,연구개발유형,벤처투자유형,화성동탄테크노폴,2026,비용지원,벤처기업인증,벤처기업,화성산업진흥원,경기도",제도,2595
479,경기도,화성산업진흥원,기술,[경기] 화성시 2026년 반도체 소부장기업 실증(장비사용료) 지원사업 참여기업 추가모집 공고,2026-07-21,2026-09-30,2026-07-29,https://www.bizinfo.go.kr/sii/siia/selectSIIA200Detail.do?pblancId=PBLN_000000000124835,,중소기업,"화성산업진흥원에서는 반도체 장비 확보가 어려운 관내 반도체 소ㆍ부ㆍ장 중소ㆍ중견기업을 대상으로 한국나노기술원 연계 반도체 실증(장비사용료) 지원사업을 시행하오니 관내 기업의 많은 관심과 지원 바랍니다. ☞ 화성시 관내 반도체 소ㆍ부ㆍ장 중소ㆍ중견기업 ☞ 반도체 장비 확보가 어려운 관내 소부장기업에 성능평가, 검증 등에 소요되는 장비 사용료 지원 (기업당 최대 9,000천원 지원) ※ 한국나노기술원 장비 활용 必","기술,경기,2026,장비사용료,공장,성능평가,연구소,반도체,검증,화성산업진흥원,경기도,중견기업,중소기업",기술인력/장비지원,1988
480,서울특별시,서초창업스테이션,경영,2026년 8월 서리풀 소상공인 창업 클리닉 모집 공고,2026-07-27,2026-08-19,2026-07-29,https://www.bizinfo.go.kr/sii/siia/selectSIIA200Detail.do?pblancId=PBLN_000000000124834,,소상공인,"소상공인의 성장 기반 마련을 위한 분야별 맞춤형 창업 경영 컨설팅을 제공해드리는 프로그램입니다. 2026년 12월까지 각각 다른 분야의 컨설팅이 진행되니 예비ㆍ초기 소상공인 및 소상공인 스타트업의 많은 관심과 신청 부탁드립니다. 감사합니다. ☞ 컨설팅을 희망하는 예비ㆍ초기 소상공인 ☞ 투자유치 및 LIPS 프로그램 추천, 지역상권 기반 오프라인 판로개척 전략, 소상공인을 위한 고객 맞춤형 마케팅 전략, 사업 성장을 위한 비즈니스 전략 컨설팅 지원","경영,서울,부산,대구,인천,전남광주,대전,울산,세종,경기,강원,충북,충남,전북,경북,경남,제주,LIPS,2026,서초창업스테이션,비즈니스전략,서울특별시,투자유치,컨설팅,마케팅,소상공인",컨설팅,3798
481,대구광역시,대구디지털혁신진흥원,수출,[대구] 2026년 대구글로벌게임센터 글로벌 공동관 참가기업(지스타) 추가모집 공고,2026-07-27,2026-08-25,2026-07-28,https://www.bizinfo.go.kr/sii/siia/selectSIIA200Detail.do?pblancId=PBLN_000000000124833,,중소기업,"대구디지털혁신진흥원에서는 우수한 지역 게임 기업의 해외시장 진출 지원을 위하여 다음과 같이 2026년 대구글로벌게임센터 전시회 대구공동관(지스타) 참가기업을 모집하오니 많은 신청 바랍니다. ☞ 대구지역 내 게임 제작업 또는 배급업으로 등록된 기업 ☞ 지스타 대구 공동관 내 기업별 부스 구축 및 지원, 기업별 전시 비품 일부 지원 등","수출,대구,2026,게임배급업,전시비품,대구디지털혁신진흥원,대구글로벌게임센터,게임제작업,상담공간,제작업,부스,비즈매칭,공동관,홍보물,통역,해외전시회,대구광역시,전시회,게임,지스타",해외진출,4222
482,고용노동부,노사발전재단,경영,2026년 5차 재취업지원서비스 기업컨설팅 지원 사업장 모집 변경 공고,2026-07-27,2026-08-31,2026-07-28,https://www.bizinfo.go.kr/sii/siia/selectSIIA200Detail.do?pblancId=PBLN_000000000124832,,중소기업,"노사발전재단은 기업 내 안정적인 재취업지원서비스 제도 안착을 위해「2026년 재취업지원서비스 기업컨설팅」지원사업장 모집에 관한 사항을 다음과 같이 공고합니다. ☞ 재취업지원서비스 의무대상기업 및 제도 도입ㆍ개선 희망 기업 ※ 자세한 지원대상 공고문 참조 ☞ 컨설팅수행기관을 통해 사업장의 재취업지원서비스 제도 도입 및 설계, 운영 방식 및 성과관리체계 등 관련 컨설팅 지원 - 기초ㆍ전문 컨설팅 지원 ※ 자세한 지원내용 공고문 참조","경영,서울,부산,대구,인천,전남광주,대전,울산,세종,경기,강원,충북,충남,전북,경북,경남,제주,성과관리진단,운영체계강화,2026,체계구축,재취업지원서비스,전문가코칭,인식개선,진단,노사발전재단,고용노동부,컨설팅",컨설팅,4575
483,보건복지부,한국보건산업진흥원,수출,2026년 오스바이오텍(AusBiotech) 한ㆍ호주 바이오헬스 교류단 모집 공고,2026-07-24,2026-08-21,2026-07-28,https://www.bizinfo.go.kr/sii/siia/selectSIIA200Detail.do?pblancId=PBLN_000000000124826,,중소기업,"한국보건산업진흥원과 인천창조경제혁신센터(K-바이오랩허브사업단)는 국내 제약바이오기업의 호주 바이오헬스 시장 진출 및 글로벌 협력 기회 확대를 지원하기 위하여 오스바이오텍(AusBiotech) 2026 연계「한ㆍ호주 바이오헬스 교류단」을 운영하고자 합니다. 호주 내 잠재 투자자, 비즈니스 파트너, 연구기관 등과의 협력 채널 발굴에 관심있는 국내 제약바이오기업들의 많은 참여 바랍니다. ☞ 호주 및 글로벌 시장 진출을 희망하는 국내 제약바이오 기업 ☞ 오스바이오텍 2026 등록 패스 지원, 한국관 부스 활용 지원, 네트워킹 행사 초청, ","수출,서울,부산,대구,인천,전남광주,대전,울산,세종,경기,강원,충북,충남,전북,경북,경남,제주,모나쉬대학교연계,한국관부스,등록패스,오스바이오텍,2026,유관기관방문,네트워킹행사,제약바이오기업,호주,인천창조경제혁신센터,한국보건산업진흥원,보건복지부",시장개척,5346
484,울산광역시,울산창조경제혁신센터,기술,[울산] AI 활용 기반 R&D 사업계획서 작성 지원사업 참여기업 모집 공고,,,2026-07-28,https://www.bizinfo.go.kr/sii/siia/selectSIIA200Detail.do?pblancId=PBLN_000000000124823,예산 소진시까지,창업벤처,"(재)울산창조경제혁신센터에서는 울산지역 스타트업의 정부 R&D 과제 선정 경쟁력을 강화하고 AI를 활용한 사업계획서 작성 역량을 제고하기 위하여「AI 활용 기반 R&D 사업계획서 작성 지원사업」 참여기업을 다음과 같이 모집하오니 많은 관심과 참여 바랍니다. ☞ 다음 요건을 모두 충족하는 기업 - 울산광역시 소재 업력 7년 이내(신산업 분야 업력 10년 이내)스타트업 - 연매출 20억원 미만「중소기업기본법」상 중소기업 ☞ 전문가 1:1 매칭, 개발아이템 타당성 검토, AI사업계획서 고도화, 최종완성 R&D 사업계획서 지원 - 기업당 ","기술,경영,울산,R&D사업계획서,2026,타당성검토,사업계획서,울산창조경제혁신센터,울산광역시,AI,스타트업,중소기업,창업7년이내,AI활용",기술사업화/이전/지도,4929
485,인천광역시,인천테크노파크,기술,[인천] 2026년 하반기 유니버설디자인리빙랩 중소기업 제품 사용성 분석 지원 모집 공고,2026-07-27,2026-08-31,2026-07-28,https://www.bizinfo.go.kr/sii/siia/selectSIIA200Detail.do?pblancId=PBLN_000000000124812,,중소기업,"인천 중소기업의 제품 개발 과정에서 소비자 관점의 시장 수용성을 반영한 제품개선을 지원하기 위해 추진하는「2026년도 중소기업 제품 사용성 분석 지원」사업에 참여기업을 다음과 같이 모집하오니, 관심 있는 기업의 많은 참여를 바랍니다. ☞ 인천 소재이며, 소비자를 대상으로 사용성조사가 가능한 홈케어ㆍ헬스케어 자사 제품을 보유 중인 중소기업 ☞ 제품 수요자 또는 구매예정자 특성 분석, 실험설계, 실험운영, 데이터분석 및 사용성조사 개선방향 결과보고서 지원 등","기술,인천,제품 사용성,2026,결과보고서,개선방안,홈케어,제품개선,인천테크노파크,헬스케어,인천광역시,중소기업",시험/인증,2320
486,전남광주통합특별시,전남테크노파크,경영,[전남광주] 화순군 2026년 3차 바이오산업 활성화 지원사업 참여기업 모집 공고(시군구연고산업육성사업),2026-07-27,2026-08-19,2026-07-28,https://www.bizinfo.go.kr/sii/siia/selectSIIA200Detail.do?pblancId=PBLN_000000000124806,,중소기업,"중소벤처기업부와 전라남도, 화순군이 지원하는 2026년도 시군구연고산업 육성사업의 기업지원 계획을 다음과 같이 공고하오니, 해당 프로그램 참여를 희망하는 화순군 지역 중소기업의 많은 신청 바랍니다. ☞ 공고일 현재 화순군 소재 중소기업(본사, 지사, 공장 또는 기업부설연구소 1개 이상)으로 바이오산업(의약, 의료기기, 의료서비스, 천연물, 식품ㆍ소재, 미생물) 분야 전후방 연관 기업 ☞ 혁신화&성장촉진, 패키지 지원(기술지도 및 컨설팅, 지식재산권 창출, 시제품제작, 시험분석ㆍ인증, 국내ㆍ외 마케팅, 해외판로개척), 외국인 인력채용","기술,인력,수출,내수,경영,전남광주,전남광주통합특별시,2026,외국인인력채용,시군구연고산업,생산성향상,해외판로개척,화순군,바이오산업,시험분석,지식재산권,기술지도,시제품제작,바이오,인증,전남테크노파크,컨설팅,중소기업기술정보진흥원,중소벤처기업부,중소기업",디자인/상품화/사업화,3613
487,중소벤처기업부,전남테크노파크,경영,[전남광주] 장성군 2026년 3차 스마트기계전자산업 활성화 지원사업 참여기업 모집 공고(시군구연고산업육성사업),2026-07-27,2026-08-19,2026-07-28,https://www.bizinfo.go.kr/sii/siia/selectSIIA200Detail.do?pblancId=PBLN_000000000124802,,중소기업,"중소벤처기업부와 전라남도, 장성군이 지원하는 2026년도 시군구연고산업육성사업의 기업지원 계획을 다음과 같이 공고하오니, 해당 프로그램 참여를 희망하는 장성군 지역 중소기업의 많은 신청 바랍니다. ☞ 공고일 현재 장성군에 소재한 중소기업(본사,지사,공장 또는기업부설연구소 1개 이상)으로 기계, 전자산업 및 스마트농산업, 식품분야 전후방 연관 기업 ※ 자세한 지원대상 공고문 참조 ☞ 인식개선, 사업화 지원, 패키지지원 - 인식개선 : 전문가 경영컨설팅(필수) - 사업화 : 기술지도(필수), 시제품제작, 판로개척 - 패키지 : 전문가경","기술,경영,전남광주,전남광주통합특별시,맞춤형패키지지원,스마트농산업,2026,스마트기계전자산업,시군구연고산업,인식개선,장성군,전자산업,기계산업,시험,농업,사업화,식품,판로개척,기술지도,기술이전,시제품제작,인증,전남테크노파크,패키지,기계,컨설팅,중소기업기술정보진흥원,중소벤처기업부,중소기업",디자인/상품화/사업화,2203
488,중소벤처기업부,창업진흥원,내수,2026년 재창업 활성화 유공포상 공고,2026-07-27,2026-08-26,2026-07-28,https://www.bizinfo.go.kr/sii/siia/selectSIIA200Detail.do?pblancId=PBLN_000000000124800,,창업벤처,"「2026년 재창업 활성화 유공포상」을 다음과 같이 공고하오니 많은 관심과 참여 바랍니다. ☞ 재창업 기업 대표(공고일 기준 업력 7년 이내) ※ 자세한 신청대상 공고문 참조 ☞ 포상, 수상자 혜택 지원 - ’27년 재도전성공패키지 사업화 서류평가 면제 및 발표평가 가점 - 기술보증기금 재기지원보증 신청 시 우대(대외수상 실적 인정 등)","내수,창업,경영,서울,부산,대구,인천,전남광주,대전,울산,세종,경기,강원,충북,충남,전북,경북,경남,제주,2026,재창업활성화,유공,가점,재창업기업,창업7년이내,포상,중소벤처기업부,창업진흥원,중소벤처기업진흥공단",오프라인,2214
489,중소벤처기업부,중소벤처기업진흥공단,금융,2026년 중소기업 정책자금 융자계획 변경 공고,,,2026-07-28,https://www.bizinfo.go.kr/sii/siia/selectSIIA200Detail.do?pblancId=PBLN_000000000124795,예산 소진시까지,중소기업,"「중소기업진흥에 관한 법률」 제66조 및 제67조에 따른 “2026년도 중소기업 정책자금 융자계획”을 다음과 같이 변경공고합니다. ☞「중소기업기본법」 제2조에 따른 중소기업으로 사업별 정책자금 신청대상에 해당하는 기업 ☞ 융자 및 이차보전 지원 - (융자) 기술ㆍ사업성 평가상 미래 성장 가능성이 높지만 민간 금융기관 이용이 어려운 기업에 직접ㆍ대리 대출 방식과 융자에 투자요소를 복합한 투융자(성장공유형대출, 투자조건부융자)방식으로 지원 - (이차보전) 고용 창출, 수출ㆍ매출 증대 등 국가경제 기여도가 높은 중소벤처기업의 성장 가속화","금융,서울,부산,대구,인천,전남광주,대전,울산,세종,경기,강원,충북,충남,전북,경북,경남,제주,2026,밸류체인안정화,재도약지원,신성장기반,신시장진출지원,혁신창업사업화,긴급경영안정,중소벤처기업,중소벤처기업진흥공단,이차보전,중소벤처기업부,융자,중소기업",융자,5683
490,중소벤처기업부,한국건설생활환경시험연구원,기술,2026년 인증획득제품 해외 실증 지원사업(추경 포함) 추가 모집 공고,,,2026-07-28,https://www.bizinfo.go.kr/sii/siia/selectSIIA200Detail.do?pblancId=PBLN_000000000124792,모집 완료시,중소기업,"중소벤처기업부 해외수출규제대응지원사업의 일환으로 해외인증 획득 제품 보유기업의 해외실증을 지원하는「2026년 인증획득제품 해외 실증 지원사업」에 참여할 중소기업 추가 모집을 다음과 같이 공고합니다. ☞ 해외인증 보유기업 중 해외 현지 실증을 추진하고자 하는「중소기업기본법」제2조 및 시행령 제3조에 따른 중소기업 - 신청분야 : 친환경 에너지, 모빌리티, 산업기계 분야, 소비재 분야 ☞ 해외 현지 실증 연계 및 실증 관련 비용 지원 - 해외현지실증, 성능검증 및 시험, 실증 기관 연계, 결과자료 확보 지원","기술,수출,서울,부산,대구,인천,전남광주,대전,울산,세종,경기,강원,충북,충남,전북,경북,경남,제주,친환경 에너지,2026,인증획득제품,한국건설생활환경시험연구원,해외실증,모빌리티,산업기계,중소벤처기업부,소비재,중소기업",시험/인증,3562
491,경상북도,경북대학교 지산학연협력기술연구소,기술,[대구] 2026년 4차 대학 기술 활용 사업화 지원 과제 기업 모집 공고,2026-07-22,2026-08-18,2026-07-28,https://www.bizinfo.go.kr/sii/siia/selectSIIA200Detail.do?pblancId=PBLN_000000000124788,,중소기업,"경북대학교 지산학연협력기술연구소에서 수행하는「대구형 R&D 전주기 지원체계 구축」사업의 「대학 기술 활용 사업화 지원」 사업을 아래와 같이 공고하오니 지역 기업의 많은 참여 바랍니다. ☞ 과제공고일 기준 대구 지역(사업자등록증 기준) 內에 소재 중인 중소ㆍ중견기업 중, 대구 5대 신산업 분야의 법인기업 ※ 자세한 지원대상 공고문 참조 ☞ 대학 보유 특허 및 노하우 기술 이전을 통한 기업의 제품화 및 사업화 지원 - 개발된 제품의 글로벌 시장 진출 및 신시장 진입 지원과 연계지원","기술,대구,경북대학교 지산학연협력기술연구소,지산학연협력기술연구소,대학기술활용,경북대학교 스타트업지원센터,2026,제품화,제품개발,사업화,경상북도,중견기업,중소기업",기술사업화/이전/지도,2178
492,경기도,경기지방중소벤처기업청,경영,[경기] 2026년 스마트제조 AXㆍDX 우수사례 공모전 참여기업 모집 공고,2026-07-27,2026-08-21,2026-07-28,https://www.bizinfo.go.kr/sii/siia/selectSIIA200Detail.do?pblancId=PBLN_000000000124787,,중소기업,"경기지방중소벤처기업청에서는 공모전을 통해 제조기업의 디지털화ㆍAI 기술 도입 성공 사례를 보여줄 스마트제조 기술기업을 모집하고 있습니다. 관심 있는 경기지역 스마트제조 기술기업의 많은 신청 바랍니다. ☞ 경기지역 소재 스마트제조 기술기업 ☞ 중기부장관상 1, 경기중기청장상 2 시상 지원 ※ ‘2026 경기 스타트업 플렉스‘(‘26.10월 중)에서 선정기업 시상 및 우수사례 홍보 예정","내수,경영,경기,경기충기청장상,2026,AX,중기부장관상,기술기업,경기지방중소벤처기업청,스마트제조,공모전,DX,제조기업,경기도",디자인/상품화/사업화,2554
493,해양수산부,한국해양교통안전공단,경영,2026년 2차 친환경인증선박 보급지원사업 공고,2026-07-27,2026-10-30,2026-07-28,https://www.bizinfo.go.kr/sii/siia/selectSIIA200Detail.do?pblancId=PBLN_000000000124783,,중소기업,"2026년 친환경인증선박 보급지원사업의 시행과 관련하여 목적, 지원규모 및 대상, 선정 기준, 사업신청 구비서류, 지원대상자 선정 일정 등을 다음과 같이 공고합니다. ☞ 신청 자격을 갖춘 자로서 사업 공고일(’26.7.27.) 기준 당해연도 또는 전년도에 국내조선소와 친환경인증선박 건조계약을 체결하여, 선박을 건조 중이거나 건조를 완료한 자 ※ 자세한 신청자격 공고문 참조 ☞ 국내 친환경인증선박 신조 수요 등을 고려하여 ’26년 예산의 범위 내에서 지원 - 선박 건조가격을 기준으로 보조금 차등지원 ※ 자세한 지원내용 공고문 참조","금융,경영,서울,부산,대구,인천,전남광주,대전,울산,세종,경기,강원,충북,충남,전북,경북,경남,제주,해양폐기물관리업자,해양환경관리업자,예선업자,유선사업자,친환경인증선박,양식업자,어획물운반업자,도선사업자,화물운송사업자,여객운송사업자,2025,항만운송사업자,보조금,직접수행,해양수산부,한국해양교통안전공단",디자인/상품화/사업화,1953
494,농림축산식품부,농림식품기술기획평가원,기술,2026년 하반기 혁신제품 지정제도 시행계획 공고,2026-08-11,2026-08-24,2026-07-28,https://www.bizinfo.go.kr/sii/siia/selectSIIA200Detail.do?pblancId=PBLN_000000000124782,,중소기업,"농림축산식품부 소관 연구개발사업을 통해 개발된 혁신제품 또는 농림식품신기술인증(NET) 기술이 적용된 혁신제품의 공공조달 연계 활성화를 위하여「2026년도 하반기 혁신제품 지정제도」시행계획을 다음과 같이 공고하오니, 참여하고자 하는 기업은 안내에 따라 신청하여 주시기 바랍니다. ☞ 각 신청구분 별 아래의 자격요건을 모두 충족하는 기업 - 우수연구개발혁신제품 ① 「중소기업진흥에 관한 법률」제2조제1항에 따른 중소기업자 ② 공고마감일 기준 5년(‘21.8.25. ~ ‘26.8.24.) 이내 농림축산식품부 연구개발사업을 완료하고 완료 기","기술,서울,부산,대구,인천,전남광주,대전,울산,세종,경기,강원,충북,충남,전북,경북,경남,제주,2026,농림식품신기술인증,혁신제품,실용신안,지식재산권,농림식품기술기획평가원,NET,농림축산식품부,중소기업",시험/인증,2382
495,경기도,경기대진테크노파크,경영,[경기] 동두천시 2026년 사물인터넷(IoT) 측정기기 부착 지원사업 공고,2026-07-27,2026-08-31,2026-07-28,https://www.bizinfo.go.kr/sii/siia/selectSIIA200Detail.do?pblancId=PBLN_000000000124781,,중소기업,「대기환경보전법 시행령」 제17조의 규정에 따라 오염물질배출량과 배출허용기준의 준수 여부 및 방지시설의 적정 가동 여부를 확인하기 위하여 추진하는「2026년 사물인터넷[IoT] 측정기기 부착 지원사업」을 아래와 같이 공고하오니 지원을 희망하는 중소기업은 (재)경기대진테크노파크로 신청하여 주시기 바랍니다. ☞「중소기업기본법」시행령 제3조제1항에 따른 중ㆍ소기업 ※ 자세한 지원대상 공고문 참조 ☞ 부착대상 방지시설에 해당하는 사물인터넷[IoT] 측정기기 60%지원(부가세 제외),"경영,경기,오염물질배출량,부착비용,2026,측정기기부착,동두천시,IoT,방지시설,사물인터넷,경기대진테크노파크,경기도,지원사업,중소기업",시설/입지지원,1822
496,산업통상부,대한무역투자진흥공사,수출,2026년 인천공항 중소벤처 일본진출 지원사업 공고,2026-07-27,2026-08-20,2026-07-28,https://www.bizinfo.go.kr/sii/siia/selectSIIA200Detail.do?pblancId=PBLN_000000000124780,,창업벤처,"KOTRA인천지원본부와 인천국제공항공사는 인천공항 실증지원을 통해 기술력이 검증된 국내 유망 IT벤처기업 및 항공ㆍAI 혁신 벤처기업의 일본시장 진출 지원을 위해 ‘2026 인천공항 중소벤처 일본진출 지원사업’참가기업을 아래와 같이 모집하오니 많은 신청 바랍니다. ☞ 국내 유망 IT벤처기업 및 항공ㆍAI 혁신 벤처기업 ☞ 일본 IT 사업 바이어, 투자가, 지자체 등을 대상으로 온라인 피칭을 실시하고 관심기업 및 기관과 후속 심층상담 연계 지원 - 혁신기술 및 IT산업에 특화된 바이어 네트워크를 보유한 KOTRA 도쿄IT지원센터(도쿄","수출,서울,부산,대구,인천,전남광주,대전,울산,세종,경기,강원,충북,충남,전북,경북,경남,제주,산업통상부,2026,일본진출,투자자,피칭,혁신,인천국제공항공사,도쿄,항공,대한무역투자진흥공사,IT,벤처기업,AI,바이어,IR,중소기업",해외진출,2414
497,중소벤처기업부,FITI시험연구원,기술,혁신기술 제조창업 기업지원 수혜기업 추가모집 공고(혁신기술 제조창업 공유공장 구축사업),,,2026-07-28,https://www.bizinfo.go.kr/sii/siia/selectSIIA200Detail.do?pblancId=PBLN_000000000124779,상시 접수,중소기업,"「혁신기술 제조창업 공유공장 구축사업」의 기업지원 프로그램을 안내하오니, 해당 프로그램 참여를 희망하는 제조창업 기업의 많은 신청 바랍니다. ☞ 업력 5년 이내의 제조 창업기업 또는 중소기업 - 제품개발을 위한 시험검사 등의 기술지원이 필요한 기업 ※ 타 지역 소재 기업도 참여 가능하나, 충북 내 본사 또는 사업장을 둔 기업을 우선 선발 ☞ 시제품 및 양산품 시험검사 지원 - 시험분석 및 평가ㆍ검증 종합 기술, 불량에 대한 회로 등 원인분석, 제조 제품ㆍ부품 국내외 국제표준 대응 및 글로벌 경쟁력 강화 지원","기술,서울,부산,대구,인천,전남광주,대전,울산,세종,경기,강원,충북,충남,전북,경북,경남,제주,국재표준대응,양산품,공유공장,2026,원인분석,시험검사,제조창업,FITI시험연구원,제품개발,창업기업,중소벤처기업부,시제품,중소기업",시험/인증,3016
498,문화체육관광부,국민체육진흥공단,창업,2026년 체육인 직업안정 사업(창업지원) 창업점검과정(열매) 참여자 추가모집 공고,,,2026-07-28,https://www.bizinfo.go.kr/sii/siia/selectSIIA200Detail.do?pblancId=PBLN_000000000124777,모집 완료시,창업벤처,"체육인의 직업 전환을 지원하여 생활 불안정성을 완화하고, 역량별 맞춤 지원을 통해 창업 성공률을 높이며 진로 선택의 폭을 확대하고자 「2026년 체육인 직업안정 사업(창업지원) 창업점검과정(열매)」 참여자를 다음과 같이 모집하오니 많은 관심과 참여 바랍니다. ☞ 은퇴(예정) 또는 경력단절 체육인 중 전ㆍ현직 선수, 지도자, 심판 자격이 있는 기창업자 ※ 체육인 복지법 제2조에 해당하는 사람 ☞ 사업화지원금 및 지원프로그램 지원 - 인당 사업화지원금 일괄 500만원 - 정체 및 어려움이 있는 사업 맞춤형 컨설팅, 상담 등 사전점검에 ","창업,서울,부산,대구,인천,전남광주,대전,울산,세종,경기,강원,충북,충남,전북,경북,경남,제주,열매,직업안정,체육인,2026,사전점검,사업화지원금,국민체육진흥공단,기창업자,경력단절,문화체육관광부,상담,컨설팅",사업화지원,2261
499,산업통상부,세계한인경제무역협회,수출,2026년 Korea Business Expo Shenzhen 참가기업 모집 공고(제30차 세계한인경제인대회(세계한인경제무역(선전) 박람회)),2026-07-27,2026-08-28,2026-07-28,https://www.bizinfo.go.kr/sii/siia/selectSIIA200Detail.do?pblancId=PBLN_000000000124773,,중소기업,"한ㆍ중 경제협력 활성화와 국내 기업의 글로벌 시장 진출을 위해 전국 광역ㆍ기초자치단체 및 유관기관, 홈앤쇼핑ㆍ다이소 등 국내 대표기업과 선전시상업연합회 회원 대표기업(Huawei, Tencent, BYD 등), 중국 현지 유력 바이어가 함께하는 글로벌 비즈니스 행사입니다. 전 세계 75개국 월드옥타 경제인과 글로벌 바이어가 참여하는 이번 행사에 참여 기관 및 기업을 다음과 같이 모집하오니 많은 관심과 참여를 바랍니다. ☞ 지차체ㆍ기관ㆍOKTA 550여개 기업ㆍ기관 ☞ 바이어 매칭, 통역, 장치조성(기본부스/쇼케이스만 해당), 물류 ","수출,서울,부산,대구,인천,전남광주,대전,울산,세종,경기,강원,충북,충남,전북,경북,경남,제주,행사준비,정산보고서작성,결과보고서작성,산업통상부,세계한인경제무역협회,2026,현장운영,물류운송,기본부스,행정,쇼케이스,매칭,통역,중국,바이어",해외진출,2213
500,대구광역시,경북대학교 지산학연협력기술연구소,기술,[대구] 2026년 3차 대학-기업 공동 기술ㆍ제품 기획지원 사업 모집 공고(대구형 R&D 전주기 지원체계 구축),2026-07-22,2026-08-18,2026-07-27,https://www.bizinfo.go.kr/sii/siia/selectSIIA200Detail.do?pblancId=PBLN_000000000124771,,중소기업,"경북대학교 지산학연협력기술연구소에서 수행하는「대구형 R&D 전주기 지원체계 구축」사업의「대학-기업 공동 기술/제품 기획지원」사업을 아래와 같이 공고하오니 대구 지역 기업의 많은 참여 바랍니다. ☞ 신청서 접수일 기준 대구 지역(사업자등록증 기준) 內에 소재하는 중소ㆍ중견기업 중 대구 5대 신산업 분야 법인기업 ※ 대구 5대 미래신산업 : 헬스케어, 로봇, 미래모빌리티, ABB, 반도체 ※ 자세한 지원대상 공고문 참조 ☞ 대학-기업 공동 기술 및 제품 기획 지원(기업당 최대 20,000천원 지원) ※ 자세한 지원내용 공고문 참조","기술,대구,경북대학교 지산학연협력기술연구소,대구광역시,2026,미래신산업,헬스케어,로봇,미래모빌리티,ABB,반도체,중소기업,중견기업,기술기획,기술제품",공동기술개발,4605
501,대구광역시,경북대학교 지산학연협력기술연구소,기술,[대구] 2026년 4차 대학 테스트베드ㆍ인프라 활용 실증 개발 지원 과제 기업 모집 공고(대구형 R&D 전주기 지원체계 구축),2026-07-22,2026-08-18,2026-07-27,https://www.bizinfo.go.kr/sii/siia/selectSIIA200Detail.do?pblancId=PBLN_000000000124770,,중소기업,"경북대학교 지산학연협력기술연구소에서 수행하는 「대구형 R&D 전주기 지원체계 구축」사업의 「대학 테스트베드/인프라 활용 실증 개발 지원(2026년도)」 과제를 아래와 같이 공고하오니 지역 기업의 많은 참여 바랍니다. ☞ 사업공고일 기준 대구 지역(사업자등록증 기준) 內 소재하는 중소ㆍ중견기업 중 대구 5대 신산업 분야의 법인기업 ※ 대구 5대 미래신산업 : 헬스케어, 로봇, 미래모빌리티, ABB, 반도체 ☞ 대학 보유 테스트베드/인프라 활용 지원 - 대학의 테스트베드/인프라 활용을 통한 제품개발 지원 - 지원사항 : 일반용역비, 연","기술,대구,경북대학교 지산학연협력기술연구소,2026,대구광역시,테스트베드,인프라활용,미래신산업,헬스케어,로봇,미래모빌리티,ABB,반도체,중소기업,중견기업,제품개발,일반용역비,연구재료비,연구활동비",기술인력/장비지원,4240
502,경상남도,KOTRA경남지원본부,수출,[경남] 진주시 2026년 슬로바키아ㆍ루마니아 종합무역사절단 참가기업 모집 공고,2026-07-27,2026-08-17,2026-07-27,https://www.bizinfo.go.kr/sii/siia/selectSIIA200Detail.do?pblancId=PBLN_000000000124768,,중소기업,"진주시 소재 중소기업의 해외 수출 시장을 개척하기 위해 현지바이어 발굴과 수출 상담을 추진하는 「2026 슬로바키아-루마니아 진주시 종합무역사절단」에 참가할 기업을 다음과 같이 모집합니다. ☞ 진주시 내 본사 또는 공장을 둔 중소제조기업 ☞ 왕복항공료 50%(1사 1인), 합동상담장 임차료, 공항-호텔 영송 버스, 바이어 발굴 및 상담 지원비, 통역비 지원","수출,경남,2026,경상남도,KOTRA경남지원본부,진주시,중소기업,제조기업,중소제조기업,슬로바키아,루마니아,종합무역사절단,브라티슬라바,부쿠레슈티,항공,임차료,바이어,상담,통역",시장개척,3857
503,경상북도,경상북도경제진흥원,내수,[경북] 2026년 미래 전략 산업혁신 투자포럼 참가기업 모집 공고(포스트 APEC 경상북도 투자포럼),2026-07-24,2026-08-20,2026-07-27,https://www.bizinfo.go.kr/sii/siia/selectSIIA200Detail.do?pblancId=PBLN_000000000124767,,중소기업,"경상북도와 경상북도경제진흥원은 글로벌 산업 패러다임 변화에 대응하여 첨단산업 중심으로 도내 신규 투자 활성화를 위하여 2026 미래 전략 산업혁신 투자포럼 참가기업 모집을 모집하오니 관심있는 기업의 많은 참여 바랍니다. ☞ 도내 사업장을 둔 중소ㆍ중견기업 등 - 참여품목 : 회차별 핵심산업 및 전후방 사업 분야 ㆍ (1회차) 이차전지, 자동차부품/ (2회차) 기계부품ㆍ방산, 바이오ㆍ식품/ (3회차) 반도체, 드론ㆍ미래자동차 ☞ 기업 IR 자료 제작 및 컨설팅, 1:1 투자자(바이어) 상담 매칭, 우수기업 IR 발표 지원 ※ 자세한 ","내수,경북,2026,경상북도,경상북도경제진흥원,중소기업,중견기업,투자포럼,포럼,이차전지,자동차부품,기계부품,방산,바이오,식품,반도체,드론,미래자동차,IR,투자자,바이어,상담매칭,컨설팅",오프라인,3874
504,고용노동부,대구기계부품연구원,인력,[대구] 2026년 4차 대경 이음 미래모빌리티 일자리고도화 수혜기업 모집 공고(지역산업맞춤형 일자리지원사업 대경권 광역이음프로젝트),,,2026-07-27,https://www.bizinfo.go.kr/sii/siia/selectSIIA200Detail.do?pblancId=PBLN_000000000124762,예산 소진시까지,중소기업,"대구-경북지역 자동차부품기업간 협력을 통해 동반성장과 미래모빌리티 산업 경쟁력 강화에 도모하고자「2026년 지역산업맞춤형 일자리지원사업」“대경 이음 미래모빌리티 일자리 고도화” 프로그램을 안내하오니, 참여를 희망하는 기업의 많은 신청 바랍니다. ☞ 대구 소재(본사, 공장, 연구소 등 1개 이상) 모빌리티분야 기업 및 전ㆍ후방 기업 중 경북 내 기업과 납품 등 거래관계가 있는 기업 ☞ 일터개선 지원(과제당 30,000천원) - 산업현장의 안전 및 위험성 저감을 위한 작업환경 개선 - 산업안전보건법 기준 미비시설 개선 지원 - 채용약정","인력,경영,대구,2026,일터개선,미래모빌리티,대구기계부품연구원,고용노동부,대구광역시,모빌리티,산업현장,작업환경개선,자동차부품기업,대경이음",작업환경개선,3803
505,대구광역시,대구테크노파크,인력,[대구] 달성군 2026년 청년 고용 우수기업 근로환경 개선사업 참여기업 모집 공고,2026-07-23,2026-08-31,2026-07-27,https://www.bizinfo.go.kr/sii/siia/selectSIIA200Detail.do?pblancId=PBLN_000000000124761,,중소기업,"대구시 달성군은 관내 기업의 지역 청년 고용과 청년친화적 근무 환경 조성을 위해 「2026년 청년 고용 우수기업 근로환경 개선사업」 참여기업 모집을 다음과 같이 공고하오니, 관심있는 기업의 많은 참여 바랍니다. ☞ 사업자등록증(공고일) 기준 본점 또는 사업장 소재지가 대구광역시 달성군 소재 중소ㆍ중견기업으로 법인 또는 개인사업자 - 상시 근로자 수 30명 이상의 기업 중, 대상 업종이 ‘제조업’ 영위 기업 - 사업참여 신청일 이전 1년 이내에 주민등록 주소지가 달성군 관내 주소지의 청년을 2명 이상 채용한 실적이 있는 기업 ☞ 근로","인력,대구,2026,외관환경,안전환경,휴게공간,물품구입,대구테크노파크,사무공간,인테리어,달성군,개보수,근로환경,대구광역시,중견기업,중소기업,노후작업장",작업환경개선,3844
506,산업통상부,한국금형산업진흥회,수출,2026년 독일 하노버 국제 판금 가공 기술 전시회 수출컨소시엄 참가기업 추가모집 공고,,,2026-07-27,https://www.bizinfo.go.kr/sii/siia/selectSIIA200Detail.do?pblancId=PBLN_000000000124760,모집 완료시,중소기업,"한국금형산업진흥회에서는 금형 및 기계 등 관련 기업의 해외진출을 지원 하고자 2026 독일 하노버 국제 판금 가공 기술 전시회에 국가관을 구성 참가 하고자 하오니, 참가를 원하시는 기업은 아래 내용을 참고 하시어 신청하여 주시기 바랍니다. ☞ 2026년 독일 하노버 국제 판금 가공 기술 전시회 참가를 원하는 기업 ☞ 참가비 포함 항목(부스임차료 및 장치비 70%), 운송료 1CBM 편도 100%, 통역 1인 50%, 사전마케팅 및 한국관 디렉토리 제작비 100% 지원","수출,서울,부산,대구,인천,전남광주,대전,울산,세종,경기,강원,충북,충남,전북,경북,경남,제주,판금가공,산업통상부,2026,기술전시회,디렉토리제작비,사전마케팅,한국금형산업진흥회,참가비,하노버,운송료,부스임차료,독일,통역,장치비,해외진출",해외진출,3862
507,중소벤처기업부,장애인기업종합지원센터,내수,[충남] 2026년 장애인기업 마케팅(홍보물 제작) 지원 공고,2026-07-27,2026-08-21,2026-07-27,https://www.bizinfo.go.kr/sii/siia/selectSIIA200Detail.do?pblancId=PBLN_000000000124754,,장애인기업,"도내 장애인기업의 인지도 및 경쟁력 강화를 위한 「2026년 장애인기업 마케팅(홍보물 제작) 지원사업」에 참여할 기업을 아래와 같이 모집 공고하오니, 도내 장애인기업의 많은 관심과 참여를 바랍니다. ☞ 충청남도 장애인기업(※ 장애인기업 확인서 발급 업체) ☞ 제품 및 기업홍보를 위한 온ㆍ오프라인 홍보물 제작 지원 - 브로슈어(카탈로그) 제작, 홍보 동영상 제작, 제품 상세페이지 제작, E-카탈로그 제작, 광고홍보비(SNS, 포털 사이트), 홈페이지 리뉴얼 등 지원","내수,경영,충남,E-카탈로그,2026,홈페이지리뉴얼,포털사이트,홍보동영상,브로슈어,장애인기업종합지원센터,상세페이지,카탈로그,SNS,홍보물제작,장애인기업,충청남도,중소벤처기업부",온라인,2066
508,농림축산식품부,한국농수산식품유통공사,내수,2026년 K-푸드페어ㆍ국제식품박람회 비대면 홍보 참여기업 상시 모집 공고,,,2026-07-27,https://www.bizinfo.go.kr/sii/siia/selectSIIA200Detail.do?pblancId=PBLN_000000000124747,상시 접수,중소기업,"2026년 글로벌 K-푸드페어ㆍ국제식품박람회 현장에서 비대면 홍보를 희망하는 국내 농식품 수출업체를 모집하오니 많은 관심 부탁드립니다. ☞ 한국 농림축산식품 제조ㆍ수출업체(※순수 수산물 수출업체 제외) ☞ K-푸드페어 및 국제식품박람회 현장 비대면 홍보 지원 - K-푸드페어 및 국제식품박람회 현장 내 기업ㆍ제품 홍보물(영상, 브로슈어 등) 현장 배포, 미디어 송출 등 비대면 홍보 지원","내수,서울,부산,대구,인천,전남광주,대전,울산,세종,경기,강원,충북,충남,전북,경북,경남,제주,미디어송출,현장배포,비대면홍보,2026,푸드페어,농림축산식품,국제식품박람회,수출업체,한국농수산식품유통공사,제조업체,홍보,농림축산식품부",홍보지원,2427
509,지식재산처,한국발명진흥회,수출,2026년 독일 국제 아이디어ㆍ발명ㆍ신제품 전시회 참가모집 공고,2026-07-24,2026-09-22,2026-07-27,https://www.bizinfo.go.kr/sii/siia/selectSIIA200Detail.do?pblancId=PBLN_000000000124742,,중소기업,"「2026 독일 국제 아이디어ㆍ발명ㆍ신제품 전시회(iENA 2026)」에 출품하실 참가자를 모집합니다. 유럽 시장 진출을 희망하는 발명가 및 기업 여러분의 많은 관심과 참여를 바랍니다. ☞ 개인 및 중소기업 - 대한민국 국민이 개발한 발명으로서 특허, 실용신안, 디자인으로 출원 및 등록된 발명품 ☞ 부스비의 최저 금액 일부를 출품보조금으로 지원(200만원 이내)","수출,서울,부산,대구,인천,전남광주,대전,울산,세종,경기,강원,충북,충남,전북,경북,경남,제주,한국발명진흥회,지식재산처,출품보조금,독일,중소기업,발명품,특허,실용신안,디자인,2026",해외진출,2182
510,충청북도,충북과학기술혁신원,내수,[충북] 2026년 특화콘텐츠 마케팅 지원사업(팝업운영) 모집 수정 공고,2026-07-23,2026-08-20,2026-07-24,https://www.bizinfo.go.kr/sii/siia/selectSIIA200Detail.do?pblancId=PBLN_000000000124726,,중소기업,"충북 콘텐츠 기업이 보유한 콘텐츠 IP의 홍보 및 판로 확대를 지원하고, 지역 행사와 연계한 팝업형 마케팅을 통해 기업 및 콘텐츠의 시장 경쟁력을 강화하고자 「2026 충북 특화콘텐츠 마케팅지원사업(팝업운영)」을 다음과 같이 시행하오니 많은 참여 바랍니다. ☞ 공고 시작일 기준 충청북도에 사업자 등록이 되어 있는 콘텐츠기업으로, 콘텐츠 IP를 보유하고 이를 마케팅에 활용할 계획이 있는 기업 ※ 자세한 지원대상 공고문 참조 ☞ 지원금 한도 내 지역 행사 팝업 기획전 운영비 지원(과제별 8,000천원 내외) - 도내 콘텐츠기업이 지역 ","내수,충북,팝업운영,2026,특화콘텐츠,팝업,콘텐츠IP,기획전,콘텐츠기업,충북과학기술혁신원,충청북도,마케팅",오프라인,8129
511,대전광역시,대전일자리경제진흥원,수출,[대전] 2026년 스페인 바르셀로나 스마트시티 엑스포 단체참가 참여기업 추가모집 공고,,,2026-07-24,https://www.bizinfo.go.kr/sii/siia/selectSIIA200Detail.do?pblancId=PBLN_000000000124717,모집 완료시,중소기업,"대전광역시와 대전일자리경제진흥원에서는 대전 관내 본사 또는 공장 소재기업을 대상으로 「2026년도 스페인 바르셀로나 스마트시티 엑스포」 참여기업을 다음과 같이 모집하오니 많은 참여 바랍니다. ☞ 대전지역 본사 또는 공장 소재 중소, 중견 제조기업(S/W포함) - 전시품목 : 실행 기술, 에너지ㆍ환경, 모빌리티, 거버넌스ㆍ경제, 리빙ㆍ포용성, 공공기반시설 및 빌딩, 블루이코노미 등 ☞ 단체참가 비용(부스임차료, 장치비, 통역비 등) 최대12백만원 한도 내외, 사전간담회(전문업체 주관ㆍ전시회 준비사항 안내) 지원","수출,대전,공공기반시설,포용성,2026,블루이코노미,준비사항,사전간담회,바르셀로나,경제,스페인,통역비,부스임차료,엑스포,장치비,모빌리티,에너지,대전일자리경제진흥원,스마트시티,제조기업,환경,대전광역시,중견기업,중소기업",해외진출,7660
512,대전광역시,대전일자리경제진흥원,수출,[대전] 2026년 세계한상수출상담회 연계 해외바이어 초청 비즈니스 상담회 참여기업 공고,,,2026-07-24,https://www.bizinfo.go.kr/sii/siia/selectSIIA200Detail.do?pblancId=PBLN_000000000124716,모집 완료시,중소기업,"대전광역시와 대전일자리경제진흥원에서는 대전광역시 관내 본사나 또는 공장을 둔 기업을 대상으로 「2026년 해외바이어 초청 비즈니스 상담회」참여기업을 다음과 같이 모집하오니 많은 관심과 참여를 바랍니다. ☞ 대전 관내 본사 또는 공장 소재 중소ㆍ중견 수출기업 ☞ 바이어 발굴ㆍ매칭 상담회 임차, 통역비 등 지원 - 바이어 초청분야 : 일반 소비재 등 전략산업 전분야 ※ 자세한 지원내용 공고문 참조","수출,대전,2026,대전광역시,대전일자리경제진흥원,중소기업,중견기업,해외바이어,비즈니스상담회,바이어,상담회,임차,통역,세계한상수출상담회",시장개척,2888
513,부산광역시,기초자치단체,경영,[부산] 북구 2026년 음식점 조리장 환경개선 지원 참여 업소 모집 기한 연장 공고,2026-06-17,2026-08-20,2026-07-24,https://www.bizinfo.go.kr/sii/siia/selectSIIA200Detail.do?pblancId=PBLN_000000000124713,,소상공인,음식점 대상으로 조리 환경 개선을 지원하여 구민이 안심하고 이용할 수 있는 깨끗한 먹거리 제공 및 외식 환경을 조성하고자 조리환경개선 (후드 청소 등) 지원 희망 업소를 모집기한을 연장하여 아래와 같이 모집합니다. ☞ 관내 일반음식점 ☞ 전문 컨설팅 업체가 업소를 방문하여 후드 등 청소 지원(1회),"경영,부산,2026,부산광역시,기초자치단체,북구,일반음식점,음식점,조리장환경개선,환경개선,컨설팅,후드,청소",시설/입지지원,2659
514,부산광역시,부산테크노파크,기술,2026년 부산 테크노파크 생산장비 고도화 미래차 전장부품 대응 고주파 내성측정시스템 고도화 지원대상 기업 통합 모집 공고,2026-07-24,2026-10-30,2026-07-24,https://www.bizinfo.go.kr/sii/siia/selectSIIA200Detail.do?pblancId=PBLN_000000000124708,,중소기업,TP 생산 장비 고도화사업의 일환으로 추진하고 있는 「미래차 전장부품 대응 고주파 내성측정시스템 고도화」의 2026년도 지원 대상기업을 모집하오니 관심 있으신 기업의 많은 신청 바랍니다. ☞ 미래차분야 자동차부품 및 전ㆍ후방 연관 기업 ※ 부산지역 자동차부품기업 우선 우대 ☞ 미래차 자동차부품 전자파시험분야 장비 코디네이터 및 활용지원 - 장비 코디네이터 : 자동차부품기업 전자파시험분야 코디네이터 전문가지원 - 장비활용기술 : 친환경 자동차부품 전자파시험평가 장비지원,"기술,서울,부산,대구,인천,전남광주,대전,울산,세종,경기,강원,충북,충남,전북,경북,경남,제주,전자파시험,내성측정시스템,고주파,2026,코디네이터,전후방,미래차,부산테크노파크,자동차부품기업,전장부품,장비지원,부산광역시,친환경",기술인력/장비지원,2688
515,전남광주통합특별시,전라남도중소기업일자리경제진흥원,인력,[전남광주] 2026년 청년 희망 일자리 지원사업 참여기업 모집 재공고,,,2026-07-24,https://www.bizinfo.go.kr/sii/siia/selectSIIA200Detail.do?pblancId=PBLN_000000000124706,예산 소진시까지,중소기업,도내 산업구조 및 고용여건을 반영한 전남형 일자리 창출 및 일경험 지원으로 청년의 지역정착 및 지역경제 활성화를 도모하고자 추진하는 「전남 청년 희망 일자리 지원사업」 참여기업 및 참여청년을 아래와 같이 모집합니다. ☞ 전라남도 소재 상시근로자수 5인 이상 300인 미만 사업장으로 다음 각 호의 어느 하나에 해당하는 기업 -「중소기업기본법」제2조에 따른 중소기업 -「전라남도 사회적경제기업 제품 구매촉진 및 판로지원에 관한 조례」 제2조에 따른 사회적경제기업 - 비영리단체ㆍ비영리법인 : 고용보험법상 우선지원 대상기업 ☞ 청년 채용 인,"인력,경영,전남광주,전남광주통합특별시,2026,청년희망일자리,비영리단체,직무교육,커뮤니티,채용,인센티브,인건비,사회적경제기업,비영리법인,교육,중소기업,전라남도중소기업일자리경제진흥원",국내일반인력,3279
516,중소벤처기업부,공영홈쇼핑,내수,모두의 판로 입점을 원하는 모든 희망기업 상품 공개모집 공고,2026-07-22,2026-08-21,2026-07-24,https://www.bizinfo.go.kr/sii/siia/selectSIIA200Detail.do?pblancId=PBLN_000000000124701,,중소기업,"공영홈쇼핑에서 중소기업ㆍ소상공인ㆍ농어민생산자를 대상으로 「모두의 판로 입점을 원하는 모든 희망기업 상품 공개모집」을 실시 하오니 많은 관심과 신청 바랍니다. ☞ 중소기업ㆍ소상공인ㆍ농어민생산자 - TV홈쇼핑을 통한 판로 확대를 원하는 기업의 상품 - 지역로컬브랜드로 전국적 판매 확대를 원하는 기업의 상품 - 인구감소지역 소재 기업 또는 원재료 사용 제조기업의 상품 ※ 자세한 지원대상 공고문 참조 ☞ 소비자상품평가위원회에서 합격한 상품에 한해 실질적 판로기획 지원 - 1차 : 온라인몰(공영샵), 라이브커머스(공영라방)를 통한 상품화 코","내수,서울,부산,대구,인천,전남광주,대전,울산,세종,경기,강원,충북,충남,전북,경북,경남,제주,지역로컬브랜드,친환경제품,2026,스마트전환,원재료,혁신기업,코칭,TV홈쇼핑,공영홈쇼핑,온라인몰,라이브커머스,창업기업,제조기업,중소벤처기업부",온라인,4363
517,전남광주통합특별시,기초자치단체,경영,[전남광주] 구례군 2026년 소상공인 카드수수료 지원사업 신청자 모집 공고,2026-07-13,2026-09-11,2026-07-24,https://www.bizinfo.go.kr/sii/siia/selectSIIA200Detail.do?pblancId=PBLN_000000000124699,,소상공인,"경기 불황으로 경영상 어려움을 겪고 있는 관내 소상공인의 경영 부담을 완화하고자 「2026년 소상공인 카드수수료 지원사업」을 추진 하오니 참여를 희망하는 소상공인의 많은 신청 바랍니다. ☞ 2025년부터 신청일까지 관내에서 정상적으로 영업 중인 연매출액 3억원 이하 사업자 중, 국세 및 지방세 체납액이 없는 소상공인 ☞ 2025년도 카드 매출액의 0.5%(업체당 최대 50만원) 지원 ※ 1인이 다수 사업체 운영하는 경우 1인당 1개 사업체만 지원","경영,전남광주,구례읍,산동면,용방면,광의면,마산면,토지면,간전면,문척면,전남광주통합특별시,2026,카드매출액,구례군,카드수수료,기초자치단체,소상공인",디자인/상품화/사업화,2453
518,전남광주통합특별시,직접수행,경영,[전남광주] 2026년 소상공인 현장 맞춤형 컨설팅 참여업체 모집 공고,2026-07-20,2026-09-30,2026-07-24,https://www.bizinfo.go.kr/sii/siia/selectSIIA200Detail.do?pblancId=PBLN_000000000124697,,소상공인,"급변하는 소비 트렌드, 온라인 중심의 시장 구조 변화 등 경영환경 변화에 따라 경영부담을 겪고 있는 소상공인에게 현장 맞춤형 컨설팅을 제공하기 위한 「소상공인 현장 맞춤형 컨설팅」사업을 다음과 같이 공고합니다. ☞ 관내 소상공인 ☞ 컨설턴트와 1:1 현장 맞춤형 컨설팅 진행 지원 - 컨설턴트 ↔ 컨설팅 참여업체 컨설팅 기본 2회 진행(1회당 2시간) - 컨설팅 참여업체와 컨설턴트 간 일정 조율 등 상호협의를 통해 진행","경영,전남광주,1:1현장,전남광주통합특별시,2026,2회,위생,안전,맞춤형,트렌드,노무,법률,디지털전환,세무,홍보,디자인,컨설팅,직접수행,마케팅,특허,소상공인",컨설팅,2684
519,산업통상부,한국산업기술진흥원,기술,2026년 2차 국가첨단전략산업 소부장 중소ㆍ중견기업 투자지원금 사업시행 공고,2026-07-23,2026-08-21,2026-07-24,https://www.bizinfo.go.kr/sii/siia/selectSIIA200Detail.do?pblancId=PBLN_000000000124695,,중소기업,"국가첨단전략산업 분야의 핵심 소재ㆍ부품ㆍ장비 기업의 국내 생산기반을 확충하고 공급망 안정화에 기여하기 위하여,「2026년 국가첨단전략산업 소부장 중소ㆍ중견기업 투자지원금」 사업의 시행을 다음과 같이 공고합니다. ☞ 국가첨단전략산업 분야 중 지원품목(“공급망안정품목” 또는 “전략물자”)을 생산하는 중소ㆍ중견 소부장 기업 ☞ 지원품목과 밀접하게 연관된 설비투자(건설 및 기계장비투자)와 설비투자를 위한 입지(토지) 매입에 대한 신규투자 비용 지원","기술,서울,부산,대구,인천,전남광주,대전,울산,세종,경기,강원,충북,충남,전북,경북,경남,제주,기계장비투자,산업통상부,2026,국가첨단전략산업,설비투자,건설,장비,소재,부품,소부장,한국산업기술진흥원,중견기업,중소기업",기술인력/장비지원,3861
520,산업통상부,대한무역투자진흥공사,기술,2026년 글로벌 배터리 선도기업 차세대 기술 분야 Global Partnering(GP) 참가기업 모집 공고,2026-07-23,2026-08-26,2026-07-24,https://www.bizinfo.go.kr/sii/siia/selectSIIA200Detail.do?pblancId=PBLN_000000000124694,,중소기업,"KOTRA 샤먼무역관은 국내 우수 이차전지 부품ㆍ소재ㆍ장비 기업의 글로벌 공급망(GVC) 진입 및 다각적 기술 협력을 지원하고자, 글로벌 탑티어(Top-tier) 배터리 제조사의 핵심 수요를 기반으로 하는 '차세대 배터리 분야 Global Partnering(GP) 1:1 비즈니스 매칭 상담회'를 다음과 같이 추진하오니 관련 기업의 많은 신청 바랍니다. ☞ 수요 품목에 부합하는 제품 및 기술을 보유한 국내 중소ㆍ중견기업 ※ 자세한 신청자격 공고문 참조 ☞ 수요기업 담당자 1:1 비즈니스 매칭 : 서류 심사를 통과한 기업에 한해 온라","기술,경영,서울,부산,대구,인천,전남광주,대전,울산,세종,경기,강원,충북,충남,전북,경북,경남,제주,산업통상부,2026,비즈니스매칭,이차전지,대한무역투자진흥공사,상담회,중견기업,상담,중소기업",기술사업화/이전/지도,2594
521,전남광주통합특별시,기초자치단체,경영,[전남광주] 광양시 2026년 2차 식품안심업소(음식점 위생등급) 지정 컨설팅 참여업소 모집 공고,,,2026-07-24,https://www.bizinfo.go.kr/sii/siia/selectSIIA200Detail.do?pblancId=PBLN_000000000124693,모집 완료시,소상공인,"음식점의 위생 수준을 평가하여 우수한 업소에 위생등급을 부여하는 식품안심업소(음식점 위생등급) 지정 컨설팅 참여업소를 아래와 같이 모집 공고합니다. ☞ 일반ㆍ휴게음식점, 제과점, 집단급식소(위탁급식영업) 중 식품안심업소 지정 희망업소 ※ 자세한 지원대상 공고문 참조 ☞ 식품안심업소(음식점 위생등급) 지정 맞춤형 컨설팅 지원 - 위생등급 평가에 대한 전반적인 교육 - 영업장 위생 수준 진단ㆍ평가 - 위생등급 지정을 위한 맞춤형 기술지원 - 관리 미흡 사항 보완, 위생관리 일지 제공 - 컨설팅 종료 후 한국식품안전관리인증원 위생등급 지","경영,전남광주,2026,전남광주통합특별시,기초자치단체,위생등급,식품안심업소,컨설팅,음식점 위생등급,일반음식점,휴게음식점,집단급식소,기술지원,교육,진단,평가",컨설팅,2170
522,경상남도,경남테크노파크,기술,[경남] 2027년 방산 중소기업 생산성 향상 지원사업 수혜기업 모집 공고,2026-07-23,2026-08-31,2026-07-24,https://www.bizinfo.go.kr/sii/siia/selectSIIA200Detail.do?pblancId=PBLN_000000000124685,,중소기업,"경남테크노파크에서는 무기체계 부품 생산기업의 방산 부품 생산능력 향상을 위한 금형, 설비 고도화 및 신규제작 지원 프로그램을 실시하고자 하오니 관심 있는 기업에서는 많은 참여와 신청 바랍니다. ☞ 창원, 김해, 사천, 진주, 함안(본사 또는 공장) 방산 중소기업 - 대규모 방산 수출 수주(`23년 이후 기준 $50백만 이상 수주 무기체계) 체계기업에 부품 공급을 위하여 생산성 향상이 필요한 중소기업 ☞ 금형 고도화 및 신규제작(기업당 최대 60,000천원), 생산 최적화 및 생산설비 고도화(기업당 최대 150,000천원) 지원","기술,경남,2026,신규제작,생산설비고도화,함안군,생산최적화,금형고도화,무기체계,생산설비,금형,방산,생산기업,방위사업청,진주시,고도화,김해시,사천시,창원시,경남테크노파크,경상남도,중소기업",기술사업화/이전/지도,2520
523,고용노동부,한국화학산업협회,인력,2026년 석유화학업종 표준임금체계 개선 확산 지원사업 모집 공고(업종별 임금체계 개선 확신 지원사업),,,2026-07-24,https://www.bizinfo.go.kr/sii/siia/selectSIIA200Detail.do?pblancId=PBLN_000000000124681,선착순 접수,중소기업,"업종별 직무특성을 반영한 표준임금체계를 개발하고, 연공 중심의 임금체계를 직무ㆍ성과 중심으로 전환하고자 하는 업종 내 중소ㆍ중견기업들이 이를 도입ㆍ활용할 수 있도록 지원하는 사업입니다. ☞ 석유화학업종 기업(한국표준산업분류 C19, C20, C22로 시작되는 업종 대상) ※ 고무, 플라스틱, 화장품, 페인트, 비료 산업 등 포함 ☞ 표준임금체계 도입 컨설팅 및 1:1 코칭, Help Desk 운영, 관심기업 등록 혜택 제공 ※ 자세한 지원내용 홍보물 참조","인력,경영,서울,부산,대구,인천,전남광주,대전,울산,세종,경기,강원,충북,충남,전북,경북,경남,제주,비료산업,2026,한국화학산업협회,석유화학업종,임금체계,페인트,코칭,고무,플라스틱,고용노동부,화장품,컨설팅,중견기업,중소기업",고용환경개선,2368
524,서울특별시,기초자치단체,경영,[서울] 동작구 2026년 하반기 소상공인 개별간판 개선지원사업 공고,2026-07-30,2026-08-20,2026-07-23,https://www.bizinfo.go.kr/sii/siia/selectSIIA200Detail.do?pblancId=PBLN_000000000124677,,소상공인,불법ㆍ노후 간판의 자진정비를 유도하여 쾌적한 거리환경을 조성하고자 관내 소상공인의 노후 간판 개선을 지원하는 「2026년 하반기 소상공인 개별간판 개선지원사업」을 아래와 같이 공고합니다. ☞ 공고일 기준 현재 동작구에서 영업 중인 소상공인 ☞ 업소당 1개의 노후 간판 교체 설치비 최대 200만원 지원,"경영,서울,개별간판,2026,간판개선,동작구,간판교체,설치비,간판,기초자치단체,서울특별시,소상공인",시설/입지지원,5959
525,서울특별시,한국건설생활환경시험연구원,기술,[서울] 2026년 하반기 소상공인 안전검사 지원사업 공고(생활용품 및 어린이제품),,,2026-07-23,https://www.bizinfo.go.kr/sii/siia/selectSIIA200Detail.do?pblancId=PBLN_000000000124676,예산 소진시까지,소상공인,"2026년 서울시 소상공인 안전검사 지원사업을 안내드리오니 많은 참여 바랍니다. ☞ 서울시 소재 소상공인 - 어린이제품 : 연매출 1억 4백만원 미만 대상(연매출 기준 : '25년 매출액) - 도소매업, 제조업 등 제조 및 유통 관련 업종 대상 ※ 국세, 지방세 완납 必 ☞ 업체당 검사비용 최대 200만원 이내 지원","기술,서울,KATRI시험연구원,안전확인어린이제품,공급자적합성확인어린이제품,안전기준준수생활용품,2026,안전검사,FITI시험연구원,한국건설생활환경시험연구원,어린이제품,생활용품,서울특별시,소상공인",시험/인증,5361
526,부산광역시,부산경영자총협회,인력,[부산] 2026년 청년 글로벌잡(JOB) 챌린지 프로젝트 사업 참여기업 모집 공고,,,2026-07-23,https://www.bizinfo.go.kr/sii/siia/selectSIIA200Detail.do?pblancId=PBLN_000000000124671,예산 소진시까지,중소기업,"부산광역시와 부산경영자총협회는 글로벌 역량을 갖춘 청년의 부산지역 정착 및 고용 촉진을 위해「2026 부산청년 글로벌잡(JOB) 챌린지 프로젝트 사업」을 다음과 같이 시행하오니, 부산지역 글로벌 기업의 많은 참여 바랍니다. ☞ 부산지역 소재 중소ㆍ중견기업으로 아래 요건 중 하나를 충족하는 기업 - 글로벌 기업으로 부산에 본사를 두고, 해외 현지 지사가 있는 기업 - 부산 글로벌 유망기업(외국인 투자기업) - 부산 글로벌 유망기업(수출기업) ※ 자세한 지원대상 공고문 참조 ☞ 해외 일경험 청년 신규 채용 후 인턴기간(최대 3개월) 후","인력,부산,글로벌유망기업,해외현지지사,글로벌잡챌린지,2026,인턴지원금,부산경영자총협회,정규직전환,청년신규채용,외국인투자기업,인턴,수출기업,부산광역시,중견기업,중소기업",고용유지,4818
527,경기도,용인시산업진흥원,수출,[경기] 용인시 2026년 글로벌 수출상담회 참여기업 모집 공고,2026-07-23,2026-08-20,2026-07-23,https://www.bizinfo.go.kr/sii/siia/selectSIIA200Detail.do?pblancId=PBLN_000000000124669,,중소기업,"용인시 우수 중소기업의 해외시장 판로개척을 위해 ‘2026년 용인특례시 글로벌 수출상담회’를 개최하오니, 관심 있는 기업의 많은 참여를 바랍니다. ☞ 용인 소재 본사 또는 공장이 있는 중소기업 - 상담품목 : 종합소비재 ☞ 수출상담회, 제품전시장, 수출멘토링 지원 - 수출상담회 : 해외바이어-참가기업 간 1:1 매칭 비즈니스 상담 지원 - 제품전시장 : 참가기업 중 제품 전시를 희망하는 기업 대상 행사 당일 전시장 운영 - 수출멘토링 : 용인시 수출멘토 상담 지원(해외시장 진출 전략수립, 수출 실무ㆍ인증 등)","수출,경기,2026,경기도,용인시산업진흥원,용인시,종합소비재,중소기업,수출상담회,제품전시장,수출멘토링,해외바이어,비즈니스상담,상담",시장개척,4752
528,서울특별시,서울특별시사회적경제지원센터,기타,[서울] 2026년 2차(하반기) 예비사회적기업(지역형) 지정계획 공고,2026-07-30,2026-09-15,2026-07-23,https://www.bizinfo.go.kr/sii/siia/selectSIIA200Detail.do?pblancId=PBLN_000000000124665,,사회적기업,"「서울특별시 사회적기업 육성에 관한 조례」 제5조, 고용노동부 「2026년 예비사회적기업 지정 지침」에 따라 2026년 제2차 서울특별시 예비사회적기업 지정계획을 다음과 같이 공고합니다. ☞ 예비사회적기업 지정요건을 갖춘 법인ㆍ기업 ※ 자세한 지원대상 공고문 참조 ☞ 예비사회적기업(지역형) 3년간 지정 및 지정혜택 지원 - (예비)사회적기업 재정지원사업(일자리창출 사업 등) 신청 가능 - 서울시 사회성과 인센티브 사업, 사회적경제 우수기업 인증 등 서울시 사업 신청 가능 - 사업개발비, 컨설팅, 전문교육 등 서울시사회적경제지원센터 ","기타,서울,2026,서울특별시사회적경제지원센터,지역형,지정,서울특별시,인증,컨설팅,예비사회적기업,융자,노무,전문교육",제도,5136
529,과학기술정보통신부,정보통신산업진흥원,기술,특화 인공지능 파운데이션 모델 개발(사이버보안분야) 사업 수정 공고,2026-08-07,2026-08-26,2026-07-23,https://www.bizinfo.go.kr/sii/siia/selectSIIA200Detail.do?pblancId=PBLN_000000000124664,,중소기업,"과학기술정보통신부와 정보통신산업진흥원은 우리나라의 사이버 보안 분야에 AI 기술을 적용하여 국내 자체 보안 AI 기술 역량 축적과 보안 산업의 AX 혁신 가속화 등을 제고하기 위해 사이버 보안에 특화된 독자 AI 파운데이션 모델 개발을 지원하고자 아래와 같이 수정 공고하오니, 많은 관심과 참여를 바랍니다. ☞ 국내 AIㆍ사이버보안 관련 기업ㆍ대학ㆍ연구기관 등(컨소시엄 가능) ☞ 국내 AIㆍ사이버보안 관련 기업ㆍ기관(컨소시엄) 대상 사이버 보안 특화 인공지능 파운데이션모델 개발에 필요한 고성능 GPU 지원","기술,서울,부산,대구,인천,전남광주,대전,울산,세종,경기,강원,충북,충남,전북,경북,경남,제주,AI 파운데이션,2026,AI기술,사이버보안,컨소시엄,정보통신산업진흥원,과학기술정보통신부,인공지능,AI",기술인력/장비지원,5929
530,전북특별자치도,전북테크노파크,기술,[전북] 2026년 오픈랩 활용 기술지원 프로그램 참여기업 모집 변경 공고(거점기관 개방형 혁신사업),2026-07-20,2026-12-31,2026-07-23,https://www.bizinfo.go.kr/sii/siia/selectSIIA200Detail.do?pblancId=PBLN_000000000124661,,중소기업,"전북테크노파크에서는 전북특별자치도 내 스마트 전동화 농기계 생산 및 개발 기업을 대상으로 「2026년도 거점기관 개방형 혁신사업」의 오픈랩 활용 기술지원 참여기업 모집공고를 안내하오니 참여를 희망하는 기업은 안내에 따라 신청하여 주시기 바랍니다. ☞ 공고일 현재 전북 지역혁신융합단지 내 입주 또는 입주예정으로 스마트 전동화 농기계 생산 및 개발 기업 - 전북 지역혁신융복합단지 내 입주 및 산업 적격 기업 ※ 자세한 지원대상 공고문 참조 ☞ 스마트 오픈랩 구축장비를 활용한 직접 지원 - 품질검증 지원, 설계 지원, 시제품 및 목업제작","기술,전북,전북지역혁신융합단지,스마트오픈랩,오픈랩활용,스마트전동화농기계,2026,거점기관개방형혁신사업,전북특별자치도,목업제작,구축장비,설계,농기계,품질검증,시제품제작,전북테크노파크",기술사업화/이전/지도,3029
531,중소벤처기업부,대구테크노파크,경영,[대구] 2026년 컨설팅 지원 사업 참여기업 모집 공고(지역특화 제조데이터 활성화 사업),2026-07-23,2026-08-28,2026-07-23,https://www.bizinfo.go.kr/sii/siia/selectSIIA200Detail.do?pblancId=PBLN_000000000124654,,중소기업,"중소벤처기업부와 대구광역시가 지원하는 ‘2026년 지역특화 제조데이터 활성화사업’ 의 일환으로「컨설팅 지원 사업」의 지원기업을 다음과 같이 모집 공고하오니，지역의 기계요소ㆍ소재부품 관련 중소ㆍ중견 제조기업 및 AI공급기업의 많은 참여 바랍니다. ☞ 스마트공장(기초이상)이 구축된 지역내 기계요소ㆍ소재부품산업 분야 제조기업(분야: 수송기계, 일반기계/정밀기계) - (AI공급기업) 스마트공장 사업관리 시스템 ‘공급기업 Pool’에 등록된 SI기업 ☞ 현장 설비와 제조데이터 플랫폼 연동으로 기업 제조 데이터 분석, 솔루션 도입을 통해 제조","경영,대구,AI솔루션구축,2026,기계요소,AI솔루션,제조데이터,소재부품산업,대구테크노파크,대구광역시,제조기업,컨설팅,제조업,중견기업,중소기업,중소벤처기업부",컨설팅,2654
532,서울특별시,서울경제진흥원,수출,[서울] 글로벌 리스크 관리 지원사업 참가기업 2차 상시 모집 공고,,,2026-07-23,https://www.bizinfo.go.kr/sii/siia/selectSIIA200Detail.do?pblancId=PBLN_000000000124651,상시 접수,중소기업,"서울경제진흥원에서는 미국 관세 및 비관세 정책, 중동 전쟁 등 글로벌 리스크로 인해 수출에 어려움을 겪는 수출 중소기업을 위해 ‘글로벌 리스크 관리 지원사업’을 다음과 같이 시행하오니 수출을 하고 있거나 예정인 서울 중소기업의 많은 참여를 바랍니다. ☞ 서울 소재 수출 중소기업 ☞ 수출입 상담컨설팅, 제재 및 수출통제 준수 프로그램 구축, 해외 바이어 검증, 시장조사 보고서, 글로벌 리스크 리포트 지원 ※ 자세한 지원내용 공고문 참조","수출,서울,글로벌리스크리포트,바이어검증,상담컨설팅,2026,리스크,서울경제진흥원,보고서,프로그램,서울특별시,시장조사,중소기업",수출정보제공,2890
533,대구광역시,기초자치단체,창업,[대구] 달성군 2026년 창업 성공패키지 참여기업 모집 공고,2026-07-13,2026-08-18,2026-07-23,https://www.bizinfo.go.kr/sii/siia/selectSIIA200Detail.do?pblancId=PBLN_000000000124650,,창업벤처,"달성군 기업+일자리지원센터에서는 창업 초기 단계 기업들이 시장에 안정적으로 안착할 수 있도록 사업화 자금지원 및 전문컨설팅을 제공하고, 우수 창업팀의 성과확산과 성장가능성 제고를 위해 「2026년 달성 창업 성공패키지」 참여기업을 다음과 같이 모집하오니 많은 관심과 참여 바랍니다. ☞ 공고일 기준 달성군 내 창업 예정인 예비창업자, 달성군 내 소재 3년 미만 초기창업기업 ☞ 사업화(기업 당 700만원) 지원 - 시제품 제작 지원, 홍보ㆍ마케팅 지원, 디자인 개선 지원, 지식재산권 확보 등 지원 ※ 자세한 지원내용 공고문 참조","창업,대구,달성군기업+일자리지원센터,2026,초기창업기업,디자인개선,창업3년미만,달성군,예비창업자,사업화,홍보,지식재산권,대구광역시,기초자치단체,시제품제작,마케팅",사업화지원,3938
534,강원특별자치도,강원특별자치도경제진흥원,수출,[강원] 정선군 2026년 수출기업 해외 물류비 지원 참여기업 모집 공고,,,2026-07-23,https://www.bizinfo.go.kr/sii/siia/selectSIIA200Detail.do?pblancId=PBLN_000000000124648,예산 소진시까지,중소기업,"정선군 소재 관내 기업의 수출비용 부담 완화 및 해외 판로 다변화를 위해 「2026년 정선군 수출기업 해외 물류비 지원」 기업을 아래와 같이 모집하오니 많은 지원 부탁드립니다. ☞ 정선군 소재 중소 제조기업 (OEM포함) ※ 정선군 소재(사업자등록증 주소) 유통ㆍ무역 수출 대행기업일 경우, 정선군 소재 기업에서 생산한 품목(OEM포함) 취급 업체에 한함 ☞ 해상ㆍ항공 복합 물류운송(포워딩)업체를 통해 수출자(Selller)와 수입자(Buyer)가 명시된 물류 비용건 지원 - EMS, FedEx, DHL 등 국제 특송 포함 지원","수출,강원,2026,물류비용,물류운송,강원특별자치도경제진흥원,강원특별자치도,OEM,해상,국제특송,항공,정선군,제조업,중소기업",해외진출,2395
535,기후에너지환경부,한국환경산업기술원,경영,2026년 3차 ESG공시 규제 대응 중소ㆍ중견 기업의 자발적 환경정보공개 지원사업 참여기업 모집 공고,2026-07-22,2026-08-31,2026-07-23,https://www.bizinfo.go.kr/sii/siia/selectSIIA200Detail.do?pblancId=PBLN_000000000124641,,중소기업,"한국환경산업기술원에서는 2026년도 자발적 환경정보공개 지원사업 운영을 위해 참여기업을 다음과 같이 모집합니다. 참여를 희망하는 기업은 아래 내용과 같이 신청해 주시기 바랍니다. ☞「환경기술 및 환경산업 지원법」제16조의8에 따라 당해년도 환경정보공개 의무가 없는 중소ㆍ중견 기업 ☞ 참여기업 대상 제도 안내 및 교육 진행, 환경정보 등록을 위한 현장 컨설팅 2회 진행, 환경정보 공개를 위한 검증 대응지원 - 환경정보 산출을 위한 법인의 조직 경계 설정(사업장, 시설 등) - 기업별 이슈사항에 따른 등록 항목, 1:1 맞춤형 현장 컨","경영,서울,부산,대구,인천,전남광주,대전,울산,세종,경기,강원,충북,충남,전북,경북,경남,제주,검증대응지원,기후에너지환경부,2026,환경정보,현장컨설팅,환경정보공개,한국환경산업기술원,컨설팅,중견기업,교육,중소기업",컨설팅,2575
536,경기도,경기대진테크노파크,경영,[경기] 양주시 2026년 사물인터넷(IoT) 측정기기 부착 지원사업 공고,2026-07-22,2026-08-31,2026-07-23,https://www.bizinfo.go.kr/sii/siia/selectSIIA200Detail.do?pblancId=PBLN_000000000124639,,중소기업,「대기환경보전법 시행령」제17조의 규정에 따라 오염물질배출량과 배출허용기준의 준수 여부 및 방지시설의 적정 가동 여부를 확인하기 위하여 추진하는「2026년 사물인터넷[IoT] 측정기기 부착 지원사업」을 아래와 같이 공고하오니 지원을 희망하는 중소기업은 (재)경기대진테크노파크로 신청하여 주시기 바랍니다. ☞「중소기업기본법」시행령 제3조제1항에 따른 중ㆍ소기업 ①「대기환경보전법 시행규칙」제37조의3[별표9의2] 규정에 따른 사물인터넷(IoT) 측정기기 부착대상 시설 ② 보조금을 받아 설치한 방지시설 ③ 방지시설 설치면제 및 자가측정 면,"경영,경기,소규모 사업장,가상사설망,IoT 관리시스템,IoT 게이트웨이,2026,VPN,배출시설,측정기기,IoT,방지시설,사물인터넷,양주시,경기대진테크노파크,경기도",시설/입지지원,2229
537,기후에너지환경부,한국환경산업기술원,내수,2026년 하반기 환경분야 혁신제품 신규지정 공고,2026-07-22,2026-08-21,2026-07-23,https://www.bizinfo.go.kr/sii/siia/selectSIIA200Detail.do?pblancId=PBLN_000000000124636,,중소기업,"환경분야 혁신제품의 공공조달 연계를 활성화하고 판로구축을 지원하기 위해「2026년도 하반기 환경분야 혁신제품 신규지정」을 다음과 같이 공고하오니, 관심있는 기업은 2026년 8월 21일까지 신청하시기 바랍니다. ☞ 기후에너지환경부소관국가연구개발사업(R&D) 완료(60점 이상) 기술을 상용화한 제품, 녹색제품 등 혁신성이 인정된 제품을 보유한 기업 - (R&D) 공고일 기준 최근 5년 이내 기후에너지환경부 소관 국가연구개발사업 완료 기술을 사업화한 제품 - (녹색제품)「녹색제품 구매촉진에 관한 법률」제2조의2에 따른 녹색제품(환경표지","내수,경영,서울,부산,대구,인천,전남광주,대전,울산,세종,경기,강원,충북,충남,전북,경북,경남,제주,혁신제품신규지정,기후에너지환경부,2026,공공조달연계,우수재활용제품인증,녹색제품,환경분야,혁신제품,지정,저탄소인증,환경표지인증,한국환경산업기술원,R&D",공공구매,2871
538,산업통상부,대전테크노파크,기술,Stand-alone 고출력 EUV 검사기 장비 기술 및 EUV 검사기 인프라 구축 사업 기술지원기업 모집 공고,2026-07-20,2026-11-20,2026-07-23,https://www.bizinfo.go.kr/sii/siia/selectSIIA200Detail.do?pblancId=PBLN_000000000124635,,중소기업,"산업통상자원부, 대전광역시, (재)대전테크노파크는 반도체산업의 국내 기술경쟁력 성장 및 첨단 반도체 핵심기술 초격차 확보를 위해 다음과 같이 기업을 모집하오니, 관련기업의 많은 신청 바랍니다. ☞ 전국 EUV 소재ㆍ부품ㆍ장비 관련 중소ㆍ중견기업 ☞ 시제품제작, 기술지도, 물성평가 지원, 지원 장비","기술,서울,부산,대구,인천,전남광주,대전,울산,세종,경기,강원,충북,충남,전북,경북,경남,제주,물성평가,EUV,산업통상부,2026,장비,소재,제조공정,부품,반도체,기술지도,대전광역시,대전테크노파크,중견기업,시제품,중소기업,시제품제작,지원장비",기술사업화/이전/지도,2525
539,충청남도,충남테크노파크,기술,[충남] 천안시ㆍ아산시 2026년 디스플레이 특화단지 R&D 컨설팅 지원 수혜기업 상시 모집 공고,,,2026-07-23,https://www.bizinfo.go.kr/sii/siia/selectSIIA200Detail.do?pblancId=PBLN_000000000124631,예산 소진시까지,중소기업,"천안ㆍ아산 지역 디스플레이 특화단지 입주기업의 기술혁신 역량 강화 및 국가 연구개발 공모사업 참여를 확대하고자「2026년 충남 디스플레이 특화단지 R&D 컨설팅 지원사업」의 참여기업 상시 모집을 공고하오니, 참여를 희망하는 기업의 많은 신청 바랍니다. ☞ 천안시 또는 아산시 디스플레이 특화단지 내 입주기업으로 ‘본사, 연구소, 사업장(공장 등)’중 하나 이상을 보유 또는 운영 중인 기업(공고일 기준) ☞ R&D 과제기획을 위한 정보제공 서비스, 컨설팅(R&D 기획, 연계) ① Basic 트랙 : 사업계획 기초자문ㆍ신청 컨설팅 ② S","기술,충남,정보제공서비스,디스플레이특화단지,2026,R&D컨설팅,충남테크노파크,아산시,천안시,충청남도,컨설팅,특화단지,기초자문",기술사업화/이전/지도,2291
540,경기도,화성산업진흥원,내수,[경기] 화성시 2026년 오프라인 판매기획전 화성별별상점 참여기업 모집 공고,2026-07-21,2026-08-21,2026-07-23,https://www.bizinfo.go.kr/sii/siia/selectSIIA200Detail.do?pblancId=PBLN_000000000124625,,중소기업,"화성산업진흥원은 관내 생활소비재 기업의 국내 판로개척 및 거래 활성화를 위하여 2026년 생활소비재 오프라인 판매기획전 ‘화성별별상점’을 운영하고자 합니다. 이에 관내 기업들의 많은 관심과 지원 바랍니다. ☞ 화성시 본사 또는 공장 소재 생활소비재 제조 중소기업 ※ 생활소비재 범위 : 생활용품, 식품, 뷰티, 유아용품 등 B2C 거래가 가능한 완제품 ☞ 관내 생활소비재 관련 중소기업을 대상으로 국내 대형 유통사와 협업하여 오프라인 판매기획전 진행 지원 - 사전교육 : 오프라인 판매 활성화를 위한 컨설팅 및 제품품평 등 - 오프라인 ","내수,경기,화성별별상점,2026,제품품평,SNS홍보,언론보도,판매기획전,생활소비재,오프라인,팝업스토어,홍보물제작,화성시,화성산업진흥원,경기도,제조,컨설팅,마케팅,중소기업",오프라인,2331
541,경상북도,구미전자정보기술원,경영,[경북] 구미시 2026년 기업 위기대응 원스톱 에이전트 참여기업 모집 공고(구미경제정책지원센터 설치ㆍ운영사업),2026-07-22,2026-09-30,2026-07-22,https://www.bizinfo.go.kr/sii/siia/selectSIIA200Detail.do?pblancId=PBLN_000000000124622,,중소기업,"중동전쟁 영향 장기화, 제조업 DXㆍAX 전환 등 대내외 경제ㆍ산업환경 변화에 따른 지역기업 위기상황 해경 및 국가 공모사업 선정률 제고를 위해 구미시와 (재)구미전자정보기술원이 지원하는「기업 위기대응 원스톱 에이전트」의 지원내용을 안내하오니, 참여를 희망하는 기업은 신청하여주시기 바랍니다. ​☞ 구미시에 사업장이 소재하며 가동 중인 중소ㆍ중견기업(사업자등록증 기준) ☞ 기업에서 발생 가능한 위기 해결(경영 및 기술 전 분야) 및 국가 공모사업 기획ㆍ발굴 등의 과제 선정 지원 - 지원금 최대 300만원(전문가에게 지급) - 기업 당","경영,경북,위기해결,기업위기,2026,AX,애로해결,구미전자정보기술원,DX,구미시,전문가,컨설팅,경상북도,제조업,중소기업,중견기업",컨설팅,5001
542,문화체육관광부,서울올림픽기념국민체육진흥공단,금융,2026년 5차 국민체육진흥기금 스포츠산업 융자(튼튼론) 신청 공고,2026-07-01,2026-09-01,2026-07-22,https://www.bizinfo.go.kr/sii/siia/selectSIIA200Detail.do?pblancId=PBLN_000000000124607,,중소기업,"서울올림픽기념국민체육진흥공단에서는 우리나라 21세기 신성장 동력인 스포츠산업의 육성 및 발전을 위하여 2026년 민간스포츠기업 대상 융자사업(튼튼론)을 다음과 같이 시행합니다. ☞ 민간체육시설업체, 체육용구생산업체, 스포츠서비스업체 - 민간체육시설업체 :「체육시설의 설치ㆍ이용에 관한 법률」에서 정한 체육시설을 운영하고 있거나 설치하려는 자(단, 고가의 회원제 체육시설은 제외) - 체육용구생산업체 :「국민체육진흥법 시행령」 및 스포츠산업 특수분류표에서 정한 체육용구등 생산업체 - 스포츠서비스업체 : 스포츠산업 특수분류표에서 정한 스포","금융,서울,부산,대구,인천,전남광주,대전,울산,세종,경기,강원,충북,충남,전북,경북,경남,제주,체육용구생산업체,2026,서울올림픽기념국민체육진흥공단,스포츠서비스업체,민간스포츠기업,튼튼론,민간체육시설,국민체육진흥공단,문화체육관광부",융자,5918
543,산업통상부,한국산업기술진흥원,기술,2026년 산업통상부-삼성전자 기술나눔 공고,2026-07-22,2026-08-26,2026-07-22,https://www.bizinfo.go.kr/sii/siia/selectSIIA200Detail.do?pblancId=PBLN_000000000124601,,중소기업,"대기업이 보유한 특허기술을 중소기업 등으로 무상이전하여 기술혁신과 민간-공공부문 협력 강화에 기여하고자 다음과 같이 기술나눔을 공고하오니 참여하고자 하는 기업은 아래 절차에 따라 신청하여 주시기 바랍니다. ☞ 중소ㆍ중견기업 - 중소기업 : 「중소기업기본법」제2조에 의한 기업 - 중견기업 : 「중견기업 성장촉진 및 경쟁력 강화에 관한 특별법」제2조에 의한 기업 ☞ 삼성전자 모바일, 디스플레이, 가전 분야 기술 무상 권리양도 지원","기술,기타,서울,부산,대구,인천,전남광주,대전,울산,세종,경기,강원,충북,충남,전북,경북,경남,제주,2026,차세대통신,권리양도,기술나눔,무상이전,스마트헬스케어,삼성전자,스마트홈,특허기술,동반성장,한국산업기술진흥원,중견기업,중소기업,산업통상부",기술사업화/이전/지도,3887
544,산업통상부,대한무역투자진흥공사,수출,2026년 마닐라 스마트시티 로드쇼 참가기업 모집 공고,2026-07-22,2026-08-21,2026-07-22,https://www.bizinfo.go.kr/sii/siia/selectSIIA200Detail.do?pblancId=PBLN_000000000124599,,중소기업,"대한무역투자진흥공사에서 「2026년 마닐라 스마트시티 로드쇼 참가기업」을 진행하오니 많은 관심과 참여 바랍니다. ☞ 필리핀스마트시티 및 ICT 시장 진출 관심기업 - 분야 : 스마트시티 에너지 및 인프라 관련 AIㆍICT 분야 전반 ☞ 상담테이블, 한-영 통역, 멀티콘센트 등 지원 ※ 자세한 지원내용 공고문 참조","수출,서울,부산,대구,인천,전남광주,대전,울산,세종,경기,강원,충북,충남,전북,경북,경남,제주,프로젝트포럼,산업통상부,2026,현장시찰,마닐라,행정,필리핀,모빌리티,대한무역투자진흥공사,에너지,상담회,안전관리,ICT,스마트시티,AI",시장개척,2722
545,경기도,경기콘텐츠진흥원,경영,제21회 경기게임오디션 모집 공고,2026-07-21,2026-08-20,2026-07-22,https://www.bizinfo.go.kr/sii/siia/selectSIIA200Detail.do?pblancId=PBLN_000000000124597,,중소기업,"경기콘텐츠진흥원에서 제21회 경기게임오디션에 참가할 전국 게임개발사 등을 모집합니다. ☞ 전국 게임개발사(팀, 개인 포함) ※ 사업자등록 여부 무관 - 빌드 제출이 가능한 단계의 미출시 게임 ※ 미출시 기준 : 사업종료일(2026.11.)까지 매출액 미발생, 퍼블리싱 계약 미체결 게임 ☞ 시상, 상금, 전시, 홍보, 협력서비스 등 지원 ※ 자세한 지원내용 공고문 참조","경영,서울,부산,대구,인천,전남광주,대전,울산,세종,경기,강원,충북,충남,전북,경북,경남,제주,협력사서비스,미출시게임,게임오디션,2026,상금,시상,전시,게임개발사,홍보,경기콘텐츠진흥원,경기도,게임",디자인/상품화/사업화,3696
546,경상북도,경상북도경제진흥원,수출,[경북] 안동시 2026년 수출기업 역량강화 지원사업 참여기업 모집 공고(수출직불금),,,2026-07-22,https://www.bizinfo.go.kr/sii/siia/selectSIIA200Detail.do?pblancId=PBLN_000000000124589,예산 소진시까지,중소기업,"안동시와 경상북도경제진흥원은 지역 중소기업의 글로벌화 지원을 통해 새로운 성장 동력 구축 및 경제위기 극복을 위한 「안동시 수출기업 역량강화 지원사업」다음과 같이 추진하오니 많은 참여를 바랍니다. ☞ 안동시 소재 제조 또는 무역업 중소기업 - 안동시에 사업장을 두고 아래 요건(가 또는 나)을 충족하는 중소기업 ㆍ 가.「중소기업기본법」상의 중소기업으로 공장등록증을 보유하고 신청일 현재 가동 중인 기업, 한국표준산업분류 대분류(c)제조업(10~34)에 해당되는 기업 ㆍ 나. 무역업 고유번호를 취득한 무역업 기업 ☞ 2026. 01. 0","수출,경북,2026,수출실적,수출직불금,안동시,무역업,수출기업,경상북도경제진흥원,경상북도,제조업,중소기업",해외진출,2322
547,부산광역시,부산경제진흥원,경영,[부산] 2026년 하반기 원스톱기업지원센터 전문가 컨설팅 지원사업 참가기업 모집 공고,,,2026-07-22,https://www.bizinfo.go.kr/sii/siia/selectSIIA200Detail.do?pblancId=PBLN_000000000124583,예산 소진시까지,중소기업,부산경제진흥원 원스톱기업지원센터에서는 부산지역 기업들의 애로 해소와 활력 제고를 위해 전문가 컨설팅 지원 사업을 진행하고 있습니다. 동 컨설팅 사업에 참여를 희망하는 기업들의 많은 참가 신청 바랍니다. ☞ 부산시에 본사 또는 공장이 소재한 중소기업 ☞ 부산 중소기업 경영 애로 해소를 위한 분야별 전문가 컨설팅 지원 ※ 자세한 지원내용 공고문 참조,"경영,부산,공단입지,2026,공정거래,하도급,전문가컨설팅,생산관리,경영애로,건설,도시,공장,노무,부산경제진흥원,세무,부산광역시,환경,컨설팅,해양,마케팅,중소기업,특허",컨설팅,2553
548,농림축산식품부,농림식품기술기획평가원,기술,2026년 하반기 농림식품신기술(NET) 인증제 시행계획 공고,2026-08-04,2026-08-20,2026-07-22,https://www.bizinfo.go.kr/sii/siia/selectSIIA200Detail.do?pblancId=PBLN_000000000124576,,중소기업,"「농림식품과학기술 육성법」제12조의2 및 같은 법 시행규칙 제6조, 제6조의2에 따라 2026년 하반기 ‘신기술 인증 신청’ 및 ‘신기술 인증 유효기간의 연장신청’을 다음과 같이 공고합니다. ☞ 농림식품신기술(NET)을 인증받고자 하는 자(기업, 정부출연연, 대학 등) - 신기술(NET)인증 유효기간 연장 신청 : 인증 유효기간 종료일 기준으로 아직 상용화가 되지 아니한 신기술 또는 상용화가 된 지 1년 이내인 신기술 ☞ 농림식품신기술(NET)인증 지원 ※ 자세한 지원내용 공고문 참조","기술,서울,부산,대구,인천,전남광주,대전,울산,세종,경기,강원,충북,충남,전북,경북,경남,제주,1년이내,2026,연장신청,신기술인증신청,농림식품신기술,신기술,농림식품기술기획평가원,NET,농림축산식품부,인증제",시험/인증,2806
549,경기도,경기콘텐츠진흥원,창업,2026년 의정부 로컬 스타트업 챌린지 시티온(city on) 트랙 참가기업(팀) 모집 공고,2026-07-20,2026-08-17,2026-07-22,https://www.bizinfo.go.kr/sii/siia/selectSIIA200Detail.do?pblancId=PBLN_000000000124572,,창업벤처,"의정부시 행정수요와 스타트업의 혁신 기술ㆍ콘텐츠를 연결하는 공공 실증(PoC) 프로젝트,「로컬 스타트업 챌린지, 의정부 2026」시티온(city:on) 트랙에 참가할 기업(팀)을 다음과 같이 모집합니다. ☞ 공고일 기준 창업 7년 이내 스타트업(국적ㆍ지역 제한 없음) - 지역기반 콘텐츠 융복합 프로젝트(제품ㆍ기술ㆍ서비스) 보유 기업 - 프로토타입 개발 완료 후 현장 적용ㆍ검증(PoC)이 가능한 프로젝트 보유 기업 ※ TRL(기술성숙도) 6단계 이상 ☞ 예선, 본선 지원 - (예선) PoC 고도화 지원 (전담 PM, 의정부시 공무원ㆍ","창업,서울,부산,대구,인천,전남광주,대전,울산,세종,경기,강원,충북,충남,전북,경북,경남,제주,행정멘토링,시티온,2026,의정부,피칭,후속지원금,상금,PoC,프로토타입,경기콘텐츠진흥원,경기도,컨설팅,스타트업",사업화지원,3336
550,대구광역시,대구신용보증재단,금융,[대구] 북구 2026년 하반기 소상공인 경영안정자금 지원사업 공고,,,2026-07-21,https://www.bizinfo.go.kr/sii/siia/selectSIIA200Detail.do?pblancId=PBLN_000000000124560,예산 소진시까지,소상공인,「대구광역시 북구 소상공인 지원에 관한 조례」에 따라 경영자금 확보에 어려움을 겪고 있는 소상공인에게 저금리의 경영안정 자금 대출 및 이자를 지원하기 위한 「2026년 하반기 소상공인 경영안정자금 지원사업」을 아래와 같이 공고합니다. ☞ 북구에 사업장을 두고 3개월 이상 영업 중인 소상공인 ☞ 대출한도 업체당 5천만원 이내 지원 ※ 자세한 지원내용 공고문 참조,"금융,대구,2026,이자지원,자금대출,저금리,대구신용보증재단,북구,이차보전,대구광역시,융자,소상공인",융자,6069
551,중소벤처기업부,중소기업기술정보진흥원,경영,제2회 제조AI 솔루션 공모전 공고,2026-07-21,2026-08-21,2026-07-21,https://www.bizinfo.go.kr/sii/siia/selectSIIA200Detail.do?pblancId=PBLN_000000000124558,,중소기업,"제조현장에 즉시 적용 가능한 AI 솔루션을 발굴하여 중소 제조기업의 AI전환을 촉진과 글로벌 경쟁력 제고를 지원하고자 제조AI 솔루션 발굴 공모전을 아래와 같이 개최하오니, 혁신적인 스마트제조 공급기업 여러분의 많은 신청을 바랍니다. ☞ (기본요건) 「중소기업기본법」에 따른 중소기업 및 「중견기업 성장 촉진 및 경쟁력 강화에 관한 특별법」에 따른 중견기업 - (필수요건) 스마트공장사업관리시스템(www.smart-factory.kr)에 스마트제조 또는 스마트서비스 공급기업으로 등록하고 공급기업 역량진단에 참여 - (스타트업 트랙) 창","경영,서울,부산,대구,인천,전남광주,대전,울산,세종,경기,강원,충북,충남,전북,경북,경남,제주,2026,중소벤처기업부,중소기업기술정보진흥원,중소기업,중견기업,제조AI,스타트업,제조AI솔루션,창업7년이내,글로벌,시상,포상,사업화,제품홍보,투자지원",디자인/상품화/사업화,9065
552,충청남도,충남테크노파크,기술,반도체 FOWLP 소부장 테스트베드 구축 기업지원 프로그램 공고,,,2026-07-21,https://www.bizinfo.go.kr/sii/siia/selectSIIA200Detail.do?pblancId=PBLN_000000000124556,지원별 상이,중소기업,"충남테크노파크는 반도체 첨단 패키징 분야 기반조성을 위한 「FOWLP 소부장 테스트베드 구축」사업을 추진하고 있습니다. 이에 따라, 반도체 기업의 기술개발 및 사업화를 지원하는 기업지원 프로그램 수요기업 및 컨설팅 전문기업을 모집하고자 아래와 같이 공고하오니 많은 참여 바랍니다. ☞ FOWLP 및 첨단 패키징 기술 적용ㆍ고도화 희망 기업, 반도체 후공정ㆍ첨단 패키징 분야로의 사업 진입을 희망하는 기업(지역제한 없음) ☞ FOWLP 산업 기술ㆍ사업화 맞춤형 지원 - 기술ㆍ사업화 컨설팅 : 기업당 최대 8,000천원 - 기술서비스 : ","기술,경영,서울,부산,대구,인천,전남광주,대전,울산,세종,경기,강원,충북,충남,전북,경북,경남,제주,2026,충청남도,충남테크노파크,한국광기술원,한국전자기술연구원,FOWLP산업,FOWLP,기술사업화,첨단패키징,반도체후공정,반도체,컨설팅,PoC,PoM,전문가매칭",기술사업화/이전/지도,4704
553,세종특별자치시,세종창조경제혁신센터,창업,2026년 2차 세종 스타트업 혁신제품 선(先)보급 지원사업 참여 스타트업 모집 공고(제품상용화 지원사업),2026-07-20,2026-08-17,2026-07-21,https://www.bizinfo.go.kr/sii/siia/selectSIIA200Detail.do?pblancId=PBLN_000000000124552,,창업벤처,"세종창조경제혁신센터는 지속ㆍ자립 가능한 스타트업 육성에 최선을 다하고 있습니다. 이를 위해「2026년도 스타트업 혁신제품 선(先) 보급 지원사업 2차」참여 기업모집을 다음과 같이 공고하오니 지역 스타트업의 많은 참여 바랍니다. ☞ 세종특별자치시에 본사가 소재한 스타트업(업력7년 이내) ※ 사업비 지급 전 관내 본사 및 연구소 이전 등록 가능기업 지원 가능 - 양산 및 시장 출시에 필요한 요건을 충족(시험성적, 공인인증 등 제품성능에 대한 안전성, 성능에 대한 유효성 검증 확보 기업)하여 선정 후 시장진출이 즉시 가능한 스타트업 - ","창업,서울,부산,대구,인천,전남광주,대전,울산,세종,경기,강원,충북,충남,전북,경북,경남,제주,2026,세종창조경제혁신센터,구축,혁신제품,매칭,네트워크,설치,세종특별자치시,스타트업,창업7년이내",사업화지원,6630
554,중소벤처기업부,한국중소벤처기업유통원,내수,2026년 라이브커머스 제작ㆍ운영 지원사업 참여기업 모집 공고,,,2026-07-21,https://www.bizinfo.go.kr/sii/siia/selectSIIA200Detail.do?pblancId=PBLN_000000000124551,모집 완료시,소상공인,"소상공인의 온라인시장 진출 및 판로 지원을 위한 「2026년 라이브커머스 제작ㆍ운영지원 사업」을 다음과 같이 공고하오니, 많은 참여를 바랍니다. ☞ 소상공인 ☞ 플랫폼과 협업하여 소상공인 상품 실시간 라이브커머스 방송 제작 및 송출, 판매 전 과정 지원 - (방송 기획) 라이브커머스 방송 프로그램 기획(쇼호스트 섭외 등) - (방송 송출) 라이브커머스 방송 송출 및 판매(방송제작, 촬영 등) - (연계 지원) 라이브 방송(상품) 기획전, 숏폼 등 연계 지원","내수,경영,서울,부산,대구,인천,전남광주,대전,울산,세종,경기,강원,충북,충남,전북,경북,경남,제주,2026,한국중소벤처기업유통원,송출,쇼호스트,섭외,숏폼,판매,기획전,방송제작,촬영,라이브커머스,중소벤처기업부,소상공인",온라인,6338
555,중소벤처기업부,한국중소벤처기업유통원,내수,2026년 3차 소상공인 온라인쇼핑몰 판매지원(온라인쇼핑몰ㆍ로컬상품관) 참여기업 모집 공고,2026-07-20,2026-08-24,2026-07-21,https://www.bizinfo.go.kr/sii/siia/selectSIIA200Detail.do?pblancId=PBLN_000000000124549,,소상공인,"소상공인의 온라인시장 진출 및 판로 지원을 위한 「2026년 소상공인 온라인쇼핑몰 판매지원사업」 참여기업 3차 모집을 다음과 같이 공고하오니, 많은 참여를 바랍니다. ☞ 「소상공인기본법」 제2조에 따른 소상공인 ☞ 온라인쇼핑몰 판매, 로컬상품관 입점 지원 - 온라인쇼핑몰 판매 : 온라인 플랫폼 내 단독딜 및 소상공인 전용 기획전 노출 지원 - 로컬상품관 입점지원 : 지방정부 지역몰 내 로컬상품관 개설 및 상품 판매ㆍ마케팅 지원","내수,서울,부산,대구,인천,전남광주,대전,울산,세종,경기,강원,충북,충남,전북,경북,경남,제주,로컬상품관개설,2026,단독딜,한국중소벤처기업유통원,상품판매,쇼핑몰,기획전,입점,플랫폼,중소벤처기업부,소상공인,온라인,마케팅",온라인,9369
556,충청북도,충청북도기업진흥원,인력,[충청권] 2026년 충청북도ㆍ충청권 내일이음 취업박람회 참가기업 모집 공고,2026-07-20,2026-08-28,2026-07-21,https://www.bizinfo.go.kr/sii/siia/selectSIIA200Detail.do?pblancId=PBLN_000000000124547,,중소기업,"2026년 충청북도와 충청남도, 대전광역시, 세종특별자치시가 공동으로 개최하는 「2026년 충청북도&충청권 내일이음 취업박람회」에 참가할 우수기업을 다음과 같이 모집하오니 많은 관심과 참여 바랍니다. ☞ 채용을 희망하는 충북 소재 구인기업, 채용을 희망하는 충청남도, 대전광역시, 세종특별자치시 내 바이오헬스, 미래모빌리티 기업 - 신청대상지에 사업자 등록이 되어있는 기업 - 최저임금 이상 급여, 4대 보험 가입 등 고용관계법령 준수 기업 - 2026년 하반기 채용계획이 있는 상시근로자 5인 이상 기업 ☞ 박람회 참가비 전액 무료, ","인력,대전,세종,충북,충남,2026,충청북도기업진흥원,충청북도,내일이음취업박람회,취업박람회,채용,박람회참가비,연계채용,인센티브,면접부스,부스,바이오헬스,미래모빌리티",고용환경개선,2585
557,경상북도,포항테크노파크,인력,2026년 경북 그린바이오 벤처 캠퍼스 기업지원 프로그램(고용창출) 수혜기업 모집 공고,,,2026-07-21,https://www.bizinfo.go.kr/sii/siia/selectSIIA200Detail.do?pblancId=PBLN_000000000124545,상시 접수,창업벤처,"경상북도와 포항시, 포항테크노파크에서는 국내 그린바이오 산업 6대 유망분야 중소벤처기업의 창업ㆍ성장지원을 위해 아래와 같이 고용 창출 지원사업을 공고하오니, 많은 관심과 참여 부탁드립니다. ☞ 「그린바이오산업 육성에 관한 법률」제7조에 근거하여, 그린바이오기업 신고서가 제출 완료된 중소벤처기업(중소기업 기본법 제2조) - 주 사업장(사업자등록증)이 경북·포항지역이며, 그린바이오 산업 기업이 만 39세 이하의 미취업자를 신규 채용(공고일로부터 3개월 이전까지 포함) ※ 자세한 지원대상 공고문 참조 ☞ 기업당 최대 800만원 지원 - ","인력,서울,부산,대구,인천,전남광주,대전,울산,세종,경기,강원,충북,충남,전북,경북,경남,제주,2026,포항테크노파크,경상북도,포항시,그린바이오,그린바이오산업,중소벤처기업,중소기업,신규채용,일자리창출,고용창출",고용유지,3116
558,농림축산식품부,한국농수산식품유통공사,수출,글로벌 B2B 한국식품관 입점기업 수시 모집 공고,,,2026-07-21,https://www.bizinfo.go.kr/sii/siia/selectSIIA200Detail.do?pblancId=PBLN_000000000124544,선착순 접수,중소기업,"한국농수산식품유통공사(aT)에서는 우리 중소 농식품기업의 수출 활성화를 위해 글로벌 온라인 B2B 입점지원사업을 추진할 예정이니 참가를 희망하는 농식품 기업의 많은 신청 바랍니다. ☞ 온라인 B2B 수출을 희망하는 농식품 수출업체 ※ 지원제외 : ① 펫푸드 관련 기업 ② 수산식품 관련 기업 ☞ 입점, 수출마케팅, 바이어매칭, 교육 지원 - 입점지원 : 글로벌 B2B 플랫폼(알리바바닷컴, 글로벌소시스 등) 내 제품 입점 지원(업체당 상품 등록 5개 제한) - 수출 마케팅 : 온라인 수출 마케팅 지원(상품별 키워드ㆍ검색광고 등 통합 마","수출,서울,부산,대구,인천,전남광주,대전,울산,세종,경기,강원,충북,충남,전북,경북,경남,제주,2026,농림축산식품부,한국농수산식품유통공사,농식품기업,중소기업,글로벌,온라인,B2B,글로벌B2B,입점,농식품수출업체,수출마케팅,바이어매칭,바이어,교육",해외진출,3073
559,경기도,경기환경에너지진흥원,경영,[경기] 2026년 3차 사물인터넷(IoT) 설치 지원사업 모집 변경 공고,2026-07-20,2026-09-30,2026-07-21,https://www.bizinfo.go.kr/sii/siia/selectSIIA200Detail.do?pblancId=PBLN_000000000124537,,중소기업,미세먼지 등 대기환경개선을 위해 사물인터넷 설치 지원으로 소규모 사업장의 시설 운영지원 및 관리 강화로 도민 청정대기 제공에 기여하기 위한 「사물인터넷(IoT) 설치 지원사업」을 다음과 같이 공고하오니 지원을 희망하는 기업은 경기환경에너지진흥원으로 신청하여 주시기 바랍니다. ☞ 「중소기업기본법」시행령 제3조제1항에 따른 중ㆍ소기업 ①「대기환경보전법 시행규칙」제37조의3[별표9의2] 규정에 따른 사물인터넷(IoT) 측정기기 부착대상 시설 ② 보조금을 받아 설치한 방지시설 ③ 방지시설 설치면제 및 자가측정 면제와 관련하여 사물인터넷(I,"경영,경기,2026,VPN,배출시설,측정기기,경기환경에너지진흥원,IoT,방지시설,대기환경개선,사물인터넷,소규모사업장,경기도,중소기업",시설/입지지원,2730
560,산업통상부,대한무역투자진흥공사,수출,해외규격인증 취득 절차 심층 컨설팅 공고,2026-07-20,2026-08-31,2026-07-21,https://www.bizinfo.go.kr/sii/siia/selectSIIA200Detail.do?pblancId=PBLN_000000000124518,,중소기업,"KOTRA는 중소기업이 수출 대상국에서 요구하는 해외 규격인증을 획득하는데 필요한 조건 검토 및 절차 등을 지원하고자 합니다. ☞ 국내 소재 중소기업 - 식품, 화장품, 섬유 및 의류, 유아용품을 수출 희망하는 기업 - 즉시 수출할 수 있는 제품을 보유하고 있는 기업 ※ 자세한 지원대상 공고문 참조 ☞ 수출 대상국의 해외 규격인증 취득 절차 및 획득 기간, 조건, 구비서류 및 주의사항, 비용, 적용시험 규격 등 맞춤형 컨설팅 지원(기업당 최대 2회)","수출,서울,부산,대구,인천,전남광주,대전,울산,세종,경기,강원,충북,충남,전북,경북,경남,제주,산업통상부,2026,대한무역투자진흥공사,인증,컨설팅,식품,화장품,섬유,의류,유아용품,규격인증",해외진출준비,2958
561,산업통상부,한국소재부품장비투자기관협의회,경영,2026년 3차 공급망안정화지원 지원사업 참여기업 모집 공고,2026-07-20,2026-08-27,2026-07-21,https://www.bizinfo.go.kr/sii/siia/selectSIIA200Detail.do?pblancId=PBLN_000000000124508,,중소기업,"산업통상부와 한국소재부품장비투자기관협의회는 다음과 같이 2026년「공급망안정화 지원사업」을 3차 공고하오니 참여를 희망하는 기업은 관련 절차에 따라 신청하여 주시기 바랍니다. ☞ 해외 공급망 리스크 해소를 위해 M&A, 지분투자, 전략적 제휴 등 투자계획(내부 의사결정 완료 또는 진행 중)을 보유한 국내기업 - (자격요건) 중기업 이상 또는 상장기업(코넥스 제외) 또는 소부장 으뜸기업, 공급망 선도사업자 지정기업 ☞ 해외 공급처에 대한 인수합병(M&A), 지분투자, 전략적 제휴 등 공급망 안정화를 위한 전문가 컨설팅 비용 일부 지원","수출,경영,서울,부산,대구,인천,전남광주,대전,울산,세종,경기,강원,충북,충남,전북,경북,경남,제주,전략적 제휴,산업통상부,2026,지분투자,공급망안정화,공급망,한국소재부품장비투자기관협의회,중기업,M&A,소부장,인수합병,컨설팅",컨설팅,2650
562,산업통상부,전북지역산업진흥원,경영,[전북] 군산시ㆍ김제시 2026년 4차 자유무역지역 기업지원사업 통합 공고,,,2026-07-20,https://www.bizinfo.go.kr/sii/siia/selectSIIA200Detail.do?pblancId=PBLN_000000000124502,상시 접수,중소기업,"자유무역지역의 수출ㆍ투자 전진기지로서의 역할 강화 및 지역산업 경쟁력 제고를 위해「2026년 군산, 김제 자유무역지역 기업지원사업」4차 통합공고를 추진하오니 프로그램 참여를 희망하는 군산, 김제 자유무역지역 입주기업의 많은 참여 바랍니다. ☞ 공고일 기준 군산ㆍ김제 자유무역지역 내 사업장(본사, 공장, 연구소, 지사 등)을 보유한 기업으로써 영업활동을 하고 있는 법인 또는 개인사업자 ☞ 닥터FTZ진단, 심층진단 지원 ※ 자세한 지원내용 공고문 참조","경영,전북,산업통상부,2026,전북지역산업진흥원,김제시,군산시,자유무역지역,닥터FTZ진단,심층진단,입주기업,컨설팅,전문코디네이터",컨설팅,4381
563,충청북도,충청북도기업진흥원,인력,[충북] 2026년 2차 사회연대경제 청년 일경험 시범사업 참여기업 추가모집 공고,,,2026-07-20,https://www.bizinfo.go.kr/sii/siia/selectSIIA200Detail.do?pblancId=PBLN_000000000124501,모집 완료시까지,사회적기업,"충청북도 내 11개 시ㆍ군과 충북기업진흥원은 청년의 경제활동 참여 및 지역경제 활성화를 위한 「2026 사회연대경제 청년 일경험 시범사업」을 추진하오니 많은 관심과 참여 바랍니다. ☞ 마을기업, 협동조합, 고용 10인 미만의 사회연대경제 관련 비영리 법인ㆍ단체 - 모집지역 : 8개 시ㆍ군별(청주, 충주, 보은, 영동, 증평, 괴산, 음성, 단양) ☞ 일경험 프로그램 운영 및 지원, 운영비, 4대보험 기업부담분(11.47%), 멘토수당 지원 ※ 자세한 지원내용 공고문 참조","인력,충북,2026,충청북도,충청북도기업진흥원,청주시,충주시,보은군,영동군,증평군,괴산군,음성군,단양군,마을기업,협동조합,사회연대경제,일경험사업,운영,4대보험,멘토수당",국내일반인력,4670
564,충청북도,충청북도기업진흥원,금융,[충북] 2026년 중소기업육성자금 융자(이차보전) 지원계획 변경 공고,,,2026-07-20,https://www.bizinfo.go.kr/sii/siia/selectSIIA200Detail.do?pblancId=PBLN_000000000124486,예산 소진시까지,중소기업,"충청북도 공고 제2025-1914호(2025.12.30.)「2026년도 충청북도 중소기업육성자금 융자(이차보전) 지원계획 공고」와 관련, 지원규모, 접수일정, 금리지원 항목이 변경되어 다음과 같이 변경 공고합니다. ☞ 충청북도에 사업장을 둔「중소기업기본법」의 적용을 받는 중소기업 ※ 자세한 지원대상 공고문 참조 ☞ 은행협약자금, 중소기업 육성기금 지원 - 은행협약자금 : 창업 및 경쟁력강화 자금, 경영안정지원자금, 고용창출기업특별지원자금, 영세기업 일자리안정 특별자금 - 중소기업육성기금 : 가족친화기업특별자금, 소기업특별지원자금, ","금융,충북,은행협약자금,중소기업육성자금,이차보전,융자,중소기업,충청북도기업진흥원,충청북도,2026",융자,3441
565,농림축산식품부,한국농수산식품유통공사,수출,2026년 베트남 복합형 거점 물류센터(DC) 지원사업 이용업체 수시 모집 공고,,,2026-07-20,https://www.bizinfo.go.kr/sii/siia/selectSIIA200Detail.do?pblancId=PBLN_000000000124484,수시 접수,중소기업,수출 물류 전 과정에서 필요한 다양한 기능을 효율적으로 지원하기 위한 전략적 물류 거점 운영을 통해 해외시장 진출 및 수출확대를 지원해드리는 사업입니다. ☞ 한국 농림축산식품 수출업체 ☞ 품목 특성에 따라 물류 서비스 이용료의 50 ~ 90%까지 지원 - 업체당 최소 5백만원 ~ 최대 50백만원 배정 ※ 자세한 지원내용 공고문 참조,"수출,서울,부산,대구,인천,전남광주,대전,울산,세종,경기,강원,충북,충남,전북,경북,경남,제주,국산가공,2026,신선,농림축산식품,DC,물류서비스,물류센터,해외시장진출,호치민,하노이,한국농수산식품유통공사,농림축산식품부,베트남",해외진출,2545
566,중소벤처기업부,중소벤처기업진흥공단,수출,2026년 2차 온라인수출 중소기업 물류 지원 사업 참여기업 모집 공고,2026-07-16,2026-09-16,2026-07-20,https://www.bizinfo.go.kr/sii/siia/selectSIIA200Detail.do?pblancId=PBLN_000000000124473,,중소기업,"중소기업 온라인수출 특화 물류 지원을 통해 물류비 절감, 배송 최적화 등 수출물류 부담을 완화하고 수출 경쟁력을 제고하는 2026년 온라인수출 중소기업 물류 지원 사업의 참여기업을 다음과 같이 모집합니다. ☞ 「중소기업기본법 제2조 및 같은 법 시행령 제3조」에 따른 중소기업 ※ 자세한 지원대상 공고문 참조 ☞ 풀필먼트 서비스, 해외물류센터 활용 지원 ※ 자세한 지원내용 공고문 참조","수출,서울,부산,대구,인천,전남광주,대전,울산,세종,경기,강원,충북,충남,전북,경북,경남,제주,해외물류센터활용,2026,풀필먼트서비스,온라인수출,중소벤처기업진흥공단,중소벤처기업부,중소기업",해외진출,4050
567,경기도,경기도시장상권진흥원,창업,[경기] 2026년 생애 최초 경영안정화 교육지원 모집 공고(경기도 중장년 최초 창업 지원),,,2026-07-20,https://www.bizinfo.go.kr/sii/siia/selectSIIA200Detail.do?pblancId=PBLN_000000000124471,모집 완료시,창업벤처,"경기도와 경기도시장상권진흥원에서는 실습중심 창업 교육ㆍ컨설팅ㆍ창업자금ㆍ이자비 지원 등을 지원하는 [경기도 중장년 최초 창업 지원] 「2026년 생애 최초 경영안정화 교육지원」 사업 모집공고를 아래와 같이 진행하오니 만40세 이상 중장년층 예비창업자의 많은 관심과 참여 바랍니다. ☞ 공고일(’26.5.22.) 기준 경기도 거주, 도내 창업을 희망하는 만 40세 이상인 자 - (예비창업자) 국세청(세무서) 사업자등록(법인ㆍ일반ㆍ간이 등) 등록 이력이 없는 자 ※ 예외: 무매출 사업자, 임대사업자, 공고일 기준 최초 사업개시일 이전 사업","창업,경기,실습중심,전문지도,이자비,2026,사업화지원,경기도시장상권진흥원,창업자금,예비창업자,홍보,경기도,컨설팅,마케팅,교육,소상공인",예비창업자지원,3410
568,행정안전부,경남테크노파크,기술,[경남] 2026년 지진안전산업 기술지원 수혜기업 상시 모집 공고(행정안전부 지진 안전 기반 구축 사업),,,2026-07-16,https://www.bizinfo.go.kr/sii/siia/selectSIIA200Detail.do?pblancId=PBLN_000000000124459,상시 접수,중소기업,"행정안전부와 경상남도, 양산시가 지원하는 지진안전기반구축사업의 일환으로 「지진안전산업 내진엔지니어링 기술지원」 프로그램을 다음과 같이 공고하오니, 해당 프로그램 참여를 희망하는 경남지역 중소ㆍ중견기업의 많은 신청 바랍니다. ☞ 경남지역 소재 지진안전산업 관련 중소ㆍ중견기업 - 구조체 및 비구조요소 등 지진안전 기술을 보유하고 있는 기업 - 지진안전기술을 접목한 제조 산업 부품 및 모듈, 제품을 제작하고자 하는 기업 - 지진안전산업으로 업종전환, 추가를 희망하는 경상남도 내 기업 - 경상남도 내에 사업장(본사, 공장, 연구소)을 보유","기술,경남,지진안전기반구축사업,2026,내진엔지니어링,지진안전산업,행정안전부,경남테크노파크,중소기업,중견기업,설계,구조,진동해석,내진해석,경상남도,양산시",기술사업화/이전/지도,11089
569,경기도,경기도수출기업협회,경영,[경기] 2026년 수출프론티어기업 모집 공고,2026-07-01,2026-09-04,2026-07-16,https://www.bizinfo.go.kr/sii/siia/selectSIIA200Detail.do?pblancId=PBLN_000000000124443,,중소기업,"경기도와 경기도수출기업협회는 해외시장 개척을 통하여 처음으로 수출을 시작한 수출초보기업을 발굴하고 수출프론티어기업으로 인증함으로써 수출기업의 사기를 진작하고 자긍심을 고취하기 위하여 아래와 같이 수출프론티어기업을 모집하오니 많은 참여를 바랍니다. ☞ 중소기업기본법 제2조에 의한 중소기업 중 사업장소재지 (본점 포함) 또는 공장소재지가 경기도이며 2023. 7. 1.〜 2026. 6. 30.까지 해당 기간내 수출을 처음 시작한 중소기업 - 수출프론티어기업, 수출 신인왕(수출프론티어기업 중 5개 분야별 최고 수출액 달성 기업) ※ 5개","수출,경영,경기,2026,기계소재부품,프론티어,수출프론티어기업,생활소비재,의료,IT,수출프론티어,경기도수출기업협회,경기도,바이오,뷰티,중소기업",디자인/상품화/사업화,5215
570,중소벤처기업부,경북자동차임베디드연구원,기술,[경북] 청도군 2026년 스마트산업ㆍ문화관광 융합 신성장 지원사업 공고(시군구연고산업육성사업ㆍ스마트 기술 컨설팅),,,2026-07-16,https://www.bizinfo.go.kr/sii/siia/selectSIIA200Detail.do?pblancId=PBLN_000000000124442,예산 소진시까지,중소기업,"2026년도 중소벤처기업부와 경상북도 및 청도군이 지원하는 시군구 연고산업 육성사업 수행자로 선정된 수행기관별 지원 프로그램을 안내하오니, 해당 프로그램 참여를 희망하는 청도군 지역 중소기업의 많은 신청 바랍니다. ☞ 청도군에 소재(본사, 공장 기준)한 중소기업 - 농업(소규모 스마트팜), 제조가공(농식품 제조기업), 문화관광(콘텐츠 스타트업) 관련 분야 중 하나에 해당하는 기업 ☞ 스마트 기술 컨설팅 지원 - ICTㆍIoTㆍAX 등 스마트기술 적용 맞춤 컨설팅 - 스마트 기술 인프라 운영을 위한 기술지도","기술,경북,농식품제조기업,경북시민재단,2026,콘텐츠스타트업,문화관광,경북자동차임베디드연구원,청도군,스마트팜,농업,중소기업기술정보진흥원,중소벤처기업부,경상북도,경북테크노파크,중소기업,스마트기술컨설팅,스마트기술,컨설팅,기술지도",기술사업화/이전/지도,3330
571,경기도,경기도수출기업협회,경영,[경기] 2026년 수출기업인의 날 표창 대상자 모집 공고,2026-07-01,2026-09-04,2026-07-16,https://www.bizinfo.go.kr/sii/siia/selectSIIA200Detail.do?pblancId=PBLN_000000000124438,,중소기업,"「2026년 경기도 수출기업인의 날」 수출증진과 해외시장 개척 등에 공헌한 수출 중소기업 및 임직원에 대한 표창 대상자를 아래와 같이 모집하오니, 수출증진과 해외시장 개척에 공적이 있는 경기도 내 수출 중소기업과 유관기관에서는 많은 참여를 바랍니다. ☞ 경기도 내 중소기업으로서 우수 수출기업 및 교류협력 활동에 기여한 수출 중소기업 및 유공자 등 ☞ 표창훈격 총 70 점 지원","수출,경영,경기,경기도표창,2026,장관표창,수출기업인의날,표창,경기도수출기업협회,경기도",디자인/상품화/사업화,3942
572,전남광주통합특별시,광주정보문화산업진흥원,기술,[전남광주] 2026년 3차 인공지능 기술 고도화 지원사업 상시 모집 공고(AI융합 지능형 농업 생태계 구축),,,2026-07-16,https://www.bizinfo.go.kr/sii/siia/selectSIIA200Detail.do?pblancId=PBLN_000000000124433,상시 접수,중소기업,"광주정보문화산업진흥원에서 AI융합 지능형 농업에 활용이 가능한 전 분야(생산, 물류, 유통 등) 기술의 고도화를 통한 기업 경쟁력 강화 지원해드리는 사업입니다. ☞ 공고일 기준 AI, SW, ICT, 지능형 농업 등 관련 업종으로 사업자 등록된 광주광역시 내 기업(본사, 지사, 부설연구소 소재) ※ 자세한 신청대상 공고문 참조 ☞ (신뢰성평가 인증) 지능형 농업에 활용 가능한 AI기술 신뢰성 평가 비용 지원 - 기업당 최대 7백만원 지원 ※ SW품질평가, 데이터품질평가, 시험평가인증(KC, 안정성 등), AI신뢰성인증 등 ※ 202","기술,전남광주,광주정보문화산업진흥원,전남광주통합특별시,2026,중소기업,중견기업,AI,SW,ICT,지능형농업,광주광역시,AI융합지능형농업,기술고도화,신뢰성평가인증,신뢰성평가,SW품질평가,데이터품질평가,시험평가인증,AI신뢰성인증",시험/인증,3748
573,대구광역시,대구기계부품연구원,수출,[대구] 2026년 대구국제로봇산업전 참가기업 모집 공고(첨단로봇 산업육성 및 글로벌 경쟁력 강화사업),2026-07-15,2026-08-31,2026-07-16,https://www.bizinfo.go.kr/sii/siia/selectSIIA200Detail.do?pblancId=PBLN_000000000124423,,중소기업,대구기계부품연구원에서 주관하여 수행중인 첨단로봇 산업육성 및 글로벌 경쟁력 강화 사업의 일환으로 지역 로봇기업의 수출활성화 및 국내ㆍ외 시장 진출기반 마련을 위하여 「2026년 대구국제로봇산업전(FIX 2026)」참가기업을 아래와 같이 모집하오니 관심 있는 기업의 적극적인 참여를 바랍니다. ☞ 대구광역시 내 본사를 두고 있는 로봇 관련 기업 ☞ FIX2026(Future Innovation tech EXPO 2026) 내 부스 임차료 지원,"기술,수출,내수,대구,FIX 2026,2026,대구국제로봇산업전,첨단로봇,로봇기업,대구기계부품연구원,대구광역시",해외진출준비,3359
574,문화체육관광부,한국콘텐츠진흥원,내수,2026년 콘텐츠IP 마켓 참가기업 모집 공고,2026-07-15,2026-08-19,2026-07-16,https://www.bizinfo.go.kr/sii/siia/selectSIIA200Detail.do?pblancId=PBLN_000000000124404,,중소기업,"웹툰ㆍ스토리ㆍ게임ㆍ영화ㆍ드라마ㆍ음악 등 ‘콘텐츠IP’가 한 자리에! <2026 콘텐츠IP 마켓>가 12월 2일부터 3일 간 서울 코엑스에서 개최됩니다. 한국콘텐츠진흥원은 콘텐츠 IP의 사업화, 상품화, 영상화, 해외 진출 등 다양한 콘텐츠 IP 비즈니스를 희망하는 기업을 아래와 같이 모집하오니 많은 관심과 신청 바랍니다. ☞ 콘텐츠 IP 라이선싱, 기획, 제작, 유통 등 관련 비즈니스를 희망하는 기업 - 콘텐츠 IP/판권 또는 협상권을 보유하여 직접 비즈니스 상담이 가능한 기업 - 대기업/중견기업/중소기업 등 법인/개인사업자 - 모","기술,수출,내수,서울,부산,대구,인천,전남광주,대전,울산,세종,경기,강원,충북,충남,전북,경북,경남,제주,2026,콘텐츠IP,비즈니스상담,음악,웹툰,스토리,드라마,영화,한국콘텐츠진흥원,문화체육관광부,해외진출,게임",오프라인,4735
575,충청북도,제천한방천연물산업진흥재단,내수,[충북] 2026년 한방바이오제천몰 웹상세페이지 제작 지원사업 공고,,,2026-07-15,https://www.bizinfo.go.kr/sii/siia/selectSIIA200Detail.do?pblancId=PBLN_000000000124402,예산 소진시까지,중소기업,"한방천연물 브랜드 경쟁력 강화 및 온라인 판매 활성화를 위하여 추진하는 「2026년 한방바이오제천몰 웹상세페이지 제작 지원사업」을 통해 입접기업 제품의 정보 전달력과 상품 경쟁력을 향상시키고자 다음과 같이 공고하오니 한방바이오제천몰 입접기업의 많은 신청 바랍니다. ☞ 한방바이오제천몰 입점기업(※ 신규 입점 예정기업 포함) ☞ 제품별 웹상세페이지 신규 제작 또는 리뉴얼, GIF(움직이는 이미지) 등 시각 콘텐츠 제작, 모바일 최적화 및 반응형 웹 디자인 지원 - 기업당 최대 2개 제품, 제품당 제작비 40만원 내외 총사업비 범위 내 ","내수,충북,모바일 최적화,시각 콘텐츠,입접,웹 디자인,GIF,2026,제천한방천연물산업진흥재단,온라인 판매,웹상세페이지,한방바이오제천몰,리뉴얼,한방천연물,충청북도",온라인,5261
576,경기도,경기벤처기업협회,경영,[경기] 2026년 우수 벤처기업 표창 공고,2026-07-20,2026-08-31,2026-07-15,https://www.bizinfo.go.kr/sii/siia/selectSIIA200Detail.do?pblancId=PBLN_000000000124380,,창업벤처,"벤처기업의 성과와 가치를 대ㆍ내외에 널리 알리고 경기도 산업경제 발전의 주역인 우수 벤처기업(기업인) 발굴 및 포상을 위해, 「2026년 경기 우수벤처기업 표창」을 다음과 같이 공고하오니, 도내 벤처기업(기업인)의 많은 참여 바랍니다. ☞ 모집 공고일 현재 경기도 소재(본사) 벤처기업으로 업력이 만 2년 이상인 벤처기업 - 창업일 기준 2024년 1월 1일 이전인 기업으로 사업자등록증 상 본사 주소가 “경기도” 소재 기업 - 공고일 기준 「벤처기업육성에 관한 특별조치법」에 따른 '벤처기업확인서'를 보유한 기업(유효기간 내) ※ 자세","내수,창업,경영,경기,산업경제발전,우수벤처기업,2026,기술력,경기벤처기업협회,발굴,표창,벤처기업,경기도,포상",디자인/상품화/사업화,3472
577,산업통상부,대한상공회의소,수출,2026년 무역구제 조사ㆍ상담 컨설팅 지원 접수 공고,2026-05-01,2026-12-31,2026-07-15,https://www.bizinfo.go.kr/sii/siia/selectSIIA200Detail.do?pblancId=PBLN_000000000124379,,중소기업,"대한상의와 산업부 무역위원회는 불공정한 무역행위로 인해 피해를 받거나 받게 될 것으로 예상되는 국내 기업들을 위해 무역구제 조사ㆍ상담을 지원합니다. 도움이 필요한 국내 기업 여러분의 많은 관심과 이용 바랍니다. ☞ 국내 중소ㆍ중견기업(대기업 집단 제외) 및 협ㆍ단체 ☞ 기본 컨설팅, 전문 컨설팅, 해외 조사, 덤핑 우려 업종 수입 동향분석 지원 ※ 자세한 지원내용 공고문 참조","수출,경영,서울,부산,대구,인천,전남광주,대전,울산,세종,경기,강원,충북,충남,전북,경북,경남,제주,반덤핑관세,산업통상부,2026,조사,무역구제,대한상공회의소,컨설팅,중견기업,상담,중소기업",수출정보제공,2982
578,경기도,성남산업진흥원,기술,[경기] 성남시 2026년 시스템반도체 개발 인프라 활용 지원 사업 계측 인프라 부문 기업 추가 모집 공고,2026-07-14,2026-09-28,2026-07-15,https://www.bizinfo.go.kr/sii/siia/selectSIIA200Detail.do?pblancId=PBLN_000000000124360,,중소기업,"기업지원 잔여예산에 따른 추가모집을 다음과 같이 공고합니다. 반도체 설계 검증 플랫폼「시스템반도체 개발지원센터」자원 활용 지원으로 기업 경쟁력 및 제품 상용화 제고에 기여하고, 기관-기업 간 연계 활성화로 첨단 산업 협력 생태계 확장을 위한「시스템반도체 개발 인프라 활용 지원」사업을 추진하오니 관심 있는 성남시 기업의 많은 신청 바랍니다. ☞ 관내 중소ㆍ벤처 시스템반도체 기업(팹리스, IP설계 및 디자인하우스 등) ※ 성남에 본사나 공장이 소재한 기업(및 관내 기업부설연구소만 소재하는 기업도 지원 대상 ☞ 시스템반도체 관련 성능 검","기술,경기,고속 인터페이스,2026,팹리스,프로토콜,반도체,시스템반도체,검증,벤처기업,성남산업진흥원,경기도,중소기업",기술사업화/이전/지도,2815
579,충청북도,충청북도기업진흥원,인력,[충북] 충주시 2026년 기숙사임차비지원사업 참여기업 모집 공고,,,2026-07-14,https://www.bizinfo.go.kr/sii/siia/selectSIIA200Detail.do?pblancId=PBLN_000000000124346,선착순 접수,중소기업,"도내 중소기업 근로자들의 정주여건 개선과 생활 안정을 도모하여 기업의 신규 채용을 독려하고, 양질의 일자리 기반을 만들기 위한「2026년 충청북도 기숙사 임차비 지원사업」을 추진하오니 많은 관심과 참여 바랍니다. ☞ 임차 기숙사를 운영하여 근로자에게 제공하는 충주시 소재 중소기업 ☞ 사업장 주변의 기숙사를 임차하여 근로자에게 제공하는 경우, 월 임차비용 일부(80%)지원(당해연도) ※ 자세한 지원내용 공고문 참조","인력,충북,2026,근로자,충주시,기숙사,임차비,충청북도기업진흥원,충청북도,임차비용,기숙사임차비,중소기업,임차기숙사",고용유지,5084
580,해양수산부,한국수산회,수출,2026년 하반기 온라인 K-SEAFOOD 판매 전용관 운영 사업 입점 제품 모집 공고,2026-07-13,2026-10-30,2026-07-14,https://www.bizinfo.go.kr/sii/siia/selectSIIA200Detail.do?pblancId=PBLN_000000000124341,,중소기업,"(사)한국수산회에서는 해양수산부 2026년 수산물 해외시장개척 사업 일환으로 국내 수산물 수출기업 해외 E-커머스 시장 진출 지원을 통한 수출 확대를 도모하고자 「온라인 K-SEAFOOD 판매 전용관 운영 사업」을 추진하오니, 입점을 희망하는 업체의 많은 신청 바랍니다. ☞ 국내 수산물 및 수산가공품 생산ㆍ제조 기업, 무역상사 ☞ 매입ㆍ입점ㆍ판매, 마케팅ㆍ홍보, 성과 분석 지원 - 입점 플랫폼 : 아마존(미국, 독일, 프랑스), 쇼피(싱가포르, 필리핀, 말레이시아, 인도네시아), H마트(미국), 타오바오(중국), 본래생활(중국)","수출,서울,부산,대구,인천,전남광주,대전,울산,세종,경기,강원,충북,충남,전북,경북,경남,제주,수산물 수출기업,2026,성과분석,한국수산회,E-커머스,판매,매입,입점,수산물,해양수산부,홍보,마케팅,온라인",해외진출,5792
581,경상북도,국방기술진흥연구소,기술,[경북] 2026년 하반기 경북국방벤처센터 협약기업 모집 공고,2026-07-13,2026-08-27,2026-07-14,https://www.bizinfo.go.kr/sii/siia/selectSIIA200Detail.do?pblancId=PBLN_000000000124332,,중소기업,"국방기술기획 및 방산육성 지원 업무를 수행하고 있는 국방기술진흥연구소는 경상북도와 함께 국방 분야 기술개발 및 지역 중소기업 육성을 위해 경북국방벤처센터를 운영하고 있습니다. 이에 국방 분야에 적용 가능한 기술이나 품목을 보유하고, 군 사업 참여를 희망하는 중소ㆍ벤처기업을 아래와 같이 모집하오니 많은 참여 바랍니다. ☞ 경상북도에 소재하며, 국방분야에 적용하여 성과창출이 가능한 기술 또는 품목을 보유한 중소ㆍ벤처기업 ※ 경상북도 내에 본사, 기업부설연구소 또는 공장(사업장)을 보유하고, 해당시설과 인력을 실제로 운영하고 있어야 함.","기술,경영,경북,2026,유무인복합체계,군사업,국방사업화,군사업화,국방분야,국방,방위사업청,국방기술진흥연구소,중소벤처기업,드론,로봇,홍보,벤처기업,컨설팅,AI,경상북도,중소기업",기술사업화/이전/지도,3244
582,조달청,충남창조경제혁신센터,내수,2026년 조달청 벤처나라 추천기업 모집 공고(충남창조경제혁신센터),,,2026-07-14,https://www.bizinfo.go.kr/sii/siia/selectSIIA200Detail.do?pblancId=PBLN_000000000124325,차수별 상이,창업벤처,"충남창조경제혁신센터에서는 창업ㆍ벤처기업 등의 공공조달시장 진입을 촉진하고 공공구매판로를 지원하기 위해 ‘벤처나라’ 추천을 지원하고 있습니다. 이에 아래와 같이 2026년 벤처나라 추천기업을 모집하오니 많은 관심과 참여 바랍니다. ☞ 충남창조경제혁신센터 보육ㆍ지원 이력이 있는 벤처ㆍ창업 기업 - 직접 생산하거나 국내 제조기업과 주문자상표부착생산(OEM) 방식으로 생산하는 물품 및 서비스 - 벤처기업, 창업기업, 청년기업, 사회적기업 등 ※ 자세한 지원대상 공고문 참조 ☞ 조달청 벤처나라 추천 지원 ※ 자세한 지원내용 공고문 참조","내수,창업,충남,벤처나라추천기업,조달청벤처나라,2026,공공구매판로,장애인표준사업장,벤처나라,공공조달시장,사회적협동조합,충남창조경제혁신센터,자활기업,청년기업,벤처기업,창업기업,마을기업,사회적기업,조달청",공공구매,3031
583,제주특별자치도,제주테크노파크,경영,[제주] 2026년 SW융합 규제개선 컨설팅 지원사업 모집 공고(SW융합클러스터 2.0사업),2026-07-01,2026-10-30,2026-07-14,https://www.bizinfo.go.kr/sii/siia/selectSIIA200Detail.do?pblancId=PBLN_000000000124309,,중소기업,"(재)제주테크노파크에서는 제주 ICT/SW기업의 규제 애로사항 해결 지원을 위해「2026년 SW융합 규제개선 컨설팅 지원사업」모집 공고를 실시하오니 제주 ICT/SW기업의 많은 참여 바랍니다. ☞ 주관기업 단독 신청 가능 - (주관) 공고일 현재 본사가 제주특별자치도에 소재한 ICT/SW 중소기업 ※ 자세한 지원대상 공고문 참조 ☞ 기술규제 애로사항 해결을 위한 컨설팅(과제별 5,000천원) 지원","경영,제주,신속처리,2026,검토,신청서작성,샌드박스,기술규제,임시허가,실증특례,제주테크노파크,SW융합,애로사항,제주특별자치도,컨설팅,교육,기술규제애로사항",컨설팅,2998
584,울산광역시,울산테크노파크,기술,2026년 울산시ㆍ경주시ㆍ포항시 해오름동맹 첨단이차전지 연대협력사업 기업지원 수혜기업 상시 모집 공고,,,2026-07-13,https://www.bizinfo.go.kr/sii/siia/selectSIIA200Detail.do?pblancId=PBLN_000000000124308,상시 접수,중소기업,"(재)울산테크노파크에서는 기술력 있는 중소ㆍ중견기업의 지속성장 및 기술혁신을 위하여,「해오름동맹 첨단이차전지 연대협력사업」의 기업지원 프로그램을 공고ㆍ접수하오니, 많은 참여 바랍니다. ☞ 해오름동맹 내 사업장(본사, 공장, 지사, 연구소 등)를 보유하고 있으며, 전담인력이 상주하여 영업활동을 하고 있거나 입주(투자) 예정인 중소ㆍ중견 규모 이하의 법인 또는 개인사업자(기업) ※ 해오름동맹 외 기업의 경우, 사업기간(~`27년 3월)내 울산에 입주(투자) 가능한 기업 ☞ 장비활용 바우처 지원 - 울산테크노파크 이차전지기술지원본부 내 ","기술,경영,서울,부산,대구,인천,전남광주,대전,울산,세종,경기,강원,충북,충남,전북,경북,경남,제주,장비활용바우처,첨단이차전지,해오름동맹,2026,개인사업자,이차전지,장비활용,울산테크노파크,울산광역시,법인사업자,바우처,중견기업,중소기업",기술인력/장비지원,5377
585,부산광역시,부산테크노파크,기술,[부산] 2026년 항공부품산업 기술고도화 지원사업 시험 인증 지원 상시 모집 공고,,,2026-07-13,https://www.bizinfo.go.kr/sii/siia/selectSIIA200Detail.do?pblancId=PBLN_000000000124307,상시 접수,중소기업,"부산지역 내 항공부품산업 관련 기업을 대상으로 기업지원을 수행하여 관련 산업을 선도할 수 있는 기업의 역량을 강화하고, 매출 증대와 고용창출에 기여하고자「2026년도 항공부품산업 기술고도화 지원사업」을 아래와 같이 공고하오니, 지역 기업인 여러분들의 많은 관심과 참여 바랍니다. ☞ 항공부품산업 연관분야 민항기/군용기/무인기/부품ㆍ장비/MRO 등 항공부품산업 관련 제품을 개발, 생산 및 수리하는 기업 - 항공부품 사업 다변화를 위한 이업종 전환 기업 등(소재, 전기부품, 자동차, 조선 등) - 부산시 내에 사업장(본사, 공장, 연구소","기술,부산,2026,군용기,무인기,MRO,민항기,항공부품산업,부산테크노파크,장비,부품,부산광역시,인증",시험/인증,5293
586,경상북도,경상북도경제진흥원,경영,[경북] 울릉군 2026년 소상공인 카드수수료 지원사업 참여점포 모집 공고,,,2026-07-13,https://www.bizinfo.go.kr/sii/siia/selectSIIA200Detail.do?pblancId=PBLN_000000000124304,예산 소진시까지,소상공인,"경상북도와 울릉군, 경상북도경제진흥원은 경기 침체로 어려움을 겪고 있는 소상공인을 위한 ‘소상공인 카드수수료 지원사업’의 참여 점포를 모집하고 있으니, 관심 있는 소상공인분들의 많은 신청 부탁드립니다. ☞ 2025년 매출액 4억원 이하,사업자등록증 상 소재지가 ‘울릉군’인 소상공인 ☞ 2025년도 카드 매출액의 0.4~1.0% 지원(최저 5만원 ~ 최대 40만원)","경영,경북,2026,울릉군,카드수수료,경상북도경제진흥원,경상북도,소상공인",디자인/상품화/사업화,4827
587,산업통상부,충북테크노파크,기술,AIoT융합부품 성능검증시스템 고도화사업 수혜기업모집 수시 공고,,,2026-07-13,https://www.bizinfo.go.kr/sii/siia/selectSIIA200Detail.do?pblancId=PBLN_000000000124300,상시 접수,중소기업,"2026년도 산업통상자원부와 충청북도, 청주시가 지원하는「AIoT융합부품 성능검증시스템 고도화사업」해당 프로그램 참여를 희망하는 기업의 많은 신청 바랍니다. ☞ AIoT융합부품 성능검증시스템 고도화사업 전ㆍ후방 연관 제품(기술) 분야 기업 ☞ 시제품 제작, 시험평가인증, 기술지도, 네트워크, 기타 등 ※ 수행기관 內 장비를 활용하여 기술지원 (직접지원, 각 수행기관별 연계기원 가능) ※ 자세한 지원내용 공고문 참조","기술,서울,부산,대구,인천,전남광주,대전,울산,세종,경기,강원,충북,충남,전북,경북,경남,제주,AIoT융합부품,한국탄소나노복합재연구조합,산업통상부,2026,충북지역산업진흥원,한국기술교육대학교산학협력단,청주시,한국전자기술연구원,시험평가,장비활용,반도체,네트워크,충북테크노파크,기술지도,시제품제작,인증,충청북도",기술인력/장비지원,5938
588,중소벤처기업부,울산창조경제혁신센터,창업,2026년 울산창조경제혁신센터 U-OASIS 프로그램 참가기업 모집 공고,,,2026-07-13,https://www.bizinfo.go.kr/sii/siia/selectSIIA200Detail.do?pblancId=PBLN_000000000124279,상시 접수,창업벤처,"울산창조경제혁신센터에서 초격차 10대 분야 등 전분야 딥테크/초기 스타트업을 대상으로 '2026 울산창조경제혁신센터 U-OASIS 프로그램'을 모집합니다. ☞ 업력 7년 이내 딥테크 / 초기 스타트업 ☞ 연중 상시/정기 IR 기회 제공, 맞춤형 바우처(크레딧) 지원, 직ㆍ간접 투자, TIPS(일반형 또는 딥테크) 추천, 후속투자, 오픈이노베이션 추천","창업,서울,부산,대구,인천,전남광주,대전,울산,세종,경기,강원,충북,충남,전북,경북,경남,제주,초격차10대분야,2026,크레딧,딥테크,TIPS,오픈이노베이션,울산창조경제혁신센터,투자,중소벤처기업부,창업진흥원,IR,스타트업",사업화지원,3235
589,경상북도,포항테크노파크,기술,2026년 그린바이오 소재 첨단분석시스템 활성화 지원사업(장비 활용) 수혜기업 모집 공고,,,2026-07-13,https://www.bizinfo.go.kr/sii/siia/selectSIIA200Detail.do?pblancId=PBLN_000000000124274,예산 소진시까지,중소기업,"그린바이오 소재 개발기술 고도화 및 산업 육성을 위해 경상북도, 포항시, 포항테크노파크에서 추진하는 ‘그린바이오 소재 첨단분석시스템 활성화 지원사업(장비 활용)’수혜기업 모집을 아래와 같이 공고하오니 관련 기관과 기업의 많은 관심과 참여 바랍니다. ☞ 국내 합성생물학 및 바이오파운드리 기술보유 대학, 연구소, 기업 - 바이오파운드리 시설장비 활용 희망 대학, 연구소, 기업 - 국내 동물용의약품 및 바이오의약품 개발 관련 대학, 연구소, 기업 - 유전자 기반 기능성 바이오 소재 개발 대학, 연구소, 기업 등 ☞ 「그린바이오 소재 첨단","기술,서울,부산,대구,인천,전남광주,대전,울산,세종,경기,강원,충북,충남,전북,경북,경남,제주,2026,경상북도,포항테크노파크,그린바이오,합성생물학,바이오파운드리,동물용의약품,바이오의약품,바이오,장비,장비활용",기술인력/장비지원,3379
590,고용노동부,경기경영자총협회,인력,[경기] 수원시ㆍ용인시ㆍ화성시 2026년 청년일자리도약장려금(수도권형) 참여기업 모집 공고,,,2026-07-13,https://www.bizinfo.go.kr/sii/siia/selectSIIA200Detail.do?pblancId=PBLN_000000000124273,예산 소진시까지,중소기업,"경기경영자총협회에서 2026년에 만 15세 이상 34세 이하 청년을 정규직으로 신규 채용하고 6개월 이상 고용유지 시 기업에게 청년 1인당 1년간 최대 720만원의 인건비를 지원하는 사업입니다. ☞ 수원, 용인, 화성 소재기업 - 기준 피보험자 수 5인이상 우선지원 대상기업 - 연 매출액이 기준 피보험자 수x1,900만원 이상인 기업 ※ 만 15-34세 취업애로청년을 정규직으로 신규 채용(군필자의 경우, 의무복무기간에 비례하여 최고 만 39세까지 인정) ※ 자세한 지원대상 공고문 참조 ☞ (수도권형) 취업애로청년을 정규직으로 신규 ","인력,경기,2026,청년일자리도약장려금,기업지원금,신규채용,수원시,용인시,청년일자리,중견,인건비,화성시,중소기업,고용노동부,경기경영자총협회",고용유지,3867
591,지식재산처,한국발명진흥회,수출,2026년 인도네시아 발명가의 날 국제발명전시회 참가 모집 공고,2026-06-24,2026-08-28,2026-07-13,https://www.bizinfo.go.kr/sii/siia/selectSIIA200Detail.do?pblancId=PBLN_000000000124272,,중소기업,"한국발명진흥회에서 「2026 인도네시아 발명가의 날 국제발명전시회」에 출품할 참가자를 첨부와 같이 모집하오니, 많은 관심과 참여 바랍니다. ☞ 전시회 참가자(개인 및 중소기업) - 대한민국 국민이 개발한 발명으로서 특허, 실용신안, 디자인으로 등록 또는 출원 중인 발명품 ☞ 부스비의 최저 금액 이내에서 출품보조금 지원(170만원 이내)","수출,서울,부산,대구,인천,전남광주,대전,울산,세종,경기,강원,충북,충남,전북,경북,경남,제주,2026,지식재산처,한국발명진흥회,특허,실용신안,디자인,출원,등록,발명품,인도네시아,전시회,국제발명전시회,부스비,출품보조금",해외진출,2810
592,지식재산처,한국발명진흥회,경영,2026년 대한민국발명특허대전(KINPEX) 출품 신청 접수 공고,2026-07-08,2026-08-26,2026-07-13,https://www.bizinfo.go.kr/sii/siia/selectSIIA200Detail.do?pblancId=PBLN_000000000124271,,중소기업,"2026년도 대한민국발명특허대전 출품 신청 접수가 8. 26.(수) 18시까지 진행되오니 많은 관심과 신청 부탁드립니다. ☞ 내국인으로서 특허 또는 실용신안을 출원 또는 등록한 권리자와 그 승계인 (디자인권, 상표권 제외) ※ 자세한 지원대상 공고문 참조 ☞ 대통령상, 국무총리상, 금상, 은상, 동상 훈포상 지원 - 전시 기간 내 온ㆍ오프라인 매체 홍보, 출품물 안내판 제작 지원","경영,서울,부산,대구,인천,전남광주,대전,울산,세종,경기,강원,충북,충남,전북,경북,경남,제주,안내판,지식재산처,2026,오프라인,실용신안,한국발명진흥회,홍보,특허,온라인",디자인/상품화/사업화,3018
593,과학기술정보통신부,한국기술사업화진흥협회,인력,[경남] 2026년 ICT 이노베이션스퀘어 확산사업 기업협력 프로젝트 참여기업 모집 공고,,,2026-07-13,https://www.bizinfo.go.kr/sii/siia/selectSIIA200Detail.do?pblancId=PBLN_000000000124269,정원 마감시까지,중소기업,"2026 ICT 이노베이션스퀘어 확산사업「기업협력 프로젝트」 참여기업을 모집합니다. 본 사업은 기업이 필요로 하는 인재를 대상으로 직무기초교육(40시간)과 현장실무(인턴 200시간)를 운영하고, 인턴 종료 후 정규직으로 전환한 경우 1인당 500만 원(기업당 최대 1,500만 원)을 지원하는 프로그램입니다. ☞ 신규 채용 계획이 있는 경남 소재 기업 - IT 활용 직무 인력 채용 예정 기업 또는 기업 내 IT(전산) 부서 운영 기업 ☞ 채용시 1인당 500만원(최대 1500만원), 채용 청년 대상 AI역량강화 교육 지원(40시간)","인력,경남,직무기초교육,2026,현장실무,기업협력,AI역량강화,한국기술사업화진흥협회,인턴,IT,ICT,경남테크노파크,경상남도,AI,과학기술정보통신부",국내일반인력,2703
594,대구광역시,대구테크노파크,수출,[대구] 2026년 수출기업 외국어 통ㆍ번역 사업 참가기업 모집 공고,,,2026-07-13,https://www.bizinfo.go.kr/sii/siia/selectSIIA200Detail.do?pblancId=PBLN_000000000124268,예산 소진시까지,중소기업,"대구시와 대구테크노파크에서는 지역기업의 해외시장 진출 기반을 조성하고 글로벌 경쟁력을 강화하기 위해, 「2026년 수출기업 외국어 통ㆍ번역 사업」을 시행하고 다음과 같이 공고하오니 많은 참여 바랍니다. ☞ 사업자등록증의 본점 또는 사업장 소재지가 대구광역시인 중소기업 ☞ 통상 관련 외국어 통역, 번역 서비스 지원(기업별 연간 2백만원)","수출,대구,2026,외국어,번역,대구테크노파크,통역,수출기업,대구광역시,중소기업,통번역",해외진출준비,2733
595,강원특별자치도,원주의료기기산업진흥원,수출,[강원] 제42회 국제의료기기ㆍ병원설비전시회(KIMES 2027) 강원공동관 참가기업 모집 공고,2026-07-09,2026-08-31,2026-07-10,https://www.bizinfo.go.kr/sii/siia/selectSIIA200Detail.do?pblancId=PBLN_000000000124254,,중소기업,"우리 재단은 대한민국 의료기기산업 홍보 및 의료기기 기업의 수출지원을 위해 국내 최대 의료산업 전시회인「KIMES 2027」에 강원공동관을 조성합니다. 이에 참가기업을 모집하오니, 관심 있는 기업들의 많은 신청 바랍니다. ☞ 강원특별자치도 소재 의료기기 및 헬스케어 제품 제조기업 ☞ 전시용역사 선정 및 부스공사 관리감독(부스 그래픽 패널 디자인작업 포함) - 공동관 부스 내 통역원 상주 지원(영어 1명, 중국어 1명 예정) - 공동관 참가기업 디렉토리 제작 - 바이어 DM 발송 등 사전마케팅 - 사전ㆍ사후 언론보도","수출,내수,강원,부스공사,디자인작업,그래픽 패널,디렉토리 제작,원주의료기기산업진흥원,2026,강원특별자치도,사전마케팅,통역원,헬스케어,제조기업,의료기기,바이어",해외진출준비,10780
596,중소벤처기업부,전북테크노파크,경영,[전북] 무주군 2026년 3차 지역특화형(농식품기업) 스마트공장 구축지원사업 수시모집 공고,,,2026-07-10,https://www.bizinfo.go.kr/sii/siia/selectSIIA200Detail.do?pblancId=PBLN_000000000124248,모집 완료시,중소기업,중소기업 제조 현장의 경쟁력 제고를 위하여 중소벤처기업부에서 추진하고 있는「2026년도 전북 지역특화형(농ㆍ식품기업) 스마트공장 구축사업」의 지원계획을 다음과 같이 공고합니다. ☞ 전북특별자치도내 중소ㆍ중견 농ㆍ식품 제조기업 중 스마트공장 구축이 필요한 제조기업 ※ 자세한 지원대상 공고문 참조 ☞ 정보통신기술(ICT)로 제품의 기획-설계-제조-판매 과정을 통합하여 제조 공정을 최적화하는 스마트공장 구축지원 - 제품설계ㆍ생산공정 개선 등을 위한 스마트공장 솔루션 구축 및 솔루션과 연동되는 자동화장비ㆍ제어기ㆍ센서 등 구축 지원,"경영,전북,2026,전북테크노파크,중소벤처기업부,제조기업,스마트공장,농식품,ICT,정보통신기술,제품설계,생산공정,자동화장비,제어기,센서",시설/입지지원,3677
597,인천광역시,인천신용보증재단,금융,[인천] 2026년 하반기 소상공인시장진흥자금 융자 계획 공고,,,2026-07-10,https://www.bizinfo.go.kr/sii/siia/selectSIIA200Detail.do?pblancId=PBLN_000000000124246,예산 소진시까지,소상공인,"인천 관내 소상공인을 위한 2026년도 하반기 소상공인시장진흥자금 융자 계획을 아래와 같이 공고합니다. ☞ 인천 관내 소상공인(단, 신용보증의 경우 무점포기업은 업력 6개월 이상일 것) ☞ 점포시설개선 또는 운영자금 지원 - 업체당 5천만원(신용보증서는 2천만원한도) 이내 지원 ※ 자세한 지원내용 공고문 참조","금융,인천,2026,소상공인시장진흥자금,점포시설개선,신용보증,운영자금,인천신용보증재단,보증,인천광역시,융자,소상공인",융자,6127
598,중소벤처기업부,중소기업기술정보진흥원,기술,2026년 투ㆍ융자 연계 기술개발사업 지원계획 수정 공고(스케일업 팁스ㆍ글로벌 팁스ㆍ딥테크 챌린지 프로젝트),,,2026-07-10,https://www.bizinfo.go.kr/sii/siia/selectSIIA200Detail.do?pblancId=PBLN_000000000124232,세부사업별 상이,중소기업,"2026년 스케일업 팁스, 글로벌 팁스, 딥테크 챌린지 프로젝트의 지원계획을 다음과 같이 수정 공고하오니, 프로그램에 참여를 희망하는 중소벤처기업과 운영사는 참고하시기 바랍니다. ☞ 스케일업 팁스, 글로벌 팁스, 딥테크 챌린지 프로젝트(기술도전형)에 참여를 희망하는 중소벤처기업 및 운영사 - 스케일업 팁스 : 스케일업 팁스 운영사(투자사)로부터 10억원 이상 투자를 유치한 중소벤처기업 - 글로벌 팁스 : 아래 2개 요건 중 1개 이상을 충족하는 중소벤처기업 ㆍ (요건 ①) 스케일업 팁스 운영사(투자사)로부터 15억원 이상 투자를 유","금융,기술,수출,서울,부산,대구,인천,전남광주,대전,울산,세종,경기,강원,충북,충남,전북,경북,경남,제주,딥테크챌린지프로젝트,2026,글로벌팁스,스케일업팁스,민간투자,중소벤처기업,중소기업기술정보진흥원,중소벤처기업부,R&D",혼합(단독+공동),5733
599,경기도,성남산업진흥원,기술,[경기] 성남시 2026년 기술자료 임치 수수료 지원사업 신청 공고,,,2026-07-10,https://www.bizinfo.go.kr/sii/siia/selectSIIA200Detail.do?pblancId=PBLN_000000000124229,예산 소진시까지,중소기업,성남산업진흥원 성남특허센터에서는 성남시 중소기업의 핵심기술 및 영업비밀 보호 강화를 위해 「기술자료 임치 수수료 지원 사업」을 시행하오니 관심 있는 기업의 많은 참여 바랍니다. ☞ 성남시 소재 중소기업(본사 또는 공장) - 지원대상 서비스 : 지정 기술자료 임치기관 서비스를 이용한 경우 - 기술자료임치센터(대·중소기업·농어업협력재단) 또는 기술지킴이 Tech Safe(기술보증기금) ☞ 기술자료 임치 수수료의 최대 75% 지원 - 지원항목 : 신규 임치 / 갱신 임치 / 거래기업 편입 임치 / 추가 최신본 임치 - 지원규모 : 기업당,"기술,경기,2026,경기도,성남산업진흥원,성남시,중소기업,기술자료,기술자료임치수수료,임치수수료,수수료",기술사업화/이전/지도,3157
600,경상북도,경상북도경제진흥원,수출,[경북] 2026년 수출기업 통상경쟁력 강화지원(수출물류) 참가기업 모집 변경 공고,,,2026-07-10,https://www.bizinfo.go.kr/sii/siia/selectSIIA200Detail.do?pblancId=PBLN_000000000124223,예산 소진시까지,중소기업,"경상북도와 (재)경상북도경제진흥원은 도내 수출기업의 수출경쟁력 강화와 물류비 부담 완화를 위하여 수출물류비 지원사업 참가기업을 다음과 같이 모집하오니, 많은 참여를 바랍니다. ☞ 공장이 도내 소재한 제조 중소ㆍ중견기업 중 2026년 경북수출기업협회 유료회원사 ☞ 지원대상기간 내 선적된 수출물류비 실비 지원(기업당 최대 10백만원, 對중동 수출기업 최대 20백만원)","수출,경영,경북,견본품,중동 수출기업,2026,수출운임,경북수출기업협회,항공운임,창고보관료,국제운송비,수출물류비,운송료,물류비,경상북도경제진흥원,제조,경상북도",해외진출,2967
601,전남광주통합특별시,광주사회적경제지원센터,내수,[전남광주] 2026년 사회적경제 온라인 판로 활성화 사업 11번가 기획전 참여기업 모집 공고,,,2026-07-10,https://www.bizinfo.go.kr/sii/siia/selectSIIA200Detail.do?pblancId=PBLN_000000000124218,상시 접수,사회적기업,"광주사회적경제지원센터에서는 광주권역 사회적경제기업의 온라인 판로 확대와 판매 활성화를 지원하기 위해「11번가 기획전」 참여기업을 다음과 같이 모집하오니 많은 관심과 참여 바랍니다. ☞ 광주권역 사회적경제기업 ※ 사회적경제기업 : (예비)사회적기업, (사회적)협동조합, 마을기업, 자활기업 ☞ 11번가 플랫폼 기획전 운영, 배너 및 프로모션 노출 등 지원","내수,전남광주,전남광주통합특별시,2026,배너,11번가,판로,기획전,광주사회적경제지원센터,자활기업,사회적경제기업,프로모션,마을기업,협동조합,사회적기업",온라인,2724
602,충청북도,충북과학기술혁신원,경영,[충북] 2026년 SW제품 경쟁력 강화 지원사업 모집 공고,2026-07-06,2026-11-30,2026-07-10,https://www.bizinfo.go.kr/sii/siia/selectSIIA200Detail.do?pblancId=PBLN_000000000124214,,중소기업,"충북 디지털 품질역량센터에서는 우리 지역의 ITㆍSW기업 및 SW(Software)제품 품질확보 지원(컨설팅, 테스팅)을 통해 기업 및 제품의 경쟁력 강화와 4차 산업혁명에 선제적 대응 및 글로벌 진출역량 확보를 위하여 아래와 같이 SW제품경쟁력강화 지원 사업을 실시하오니 관심 있는 기업의 많은 참여를 바랍니다. ☞ 충북 내에 소재지를 둔 기업(SW가 포함된 전 산업분야) ☞ 기업 SW 컨설팅, 기업 SW 테스팅, 기능테스트 지원","기술,경영,충북,기업 SW,2026,기능테스트,테스팅,충북과학기술혁신원,SW,IT,충청북도,컨설팅",컨설팅,2788
603,강원특별자치도,강원특별자치도경제진흥원,내수,[강원] 속초시 2026년 2차 전시박람회 참가 지원사업 참가기업 추가 모집 공고,,,2026-07-09,https://www.bizinfo.go.kr/sii/siia/selectSIIA200Detail.do?pblancId=PBLN_000000000124193,예산 소진시까지,중소기업,"속초시 관내 중소기업의 제품 홍보 및 판로 확대를 위하여 추진하는「2026년 속초시 전시박람회 참가 지원사업」의 참가기업을 아래와 같이 추가 모집하오니 많은 신청 바랍니다. ☞ 속초시 소재 중소 제조기업 ☞ 부스임차료 및 장치비, 비품 임차료(냉장쇼케이스, 진열대 등) 지원","내수,강원,2026,강원특별자치도경제진흥원,강원특별자치도,임차료,부스임차료,속초시,전시박람회,장치비,홍보,중소기업,제조업,비품임차료",오프라인,5224
604,전남광주통합특별시,기초자치단체,금융,[전남광주] 여수시 2026년 소상공인 융자금 이차보전 지원 계획 변경 공고,,,2026-07-09,https://www.bizinfo.go.kr/sii/siia/selectSIIA200Detail.do?pblancId=PBLN_000000000124179,예산 소진시까지,소상공인,"여수시 소상공인 지원에 관한 조례 제5조(이차보전)의 규정에 의하여 2026년 여수시 소상공인 융자금 이차보전 지원계획을 다음과 같이 변경 공고합니다. ☞ 「소상공인 보호 및 지원에 관한 법률」제2조에 해당하는 자 - 여수시에 사업장이 있고 3개월 이상 영업을 유지하고 있는 소상공인 - 시와 협약된 금융기관에서 담보 및 신용대출이 가능한 소상공인 ☞ 융자추천 한도 업체당 5,000만원 이내, 융자조건 2년 거치 일시상환, 이차보전 대출금리 연 4.0%(2년간) 지원","금융,전남광주,전남광주통합특별시,2026,융자금,산림조합,여수시,이차보전,기초자치단체,융자,소상공인",융자,3801
605,인천광역시,인천테크노파크,경영,2026년 중소기업 정보보호 특화지원사업 수요기업 모집 공고,,,2026-07-09,https://www.bizinfo.go.kr/sii/siia/selectSIIA200Detail.do?pblancId=PBLN_000000000124174,예산 소진시까지,중소기업,"최근 사이버보안 위협이 고도화ㆍ지능화됨에 따라 기업의 규모와 관계없이 침해사고가 발생하고 있으나, 중소기업은 보안 인력 및 투자 여력 부족으로 대응 역량 확보에 어려움을 겪고 있습니다. 이에 인천광역시 및 인천테크노파크에서는 인천지역 중소기업 특화지원사업[컨설팅 및 MDR 서비스(침해탐지대응서비스) 등]을 시행합니다. 2026년 인천지역 중소기업 정보보호 특화지원사업의 수요기업을 아래와 같이 모집하고자 하오니, 많은 관심과 참여 바랍니다. ☞ 중소기업기본법 제2조에 따른 중소기업 중 인천 전략산업 영위 기업 또는 침해사고 피해(우려","경영,서울,부산,대구,인천,전남광주,대전,울산,세종,경기,강원,충북,충남,전북,경북,경남,제주,2026,인천테크노파크,인천광역시,중소기업,디지털,데이터,로봇,미래차,바이오,반도체,항공,전략산업,침해사고피해기업,침해사고피해우려기업,컨설팅,정보보호",컨설팅,3502
606,대구광역시,대구기계부품연구원,기술,2026년 산업혁신기반구축사업 휴머노이드 로봇 안전인증센터 구축 사업 휴머노이드 로봇시험 및 기술지원 수혜기업 모집 공고,2026-07-08,2026-09-30,2026-07-09,https://www.bizinfo.go.kr/sii/siia/selectSIIA200Detail.do?pblancId=PBLN_000000000124171,,중소기업,"2026년도 산업혁신기반구축사업으로 추진 중인「휴머노이드 로봇 안전인증센터 구축 사업」의 기업지원 수혜기업 모집 공고를 아래와 같이 실시하오니, 관심 있는 기업의 많은 참여를 바랍니다. ☞ 휴머노이드 로봇 관련 부품, 모듈, 완제품 기업 ☞ 휴머노이드 로봇의 모듈 단위 반복 재현성, 정밀도 등 로봇 신뢰성 평가, 휴머노이드 로봇 활용 공정 시뮬레이션 지원","기술,서울,부산,대구,인천,전남광주,대전,울산,세종,경기,강원,충북,충남,전북,경북,경남,제주,공정 시뮬레이션,안전인증센터,휴머노이드 로봇,2026,완제품,모듈,부품,신뢰성,대구기계부품연구원,대구광역시",기술사업화/이전/지도,3353
607,인천광역시,인천광역시 노사민정협의회,인력,[인천] 산업재해 예방 및 노동안전보건 증진을 위한 방호장치 및 휴게시설 개선 지원사업 공고,,,2026-07-09,https://www.bizinfo.go.kr/sii/siia/selectSIIA200Detail.do?pblancId=PBLN_000000000124159,예산 소진시까지,중소기업,"「인천광역시 소규모 사업장 산업재해 예방 및 노동안전보건 증진 사업」 관련 ‘인천시 소재 50인 미만 사업장에 대한 방호장치 및 휴게시설 개선 지원사업’을 아래와 같이 시행하오니 많은 신청바랍니다. ☞ 인천광역시 소재 50인 미만 사업장(사업주) - 인천시에 주소지를 두고 산재보험에 가입한 상시근로자 50인 미만 사업장 ※ 「중소기업기본법 시행령」[별표3]에 따른 소기업 규모 기준 매출액 사업장 포함 ☞ 사업장당 최대 200만원 지원 - (방호장치) 「산업안전보건법」,「동법 시행령, 시행규칙」에서 규정된 방호조치를 위한 모든 안전장","인력,경영,인천,인천광역시,직접수행,인천광역시 노사민정협의회,산업재해예방,노동안전보건,방호장치,보호구,휴게시설,50인미만사업장,2026",작업환경개선,2931
608,부산광역시,부산테크노파크,기술,[부산] 2026년 중소기업 빅데이터 분석ㆍ활용 지원사업 데이터 가치평가 수요기업 모집 공고,2026-07-08,2026-10-06,2026-07-09,https://www.bizinfo.go.kr/sii/siia/selectSIIA200Detail.do?pblancId=PBLN_000000000124154,,중소기업,"(재)부산테크노파크는 부산광역시와 함께「2026년 중소기업 빅데이터 분석ㆍ활용 지원사업」의 일환으로, 부산 지역 기업의 빅데이터 분석ㆍ활용 역량을 강화하기 위해 데이터 가치평가 수요기업을 아래와 같이 모집하오니, 많은 관심과 신청 바랍니다. ☞ 부산광역시 소재 기업 ☞ 데이터 가치평가 지원 (사전 컨설팅 & 가치평가 비용)","기술,부산,데이터 가치평가,2026,활용,분석,부산테크노파크,가치평가,빅데이터,부산광역시,컨설팅,중소기업",기술사업화/이전/지도,3166
609,경기도,경기대진테크노파크,경영,[경기] 연천군 2026년 우리동네 맑은공기 패키지 지원사업 재공고,,,2026-07-09,https://www.bizinfo.go.kr/sii/siia/selectSIIA200Detail.do?pblancId=PBLN_000000000124152,예산 소진시까지,중소기업,"「대기환경보전법」제81조 및 환경부「소규모 사업장 방지시설 설치 지원사업 업무처리지침」에 따라 연천군 청산대전 산업단지 및 주변 운영 중인 소규모 사업장에서 발생하는 미세먼지, 악취 등 대기오염물질을 저감하고, 영세 사업장의 대기환경 규제 대응력 및 환경관리 역량 강화를 지원하기 위한「2026년 연천군 우리동네 맑은공기 패키지 지원사업」을 아래와 같이 공고하오니 지원을 희망하는 중소기업은 경기대진테크노파크로 신청하여 주시기 바랍니다. ☞「중소기업기본법」시행령 제3조제1항에 따른 중ㆍ소기업 -「대기환경보전법」시행령 제13조에 따른 4","경영,경기,청산대전산업단지,2026,개선비용,대기오염,개선,방지시설,연천군,경기대진테크노파크,설치,소규모사업장,경기도,중소기업",시설/입지지원,2812
610,전남광주통합특별시,전남테크노파크,기술,[전남광주] 여수시 2026년 4차 여수국가산업단지 AX 수혜기업 모집 재공고,,,2026-07-08,https://www.bizinfo.go.kr/sii/siia/selectSIIA200Detail.do?pblancId=PBLN_000000000124130,상시 접수,중소기업,"여수국가산업단지의 AI 전환을 위해 아래와 같이 기업지원 프로그램을 공고하오니, 많은 관심과 참여 바랍니다. ☞ 여수국가산업단지에 위치한 석유화학 관련 업종 - AX를 진행하고자 하는 설비ㆍ시설ㆍ인력이 여수국가산업단지 내 위치하고 있을 것 - 업종 : 석유화학 및 전후방업종(석유화학기업(C19,C20)과 거래한 거래내역 증빙 부품제조, 유지보수, 가공 등의 기업) ☞ AI 활용 에너지효율향상, AI 활용 신제품 개발, AI 활용 공정 안정화, AI활용 공정변화, AI활용 인력운영 지원 ※ 자세한 지원내용 공고문 참조","기술,인력,전남광주,전남광주통합특별시,인력운영,공정변화,공정안정화,여수국가산업단지,석유화학기업,2026,AX,AI활용,에너지효율향상,석유화학,신제품개발,전라남도,전남테크노파크,AI",기술사업화/이전/지도,4997
611,경기도,경기도경제과학진흥원,창업,[경기] 2026년 반려동물 창업 공모전 참가자 모집 공고,2026-07-06,2026-08-24,2026-07-08,https://www.bizinfo.go.kr/sii/siia/selectSIIA200Detail.do?pblancId=PBLN_000000000124128,,창업벤처,"경기도 내 사회적경제조직의 제품 및 기술을 활용한 반려동물산업 분야의 유망 창업 아이디어를 보유한 예비·초기 창업자를 발굴하고자「경기도 반려동물 창업 공모전」참가자를 모집하오니, 창의적이고 열정 있는 도내 예비·초기 창업자 여러분의 많은 관심과 참여를 바랍니다. ☞ 경기도 거주 예비창업자 및 도내 3년 이내 초기창업자 - 도내 사회적경제조직의 제품 및 기술을 활용한 반려동물산업 관련 기술ㆍ지식산업형 사업화 아이템 보유자 ※ 사회적경제조직 : (예비)사회적기업, 마을기업, 협동조합, 소셜벤처 등 ※ 기술분야 : 푸드, 헬스ㆍ케어, 미","창업,경기,ICT 결합상품,2026,반려동물산업,케어,푸드,가구,헬스,패션,초기창업자,예비창업자,미용,ICT,경기도경제과학진흥원,경기도,사회적기업",사업화지원,7702
612,전남광주통합특별시,전남정보문화산업진흥원,기술,[전남광주] 2026년 KOLAS 공인 시험성적서 발급 지원 공고,,,2026-07-08,https://www.bizinfo.go.kr/sii/siia/selectSIIA200Detail.do?pblancId=PBLN_000000000124122,상시 접수,중소기업,"전라남도 내 소재 중소 ICT/SW기업에서 SW시험 및 인증에 소요되는 비용, 시간 절약 및 편의 증대를 위한 2026년 KOLAS 공인 시험성적서 발급 지원을 다음과 같이 공고합니다. ☞ 전라남도 소재 ICT/SW기업 ☞ 전라남도 내 기업 KOLAS 공인 시험성적서 발급비용 20% ~ 30% 할인지원 ※ 자세한 지원내용 공고문 참조","기술,전남광주,전남광주통합특별시,KOLAS,전남정보문화산업진흥원,시험성적서,SW,ICT,2026,중소기업,공인시험성적서,시험성적서발급비용",시험/인증,3127
613,경기도,평택산업진흥원,내수,[경기] 평택시 2026년 3차 기업 전시회 참가 지원사업 모집 공고(국내 전시회(공동관)),2026-07-07,2026-08-28,2026-07-08,https://www.bizinfo.go.kr/sii/siia/selectSIIA200Detail.do?pblancId=PBLN_000000000124121,,중소기업,"재단법인 평택산업진흥원에서는 관내 중소기업의 국내 전시회(공동관) 참가를 지원하여 기업의 제품ㆍ기술 홍보를 통해 브랜드 인지도 제고를 도모하고, 해외 판로개척 및 수출 기회를 확대하고자 아래와 같이 참여기업을 모집하오니 많은 관심과 참여 바랍니다. ☞ 공고 마감일 기준 사업장 소재지가 평택인「중소기업 기본법」제2조에 의한 중소기업 ☞ 국내 전시회(공동관) 참가비, 장치비, 홍보비 등 지원(기업당 최대 4백만원 이내)","내수,경기,2026,평택산업진흥원,홍보비,브랜드,홍보,판로개척,경기도,중소기업,평택시,국내전시회,부스임차비,참가비,장치비,전시회운영",오프라인,3021
614,산업통상부,한국남부발전,경영,2026년 산업부 혁신제품 지정 컨설팅 지원사업 참여기업 공고,2026-07-06,2026-10-31,2026-07-08,https://www.bizinfo.go.kr/sii/siia/selectSIIA200Detail.do?pblancId=PBLN_000000000124120,,중소기업,"우리 기관은 중소기업이 개발한 우수한 연구개발 제품의 공공시장 진입을 지원하기 위하여 산업부 혁신제품 신청에 어려움을 겪는 중소기업에게 전문기관 컨설팅을 지원하고자 하오니 관심있는 기업은 많은 신청 바랍니다. ☞ 산업부 혁신제품 신청이 가능한 중소기업 연구개발 제품 ※ 산업부 혁신제품 이외에 조달청, 과기부 등 타부처 혁신제품 인증 지원도 가능 ※ 자세한 지원대상 공고문 참조 ☞ 정부 혁신제품 지정 신청을 위한 컨설팅 지원(50만원/건, 기업당 최대 2회) - 중소기업기술마켓 미인증 제품의 경우 기술마켓 등록, 기업당 1회 이상 방","경영,서울,부산,대구,인천,전남광주,대전,울산,세종,경기,강원,충북,충남,전북,경북,경남,제주,2026,한국남부발전,산업통상부,연구개발제품,혁신제품,공공시장,중소기업,컨설팅,기술마켓,맞춤형,1:1",컨설팅,3533
615,경기도,기초자치단체,금융,[경기] 부천시 2026년 하반기 중소기업육성자금 지원 계획 공고,,,2026-07-08,https://www.bizinfo.go.kr/sii/siia/selectSIIA200Detail.do?pblancId=PBLN_000000000124111,예산 소진시까지,중소기업,"「부천시 기업 육성 및 지원에 관한 조례」제40조의 규정에 따라 2026년도 하반기 중소기업육성자금 지원 계획을 다음과 같이 공고합니다. ☞ 신청일 현재「중소기업기본법」 제2조에 따른 중소기업 - 제조업, 제조업 관련 서비스업, 지식기반(서비스)산업, 호텔업 ※ 자세한 지원대상 공고문 참조 ☞ 협약은행에서 자금 대출 시 대출이자 일부 지원 - 이차보전율 : 0.5% ~ 3.0%(대출금리 및 상환조건에 따라 차등) - 융자기간 : 3년(3년 원금균등상환, 1년거치 2년상환) - 융자한도 : 기업당 총 10억원 이내(운전·시설자금 각 ","금융,경기,부천시,기초자치단체,경기도,융자,중소기업,2026,중소기업육성자금,제조업,제조업관련서비스업,지식기반산업,지식기반서비스산업,호텔업,대출이자",융자,4327
616,서울특별시,직접수행,경영,[서울] 2026년 소상공인 온라인 유통 MD 상담 참여 소상공인 모집 공고,,,2026-07-08,https://www.bizinfo.go.kr/sii/siia/selectSIIA200Detail.do?pblancId=PBLN_000000000124107,상시 접수,소상공인,"서울시 소재 소상공인들의 지속 가능한 유통 경쟁력 확보 및 대형 유통사 납품 기회 확대 지원을 위한 「2026년 서울시 소상공인 온라인 유통 MD 상담」 사업에 참여할 소상공인을 다음과 같이 모집하오니 많은 참여 바랍니다. ☞ 서울시 소재 소상공인 (상시근로자수 10인(5인) 미만 기업) ※ 제조업, 광업, 건설업, 운수업은 10인 미만, 기타 업종은 5인 미만 ☞ 국내외 다양한 분야의 유통채널 MD 매칭을 통한 온라인 상담 진행(1:1 또는 그룹상담), 유통 및 커머스 트렌드 전문가 교육 등 지원","경영,서울,2026,서울특별시,직접수행,소상공인,온라인,유통MD,상담,MD매칭,MD,유통채널,온라인상담,교육",교육,4620
617,전남광주통합특별시,광주경제진흥상생일자리재단,내수,[전남광주] 2026년 뷰티 라이브커머스 활성화지원 참여기업 모집 공고,,,2026-07-08,https://www.bizinfo.go.kr/sii/siia/selectSIIA200Detail.do?pblancId=PBLN_000000000124086,모집 완료시,중소기업,"2026년 광주ㆍ전남 지역 뷰티기업의 온라인 판로 확대와 매출 증대를 위해 라이브커머스ㆍ마케팅ㆍ컨설팅을 연계한 수요맞춤형 지원사업을 추진하오니 희망하는 기업은 신청하여 주시기 바랍니다. ☞ 광주ㆍ전남통합특별시 소재 중소기업 「화장품법」제2조의 2(영업의 종류)에 따른 화장품업 또는 통신 기계기구ㆍ응용소프트웨어 등 기술적 요소가 가미된 뷰티테크 기업 ☞ 라이브커머스 방송, 마케팅(온라인 입점, 상세페이지 제작, 리뷰 마케팅), 맞춤형 컨설팅 및 교육 지원 ※ 자세한 지원내용 공고문 참조","내수,전남광주,단계별교육,컨설턴트매칭,1:1전담,CS응대,리뷰마케팅,2026,썸네일,광주경제진흥상생일자리재단,할인프로모션,상세페이지제작,SNS,제품홍보,광주광역시,컨설팅,마케팅",온라인,2719
618,농림축산식품부,한국식품산업클러스터진흥원,기술,2026년 3차 고령친화우수식품 신규지정 계획 공고,2026-08-05,2026-08-26,2026-07-08,https://www.bizinfo.go.kr/sii/siia/selectSIIA200Detail.do?pblancId=PBLN_000000000124085,,중소기업,한국식품산업클러스터진흥원은「고령친화산업 진흥법」제10조에 따라 고령친화식품산업의 지원과 육성을 위하여 농림축산식품부 및 해양수산부로부터 “고령친화산업지원센터”로 지정받은 공공기관입니다. 우리 식품진흥원은 고령친화식품산업의 활성화를 위하여「2026년 제3차 고령친화우수식품 신규지정 계획」을 아래와 같이 공고하오니 관심있는 기업의 많은 참여 바랍니다. ☞ 식품안전관리인증기준(HACCP) 적용업소로 인증을 받은 영업자가 생산하는 제품 또는「건강기능식품에 관한 법률」에 따라 품목제조신고가 완료된 제품을 보유한 기업 ☞ 고령친화우수식품 지정,"기술,서울,부산,대구,인천,전남광주,대전,울산,세종,경기,강원,충북,충남,전북,경북,경남,제주,2026,고령친화우수식품,한국식품산업클러스터진흥원,HACCP,건강기능식품,해양수산부,농림축산식품부",시험/인증,2955
619,경상남도,경남테크노파크,기술,2026년 중고로봇 재제조 로봇리퍼브센터 기반구축 기업지원사업(기술지도) 모집 공고,,,2026-07-08,https://www.bizinfo.go.kr/sii/siia/selectSIIA200Detail.do?pblancId=PBLN_000000000124081,모집 마감시,중소기업,"중고로봇 재제조산업 육성 및 생태계 조성을 위해 경상남도와 김해시가 지원하는「중고로봇 재제조 로봇리퍼브센터 기반구축 사업」의 일환으로 중고로봇 관련 기업의 기술 경쟁력 강화를 위한 기술지원 수혜기업 모집을 아래와 같이 공고하오니 많은 관심과 참여 바랍니다. ☞ 중고 로봇 재제조 기술 개발에 관심이 있고 참여 의사가 있는 기업, 대학 비영리 법인연구소 협회 등 등에 소속된 기업 또는 기관 ☞ 기술지도 지원기술 전문가를 통한 컨설팅 지원 - 중고로봇 재제조 관련 공정기술, 로봇티칭기술에 관련된 전문가 기술 컨설팅 지원, 기술적 문제해결","기술,서울,부산,대구,인천,전남광주,대전,울산,세종,경기,강원,충북,충남,전북,경북,경남,제주,로봇리퍼브센터,재제조산업,중고로봇,로봇 재제조,2026,기술지원,경남테크노파크,기술지도,경상남도",기술사업화/이전/지도,2840
620,기후에너지환경부,한국에너지공단,금융,2026년 재생에너지 금융지원사업 지원 변경 공고,,,2026-07-07,https://www.bizinfo.go.kr/sii/siia/selectSIIA200Detail.do?pblancId=PBLN_000000000124055,예산 소진시까지,중소기업,"“2026년 재생에너지 금융지원사업” 공고(제2026-311호)에 대한 변경사항을 다음과 같이 공고합니다. ☞「신에너지 및 재생에너지 개발ㆍ이용ㆍ보급 촉진법」제2조에 따라 규정된 재생에너지 관련 시설물을 제조ㆍ생산 또는 설치하는 개인(협동조합 포함) 또는 기업 ※ 자세한 지원대상 공고문 참조 ☞ 시설자금, 생산자금 지원 - 시설자금 : 해당시설(중고설비 제외) 및 부대설비의 구입비, 설치ㆍ개수공사비(계통연계비 포함), 보수비·설계ㆍ감리비(기술도입비 포함) 및 시운전비 등에 한함(5,000kW초과 수력설비 제외) - 생산자금 : 재생","금융,서울,부산,대구,인천,전남광주,대전,울산,세종,경기,강원,충북,충남,전북,경북,경남,제주,기후에너지환경부,2026,금융지원사업,생산자금,재생에너지,한국에너지공단,시설자금,중견기업,중소기업",융자,5356
621,고용노동부,경북산학융합원,인력,[대구ㆍ경북] 2026년 사회적가치형 청년 일경험 지원사업 참여기업 모집 공고,,,2026-07-07,https://www.bizinfo.go.kr/sii/siia/selectSIIA200Detail.do?pblancId=PBLN_000000000124046,상시 접수,사회적기업,"본 사업은 사회적기업의 사회적 가치 창출 활동에 청년이 직접 참여하여 실무 중심의 직무경험을 쌓고 이를 통해 청년의 노동시장 진입을 촉진하며 사회적기업의 사회적 가치 확산에 기여하고자 하는 사업입니다. ☞ 대구, 경북소재 사회적기업 또는 예비 사회적기업 - 사업신청기준 고용보험 가입자 3인 이상의 사업장 - 사업신청기준 6개월 이상 운영 중일 것(신규설립 기업 검토용) - 청년의 멘토로 지정 가능한 1년 이상 재직 정규근로자가 있을 것 - 참여청년이 근무할 공간 및 기기를 제공할수 있을 것 ☞ 기업 지원금 및 기업 멘토수당 지원 -","인력,대구,경북,사회적가치형청년일경험지원사업,청년일경험지원사업,2026,멘토수당,경북산학융합원,기업지원금,고용노동부,한국사회적기업진흥원,예비사회적기업,사회적기업",고용환경개선,3041
622,서울특별시,국가녹색기술연구소,경영,[서울] 2026년 서울기후테크산업지원센터 경영 및 기술컨설팅 공고,,,2026-07-07,https://www.bizinfo.go.kr/sii/siia/selectSIIA200Detail.do?pblancId=PBLN_000000000124045,상시 접수,중소기업,"국가녹색기술연구소는 서울시 내 중소기업 및 예비창업자를 위하여 다음과 같이 다양한 전문가 풀을 활용한 맞춤형 멘토링을 무료로 진행하고자 합니다. ☞ 서울시 소재 녹색분야 중소기업 및 예비창업자 -「중소기업기본법」제2조의 중소기업으로서, 본사 또는 지사(예비창업자의 경우 주소지) 의 서울시 소재 - 기획(개발), 판매 중인 제품(기술)의 에너지 절감, 온실가스 저감 등 환경 관련성 필요 ☞ 전문가 매칭 후 멘토링 지원(기업당 최대 3회)","기술,창업,경영,서울,2026,서울기후테크산업지원센터,탄소배출권,경영일반,국가녹색기술연구소,기후테크,자금조달,노무,기술컨설팅,법률,예비창업자,세무,회계,인사,서울특별시,인증,조달,마케팅,멘토링,특허,중소기업",컨설팅,3096
623,산업통상부,전북대학교산학협력단,기술,2026년 2차 물리ㆍ화학적 시험평가인증 지원사업 공고(메카노바이오활성소재 혁신의료기기 실증 기반구축),,,2026-07-07,https://www.bizinfo.go.kr/sii/siia/selectSIIA200Detail.do?pblancId=PBLN_000000000124043,예산 소진시까지,중소기업,"전북대학교 혁신의료기기 비임상센터에서는 산업통상자원부, 전북특별자치도 및 전주시의 지원으로 추진되는「산업혁신기반구축사업」의 일환으로 2026년도 물리ㆍ화학적 시험ㆍ평가ㆍ인증 지원사업을 다음과 같이 공고하오니, 의료기기 전ㆍ후방 산업군에 해당하는 중소ㆍ중견기업의 많은 관심과 적극적인 참여를 바랍니다. ☞ 의료기기 전ㆍ후방 산업군에 해당하는 전국의 중소ㆍ중견기업 ☞ 물리ㆍ화학적 시험ㆍ평가ㆍ인증에 필요한 시험분석 검사비 등 지원 (기업당 최대 4백만 원) ※ 자세한 지원내용 공고문 참조","기술,서울,부산,대구,인천,전남광주,대전,울산,세종,경기,강원,충북,충남,전북,경북,경남,제주,비임상센터,산업통상부,2026,혁신의료기기,기반구축,전북대학교산학협력단,메카노바이오활성소재,전후방,검사비,시험,시험분석,실증,평가,인증,전국,의료기기,중견기업,중소기업",시험/인증,4973
624,중소벤처기업부,대중소기업농어업협력재단,기타,2026년 제2차 윈윈 아너스(WIN-WIN HONORS) 프로젝트 추진계획 공고,2026-07-06,2026-08-31,2026-07-07,https://www.bizinfo.go.kr/sii/siia/selectSIIA200Detail.do?pblancId=PBLN_000000000124020,,중소기업,"대ㆍ중소기업의 협력과 파트너십에 기반한 함께 성장하는 우수사례를 발굴 및 확산하는「윈윈 아너스(WIN-WIN HONORS) 프로젝트」계획을 다음과 같이 공고 하오니 많은 참여 바랍니다. ☞ 상생협력 우수사례를 보유한 대기업(금융계 포함), 중견ㆍ중소기업, 공공기관 등 ※ 공고일로부터 1년 이내 완료했거나 진행 중인 상생협력 활동 및 사업 ☞ 우수사례(WIN-WIN HONORS)를 홍보, 기념패 수여, 인센티브 지원 - 동반성장평가 우대, 동반성장 정부포상 우대, 정부포상 우대, 민ㆍ관 공동 전략형 상생협력사업 선정 우대, 수ㆍ위탁거","기타,서울,부산,대구,인천,전남광주,대전,울산,세종,경기,강원,충북,충남,전북,경북,경남,제주,2026,윈윈아너스,우수사례,대중소기업농어업협력재단,대기업,인센티브,동반성장,중견,중소벤처기업부,중소기업",동반성장,3072
625,산업통상부,한국디자인진흥원,경영,[서울ㆍ인천ㆍ강원] 2026년 상시 디자인 컨설팅 지원 공고,2026-07-03,2026-12-31,2026-07-06,https://www.bizinfo.go.kr/sii/siia/selectSIIA200Detail.do?pblancId=PBLN_000000000123983,,중소기업,"한국디자인진흥원에서 서울, 인천, 강원지역 중소기업들에게 상시적 디자인 컨설팅을 통하여 기업의 제품개발과 관련된 애로사항을 진단하고, 방향성을 제시하는 맞춤형 일일 컨설팅을 지원하오니, 많은 관심과 신청 바랍니다. ☞ 서울ㆍ인천ㆍ강원 소재 중소ㆍ중견기업 ☞ 디자인 관련 자문, CMF 컨설팅 등 지원(제품 디자인, 제조기술, 시각디자인, 브랜드ㆍ패키지, UX/UI 등) - 미팅룸, 컨퍼런스룸, 촬영스튜디오 무료대관시설 지원","경영,서울,인천,강원,무료대관시설,2026,제조기술,CMF,UI,UX,브랜드,시각디자인,한국디자인진흥원,제품디자인,자문,중견,디자인,패키지,컨설팅,산업통상자원부,중견기업,중소기업",컨설팅,3648
626,경상남도,한국전기연구원,기술,[경남] 창원시 2026년 강소특구 이노테크 기업육성 SPDM 기반 맞춤형 시뮬레이션 지원 공고,,,2026-07-06,https://www.bizinfo.go.kr/sii/siia/selectSIIA200Detail.do?pblancId=PBLN_000000000123982,예산 소진시까지,중소기업,"창원시 소재 기업의 기술적 애로해소 및 사업화 지원을 통해 창원 강소특구 특화분야 산업을 육성하기 위하여 2026년 강소특구 이노테크 기업육성(SPDM 기반 맞춤형 시뮬레이션 지원)을 아래와 같이 공고하오니 동 사업에 참여를 희망하는 기업은 공고 내용에 따라 신청하여 주시기 바랍니다. ☞ 강소특구 내 기업, 지역 특화 기업 등 (각 세부 사업별 상이) - (1순위) 강소특구 내 기업 - (2순위) 강소특구 소재 기초지자체 기업 중 ①특화 분야 기업, ②강소특구 육성사업 수혜기업, ③공공기술을 이전 받은 기업 ☞ 수치해석 기반 시뮬레","기술,경남,제품해석,최적설계,성능예측,창원강소특구,2026,결과보고서,경남창원강소특구,강소특구,시뮬레이션,한국전기연구원,솔루션,제품개발,경상남도",기술사업화/이전/지도,2853
627,과학기술정보통신부,한국데이터산업진흥원,경영,2026년 마이데이터 전문가 상시자문 지원 공고,2026-05-11,2026-12-18,2026-07-06,https://www.bizinfo.go.kr/sii/siia/selectSIIA200Detail.do?pblancId=PBLN_000000000123973,,중소기업,"마이데이터 산업생태계 지원을 위해, 과학기술정보통신부 주관 한국데이터산업진흥원이 추진하는「2026년 마이데이터 전문가 상시자문」을 아래와 같이 실시합니다. ☞ 마이데이터 사업화 추진 기업 및 개인(예비 창업자) ☞ 법ㆍ제도, 사업화, 기술 등 분야별 전문가가 개인ㆍ기업의 마이데이터 관련 문의사항에 맞춰 상황별 원포인트 솔루션 지원","경영,서울,부산,대구,인천,전남광주,대전,울산,세종,경기,강원,충북,충남,전북,경북,경남,제주,2026,과학기술정보통신부,한국데이터산업진흥원,마이데이터,상시자문,예비 창업자,법ㆍ제도,사업화,원포인트 솔루션",컨설팅,3447
628,경상북도,경북테크노파크,기술,[경북] 2026년 규제샌드박스 지원사업 지원기업 모집 재공고,,,2026-07-06,https://www.bizinfo.go.kr/sii/siia/selectSIIA200Detail.do?pblancId=PBLN_000000000123968,세부사업별 상이,중소기업,"경상북도와 (재)경북테크노파크는 경북 기업의 규제샌드박스 제도 활용을 독려하고 혁신성장을 지원하기 위해 「2026년 경상북도 규제샌드박스 지원사업」 지원기업을 모집하오니 참여를 희망하는 기업의 많은 신청 바랍니다. ☞ 경북 소재 중소ㆍ중견기업 중 규제샌드박스 신청을 희망하거나 실증특례 승인 후 실증 지원을 희망하는 기업 ☞ 규제샌드박스 상담, 규제샌드박스 컨설팅 지원, 규제 샌드박스 실증 지원 ※ 자세한 지원내용 공고문 참조","기술,경북,2026,규제샌드박스,실증,컨설팅,경상북도,경북테크노파크,중견기업,상담,중소기업",기술사업화/이전/지도,2745
629,산업통상부,경남테크노파크,기술,2026년 경남 나노 소재ㆍ제품 기업지원 수혜기업 상시 모집 공고,,,2026-07-06,https://www.bizinfo.go.kr/sii/siia/selectSIIA200Detail.do?pblancId=PBLN_000000000123966,모집 완료시,중소기업,"산업통상부와 경상남도, 밀양시가 지원하는 「나노 소재ㆍ제품 안전성평가 지원센터 구축」 사업의 일환으로 나노 소재ㆍ제품 관련 기업의 시험평가 애로해소를 위한 물리ㆍ화학적 시험평가지원 및 분야별 맞춤 전문가 컨설팅 지원을 다음과 같이 공고하오니 많은 참여 바랍니다. ☞ 나노 소재ㆍ제품 관련 분야 중소ㆍ중견기업 ☞ 물리ㆍ화학적 시험평가(지원장비를 활용한 나노 소재 분석), 나노소재 안전성 컨설팅(나노소재ㆍ제품의 안전성 관련 기업애로 사항에 대한 전문가 맞춤형 컨설팅) 지원","기술,경영,서울,부산,대구,인천,전남광주,대전,울산,세종,경기,강원,충북,충남,전북,경북,경남,제주,산업통상부,2026,나노제품,나노소재,기업애로,시험평가,경남테크노파크,컨설팅,중견기업,중소기업,밀양시",시험/인증,2641
630,부산광역시,부산테크노파크,인력,[부산] 2026년 3차 고위험산업 사각지대 집중관리사업(안전보호구 지원) 추가모집 공고,2026-07-01,2026-08-31,2026-07-06,https://www.bizinfo.go.kr/sii/siia/selectSIIA200Detail.do?pblancId=PBLN_000000000123961,,중소기업,"부산광역시와 부산테크노파크는 지역내 소규모 사업장의 중대재해 예방활동을 지원하고 사고위험의 격차를 해소하기 위해「2026년 고위험 산업 사각지대 집중관리 사업(안전보호구 지원)」의 참여기업을 다음과 같이 추가 모집합니다. ☞ 부산지역 내 30인 미만 소규모 사업장으로서, 본 사업에서 지정한 부산 3대 고위험 산업군에 해당하는 기업 - 고위험 산업군 1 : 뿌리산업 (※ 뿌리산업 진흥과 첨단화에 관한 법률 시행령 제2조 근거) - 고위험 산업군 2 : 창고ㆍ항만물류업 - 고위험 산업군 3 : 수리조선ㆍ기자재업 ☞ 중대재해 예방의 사각","인력,경영,부산,기자재업,고위험산업,안전보호구,고위험산업군,2026,수리조선,30인미만,부산테크노파크,중대재해,부산광역시,소규모사업장",작업환경개선,2601
631,경상남도,경남무역,수출,[경남] 2026년 2차 중소기업 해외인증 획득 지원사업 참가 업체 모집 공고,2026-07-02,2026-08-31,2026-07-03,https://www.bizinfo.go.kr/sii/siia/selectSIIA200Detail.do?pblancId=PBLN_000000000123939,,중소기업,"경상남도에 위치한 기술 경쟁력을 갖춘 중소기업의 원활한 수출을 지원하기 위한「2026 중소기업 해외인증 획득 지원사업」에 참가할 기업을 아래와 같이 모집하오니, 참가를 희망하는 기업의 많은 신청 바랍니다. ☞ 도내 소재(본사 또는 공장) 중소기업으로, '26년 1~12월 내에 인증 획득을 완료한 기업(신청일 기준 획득 완료) ☞ 해외인증 획득비용의 50%(업체당 3백만 원 이내) 지원","기술,수출,경남,2026,해외인증획득,획득,해외규격인증,해외인증,경남무역,경상남도,수출지원,중소기업",해외진출준비,4007
632,중소벤처기업부,전남정보문화산업진흥원,내수,2026 디지털커머스 전문기관(소담스퀘어 in 전남) 지원사업 공고,,,2026-07-03,https://www.bizinfo.go.kr/sii/siia/selectSIIA200Detail.do?pblancId=PBLN_000000000123926,예산 소진시까지,소상공인,"소상공인의 온라인시장 진출 촉진 및 판로 지원을 위한 2026년 디지털커머스 전문기관(소담스퀘어 전주) 소상공인 지원프로그램을 다음과 같이 안내드리오니 많은 관심과 참여부탁드립니다. ☞ 디지털전환이 필요한 소상공인 ☞ 디지털콘텐츠 제작, 업종별 특성에 맞는 콘텐츠 제작(사진촬영ㆍ상세페이지ㆍSNS 숏폼 콘텐츠) 지원 - 스튜디오 및 현장 라이브커머스 제작, 라이브커머스 제작ㆍ송출, 호스트 섭외, 남도장터 플랫폼 입점 지원 - 남도장터 및 남도장터 제휴몰 온라인 기획전, 소담스퀘어 전용 기획관 입점, 할인 프로모션(할인 쿠폰 및 홍보)","내수,서울,부산,대구,인천,전남광주,대전,울산,세종,경기,강원,충북,충남,전북,경북,경남,제주,2026,중소벤처기업부,전남정보문화산업진흥원,소상공인,온라인시장,디지털커머스,소담스퀘어,디지털전환,디지털콘텐츠,사진촬영,상세페이지,SNS숏폼,호스트섭외,남도장터,입점지원,할인프로모션",온라인,3968
633,경상남도,김해의생명산업진흥원,기술,[경남] 김해시 2026년 하반기 중소기업 산업인증비용 지원사업 공고,,,2026-07-03,https://www.bizinfo.go.kr/sii/siia/selectSIIA200Detail.do?pblancId=PBLN_000000000123923,예산 소진시까지,중소기업,"김해 관내 중소기업의 산업재산권, 국제표준인증, 혁신인증 획득에 따른 매출증대 및 판매처 확대에 기여 하기 위해 「2026년 하반기 중소기업 산업인증비용 지원사업」 시행 계획을 다음과 같이 공고하오니, 많은 신청 바랍니다. ☞ 본사 또는 공장등록 소재지가 김해인 중소기업 - 단, 이노비즈 및 메인비즈 인증 가능 업종을 “제조업”에 한함 ☞ 산업재산권(특허출원 / 실용신안, 상표권, 디자인권), 국내ㆍ외 인증, 국제표준 경영시스템, 혁신인증 비용 지원 - 업체별 1건의 인증비용을 지원함 (중복지원 불가) - 국제표준 및 혁신인증 각 ","기술,경남,2026,혁신인증,KS,KC,국제표준경영시스템,디자인권,ISO9001,특허출원,상표권,산업재산권,실용신안,FDA,김해시,김해의생명산업진흥원,경상남도,인증,국제표준,인증비용,중소기업,제조업",시험/인증,3615
634,산업통상부,대한상공회의소,경영,2026년 중소ㆍ중견기업 수입규제 대응 컨설팅 신청 공고,2026-03-01,2026-12-31,2026-07-03,https://www.bizinfo.go.kr/sii/siia/selectSIIA200Detail.do?pblancId=PBLN_000000000123922,,중소기업,"대한상공회의소는 전문 수행기관을 통해 국제무역에 참여하는 중소ㆍ중견기업 및 협ㆍ단체를 대상으로 수입규제 대응, 미국 무역확장법 제 232조 등 주요 통상 이슈 대응, 산업피해 대응을 위한 맞춤형 컨설팅을 제공합니다. ☞ 국제무역 종사기업 중 중소ㆍ중견기업, 협ㆍ단체 등 비영리법인 ☞ 수입규제 기본ㆍ심화 컨설팅, 산업피해 컨설팅, 철강ㆍ알루미늄 등 美무역확장법 232조 등 대응 컨설팅 지원","경영,서울,부산,대구,인천,전남광주,대전,울산,세종,경기,강원,충북,충남,전북,경북,경남,제주,2026,산업통상부,대한상공회의소,중소기업,중견기업,국제무역,수입규제,무역확장법,이슈대응,컨설팅,철강,알루미늄",컨설팅,3506
635,서울특별시,서울시여성가족재단,경영,[서울] 2026년 중소기업 워라밸 포인트제 적립 운영 공고(인증서 유효기간만료 및 포인트 추가 적립),,,2026-07-03,https://www.bizinfo.go.kr/sii/siia/selectSIIA200Detail.do?pblancId=PBLN_000000000123915,상시 접수,중소기업,"서울시는 중소기업 임직원의 임신ㆍ출산ㆍ육아 및 일ㆍ생활 균형 제도 활용을 장려하고, 아이 키우기 좋은 기업문화를 확산하기 위해 「서울시 중소기업 워라밸 포인트제」를 운영하고 있습니다. 이와 관련하여 2024년ㆍ2025년 워라밸 포인트제에 가입하여 증서를 발급받은 기업을 대상으로 추가 포인트 적립 제도를 시행하오니, 추가 포인트 적립을 통해 증서 유효기간을 연장하고 향후 확대되는 다양한 인센티브 등 지속적인 혜택을 지원 받으시기 바랍니다. ☞ 워라밸 포인트제 인증 후 1년 이상 경과 기업 ☞ 2년 연장된 새로운 인증서 발급 지원 - ","인력,경영,서울,2026,서울특별시,서울시여성가족재단,워라밸포인트제,중소기업,인증서발급,인센티브,인증단계업그레이드",디자인/상품화/사업화,3543
636,경상남도,기초자치단체,금융,[경남] 진주시 2026년 하반기 중소기업육성기금 지원계획 공고,,,2026-07-02,https://www.bizinfo.go.kr/sii/siia/selectSIIA200Detail.do?pblancId=PBLN_000000000123907,예산 소진시까지,중소기업,2026년 하반기 진주시 중소기업육성기금 지원 계획을 다음과 같이 변경 공고합니다. ☞ 진주시에 본사와 사업장을 둔 중소기업으로서 다음 중 어느 하나에 해당되어야 함 ① 공장등록을 완료하고 제조전업률이 30% 이상인 제조업체 (제조전업률 = 손익계산서상 제품매출액/총매출액) ② 공장등록을 완료하고「중소기업협동조합법」제2조 1호 나목에 따른 중소기업협동조합 ③ 소프트웨어 개발업체(한국표준산업분류코드 58221~58222) ☞ 업체별 융자한도 2억원 ~ 9억원 지원 ※ (재해피해업체) 기존한도의 1.5배 이내(최대 11억 원) ※ 자세,"금융,경남,소프트웨어개발업체,기술개발비용,재해피해업체,우대자금,2026,중소기업육성기금,기업경영,중소기업육성자금,시설현대화,경영안정자금,진주시,중소기업협동조합,일반자금,기초자치단체,경상남도,제조업,융자,중소기업",융자,6418
637,충청북도,충북테크노파크,기술,[충북] 2026년 기술닥터 기업애로상담 프로그램 수요기업 모집 공고,,,2026-07-02,https://www.bizinfo.go.kr/sii/siia/selectSIIA200Detail.do?pblancId=PBLN_000000000123905,예산 소진시까지,중소기업,"충북테크노파크에서는 지역 내 기업들의 현장애로기술 해결을 통해 충북 중소기업의 경쟁력 강화를 위한 「2026 충북 기술닥터 기업애로상담 프로그램 수요기업 모집 공고」를 다음과 같이 안내하오니 많은 관심과 참여바랍니다. ☞ 충북 지역 내에 소재한 중견ㆍ중소기업으로 충북 주력산업 영위기업 ☞ 기업당 최대 10회 기술애로상담 지원 - 단기애로 해결 지원프로그램, 심화애로 해결 지원프로그램, 집필 지원프로그램 지원 - 지원분야 : 경영, 마케팅, 수출, 기술사업화, 기타 ※ 자세한 지원내용 공고문 참조","기술,충북,충북테크노파크,충청북도,2026,기술애로상담,단기애로,심화애로,기술닥터,기업애로상담,중소기업,중견기업,주력산업영위기업,주력산업",기술정보제공,5331
638,울산광역시,울산경제일자리진흥원,기술,[울산] 2026년 하반기 산업안전보건 국제표준 인증기업 지원사업 시행 공고,,,2026-07-02,https://www.bizinfo.go.kr/sii/siia/selectSIIA200Detail.do?pblancId=PBLN_000000000123904,예산 소진시까지,중소기업,"중소기업의 안전보건관리체계 구축을 위한 국제표준(ISO45001)인증을 취득한 중소기업에 대하여 최초심사 비용을 지원하여 산업재해를 예방하고자 다음과 같이 지원사업을 시행하오니 많은 신청바랍니다. ☞ 사업장 소재지가 울산인 상시근로자 50인 미만 중소기업 ☞ ISO45001 국제표준 인증 최초심사(컨설팅비 포함) 비용 지원 - 인증비용(컨설팅비, 심사비)의 50% 이내, 업체당 최대 300만원","기술,수출,울산,최초심사,2026,울산경제일자리진흥원,국제표준,ISO45001,국제표준인증,산업안전보건,울산광역시,인증,컨설팅,중소기업",시험/인증,5554
639,충청북도,충청북도기업진흥원,창업,[충북] 2026년 3분기 청년 소상공인 창업응원금 지원 참여자 모집 공고,,,2026-07-02,https://www.bizinfo.go.kr/sii/siia/selectSIIA200Detail.do?pblancId=PBLN_000000000123901,선착순 접수,소상공인,"충북도내 청년 창업자의 경영의욕을 고취시키고 청년 일자리 창출 및 청년의 지역정착을 유도하고자 「청년 소상공인 창업응원금 지원」사업의 참여자를 모집하오니 도내 청년 소상공인의 많은 참여 바랍니다. ☞ 주민등록증 거주지가 충북도민인 청년(19~39세) 소상공인 중 7년이내 신규창업자 ※ 자세한 지원대상 공고문 참조 ☞ 청년 소상공인 창업응원금, 교육 지원 - 응원금 지급 : 도내 사업장 운영 중인 청년 소상공인에게 30만원 선착순 지급(생애1회, 3분기 300명, 분기별 선착순 모집) - 교육지원 : 응원금 지원 대상자 반기별 역량강","창업,경영,충북,2026,청년소상공인,창업응원금,신규창업자,세무회계,청년,충청북도,충청북도기업진흥원,마케팅,교육,소상공인,창업7년이내",사업화지원,6803
640,경기도,고양산업진흥원,경영,2026년 2차 고양시 영상기업 활용 인센티브 사업 공고,2026-07-01,2026-11-15,2026-07-02,https://www.bizinfo.go.kr/sii/siia/selectSIIA200Detail.do?pblancId=PBLN_000000000123900,,중소기업,"고양시와 고양산업진흥원은 국내 영상콘텐츠 제작사와 고양시 영상 기업의 협업을 촉진하기 위해 고양시 영상 기업 활용에 대한 인센티브 사업을 아래와 같이 시행합니다. 관련기업의 많은 신청 바랍니다. ☞ 국내 영상 콘텐츠 제작사, 고양 영상제작 협력기업 - 분야 : 국내 개봉 영화, 국내 방영 TV프로그램, OTT 상영 작품 ☞ 영상 콘텐츠 제작사와 고양 영상제작 협력기업 간 거래액의 일부 환급 지원","경영,서울,부산,대구,인천,전남광주,대전,울산,세종,경기,강원,충북,충남,전북,경북,경남,제주,영상 콘텐츠,2026,TV프로그램,OTT,협업,영상제작,고양산업진흥원,고양시,영화,경기도",디자인/상품화/사업화,5577
641,전남광주통합특별시,직접수행,경영,2026년 여수엑스포항 국제크루즈 관광객 유치 인센티브 지원 변경 공고,,,2026-07-02,https://www.bizinfo.go.kr/sii/siia/selectSIIA200Detail.do?pblancId=PBLN_000000000123877,예산 소진시까지,중소기업,"여수 국제크루즈 관광 활성화 및 2026여수세계섬박람회 성공 개최를 위하여「2026년도 여수엑스포항 국제크루즈 관광객 유치 인센티브 지원 변경 계획」을 다음과 같이 공고합니다. ☞ 일반여행업으로 등록한 업체 - 크루즈 선사에서 선정(지정)한 국내 인바운드 여행사 ☞ 2026여수세계섬박람회 방문 특별 인센티브, 국제크루즈 단체관광객 유치 인센티브 지원 ※ 자세한 지원내용 공고문 참조","경영,서울,부산,대구,인천,전남광주,대전,울산,세종,경기,강원,충북,충남,전북,경북,경남,제주,2026,여수세계섬박람회,여수,국제크루즈 관광,여행사,관광객 유치,인센티브,전남광주통합특별시,직접수행",디자인/상품화/사업화,2891
642,울산광역시,울산경제일자리진흥원,수출,[울산] ULSAN EXPORT PLAZA 2026 해외바이어 초청 수출상담회 참가기업 모집 공고,2026-07-01,2026-08-31,2026-07-02,https://www.bizinfo.go.kr/sii/siia/selectSIIA200Detail.do?pblancId=PBLN_000000000123874,,중소기업,"지역 중소기업의 글로벌 시장 진출 및 수출 경쟁력 확보를 위하여 WAVE2026 (울산세계미래산업박람회)와 연계 개최하는「ULSAN EXPORT PLAZA 2026」해외바이어 울산초청 수출상담회의 참가기업을 다음과 같이 모집합니다. ☞ 울산광역시 소재 수출(희망) 중소기업 ☞ 해외바이어와 수출상담을 통한 판로개척 기회 제공 - 희망 바이어 수요조사에 따른 바이어 섭외 및 초청, 1:1 비즈니스 상담 - 상담회 전문통역원, 계약(MOU)체결, 현장판매 지원 등 - 바이어 및 참가기업 소개 책자 제작 및 제공","수출,울산,2026,울산경제일자리진흥원,울산광역시,중소기업,판로개척,비즈니스,바이어,울산세계미래산업박람회,WAVE2026,해외바이어,수출상담회",해외진출,3138
643,경기도,차세대융합기술연구원,기술,[경기] 디스플레이 기술개발 지원사업 기술실증 및 성능평가 지원사업 공고,,,2026-07-02,https://www.bizinfo.go.kr/sii/siia/selectSIIA200Detail.do?pblancId=PBLN_000000000123863,예산 소진시까지,중소기업,"차세대융합기술연구원에서는 디스플레이 분야 중소ㆍ중견기업의 원활한 시장 진입을 지원하기 위하여 기술실증 및 성능평가 지원사업을 아래와 같이 시행하오니 많은 관심과 참여 바랍니다. ☞ 경기도 내 디스플레이 분야 중소ㆍ중견기업 ☞ 기업(영리기관)이 자체 비용으로 선지출한 분석비의 최대 80% 금액 지원 (공급가액기준) - 경기도 내 연구기관(차세대융합기술연구원, 한국전자기술연구원, 한국세라믹기술원, 한국나노기술원)을 활용한 패널 시제품ㆍ시작품의 성능평가 및 물성분석 비용 지원 ※ 기술실증 및 성능평가 지원사업 공고일이 속한 달 1일부터 ","기술,경기,2026,기술실증,디스플레이,차세대융합기술연구원,시작품,성능평가,경기도,중견기업,시제품,중소기업",기술사업화/이전/지도,3346
644,고용노동부,경기경영자총협회,인력,[경기] 2026년 4차 자동차산업 신규입직자 고용ㆍ성장 지원사업 참여기업 및 참여자 모집 공고,,,2026-07-02,https://www.bizinfo.go.kr/sii/siia/selectSIIA200Detail.do?pblancId=PBLN_000000000123862,예산 소진시까지,중소기업,"고용노동부와 경기도가 지원하는 2026년 경기지역ㆍ산업 맞춤형 일자리 지원사업의 일환으로 경기지역 자동차산업분야 중소ㆍ중견기업 채용 촉진, 자동차기업 신규입직 근로자들의 대기업과 임금격차 해소ㆍ경력개발 지원을 위해「2026년 경기 자동차산업 신규입직자 고용ㆍ성장 지원사업」참여기업과 참여자 모집을 공고하오니, 많은 관심과 참여 바랍니다. ☞ 경기도 소재 상시근로자 5인 이상 500인 이하의 자동차산업 영위기업 - 본사, 지사, 공장 중 하나가 경기도 내 소재하며, 대상 근로자의 실제 근무지도 경기도여야 함 ※ 자세한 지원대상 공고문 ","인력,경기,HR-AI,조직리빌딩,신규입직,채용촉진,2026,조직문화개선,경기경영자총협회,자동차산업,프로그램,ESG,고용노동부,중견기업,중소기업",고용유지,3153
645,중소벤처기업부,동국대학교,기술,2026년 바이오ㆍ메디컬 패키지지원 프로그램 참여기업 모집 공고(특화역량 BI 지원사업),,,2026-07-02,https://www.bizinfo.go.kr/sii/siia/selectSIIA200Detail.do?pblancId=PBLN_000000000123858,상시 접수,중소기업,"동국대학교 BMC창업보육센터에서는 바이오ㆍ메디컬 분야 기업의 기술사업화 촉진을 위하여「바이오ㆍ메디컬 맞춤형 패키지 지원」사업을 운영하오니, 관심 있는 기업의 많은 참여 바랍니다. ☞ 바이오ㆍ메디컬 분야 기술이전 및 사업화를 희망하는 기업 ☞ 기술수요 기반 기술매칭 및 기술이전 연계, 기술이전 계약 체결 완료기업 대상 사업화 패키지(기업 당 최대 1,000만원) 지원","기술,서울,부산,대구,인천,전남광주,대전,울산,세종,경기,강원,충북,충남,전북,경북,경남,제주,목형,2026,제품품질향상,시스템인증,시금형,외주용역비,동국대학교,상표,성능평가,시험분석,기술인증,지식재산권,디자인,기술이전,시제품제작,중소벤처기업부,특허",기술사업화/이전/지도,5387
646,전남광주통합특별시,광주정보문화산업진흥원,기술,[전남광주] 2026년 지역 디지털 품질관리 역량강화사업 디지털 제품(서비스) 컨설팅 및 테스팅 지원 공고,2026-03-10,2026-10-30,2026-07-02,https://www.bizinfo.go.kr/sii/siia/selectSIIA200Detail.do?pblancId=PBLN_000000000123852,,중소기업,광주지역 ICT/SW기업이 보유한 디지털 제품 또는 서비스의 SW품질향상과 기업경쟁력 강화를 위한 컨설팅 및 테스팅 지원사업입니다. ☞ 디지털 제품(서비스)를 보유한 광주광역시 본사 소재 기업 ☞ 컨설팅 및 테스팅 지원,"기술,전남광주,SW품질향상,디지털 서비스,디지털 제품,전남광주통합특별시,2026,광주정보문화산업진흥원,테스팅,컨설팅",기술사업화/이전/지도,2812
647,서울특별시,서울신용보증재단,경영,[서울] 2026년 하반기 중장년 소상공인 디지털 전환지원 사업 모집 공고,,,2026-07-01,https://www.bizinfo.go.kr/sii/siia/selectSIIA200Detail.do?pblancId=PBLN_000000000123844,예산 소진시까지,소상공인,"디지털 전환을 통한 소상공인의 지속가능한 성장을 도모하기 위하여 중장년 소상공인 디지털 전환지원 사업의 하반기 참여 소상공인을 모집하오니 많은 참여를 바랍니다. ☞ 사업 신청일 기준 다음 요건을 모두 충족하는 소상공인 - 만 40세 이상이며, 사업자등록증상 사업장 소재지가 ‘서울시’인 기업 ※ 개업일이 2025년 7월 1일 이전인 자 ☞ 디지털 전환을 위한 교육, 컨설팅, 비용, 사후관리 지원 ※ 자세한 지원내용 공고문 참조","경영,서울,인력관리,공공배달앱입점,오픈마켓입점비용,정착비용,디지털전환지도,2026,이행점검,원가관리,상세페이지제작,솔루션,광고,서울신용보증재단,디지털전환,프로모션,지식재산권,서울특별시,컨설팅,마케팅,소상공인",컨설팅,11891
648,서울특별시,서울신용보증재단,경영,[서울] 2026년 하반기 위기 소상공인 조기발굴 및 선제지원(Track2) 사업 모집 공고,,,2026-07-01,https://www.bizinfo.go.kr/sii/siia/selectSIIA200Detail.do?pblancId=PBLN_000000000123842,예산 소진시까지,소상공인,"경영위기에 직면한 소상공인에게 조기 위기 탈출 및 재도약 기반 마련을 지원하기 위한 2026년 하반기 「위기 소상공인 조기발굴 및 선제지원(Track2)」 대상을 아래와 같이 모집합니다. ☞ 서울시 내에서 사업장을 운영중인 점포형 소상공인 중 아래 조건 하나에 해당하는 소상공인 - 매출감소 : 업력이 2년 이상이며 최근 6개월 또는 전년 대비 매출 감소로 경영 위기에 직면한 소상공인 - 재해피해 : 재해중소기업 확인증 또는 피해사실확인서 발급 기업 ☞ 현장방문 예비진단, 경영진단 및 맞춤형 컨설팅(필수 2회), 솔루션 이행 비용 (","경영,서울,폐업세무,피해사실확인서,2026,예비진단,솔루션이행,손익계산,고객관리,매장운영,재해중소기업,재고관리,현장방문,노무,서울신용보증재단,서울특별시,컨설팅,마케팅,소상공인",컨설팅,8730
649,부산광역시,부산정보산업진흥원,경영,[부산] 2026년 게임ㆍ콘텐츠 기업을 위한 무료 법률 자문 오피스아워 상시 모집 공고,,,2026-07-01,https://www.bizinfo.go.kr/sii/siia/selectSIIA200Detail.do?pblancId=PBLN_000000000123841,상시 접수,중소기업,"부산정보산업진흥원에서 부산지역 게임 및 콘텐츠 기업을 대상으로 게임 관련 법률ㆍ노무 전문가 1:1 맞춤 상담을 지원해 드리는 사업입니다. ☞ 부산지역 게임 및 콘텐츠 기업 ☞ 법률ㆍ노무 분야 전문가와의 1:1컨설팅 지원 - 계약 검토, 인사 문제, 지식재산권 보호 등 지원 - 기업 법률 이슈에 대한 실질적인 문제 해결 지원","경영,부산,기업 법률 이슈,콘텐츠 기업,2026,노무,법률,부산정보산업진흥원,지식재산권,부산광역시,컨설팅,게임",컨설팅,5472
650,충청남도,충남테크노파크,기술,[충남] 2026년 사용후 배터리 재사용 산업활성화 지원사업 수혜기업 상시 모집 공고,,,2026-07-01,https://www.bizinfo.go.kr/sii/siia/selectSIIA200Detail.do?pblancId=PBLN_000000000123820,예산 소진시까지,중소기업,"2026년도 충남테크노파크 첨단산업본부 배터리화학센터에서 지원하는「사용후 배터리 재사용 산업 활성화 지원」사업의 기업지원 프로그램을 안내하오니, 해당 프로그램 참여를 희망하는 충남지역 중소ㆍ중견기업의 많은 신청 바랍니다. ☞ 충남지역 내에 소재한 중소ㆍ중견기업으로 재사용 배터리를 활용하는 이차전지산업 관련 기업 ☞ 성능 검증 및 시험 평가 지원 - 외부기관(KTL 외)을 활용하여 재사용 배터리를 활용하는이차전지기업의시험ㆍ평가ㆍ인증지원 - 수행기관에구축된이차전지장비와전문인력 활용하여 재사용배터리를활용하는이차전지 기업의 시험ㆍ평가ㆍ인증","기술,충남,2026,성능검증,충남테크노파크,충청남도,중견기업,중소기업,시험평가,재사용배터리,배터리재사용산업,사용후배터리,한국산업기술시험원,시험,평가,인증,이차전지산업",시험/인증,3059
651,기후에너지환경부,한국환경공단,경영,2026년 3차 온실가스 국제감축사업(투자지원사업) 모집 공고,2026-07-01,2026-08-31,2026-07-01,https://www.bizinfo.go.kr/sii/siia/selectSIIA200Detail.do?pblancId=PBLN_000000000123814,,중소기업,"온실가스 국제감축사업 발굴 및 추진 역량이 있는 기업 대상으로「2026년 온실가스 국제감축사업」다음과 같이 참여기업을 모집하오니 많은 참여 바랍니다. ☞ 국내기업 등(국가기관, 지방자치단체, 공공기관, 기업, 비영리법인, 그 밖의 법인, 국내기업 등이 지분을 보유하고 있는 자회사(외국법인), 대한민국 정부가 출자한 국제기구) ☞ 협력국 내 환경분야(기후변화 대응, 에너지전환, 재생에너지, 폐기물, 자원순환 등)를 포함하는 국제감축사업의 감축설비 투자지원 - 투자지원사업(온실가스 감축설비 설치를 위한 투자비용) 지원","경영,서울,부산,대구,인천,전남광주,대전,울산,세종,경기,강원,충북,충남,전북,경북,경남,제주,기후변화 대응,기후에너지환경부,2026,국제감축사업,에너지전환,폐기물,투자지원,재생에너지,자원순환,온실가스,한국환경공단",시설/입지지원,3696
652,조달청,한국환경공단,내수,2026년 물산업 벤처ㆍ창업기업 공공조달 진출 지원을 위한 벤처나라제품 발굴 및 추천 지원 공고,2026-06-24,2026-08-28,2026-07-01,https://www.bizinfo.go.kr/sii/siia/selectSIIA200Detail.do?pblancId=PBLN_000000000123810,,창업벤처,"한국환경공단은 기술력이 우수한 물산업분야 벤처ㆍ창업기업의 공공조달시장 진입 촉진 및 공공구매판로를 확대하기 위하여 조달청에서 운영하는 ‘벤처나라’의 상품지정 및 등록 지원을 위한 ‘벤처나라제품’ 추천 지원계획을 공고하오니 희망하는 기업의 많은 참여 부탁드립니다. ☞ 물산업분야 벤처 또는 창업기업이 직접생산하거나 국내 제조기업과 주문자상표부착생산(OEM) 방식으로 생산하는 물품 또는 서비스 ☞ 벤처창업혁신조달상품 지정증서, 인증마크 제공 - 벤처나라 홍보 카다로그 제작ㆍ배포, 온ㆍ오프라인 홍보, 상품 동영상 제공 등 (실적, 기술 및","내수,경영,서울,부산,대구,인천,전남광주,대전,울산,세종,경기,강원,충북,충남,전북,경북,경남,제주,물산업분야,나라장터 엑스포,2026,지정증서,벤처창업혁신조달상품,인증마크,OEM,벤처나라,공공조달,공공구매,한국환경공단,벤처기업,창업기업,조달청",공공구매,4368
653,과학기술정보통신부,인천테크노파크,경영,2026년 중소기업 정보보호 지원사업 수요기업 모집 공고,2026-06-30,2026-11-30,2026-07-01,https://www.bizinfo.go.kr/sii/siia/selectSIIA200Detail.do?pblancId=PBLN_000000000123800,,중소기업,"최근 사이버보안 위협이 고도화ㆍ지능화됨에 따라 기업의 규모와 관계없이 침해사고가 발생하고 있으나, 중소기업은 보안 인력 및 투자 여력 부족으로 대응 역량 확보에 어려움을 겪고 있습니다. 이에 과학기술정보통신부와 한국인터넷진흥원, 인천테크노파크에서는 침해사고 피해 지역 중소기업(보안위협 탐지, 피해기업 등), 지역 전략산업 영위 중소기업 등을 대상으로 정보보호 컨설팅, IT 보안 패키지 및 클라우드 기반 보안서비스(SECaaS) 패키지 이용 지원 사업을 시행합니다. 2026년 중소기업 정보보호 지원사업의 수요기업을 아래와 같이 모집하","경영,서울,부산,대구,인천,전남광주,대전,울산,세종,경기,강원,충북,충남,전북,경북,경남,제주,정보보호 현황 진단,월간리포트,IT 보안 패키지,2026,정보보호 컨설팅,SECaaS,한국인터넷진흥원,인천테크노파크,과학기술정보통신부,인천광역시",컨설팅,3703
654,중소벤처기업부,한국중소벤처기업유통원,내수,2026년 스마트 플래그십 스토어 (소담상회 with LOTTE ON) 모집 공고,2026-06-30,2026-12-31,2026-07-01,https://www.bizinfo.go.kr/sii/siia/selectSIIA200Detail.do?pblancId=PBLN_000000000123797,,소상공인,"「소담상회 with LOTTE ON」은 소상공인의 디지털 전환과 온ㆍ오프라인 판로 지원을 위해 중소벤처기업부, 한국중소벤처기업유통원이 만든 O2O 플래그십 스토어입니다. ☞「소상공인기본법」 제2조에 따른 소상공인 ☞ 스마트 플래그십 스토어 내 제품 체험 및 전시 공간을 제공하고, 스마트 기기 활용, 온라인몰과 연계하여 O2O 판매 지원 - (온라인 지원) LOTTE ON 쇼핑몰 공식 판매처로 판촉지원, 온라인 전용 기획전 입점 - (오프라인 지원) 매장 내 전시 및 위탁판매지원 / 플리마켓 연계 등","내수,경영,서울,부산,대구,인천,전남광주,대전,울산,세종,경기,강원,충북,충남,전북,경북,경남,제주,스마트 기기,LOTTE ON,디지털 전환,2026,한국중소벤처기업유통원,소담상회,온라인몰,중소벤처기업부,소상공인",오프라인,3957
655,중소벤처기업부,소상공인시장진흥공단,경영,2026년 찾아가는 1:1 교육사업 시행 공고,,,2026-07-01,https://www.bizinfo.go.kr/sii/siia/selectSIIA200Detail.do?pblancId=PBLN_000000000123795,모집 마감시,소상공인,"중소벤처기업부와 소상공인시장진흥공단에서는 급변하는 경영환경 속에 소상공인의 안정적 영업기반 확보와 자생력 제고를 위해 다음과 같이「2026년 찾아가는 1:1 교육사업」을 시행하오니, 관심 있는 분들의 많은 참여를 바랍니다. ☞ 소상공인 기본법 제2조에 따른 소상공인 ☞ 경영, 마케팅 등 분야별 전문인력(컨설턴트)이 소상공인 사업체를 찾아가 1:1 맞춤형 컨설팅 제공(최대 5회)","경영,서울,부산,대구,인천,전남광주,대전,울산,세종,경기,강원,충북,충남,전북,경북,경남,제주,2026,소상공인시장진흥공단,중소벤처기업부,경영애로,컨설팅,무료법률구조,소상공인,마케팅,찾아가는 1:1 교육",컨설팅,7747
656,보건복지부,한국노인인력개발원,인력,2026년 현장실습훈련지원사업(시니어인턴십) 세대통합형 참여기업 모집 공고,,,2026-07-01,https://www.bizinfo.go.kr/sii/siia/selectSIIA200Detail.do?pblancId=PBLN_000000000123790,예산 소진시까지,중소기업,주식회사 아이피시 관악지사는 보건복지부 산하 한국노인인력개발원과 함께 「2026년 현장실습훈련지원사업(시니어인턴십) 세대통합형」 참여기업을 모집합니다. 기존 근무자를 포함한 숙련기술을 보유한 60세 이상 인력을 채용하는 기업에 1인당 300만원의 채용지원금을 지원하오니 많은 관심과 참여 바랍니다. ☞ 만 60세 이상의 숙련기술보유자(해당 업종 관련 10년 이상 경력을 보유하거나 유관자격증을 보유한 자)를 청년 멘토로 최소 6개월 이상 근로계약을 체결하는 기업 ☞ 숙련기술을 보유한 60세이상 참여자를 청년 멘토로 고용한 기업에 1인당,"인력,서울,부산,대구,인천,전남광주,대전,울산,세종,경기,강원,충북,충남,전북,경북,경남,제주,숙련기술보유자,장기취업유지형,2026,세대통합형,한국노인인력개발원,장기근속,인턴십,시니어,채용지원금,보건복지부,멘토",국내전문인력,3625
657,기후에너지환경부,한국환경산업기술원,금융,2026년 한국형 녹색채권 발행 이차보전 지원사업 추가 모집 공고,,,2026-06-30,https://www.bizinfo.go.kr/sii/siia/selectSIIA200Detail.do?pblancId=PBLN_000000000123770,예산 소진시까지,중소기업,"「2026년 한국형 녹색채권 발행 이차보전 지원사업」 추가 모집 계획을 다음과 같이 공고하오니, 본 지원사업 참여를 희망하는 기업은 2026. 6. 29.(월)부터 환경책임투자 종합플랫폼(https://www.gmi.go.kr)을 통하여 신청하여 주시기 바랍니다. ☞ 2026년도 한국형 녹색채권 발행(예정) 기업 ☞ 한국형 녹색채권 발행 시 발생하는 이자비용 일부(참여기업별 최대 3억 원) 지원 ※ 자세한 지원내용 공고문 참조","금융,서울,부산,대구,인천,광주,대전,울산,세종,경기,강원,충북,충남,전북,전남,경북,경남,제주,기후에너지환경부,2026,녹색채권발행기업,한국형녹색채권,이자비용,녹색산업,이자,녹색채권,한국환경산업기술원",융자,3320
658,인천광역시,인천테크노파크,수출,[인천] 2026년 중동 상황 위기 대응 긴급 수출바우처 지원사업 참여기업 모집 공고,,,2026-06-30,https://www.bizinfo.go.kr/sii/siia/selectSIIA200Detail.do?pblancId=PBLN_000000000123769,예산 소진시까지,중소기업,"중동전쟁으로 어려움을 겪은 관내 수출 위기 산업군 중소기업의 수출 애로 해소 및 대응력 강화를 위하여 긴급 수출바우처 사업 참여기업을 아래와 같이 모집합니다. 관심 있는 기업의 많은 참여 바랍니다. ☞ 본사 또는 공장이 인천 소재 중소기업 - 2025년~2026년 2월까지 중동 지역 수출실적이 있는 기업 - 중동 정세 악화로 인한 물류ㆍ거래ㆍ공급망 등 수출 피해 사실이 객관적으로 확인되는 기업 ☞ 중동 수출애로 해소를 위한 자율 프로그램 활용 지원 - 기술, 해외 마케팅, 수출 물류비 지원 ※ 자세한 지원내용 공고문 참조","기술,수출,인천,2026,상품페이지제작,할증료,국제운송비,수출바우처,특허출원,운송료,홍보영상,통번역,해외규격인증,시험분석,해외전시회,바이어발굴,인천테크노파크,제품홍보,인천광역시,컨설팅,중소기업,수출 위기 산업군",해외진출,3990
659,충청북도,충북테크노파크,경영,[충북] 2026년 스마트공장 구축 자부담금 지원사업 수혜기업 모집 공고,2026-07-01,2026-08-31,2026-06-30,https://www.bizinfo.go.kr/sii/siia/selectSIIA200Detail.do?pblancId=PBLN_000000000123766,,중소기업,"2026년도 충청북도와 11개 시ㆍ군이 지원하는「2026 충청북도 스마트공장 구축 자부담금 지원사업」을 공고하오니 스마트공장 구축사업을 수행 중인 도내 중소ㆍ중견기업의 많은 관심과 참여 바랍니다. ☞ 2026년 중소벤처기업부 ‘스마트 제조혁신 지원사업’협약 완료 후 자부담금 전액 납부한 도내 도입기업 ☞ 사업 유형별 아래의 총사업비 범위 내에서 지원 ① 아래 사업은 총사업비의 10%, 최대 40백만원 자부담금 지원 - 정부형 스마트공장 구축사업 - 지역특화형(레전드 50+, 도약(Jump-Up)) 스마트공장 구축사업 - 제조AI특화","기술,경영,충북,스마트 제조혁신,Jump-Up,제조AI특화,2026,레전드 50+,괴산군,단양군,영동군,보은군,제천시,옥천군,증평군,진천군,도약,음성군,청주시,충주시,충북테크노파크,충청북도,스마트공장",시설/입지지원,4642
660,산업통상부,충북테크노파크,기술,AI융합 의료기기 신뢰성 강화 및 성능 평가ㆍ실증 사업 수혜기업 모집 공고,,,2026-06-30,https://www.bizinfo.go.kr/sii/siia/selectSIIA200Detail.do?pblancId=PBLN_000000000123764,상시 접수,중소기업,"산업통상부의 지원으로「AI융합 의료기기 신뢰성 강화 및 성능 평가ㆍ실증 통합지원」사업을 다음과 같이 모집 공고하오니 관련 기업들의 적극적인 참여를 바랍니다. ☞ AI 융합 의료기기 제품 분야 제조 및 연구개발 중소ㆍ중견기업 ※ 자세한 지원대상 공고문 참조 ☞ SW 밸리데이션(IEC 62304) 기반 신뢰성 평가, 데이터 기반 알고리즘·성능 평가 보고서 발급, 임상시험계획서 작성 컨설팅, 위험관리 프로세스(ISO 14971, IEC 62304) 구축 지원, 의료서비스 임상-비용효과성(문헌조사기반) 실증 지원, 보안ㆍ운영 체계(ISO ","기술,서울,부산,대구,인천,광주,대전,울산,세종,경기,강원,충북,충남,전북,전남,경북,경남,제주,AI융합 의료기기,한국AI의료헬스케어연구원,산업통상부,범부처통합헬스케어협회,2026,충북테크노파크,연구개발,컨설팅,의료기기,중견기업,중소기업",기술사업화/이전/지도,5640
661,전남광주통합특별시,전남사회적경제통합지원센터,경영,[전남] 2026년 협동조합 맞춤형 컨설팅 지원사업 참여기업 모집 공고,,,2026-06-30,https://www.bizinfo.go.kr/sii/siia/selectSIIA200Detail.do?pblancId=PBLN_000000000123754,예산 소진시까지,협동조합,"전남사회적경제통합지원센터에서는 협동조합의 경영안정화 및 경쟁력 제고를 통해 지속가능한 자립 토대를 구축할 수 있도록 2026년 전라남도 협동조합 맞춤형 컨설팅을 지원하고자 합니다. 참여를 희망하는 협동조합은 기한 내 신청하여 주시기 바랍니다. ☞ 전라남도 소재 협동조합 ☞ 각 분야 전문 컨설턴트 매칭(1회 2시간 이상) 지원 - 지원분야 : 마케팅, 경영전략, 인사ㆍ노무, 투자ㆍ금융, 수출입, 기술ㆍ특허 등 1:1 전문가 컨설팅 지원 - 기업별 최대 2회(4시간)이내 지원 : 영역별 구분하여 신청 가능 - 컨설팅비용 : 무료(자부담","경영,전남,2026,전남사회적경제통합지원센터,경영안정화,수출입,맞춤형,경영전략,노무,투자,인사,전라남도,컨설팅,마케팅,협동조합,전남광주,전남광주통합특별시",컨설팅,3417
662,경기도,경기테크노파크,창업,[경기] 안산시 2026년 특화역량 BI 육성지원사업 ICTㆍSW 창업 컨설팅 지원 참여기업 모집 공고,2026-06-29,2026-12-31,2026-06-30,https://www.bizinfo.go.kr/sii/siia/selectSIIA200Detail.do?pblancId=PBLN_000000000123753,,창업벤처,"(재)경기테크노파크에서는 안산시 창업자와 창업보육센터 입주기업의 성공적인 창업을 지원하기 위하여 선배 창업자 및 각 분야 전문가와의 컨설팅을 지원하고자 하오니 많은 관심과 참여 바랍니다. ☞ 안산시 관내 ICT/SW 관련 창업기업 - 사업분야 : ICT/SW 융합 산업분야(빅데이터, 클라우드, AI, 바이오ㆍ헬스, 미래모빌리티, 로봇, 친환경에너지, 모바일, 블록체인, AR, 3D프린팅, 디지털 플랫폼, Social Media 등) ☞ ICTㆍSW 창업 컨설팅 지원","기술,창업,경영,경기,디지털 플랫폼,창업 컨설팅,2026,Social Media,친환경에너지,미래모빌리티,창업보육센터,헬스,AR,클라우드,모바일,SW,경기테크노파크,안산시,로봇,ICT,블록체인,빅데이터,창업기업,경기도,바이오,AI,3D프린팅,컨설팅",사업화지원,3631
663,경상남도,경남투자경제진흥원,내수,[경남] 2026년 소상공인 온라인입점 지원사업 참여 소상공인 모집 공고,,,2026-06-30,https://www.bizinfo.go.kr/sii/siia/selectSIIA200Detail.do?pblancId=PBLN_000000000123746,예산 소진시까지,중소기업,"경상남도와 경상남도 투자경제진흥원에서는 소상공인의 온라인 판로 개척을 위해 사업 참여 소상공인을 다음과 같이 모집하오니 많은 관심과 참여 바랍니다. ☞ 공고일('26.6.29.) 기준 경남 도내 사업장을 운영 중이면서, e경남몰 입점 규정에 부합하는 소상공인 또는 여성기업 ※ 자세한 지원대상 공고문 참조 ☞ 마케팅, 기획전 및 특별관 참여, 역량강화 지원 - 마케팅 지원 : e경남몰 입점을 위한 상품 상세페이지 제작, 패키지 디자인, SNS 광고 등 온라인 마케팅 비용 지원(1회 최대 50만원) - 기획전 및 특별관 참여 지원 : ","내수,경영,경남,2026,SNS광고,온라인입점,e경남몰,경남투자경제진흥원,패키지디자인,상세페이지제작,온라인판로,기획전,입점,판로개척,경상남도,여성기업,마케팅,소상공인,온라인",온라인,4104
664,경기도,경기대진테크노파크,내수,[경기] 포천시 2026년 2차 중소기업 전시(박람)회 출전 지원사업 모집 공고,2026-07-01,2026-12-01,2026-06-30,https://www.bizinfo.go.kr/sii/siia/selectSIIA200Detail.do?pblancId=PBLN_000000000123743,,중소기업,"포천시 지역 내 중소기업의 국내ㆍ외 판로개척 및 지역경제 활성화를 위하여「중소기업 박람회 출전 지원사업」을 아래와 같이 추진하오니 많은 참여 바랍니다. ☞ 포천시 소재(본사, 공장 모두)의 중소기업(사업자등록증상 제조업 명시 기업) ☞ 2026년도 개최되는 국내ㆍ외 오프라인 전시(박람)회 참가 기업의 기본 부스 임차료, 장치비, 홍보물 제작비 등 지원","내수,경기,부스 임차료,2026,국외,국내,홍보물,포천시,경기대진테크노파크,판로개척,박람회,경기도,제작,중소기업",오프라인,3052
665,방위사업청,직접수행,경영,2026년 퇴직공무원 사회공헌사업(방위사업 Bridge와 함께 참여해요) 컨설팅 참여기업 모집 공고,2026-06-25,2026-10-30,2026-06-30,https://www.bizinfo.go.kr/sii/siia/selectSIIA200Detail.do?pblancId=PBLN_000000000123736,,중소기업,"본 사업은 인사혁신처에서 주관하고 청에서 운영하는 퇴직공무원 사회공헌사업으로, 방위사업청 퇴직공무원의 전문성을 활용하여 방위사업에 관심 있는 기업에 대한 컨설팅을 실시할 예정이오니, 관심있는 기업들은 아래의 양식에 따라 신청하여 주시기 바랍니다. ☞ 방위사업에 관심 있는 기업 ☞ 방위사업 절차, 방산원가 산정방법 및 원가 관련 규정, 청에서 주관하는 각종 지원사업 소개, 유관부서 안내 등 지원","경영,서울,부산,대구,인천,광주,대전,울산,세종,경기,강원,충북,충남,전북,전남,경북,경남,제주,2026,방위사업청,방위사업,퇴직공무원,사회공헌사업,컨설팅,직접수행,정책,사업,원가",컨설팅,3022
666,경상북도,경상북도경제진흥원,경영,[경북] 청송군 2026년 소상공인 카드수수료 지원사업 참여점포 모집 공고,,,2026-06-29,https://www.bizinfo.go.kr/sii/siia/selectSIIA200Detail.do?pblancId=PBLN_000000000123725,예산 소진시까지,소상공인,"경상북도경제진흥원에서는 국내외 경기침체로 어려움을 겪고 있는 소상공인들을 위한 ‘소상공인 카드수수료 지원사업’ 참여점포를 다음과 같이 모집하오니 많은 신청 부탁드립니다. ☞ ’25년도 연매출액이 1억 원 이하이며, 사업자등록증 상의 소재지가 청송군인 소상공인 ☞ ’25년도 카드 매출액의 0.4% 지원 (40만원 한도 내 지급) ※ 지원금 산정방법 : ’25년 카드 매출액 / 1.1 * 0.4%","경영,경북,2026,경상북도,경상북도경제진흥원,청송군,소상공인,카드수수료,경상북도소상공인연합회",디자인/상품화/사업화,5280
667,조달청,조달품질원,기술,2026년 3차 품질보증조달물품 지정계획 공고,2026-07-01,2026-09-30,2026-06-29,https://www.bizinfo.go.kr/sii/siia/selectSIIA200Detail.do?pblancId=PBLN_000000000123719,,중소기업,"「품질보증조달물품 지정 및 관리규정」 (조달청 고시 제2026-35호)에 따라 품질보증조달물품 지정 계획을 아래와 같이 공고(변경)합니다. ☞ 조달청 경쟁입찰참가자격 등록증에 신청 세부품명이 ""제조""로 등록된 중견ㆍ중소기업 - 해당 품명에 대하여 최근 3년 이내 조달청검사 또는 전문기관검사 실적이 있거나, 해당 품명이 국가종합전자조달시스템의 종합쇼핑몰에 등재되어 있는 자 ☞ '품질보증조달물품'으로 지정","기술,서울,부산,대구,인천,광주,대전,울산,세종,경기,강원,충북,충남,전북,전남,경북,경남,제주,2026,조달청검사,품질보증조달물품,조달품질원,국가품질대상,조달청,중견,중소기업",시험/인증,5951
668,전남광주통합특별시,전남신용보증재단,금융,[전남] 2026년 소상공인 육성자금 지원계획 변경 공고,,,2026-06-29,https://www.bizinfo.go.kr/sii/siia/selectSIIA200Detail.do?pblancId=PBLN_000000000123711,예산 소진시까지,소상공인,"「전라남도 중소기업 육성기금 조례」제12조의 규정에 따라 2026년도 전라남도 소상공인 육성자금 지원계획을 다음과 같이 공고합니다. ☞ 전남 소재 소상공인 ※ 세부사업별 지원대상 공고문 참조 ☞ 소상공인 창업자금, 소상공인 경영안정자금 지원 ※ 자세한 지원내용 공고문 참조","금융,창업,경영,전남,소상공인창업자금,소상공인육성자금,2026,전남신용보증재단,운영자금,경영안정자금,대출이자,전라남도,창업자금,이자,육성자금,전남광주,전남광주통합특별시",융자,5810
669,강원특별자치도,강원신용보증재단,금융,[강원] 2026년 2차 소상공인 경영안정자금 지원사업 공고,,,2026-06-29,https://www.bizinfo.go.kr/sii/siia/selectSIIA200Detail.do?pblancId=PBLN_000000000123709,예산 소진시까지,소상공인,"강원특별자치도 소상공인의 경영안정화를 도모하고자「강원특별자치도 소상공인 지원 조례」제6조의 규정에 의하여 2026년도 강원특별자치도 소상공인 경영안정자금 지원사업을 다음과 같이 공고합니다. ☞ 도내 소재 사업장을 둔 소상공인(개인사업자) ※ 「소상공인기본법」에 따른 소상공인 : 광업ㆍ제조ㆍ건설ㆍ운수업(10인 미만), 그 외(5인 미만) ☞ 대출금액 최대 5천만원(대출기간 5년, 일시 또는 분할상환) 지원 - 이자, 보증료 지원, 영세 소상공인 우대금리, 다자녀 소상공인 이자 추가 지원 ※ 자세한 지원내용 공고문 참조","금융,강원,소상공인경영안정자금,2026,강원특별자치도,영세소상공인,보증료,이자,우대금리,경영안정,강원신용보증재단,개인사업자,경영안정자금,대출,소상공인",융자,6765
670,대구광역시,대구노동권익센터,인력,[대구] 2026년 대구노동권익센터 인사노무관리 컨설팅 지원 공고,,,2026-06-29,https://www.bizinfo.go.kr/sii/siia/selectSIIA200Detail.do?pblancId=PBLN_000000000123701,예산 소진시까지,중소기업,"대구노동권익센터는 대구 지역 영세사업장의 인사노무관리 역량을 높이고 안정적인 경영을 돕고자, 인사노무관리 컨설팅 지원사업을 다음과 같이 공고합니다. ☞ 대구시 소재 50인 미만 사업장 ☞ 사업장을 직접 방문하여 인사ㆍ노무 전반에 대한 점검 및 컨설팅 제공 - 센터와 연계된 위촉노무사가 사업장을 방문하여 인사ㆍ노무 컨설팅 지원 (최소 2회 이상 방문) - 노동 관계 법령 준수 현황 진단 및 근로계약서, 급여명세서, 취업규칙 등 필수 서식의 맞춤형 수정ㆍ보완 지원","인력,경영,대구,2026,대구광역시,대구노동권익센터,50인미만사업장,인사노무관리,인사노무컨설팅,컨설팅,인사,노무,점검,외촉노무사",고용유지,3160
671,대구광역시,대구노동권익센터,기타,[대구] 2026년 노동존중 기업 모집 공고,,,2026-06-29,https://www.bizinfo.go.kr/sii/siia/selectSIIA200Detail.do?pblancId=PBLN_000000000123696,예산 소진시까지,중소기업,"대구노동권익센터는 안전한 일터 구현, 상생ㆍ협력의 노사 문화 조성 등 노동자 권익 보호를 위해 앞장서는 소규모 사업장을 대상으로 다음과 같이 노동존중 기업을 모집합니다. ☞ 대구시 내 50인 미만 사업장 중 4대 기초 노동질서 준수 사업장 ☞ 인증현판 수여 및 MOU 체결, 표준노동 가이드북 제공, 노동자 직무 스트레스 완화 및 노사 화합을 위한 격려품 지원","경영,기타,대구,2026,대구광역시,대구노동권익센터,노동질서,노동존중기업,인증,현판,인증현판,MOU,가이드북,노사화합,격려품,직무스트레스완화",제도,2987
672,대구광역시,대구노동권익센터,경영,[대구] 2026년 취업규칙 제정ㆍ개정 지원사업 공고,,,2026-06-29,https://www.bizinfo.go.kr/sii/siia/selectSIIA200Detail.do?pblancId=PBLN_000000000123695,예산 소진시까지,중소기업,"대구노동권익센터는 대구 지역 내 영세사업장의 노무 관리 체계 구축과 사업장별 특성을 반영한 취업규칙 정비를 지원하기 위해 취업규칙 제정ㆍ개정 지원 사업을 다음과 같이 공고합니다. ☞ 대구시 소재 50인 미만 사업장 ☞ 법률 리스크 예방을 위한 맞춤형 취업규칙 컨설팅 지원 - 센터 위촉노무사 연계를 통한 사업장별 맞춤형 취업규칙 제ㆍ개정 지원(최소 1회 이상 방문) - 제정지원 : 취업규칙이 없는 사업장을 대상으로, 사업장 규모와 업종 특성을 고려한 표준 취업규칙 초안 마련 및 필수 기재 사항 반영 지원 - 개정지원 : 기존에 취업규","인력,경영,대구,2026,대구광역시,대구노동권익센터,50인미만사업장,노무관리,취업규칙,제정,개정,컨설팅,위촉노무사,법률리스크예방",컨설팅,2909
673,과학기술정보통신부,한국인터넷진흥원,기술,2026년 ICT 중소기업 정보보호 지원 사업 수요기업 모집 공고,,,2026-06-26,https://www.bizinfo.go.kr/sii/siia/selectSIIA200Detail.do?pblancId=PBLN_000000000123682,예산 소진시까지,중소기업,"최근 사이버보안 위협이 고도화ㆍ지능화됨에 따라 기업의 규모와 관계없이 침해사고가 발생하고 있으나, 중소기업은 보안 인력 및 투자 여력 부족으로 대응 역량 확보에 어려움을 겪고 있습니다. 이에 과학기술정보통신부와 한국인터넷진흥원은 침해사고 피해 지역 중소기업(보안위협 탐지, 피해기업 등), 지역 전략산업 영위 중소기업 등을 대상으로 정보보호 컨설팅, IT 보안 패키지 및 클라우드 기반 보안서비스(SECaaS) 패키지 이용 지원 사업을 시행합니다. 2026년 ICT 중소기업 정보보호 지원사업의 수요기업을 아래와 같이 모집하고자 하오니,","기술,경영,서울,부산,대구,인천,광주,대전,울산,세종,경기,강원,충북,충남,전북,전남,경북,경남,제주,클라우드 기반 보안서비스,IT 보안 패키지,침해사고,2026,보안위협,정보보호 컨설팅,SECaaS,정보보호,ICT,한국인터넷진흥원,과학기술정보통신부,중소기업",기술사업화/이전/지도,11689
674,대구광역시,대구테크노파크,기술,[대구] 2026년 R&D 과제 발굴 및 기획 지원 공고,,,2026-06-26,https://www.bizinfo.go.kr/sii/siia/selectSIIA200Detail.do?pblancId=PBLN_000000000123669,상시 접수,중소기업,"대구테크노파크에서는 지역기업의 신규 사업ㆍ아이템 발굴 및 R&D 역량강화를 위해 다음과 같이 「R&D 과제 발굴 및 기획 지원」을 시행하오니 R&D 과제 신청을 희망하는 지역기업의 많은 참여바랍니다. ☞ R&D 과제 등에 신청할 계획이 있는 기업 중 과제 발굴 및 기획 지원을 희망하는 (Pre)스타기업 및 대구지역 일반 기업 ☞ 기업이 희망하는 지원 분야에 따라 수요 맞춤형 지원 - 사전지원 : 지역기업의 R&D 이해도 향상 및 신규 사업ㆍ아이템 발굴 등 R&D 과제 기획 역량 강화를 위한 교육 및 코칭, IP전략 수립, 기술ㆍ시장","기술,대구,연구개발ㅂ,IP전략수립,2026,기획지원,발표자료,과제기획,대면평가,과제발굴,아이템발굴,시장동향,코칭,대구테크노파크,스타기업,대구광역시,R&D",기술사업화/이전/지도,4122
675,경상북도,경북지역인적자원개발위원회,기술,[경북] 2026년 3차 광역이음프로젝트 공동 R&Dㆍ일터 개선ㆍ재직자 훈련 참여기업 모집 통합 공고,,,2026-06-26,https://www.bizinfo.go.kr/sii/siia/selectSIIA200Detail.do?pblancId=PBLN_000000000123666,모집 완료시까지,중소기업,"고용노동부와 대구광역시ㆍ경상북도가 함께 대구ㆍ경북 미래모빌리티산업의 원하청 상생과 경쟁력 강화를 위해 아래와 같은 사업을 추진하오니, 관련 기업들의 많은 참여 부탁드립니다. ☞ 경북도 내 사업장을 소재한 미래모빌리티 전ㆍ후방 기업으로 대구-경북 기업 간 협력관계 또는 거래관계가 있는 기업 ※ 지원 프로그램 별 지원대상 상이하므로, 자세한 사항 공고문 참조 ☞ 대경 이음 상생 R&D 지원, 대경 이음 일터 개선 지원, 재직자 Skill-Up 훈련 지원 ※ 자세한 지원내용 공고문 참조","기술,인력,경영,경북,2026,경상북도,경북지역인적자원개발위원회,고용노동부,대구광역시,미래모빌리티산업,대경이음,R&D,일터개선,재직자훈련,장려금,환경개선,교육,훈련",기술사업화/이전/지도,3628
676,전북특별자치도,전북특별자치도콘텐츠융합진흥원,경영,[전북] 2026년 게임기업 컨설팅 지원사업 신청 게임기업(예비창업자) 모집 공고,,,2026-06-26,https://www.bizinfo.go.kr/sii/siia/selectSIIA200Detail.do?pblancId=PBLN_000000000123662,상시 접수,중소기업,"(재)전북특별자치도 콘텐츠융합진흥원에서 운영하는 전북글로벌게임센터「2026 게임기업 컨설팅 지원사업」을 아래와 같이 공고하오니 많은 참여 바랍니다. ☞ 전북특별자치도 내 게임기업 및 예비창업자 ☞ 도내 게임기업 및 게임 예비창업자 대상 성장단계별 맞춤형 컨설팅 지원 - 투자, 퍼블리싱, 마케팅, 세무, 노무, 법무 등 기업 수요에 따른 전문위원-게임기업(예비창업자)간 1:1 컨설팅 지원","창업,경영,전북,2026,게임기업,컨설팅,예비창업자,투자,퍼블리싱,마케팅,세무,노무,법무,전북글로벌게임센터,전북특별자치도콘텐츠융합진흥원,전북특별자치도",컨설팅,4118
677,기후에너지환경부,한국환경공단,경영,2026년 중소사업장 유해화학물질 취급시설 안전관리 지원 사업 참여 사업장 모집 공고,2026-06-25,2026-10-30,2026-06-26,https://www.bizinfo.go.kr/sii/siia/selectSIIA200Detail.do?pblancId=PBLN_000000000123661,,중소기업,"유해화학물질 취급시설 설치 및 관리기준 중 일부항목에 대한 지원을 통한 화학사고 사전예방 하고자 「중소사업장 유해화학물질 취급시설 안전관리 지원사업」 참여업체를 모집하니, 희망하는 기업은 아래의 절차에 따라 신청하여 주시기 바랍니다. ☞ 유해화학물질 취급시설 운영 중인 중소기업 ☞ 취급시설 별 화관법 검사항목 및 관련기준 내 표시 관련 개선 지원(제작 및 부착), 배관접합부 누출감지테이프 및 투명보호커버 부착, 화관법 관련 누출검지ㆍ경보설비 작동 확인 테스트 및 정기점검 유지관리, 추가안전관리방안 수행방법 기술 등 지원","경영,서울,부산,대구,인천,광주,대전,울산,세종,경기,강원,충북,충남,전북,전남,경북,경남,제주,2026,안전관리방안,화학물질관리법,중소사업장,유해화학물질,안전관리,환경부,한국환경공단",시설/입지지원,3514
678,산업통상부,울산테크노파크,기술,2026년 산업혁신기반구축사업 기업지원 모집 공고(시험평가),2026-06-23,2026-08-31,2026-06-26,https://www.bizinfo.go.kr/sii/siia/selectSIIA200Detail.do?pblancId=PBLN_000000000123648,,중소기업,"2026년도 산업통상자원부와 울산광역시가 지원하는 산업혁신기반구축사업의 지원사업 모집계획을 다음과 같이 공고하오니, 해당 프로그램 참여를 희망하는 기업의 많은 신청 바랍니다. ☞ 이차전지 산업 전ㆍ후방 연관 소재ㆍ부품 분야 기업 ※ 울산지역 내 소재하거나 이전 예정인 기업 우선지원 ☞ 울산테크노파크 보유장비 및 인력 직접 지원 - 시제품 제작, 시험평가","기술,서울,부산,대구,인천,광주,대전,울산,세종,경기,강원,충북,충남,전북,전남,경북,경남,제주,장비 지원,안정성 평가,산업통상부,2026,산업혁신기반구축사업,인력지원,이차전지,시험평가,성능평가,울산테크노파크,울산광역시",기술인력/장비지원,3396
679,울산광역시,울산테크노파크,인력,[울산] 2026년 소규모사업장 노후 안전시설 개선 지원사업 참여기업 상시 공고,,,2026-06-26,https://www.bizinfo.go.kr/sii/siia/selectSIIA200Detail.do?pblancId=PBLN_000000000123647,모집 마감시,중소기업,"2026년도 울산광역시와 울산테크노파크에서는「2026 소규모사업장 노후 안전시설 개선 지원사업」의 일환으로 다음 지원프로그램을 안내하오니, 해당 프로그램 참여를 희망하는 울산 지역 중소기업의 많은 신청 바랍니다. ☞ 울산시 소규모사업장 안전진단 및 안전컨설팅 수혜기업 중 50인 미만 중소사업장 ※ 자세한 지원대상 공고문 참조 ☞ 추락ㆍ끼임ㆍ화재 방지 설비 등 산업현장 위험요인 제거를 위한 노후 안전 시설 개선 지원","인력,경영,울산,2026,울산테크노파크,울산광역시,노후 환경개선,안전시설,소규모사업장,안전진단,안전컨설팅,50인 미만,위험요인 제거,산업현장,추락방지,화재방지,끼임방지",작업환경개선,3367
680,산업통상부,울산테크노파크,기술,2026년 산업혁신기반구축사업 기업지원 모집 공고(시제품 제작),2026-06-23,2026-08-31,2026-06-26,https://www.bizinfo.go.kr/sii/siia/selectSIIA200Detail.do?pblancId=PBLN_000000000123640,,중소기업,"2026년 산업통상자원부와 울산광역시가 지원하는 산업혁신기반구축사업의 지원사업 모집계획을 다음과 같이 공고하오니, 해당 프로그램 참여를 희망하는 기업의 많은 신청 바랍니다. ☞ 이차전지 산업 전ㆍ후방 연관 소재ㆍ부품 분야 기업 ※ 울산지역 내 소재하거나 이전 예정인 기업 우선지원 ☞ 울산TP보유장비 및 인력 직접지원 - 시제품 제작, 시험평가(전지 규격별 시험평가) ※ 자세한 지원내용 공고문 참조","기술,서울,부산,대구,인천,광주,대전,울산,세종,경기,강원,충북,충남,전북,전남,경북,경남,제주,산업통상부,2026,전지조립,고출력,고용량,산업혁신기반구축사업,전후방,이차전지,시험평가,성능평가,울산테크노파크,시제품제작",기술사업화/이전/지도,4045
681,고용노동부,대한상공회의소,경영,[서울ㆍ경기ㆍ인천ㆍ강원] 2026년 중소기업 AI활용 도입을 위한 AI훈련 참여기업 모집 공고,,,2026-06-25,https://www.bizinfo.go.kr/sii/siia/selectSIIA200Detail.do?pblancId=PBLN_000000000123596,예산 소진시까지,중소기업,"중소기업의 AI 역량 강화부터 실무 적용까지 전 과정을 지원하는 맞춤형 AI 도입 훈련 프로그램,「2026년 중소기업 AI 훈련 참여기업 모집」을 다음과 같이 공고하오니, 본 사업에 참여를 원하는 기업은 신청하여 주시기 바랍니다. ☞ AI 활용ㆍ도입 수요가 있는 중소기업 ※ 상시근로자 20인 이상 기업 우선 지원(단, AI기반 스타트업 등의 경우에는 20인 미만도 가능) ☞ 컨설팅 비용 100% , 기업당 최대 783만원, 실무 중심 AI 프로젝트 교육 지원 ※ 자세한 지원내용 공고문 참조","경영,서울,인천,경기,강원,직무기술서작성,회의록작성,2026,실무중심,데이터분석,훈련,프로그램,보고서작성,품질관리,콘텐츠제작,대한상공회의소,고용노동부,컨설팅,AI,교육,중소기업,한국산업인력공단,중소기업AI훈련확산센터,대한상공회의소 경기인력개발원,경기인력개발원",교육,6200
682,경상남도,경남테크노파크,경영,[부산ㆍ울산ㆍ경남] 2026년 동남 정보보호클러스터 보안 테스팅 지원사업 공고,2026-06-24,2026-11-30,2026-06-25,https://www.bizinfo.go.kr/sii/siia/selectSIIA200Detail.do?pblancId=PBLN_000000000123587,,중소기업,"동남권 소재 중소기업 및 ICTㆍSW기업의 개발 소프트웨어 제품, 개발 프로세스 대상, OT제품을 대상으로 정보보안 컨설팅 및 테스트를 지원하고자 다음과 같이 공고합니다. ☞ 동남권 소재 ICTㆍSW기업 및 스마트공장 ☞ 스마트공장 OT보안을 위한 테스트 지원 ※ 자세한 지원내용 공고문 참조","경영,경남,시험인프라,강건성테스트,OT보안,퍼징테스트,2026,보안점검,정보보안,동남권,SW기업,테스트,ICT,경남테크노파크,경상남도,스마트공장,컨설팅",시설/입지지원,3051
683,성평등가족부,한국건강가정진흥원,경영,2026년 가족친화인증기업 대상 직장문화개선 컨설팅 참여기업 모집 공고,,,2026-06-24,https://www.bizinfo.go.kr/sii/siia/selectSIIA200Detail.do?pblancId=PBLN_000000000123544,예산 소진시까지,중소기업,"가족친화인증을 획득한 기업 및 기관이 인증 후에도 조직에 맞는 새로운 제도와 프로그램을 계속적으로 발굴ㆍ운영하도록 하여 가족친화문화정착을 지원하는 컨설팅입니다. 많은 관심과 신청 바랍니다. ☞ 가족친화인증을 획득한 기업(관) 중 가족친화제도 검토 및 가족친화문화 형성에 대한 개선을 희망하는 기업(관) ※ 선정기준 : 가족친화인증기업(관) 중 비수도권 소재 중소기업 우선 선정 ※ 중소기업의 경우 가족친화인증 재인증 심사시 가점 인정 ☞ 컨설팅(기초, 심화) 지원 ※ 컨설팅비용 : 전액 무료 - A : 기업에 맞는 제도도입 및 정착 지","경영,서울,부산,대구,인천,광주,대전,울산,세종,경기,강원,충북,충남,전북,전남,경북,경남,제주,돌봄친화,육아친화적,제도도입,성평등가족부,2026,성평등,조직문화,정착,한국건강가정진흥원,직장문화개선,가족친화,ESG,가족친화인증,컨설팅",컨설팅,3750
684,과학기술정보통신부,대한상공회의소충남인력개발원,인력,[대전ㆍ세종ㆍ충북ㆍ충남] 2026년 충청권 지역특화산업 취ㆍ창업 CDP지원 프로그램 참여기업 모집 공고,,,2026-06-24,https://www.bizinfo.go.kr/sii/siia/selectSIIA200Detail.do?pblancId=PBLN_000000000123536,상시 접수,중소기업,"「2026 충청권 ICT 취ㆍ창업 CDP 지원 프로그램」에서는 충청권 ICT 기업 및 IT 관련 기업을 대상으로 기업탐방 및 채용연계 참여기업을 모집합니다. 충청권 대학생 및 청년을 대상으로 AI 기반 직무진단, 전문가 컨설팅을 통해 경력개발을 완료한 우수한 ICT인재를 충청권 ICT 기업과 취업매칭을 하고 있습니다. ☞ 충청권 소재 ICT 기업 - 채용 절차 간소화, 검증된 청년 인재 채용을 희망하는 기업 ☞ 맞춤형 ICT 인재 매칭 : 기업 직무역량 기반 인재 연결 - 채용 비용ㆍ시간 절감 : 별도 공고ㆍ선발 없이 준비된 인재 ","인력,대전,세종,충북,충남,채용비용절감,채용시간절감,기업이미지제고,시간절감,대한상공회의소충남인력개발원,2026,충청권,인재,채용연계,ICT,정보통신산업진흥원,과학기술정보통신부",고용환경개선,3444
685,보건복지부,한국보건산업진흥원,수출,2026년 바이오헬스 글로벌 수출부대비용 지원 신청 모집 공고,,,2026-06-23,https://www.bizinfo.go.kr/sii/siia/selectSIIA200Detail.do?pblancId=PBLN_000000000123523,예산 소진시까지,중소기업,"보건복지부와 한국보건산업진흥원은 국내 바이오헬스 기업의 미국 시장 진출을 지원하기 위해, 수출 과정에서 발생하는 물류ㆍ통관ㆍ인증ㆍ현지 등의 비용을 지원합니다. 많은 관심과 신청 바랍니다. ☞ 국내 바이오헬스 기업 ☞ 기업당 최대 1,000만원 지원 - 국내물류, 국제운송, 창고ㆍ풀필먼트, 미국 내륙운송, 수출포장, ITㆍ부가서비스 지원","수출,서울,부산,대구,인천,광주,대전,울산,세종,경기,강원,충북,충남,전북,전남,경북,경남,제주,2026,보건복지부,한국보건산업진흥원,바이오헬스,미국시장,국내물류,국제운송,창고보관,포장,라벨링,수출통관,항공운송,해상운송,한국어지원서비스,라스트마일배송,풀필먼트,우든박스제작",해외진출,8107
686,대구광역시,기초자치단체,경영,[대구] 북구 먹거리골목 외식업소 디지털 주문시스템 설치 지원사업 참여업소 모집 재공고,,,2026-06-23,https://www.bizinfo.go.kr/sii/siia/selectSIIA200Detail.do?pblancId=PBLN_000000000123513,모집 완료시,소상공인,"대구광역시 북구에서는 디지털 인프라 구축을 통해 영업자 경영부담을 줄이고, 지역상권 경쟁력을 강화하고자 「먹거리골목 외식업소 디지털 주문시스템 설치 지원사업」에 참여할 업소를 다음과 같이 모집합니다. ☞ 관내 테이블 4개 이상 일반ㆍ휴게음식점, 제과점 ☞ QR 메뉴판, 주문시스템 구축, 이용 지원 - (QR 메뉴판 지원) 업소당 최대 10개 지원 - (주문시스템 구축) 매장 내 기존 포스(POS)기기와 연동되는 실시간 QR 주문시스템 구축 지원 - (이용지원) 1년간 서비스 유지ㆍ관리 지원","경영,대구,QR메뉴판,주문시스템,먹거리골목,2026,제과점,외식업소,구축,관리,휴게음식점,인프라,디지털,북구,설치,대구광역시,직접수행,기초자치단체",시설/입지지원,4703
687,보건복지부,국가신약개발재단,기술,2026년 2차 국가신약개발사업 CDMO 사전상담 프로그램 모집 공고,2026-06-22,2026-12-04,2026-06-23,https://www.bizinfo.go.kr/sii/siia/selectSIIA200Detail.do?pblancId=PBLN_000000000123494,,중소기업,"국가신약개발재단은「국가신약개발사업 2026년 CDMO 사전상담 프로그램」2차 모집을 아래와 같이 공고하오니, 참여를 희망하시는 기관에서는 아래 절차에 따라 신청하여 주시기 바랍니다. ☞ CDMO 계약을 고려 중인 국내 신약 개발사(학ㆍ연ㆍ병 및 중소ㆍ벤처 기업) ☞ CDMO 직접 방문 후, 생산 시설과 역량 확인 및 1:1 상담 지원","기술,경영,서울,부산,대구,인천,광주,대전,울산,세종,경기,강원,충북,충남,전북,전남,경북,경남,제주,생산 시설,신약 개발사,2026,사전상담,CDMO,국가신약개발사업,국가신약개발재단,국내,보건복지부,중소기업,벤처기업",기술사업화/이전/지도,3515
688,울산광역시,울산테크노파크,경영,[울산] 2026년 전문경력인사기술지원사업 기술컨설팅 지원기업 모집 공고,,,2026-06-23,https://www.bizinfo.go.kr/sii/siia/selectSIIA200Detail.do?pblancId=PBLN_000000000123481,상시 접수,중소기업,"2026년도 울산광역시가 중소기업의 경쟁력 강화를 위하여 추진하는「울산전문경력인사기술지원사업」을 다음과 같이 공고하오니, 참여를 희망하는 울산지역 중소기업의 많은 신청 바랍니다. ☞ 울산지역 내 소재한 중소기업 - 중소기본기본법 제2조(중소기업자의 범위)에 의한 중소기업 ☞ 경영, 기술생산혁신, 에너지환경, 산업안전, 현장품질개선 등 컨설팅 지원(최대 1백만원)","경영,울산,기술생산혁신,전문경력인사,2026,현장품질개선,에너지환경,산업안전,울산테크노파크,울산광역시,컨설팅,중소기업",컨설팅,3134
689,부산광역시,부산테크노파크,기술,[부산] 2026년 2차 연구개발장비 공동활용 지원사업 공고(장비사용료 지원사업 안내),2026-06-19,2026-09-30,2026-06-23,https://www.bizinfo.go.kr/sii/siia/selectSIIA200Detail.do?pblancId=PBLN_000000000123478,,중소기업,"부산테크노파크가 보유한 연구개발장비의 사용료를 지원하기 위한「2026년도 연구개발장비 공동활용 지원사업」의 지원대상 기업을 다음과 같이 모집하오니 많은 참여 바랍니다. ☞ 부산광역시 소재 중소ㆍ중견기업 ※ 공고일 기준 부산지역 내 본사, 지사, 공장 또는 연구소 등 사업자등록증 상 소재지가 확인되는 기업 ☞ 부산테크노파크 연구개발장비 사용에 따른 장비사용료 지원 - 기업당 장비사용료의 60%(기업당 연 최대 6백만원 내 지원(최대 3회 분할 신청 가능) 지원","기술,부산,2026,연구개발장비,장비사용료,부산테크노파크,장비,부산광역시,중견기업,중소기업",기술인력/장비지원,3046
690,산업통상부,한국팹리스산업협회,기술,2026년 지능형 반도체 개발ㆍ실증지원 고신뢰 반도체 상용화를 위한 검증ㆍ확인 지원사업 기업 지원 프로그램 통합 공고,,,2026-06-23,https://www.bizinfo.go.kr/sii/siia/selectSIIA200Detail.do?pblancId=PBLN_000000000123466,상시 접수,중소기업,"한국팹리스산업협회는 경북대학교, 한국산업기술시험원과 함께 산업통상자원부가 주관하고 있는 「지능형 반도체 개발ㆍ실증 지원」 및 「고신뢰 반도체 상용화를 위한 검증ㆍ확인 지원」사업을 수행하고 있으며, 관련 기업 대상으로 기업지원사업을 시행하고 있습니다. 아래와 같이 기업지원 통합 공고를 진행하오니, 희망하는 비수도권 소재의 팹리스 기업의 많은 신청 바랍니다 . ☞ 반도체 설계 기업(팹리스, IP 전문 기업 등)으로 중소기업 및 중견기업(창업 및 벤처기업 포함)이며, 다음 ①, ② 요건 중 하나라도 해당하는 기업 ① 비수도권(서울ㆍ인천ㆍ","기술,경영,부산,대구,광주,대전,울산,세종,강원,충북,충남,전북,전남,경북,경남,제주,산업통상부,2026,한국팹리스산업협회,팹리스,경북대학교,한국산업기술시험원,애로기술,장비활용,반도체,벤처기업,시제품제작,창업기업,중견기업,마케팅,중소기업",기술사업화/이전/지도,3115
691,산업통상부,충북테크노파크,기술,바이오의약품 소재부품장비 기업지원 프로그램 모집 공고,,,2026-06-22,https://www.bizinfo.go.kr/sii/siia/selectSIIA200Detail.do?pblancId=PBLN_000000000123451,예산 소진시까지,중소기업,"산업부와 충청북도, 청주시가 지원하는 바이오의약품 소재부품 실증지원 테스트베드 구축사업 수행자로 지정된 충북테크노파크, FITI시험연구원, 오송첨단의료산업진흥재단에서 바이오의약품 소부장 기업 지원 프로그램을 안내하오니, 참여를 희망하는 충북지역 중소기업의 많은 신청 바랍니다. ☞ 바이오의약품/소부장 관련 기업 ☞ 컨설팅, 기술지도, 시험ㆍ평가ㆍ인증, 시험분석 및 공정 개발 장비 지원 ※ 지원유형별 지원내용 상이 공고문 참조","기술,경영,서울,부산,대구,인천,광주,대전,울산,세종,경기,강원,충북,충남,전북,전남,경북,경남,제주,공정개발장비,산업통상부,2026,FITI시험연구원,오송첨단의료산업진흥재단,바이오의약품,청주시,테스트베드,시험,시험분석,소부장,충북테크노파크,평가,기술지도,인증,충청북도,컨설팅",기술사업화/이전/지도,4984
692,제주특별자치도,제주콘텐츠진흥원,경영,[제주] 2026년 제주다양성영화 영화제 참가활동 지원사업 공고,2026-06-18,2026-12-10,2026-06-22,https://www.bizinfo.go.kr/sii/siia/selectSIIA200Detail.do?pblancId=PBLN_000000000123429,,중소기업,"제주특별자치도와 (재)제주콘텐츠진흥원은 제주 영화인의 국내외 영화제 참가 기회를 확대하고 작품 홍보 및 영화산업 관계자와의 네트워크 구축을 강화하기 위하여「2026 제주다양성영화 영화제 참가활동 지원사업」을 다음과 같이 공고하오니 많은 참여 바랍니다. ☞ 순제작비 10억 원 미만의 제주다양성영화(독립영화, 다큐멘터리영화 등) 가. 당해 사업연도 이전 주 사업장이 제주특별자치도에 위치한 콘텐츠 제작 사업자(영화, 영상, 미디어 등) 나. 당해 사업연도 이전 주민등록상 거주지가 제주특별자치도인 개인창작자(감독, 메인 프로듀서, 메인 작","경영,제주,2026,제주콘텐츠진흥원,제주특별자치도,영화산업,국내외 영화제,제주 영화인,영화제,독립영화,다큐멘터리영화,콘텐츠 제작 사업자,개인창작자",디자인/상품화/사업화,2895
693,경상북도,경상북도경제진흥원,수출,[경북] 2026년 글로벌 비즈니스 스케일업 지원사업 참여기업 모집 공고,2026-06-18,2026-08-31,2026-06-22,https://www.bizinfo.go.kr/sii/siia/selectSIIA200Detail.do?pblancId=PBLN_000000000123420,,중소기업,"경상북도와 (재)경상북도경제진흥원은 경북PRIDE기업의 기업의 수출 단계별 투 트랙(Two-Track) 지원을 통해 초보 기업의 '수출 기업화' 및 수출 유망기업의 '글로벌 도약'을 견인하고, 경북PRIDE기업의 해외시장 경쟁력을 강화를 위해 「글로벌 비즈니스 스케일업 지원사업」을 다음과 같이 공고하오니 많은 참여 바랍니다. ☞ 경북PRIDE기업 ☞ 수출 단계별 글로벌 비즈니스 전 과정 맞춤 지원 - 수출 인프라, 해외 마케팅 기초, 수출 이행 기초, 수출 활동 지원 ※ 자세한 지원내용 공고문 참조","수출,경영,경북,특송비,포장운송,해외샘플,외국어매뉴얼,2026,홍보컨텐츠,PRIDE,항공료,홈페이지,통번역,장치비,디자인,경상북도경제진흥원,박람회,시장조사,컨설팅,경상북도",해외진출,3265
694,경상남도,경남테크노파크,금융,[경남] 2026년 수산부산물 재활용 규제자유특구 책임보험 지원기업 모집 공고,2026-06-19,2026-11-30,2026-06-22,https://www.bizinfo.go.kr/sii/siia/selectSIIA200Detail.do?pblancId=PBLN_000000000123412,,중소기업,"경남 수산부산물 재활용 규제자유특구 관련 “실증특례확인서”를 받은 특구사업자를 대상으로 수산부산물 재활용 규제자유특구 기업지원사업을 안내하오니, 해당 프로그램 참여를 희망하는 기업의 많은 신청 바랍니다. ☞ 경남 수산부산물 재활용 규제자유특구 관련 실증 특례지정 및 참여기업(기관) - 9차 경남 수산부산물 재활용 규제자유특구 실증특례확인서를 받은 특구사업자 ☞ 책임보험 가입 지원 - 지역특구법 제88조, 제90, 동법 시행령 제60조 근거, 법적 보장한도를 포함한 책임보험 가입비용 지원 - 기업당 가입보험료의 80%(최대 20백만원","금융,경영,경남,가입비용,2026,수산부산물,실증특례확인서,책임보험,특구사업자,규제자유특구,재활용,경남테크노파크,경상남도",보험(수출+무역),3014
695,부산광역시,부산노동권익센터,경영,[부산] 2026년 노동권익센터 동네방네 노무사 사업 참여사업장 모집 공고,2026-01-01,2026-12-31,2026-06-19,https://www.bizinfo.go.kr/sii/siia/selectSIIA200Detail.do?pblancId=PBLN_000000000123385,,중소기업,"부산노동권익센터는 부산지역의 건전한 노동환경을 조성하고 취약노동자 권익 침해를 예방하기 위해 2026년도 부산노동권익센터 동네방네 노무사 사업을 운영합니다. 이에 2026년도 부산노동권익센터 동네방네 노무사 사업에 참여할 사업장을 모집합니다. ☞ 부산 소재 30인 미만 소규모 사업장 사업주, 사업장 기준 30인 미만 민간위탁기관 등 ※ 세부 지원별 자격 상이, 자세한 내용 공고문 참조 ☞ 소규모사업장 노무관리 진단사업, 소규모사업장 임금명세서 발급 지원 사업, 직장내괴롭힘 조사위원 또는 동석지원 매칭사업 지원 ※ 자세한 지원내용 공","인력,경영,부산,휴게시간,근로계약서장석방법,노동관계법,동네방네,2026,부산노동권익센터,진단,노무관리,소규모,임금,부산광역시",컨설팅,3770
696,울산광역시,울산경제일자리진흥원,인력,[울산] 울주군 2026년 소상공인 직원 신규채용 인건비 지원사업 모집 정정 공고,,,2026-06-19,https://www.bizinfo.go.kr/sii/siia/selectSIIA200Detail.do?pblancId=PBLN_000000000123384,예산 소진시까지,소상공인,"울산광역시 울주군은 소상공인의 경영부담 완화 및 일자리 창출을 위하여 ‘울주군 소상공인 직원 신규채용 인건비 지원사업’의 참여자를 다음과 같이 모집 공고합니다. ☞ 울주군 관내에서 영업중인 소상공인 중 지정 기간 내(2026. 1. 1. ~ 9. 1.) 18세 이상 근로자를 신규 채용한 사업주(4대보험 가입, 근로계약서 기준) ※ 자세한 지원대상 공고문 참조 ☞ 기업당 최대 2명 이내 지원 - (월 100시간 이상 근로) 3개월 고용유지 시 150만원(50만원×3개월), 6개월 고용유지 시 50만원(1회) 지원 - (월 60시간 이","인력,울산,2026,울산경제일자리진흥원,울산광역시,소상공인,울주군,고용유지,신규채용,인건비",고용환경개선,4371
697,고용노동부,주식회사국제커리어,경영,[호남권] 2026년 중소·중견기업 기업맞춤 고용지원사업 방문컨설팅 공고,,,2026-06-19,https://www.bizinfo.go.kr/sii/siia/selectSIIA200Detail.do?pblancId=PBLN_000000000123383,상시 접수,중소기업,"기업의 현황과 채용예정에 맞춤 지원사업을 한 번에 확인할 수 있는 방문컨설팅을 안내드립니다. 올해 기업에 신규 입사한 청년에도 지원가능한 사업이 있으니, 청년과 기업 담당자의 많은 참여바랍니다! ☞ 채용 예정 인원이 있는 기업 - 고용장려금 및 지원사업 활용을 희망하는 기업 - 청년 채용 및 유지 관리가 필요한 기업 - 정부지원사업 정보를 한 번에 안내받고 싶은 기업 ☞ 방문컨설팅 지원 ① 청년일자리도약장려금: 청년 정규직 채용 시 기업 인건비 및 청년 장기근속 인센티브 지원 ② 인재채움뱅크: 출산휴가·육아휴직·근로시간 단축 등 대","경영,광주,전북,전남,정부지원사업 정보,중장년 경력지원제,미래내일 일경험,맞춤 지원,기업 담당자,인재채움뱅크,주식회사국제커리어,2026,청년일자리도약장려금,내일채움공제,방문컨설팅,고용노동부,컨설팅",컨설팅,4639
698,고용노동부,한국장애인고용공단,인력,2026년 선도기업 전략직종 직무개발 참여 기업 추가 모집 공고,,,2026-06-18,https://www.bizinfo.go.kr/sii/siia/selectSIIA200Detail.do?pblancId=PBLN_000000000123363,모집 완료시,중소기업,"기업의 장애인 근로자 채용 시 적합직무 부족 문제를 해소하고자 '2026년 선도기업 전략직종 직무개발 사업' 참여기업을 선정한 바 있습니다. 선정 이후에도 참여를 희망하는 기업들의 요청이 이어짐에 따라, 더 많은 기업이 본 사업에 함께할 수 있도록 추가 모집을 진행하오니 관심 있는 기업의 많은 참여를 부탁드립니다. ☞ 기업 맞춤형 장애인 직무개발을 희망하거나 직무개발을 통해 장애인 고용률 상승을 희망하는 기업 ☞ 기업ㆍ기관별 맞춤형 장애인 적합 직무 발굴 - 직무기술서, 직무로드맵, 교육자료 등 장애인 고용지원 도구 제공 - 공단 ","인력,서울,부산,대구,인천,광주,대전,울산,세종,경기,강원,충북,충남,전북,전남,경북,경남,제주,직무로드맵,직무기술서,직무개발,교육자료,2026,고용지원,한국장애인고용공단,선도기업,고용노동부",고용환경개선,6227
699,고용노동부,부산상공회의소,인력,[부산] 관광ㆍ마이스업 3UP(WageㆍWorkㆍWelfare) 프로젝트 참여기업 모집 공고,,,2026-06-18,https://www.bizinfo.go.kr/sii/siia/selectSIIA200Detail.do?pblancId=PBLN_000000000123356,예산 소진시까지,중소기업,"부산상공회의소는 고용노동부와 부산광역시와 함께 부산 관광ㆍ마이스 산업의 일하기 좋은 기업 환경을 조성하고 안정적인 고용 창출 및 유지를 지원하기 위해 「관광ㆍ마이스업 3UP(Wage, Work, Welfare) 프로젝트」지원 사업을 추진하오니, 많은 관심과 신청 바랍니다. ☞ 사업자등록증 상 부산시에 소재한 관광ㆍ마이스업종 기업 ☞ 근로자의 근무환경ㆍ복리후생 개선 지원(기업당 최대 900만원(정규직 신규 채용 1인당 최대 450만원))","인력,부산,운동시설등록비,여가활동비,숙박시설이용료,마이스업종,2026,휴가비,문화활동비,근무환경,부산상공회의소,관광기업,복리후생,고용노동부",고용유지,3672
700,인천광역시,인천창조경제혁신센터,창업,[인천] 2026년 시제품 제작터 지원 공고,,,2026-06-18,https://www.bizinfo.go.kr/sii/siia/selectSIIA200Detail.do?pblancId=PBLN_000000000123352,예산 소진시까지,창업벤처,"인천지역 내 (예비)창업자분의 아이디어 제품화를 통해 빠른 시장 진입 기회를 제공하기 위해 시제품 제작 지원 사업을 운영합니다. 시제품 제작이 필요한 (예비) 창업자분들의 적극적인 참여 바랍니다. 자세한 문의사항이나 참여를 희망하시는 경우, 아래 접수처로 연락해 주시기 바랍니다. ☞ 인천 지역 내 (예비)창업자, 인천창조경제혁신센터 보육기업 ☞ 시제품 제작 지원(3D 프린터, 레이저 커터, UV프린터)","창업,인천,2026,인천창조경제혁신센터,인천광역시,3D 프린터,레이저 커터,UV프린터,시제품 제작,창업자,예비창업자,아이디어 제품화,연세대학교 메이커스페이스단",사업화지원,5415
701,울산광역시,직접수행,경영,[울산] 2026년 찾아가는 사업장 안전교육 지원사업 참여 기업체 모집 공고,,,2026-06-18,https://www.bizinfo.go.kr/sii/siia/selectSIIA200Detail.do?pblancId=PBLN_000000000123341,상시 접수,중소기업,울산광역시「찾아가는 사업장 안전교육 지원사업」에 참여를 희망하는 기업체를 모집하고자 아래와 같이 공고합니다. ☞ 울산 관내 중소기업 ☞ 산업안전보건법 시행규칙 제26조 별표5의 근로자 정기 안전보건교육 지원 - 전문강사가 사업장을 방문하여 안전교육 실시(1개소 당 2~3시간 교육),"경영,울산,사업장안전교육,2026,안전보건교육,안전교육,울산광역시,직접수행,교육,중소기업",교육,4271
702,지식재산처,한국발명진흥회,경영,2026년 IP투자연계 지식재산평가 지원사업 공고,,,2026-06-18,https://www.bizinfo.go.kr/sii/siia/selectSIIA200Detail.do?pblancId=PBLN_000000000123338,상시 접수,중소기업,"우수 지식재산(IP)을 보유한 중소ㆍ초기 중견기업에 대한 투자심의 시, 투자기관이 공인된 평가기관의 지식재산 평가 보고서를 활용할 수 있도록 평가비용을 지원하는「2026년 IP투자연계 지식재산 평가 지원사업」을 다음과 같이 공고합니다. ☞ 신청일 현재 공개된 출원 또는 등록된 특허권, 등록된 상표권을 보유하고 투자를 유치함에 있어 - 중소기업기본법 제2조에 따른 중소기업 - 중견기업 성장촉진 및 경쟁력 강화에 관한 특별법 제2조에 따른 중견기업으로서 중소기업기본법 제2조제3항에서 정한 기간이 종료된 연도의 다음 연도부터 3년 이내의","경영,서울,부산,대구,인천,광주,대전,울산,세종,경기,강원,충북,충남,전북,전남,경북,경남,제주,투자용 IP,지식재산처,2026,상표권,가치평가,특허권,한국발명진흥회,지식재산,중견기업,중소기업",디자인/상품화/사업화,4479
703,서울특별시,서울디자인재단,경영,[서울] 2026년 2차 서울제로마켓 활성화 사업 참여자 모집 공고,,,2026-06-18,https://www.bizinfo.go.kr/sii/siia/selectSIIA200Detail.do?pblancId=PBLN_000000000123336,모집 완료시,중소기업,"서울시와 서울디자인재단은 <제로웨이스트 서울 프로젝트>의 일환으로 생산, 유통, 소비 단계에서의 폐기물 감량 및 친환경 소비를 확산하고자 하는 ‘2026년 서울제로마켓 활성화 사업’ 참여자를 모집합니다. ☞ 서울 소재 기업, 소상공인, 단체 등 - 다회용기 배달 운영 매장(배달앱 등을 통한 다회용기 사용 내역 증빙 필수) - 무포장, 소분, 리필스테이션, 친환경 포장재, 포장재 줄이기 中 1종 이상 운영 중인 매장 - 물품 판매 또는 음식 조리ㆍ판매가 가능한 사업자등록증(도매 및 소매업, 숙박 및 음식점업 등) 소지자 ☞ 매장별 1","경영,서울,2026,서울제로마켓,물품구입비,포장용기,음식점업,홍보비,서울디자인재단,다회용기,교육비,숙박업,도매업,임차비,소매업,인건비,서울특별시,소상공인",시설/입지지원,5131
704,중소벤처기업부,소상공인연합회,경영,2026년 소상공인 무료 법률ㆍ세무ㆍ노무 간편상담 지원사업 모집 공고,2026-06-16,2026-11-30,2026-06-18,https://www.bizinfo.go.kr/sii/siia/selectSIIA200Detail.do?pblancId=PBLN_000000000123334,,소상공인,"중소벤처기업부와 소상공인연합회는 소상공인 여러분의 성공적인 사업 운영을 돕고 경영 현장에서 겪는 다양한 애로사항을 해결해 드리고자 「소상공인 간편상담센터」를 운영합니다. 각 분야의 전문가가 1:1 맞춤형 무료 상담을 제공하오니, 소상공인 여러분의 많은 관심과 참여를 바랍니다. 소상공인의 성공을 함께하는 든든한 동반자가 되겠습니다. ☞ 소상공인이라면 누구나 ☞ 법률, 세무, 노무 분야 전문가 무료 상담 지원(전화 및 서면 상담으로 진행)","경영,서울,부산,대구,인천,광주,대전,울산,세종,경기,강원,충북,충남,전북,전남,경북,경남,제주,임대차문제,상권문제,2026,분쟁해결,세무신고,퇴직금,절세전략,근로계약,세무조정,소상공인연합회,가업승계,노무관리,노무,상표,법률,세무,지식재산권,4대보험,중소벤처기업부",컨설팅,7163
705,제주특별자치도,제주창조경제혁신센터,경영,[제주] 2026년 로컬기업 크라우드펀딩 (대출형) 참여기업 모집 공고,2026-06-09,2026-10-30,2026-06-18,https://www.bizinfo.go.kr/sii/siia/selectSIIA200Detail.do?pblancId=PBLN_000000000123327,,소상공인,제주다움을 바탕으로 창의적이고 혁신적인 비즈니스 모델을 보유한 제주 지역 소기업ㆍ소상공인의 안정적인 운전자금 확보와 성장 기반 마련을 지원하고자「2026년 제주 로컬기업 크라우드펀딩(대출형)」 참여기업을 다음과 같이 모집합니다. ☞ 제주 지역 자원을 기반으로 차별화된 비즈니스 모델을 운영하는 로컬기업(소기업 또는 소상공인) - 공고일 기준「중소기업기본법」및「소상공인기본법 제2조」에 따른 소기업 또는 소상공인 - 중소기업현황정보시스템(sminfo.mss.go.kr)에서 중소기업확인서(소기업 또는 소상공인) 발급이 가능한 기업 - 공고,"수출,경영,제주,제주 로컬기업 크라우드펀딩,2026,제주창조경제혁신센터,로컬기업,크라우드펀딩,제주특별자치도,소기업,소상공인",컨설팅,3948
706,경기도,기초자치단체,인력,[경기] 화성시 2026년 하반기 여성 농업인 특수건강검진 지원사업 신청 공고,2026-06-01,2026-12-04,2026-06-17,https://www.bizinfo.go.kr/sii/siia/selectSIIA200Detail.do?pblancId=PBLN_000000000123307,,소상공인,2026년도 화성시 여성농업인 특수건강검진 하반기 대상자 신청을 다음과 같이 공고합니다. ☞ 화성시에 거주하는 짝수년도 출생한 51~80세 여성농업인 ☞ 특수건강검진비의 90%지원(1인당 검진비용 22만원 이내),"인력,경기,모두온의료재단,수원덕산병원,병원검진형,이동검진형,특수건강검진,2026,여성농업인,화성시,기초자치단체,경기도",작업환경개선,5723
707,강원특별자치도,강원테크노파크,기술,2026년 수요맞춤형 전기구동 경형 PBV 개발 지원기반 구축사업 기업지원 프로그램(기술자문) 추가 모집 공고,,,2026-06-17,https://www.bizinfo.go.kr/sii/siia/selectSIIA200Detail.do?pblancId=PBLN_000000000123299,선착순 접수,중소기업,"「수요맞춤형 전기구동 경형 PBV 개발 지원기반 구축사업」의 일환으로 미래차부품 기업의 기술개발 및 제품개발을 지원하기 위해「2026년 기업 지원 프로그램」을 다음과 같이 공고하오니, 도내ㆍ외 자동차 부품기업 및 전기구동 경형 PBV와 관련한 전후방 기업의 많은 참여 바랍니다. ☞ 자동차 소재ㆍ부품 제조 및 전환 예정 또는 접목 가능 기업 ☞ 기술자문(지도) 기업당 3,000천원 지원 ※ 자세한 지원내용 공고문 참조","기술,서울,부산,대구,인천,광주,대전,울산,세종,경기,강원,충북,충남,전북,전남,경북,경남,제주,PBV개발,2026,강원특별자치도,미래차부품,전기구동,기술자문,자동차,제품개발,강원테크노파크,기술개발",기술사업화/이전/지도,3638
708,산업통상부,전북지역산업진흥원,기술,[전북] 군산시 2026년 2차 AX얼라이언스 산ㆍ학ㆍ연 종합프로그램 지원 수혜기업 모집 공고(군산국가산업단지 스마트그린 AX실증산단 구축사업),,,2026-06-17,https://www.bizinfo.go.kr/sii/siia/selectSIIA200Detail.do?pblancId=PBLN_000000000123291,예산 소진시까지,중소기업,"산업통상부에서 시행하는「스마트그린산업단지 촉진사업」에 따라 전북특별자치도 내 산업단지의 디지털ㆍ인공지능 전환(DXㆍAX)촉진을 위하여, ""군산국가산업단지 스마트그린 AX실증산단 구축사업""을 수행하고 있습니다. 본 사업의 일환으로 군산 국가산업단지 내 중소ㆍ중견기업을 대상으로 AX 얼라이언스 산ㆍ학ㆍ연 종합프로그램 지원 수혜기업을 모집하오니 많은 관심과 신청 바랍니다. ☞ 군산국가산업단지 내 조선ㆍ해양 모빌리티 제조 AI 도입 의지가 있는 수요기업과 AX 전환 과제 해결을 위한 기술 공급기업 및 기관(대학, 연구기관 등) - (수요기","기술,전북,R&D협력,조선해양모빌리티,스마트그린산업,인공지능전환,군산국가산업단지,산업통상부,2026,AX,전북지역산업진흥원,기술도입,스마트그린산업단지,디지털전환,컨소시엄,실증,DX,테스트",기술사업화/이전/지도,4433
709,고용노동부,한국문화산업협회,기술,[대전ㆍ충청] 2026년 중소기업 AI훈련확산 지원사업 참여기업 모집 공고,2026-02-09,2026-10-31,2026-06-17,https://www.bizinfo.go.kr/sii/siia/selectSIIA200Detail.do?pblancId=PBLN_000000000123277,,중소기업,"안녕하세요, 한국문화산업협회입니다. 우리 협회는 한국산업인력공단이 주관하는「2026년 중소기업 AI훈련확산센터」의 수행기관으로서, 중소기업의 AI도입과 실무 역량 강화를 지원하고 있습니다. 맞춤형 AI도입 훈련 프로그램에 참여할 기업을 모집합니다. 많은 관심 부탁드립니다. ☞ (대전/충청권 소재) AI활용 및 도입 수요가 있는 상시근로자 20인 이상 기업 우선 지원 ※ 단, AI기반 스타트업 등의 경우 20인 미만도 가능 ☞ AI도입을 위한 기업 맞춤형 훈련 로드맵 수립, 문제해결형(PBL) AI+ 직무 훈련과정 개발 및 AI역량 ","기술,경영,대전,충북,충남,AI훈련확산센터,맞춤형 훈련,AI역량,직무훈련,2026,한국문화산업협회,AI도입,한국산업인력공단,고용노동부,컨설팅,중소기업",기술사업화/이전/지도,4291
710,산업통상부,한국산업기술진흥원,금융,2026년 1차 지역산업위기대응 이차보전 지원사업 변경 공고,2026-02-10,2026-11-13,2026-06-17,https://www.bizinfo.go.kr/sii/siia/selectSIIA200Detail.do?pblancId=PBLN_000000000123260,,중소기업,「지역산업위기대응 이차보전 지원사업 운영규정(산업통상부고시 제2026-008호)」(이하 “운영규정”이라 한다) 제8조에 따라 2026년도 지역산업위기대응 이차보전 지원사업을 다음과 같이 공고합니다. ☞ 산업위기지역의 주된산업 또는 이와 밀접한 전ㆍ후방 연관 산업(거래증빙必)을 영위하고 있는 중소ㆍ중견기업 ☞ 산업위기지역 소재 중소ㆍ중견기업의 경영 안정을 위한 이차보전 지원 ※ 자세한 지원내용 공고문 참조,"금융,서울,부산,대구,인천,광주,대전,울산,세종,경기,강원,충북,충남,전북,전남,경북,경남,제주,산업통상부,2026,울산시,산업위기지역,서산시,광양시,여수시,당진시,포항시,이차보전,한국산업기술진흥원,중견기업,중소기업",융자,4798
711,제주특별자치도,제주특별자치도관광협회,경영,[제주] 2026년 하반기 도내 여행사 대상 단체 관광객 유치 지원 공고,,,2026-06-16,https://www.bizinfo.go.kr/sii/siia/selectSIIA200Detail.do?pblancId=PBLN_000000000123238,예산 소진시까지,중소기업,"도내 여행업계 중심의 단체 관광객 모객 확대 유도 및 관광 관련 사업체의 경쟁력 강화 도모를 위해「도내 여행사 대상 단체 관광객 유치 지원」사업을 다음과 같이 추진하오니 적극적인 참여 바랍니다. ☞ 제주도내 본점을 둔 여행업체, 제주도내 지점(영업소)을 둔 외국인 인바운드 여행업체 ☞ 단체 관광객 유치 여행사 대상 차량임차비 일부 지원","경영,제주,2026,여행업계,인바운드,제주특별자치도관광협회,관광객,여행사,여행업체,관광,제주특별자치도,여행업,차량임차비,단체관광객,단체관광객유치",디자인/상품화/사업화,4017
712,경상남도,경남지식재산센터,창업,[경남] 2026년 IP디딤돌프로그램 후속지원사업 공고,,,2026-06-16,https://www.bizinfo.go.kr/sii/siia/selectSIIA200Detail.do?pblancId=PBLN_000000000123218,예산 소진시까지,창업벤처,"경남지식재산센터(창원상공회의소)에서는 우수 아이디어 및 사업 아이템을 보유한 IP디딤돌프로그램 수혜자를 대상으로 사업화 및 성장 지원 도모를 위한 창업자 후속지원사업을 운영하고자 하오니, 많은 관심과 참여 부탁드립니다. ☞ 2024~2026년 IP디딤돌프로그램의 권리화를 지원받은 창업자 ☞ 특허망 구축(국내출원), PCT 출원, 신규브랜드 개발, 제품디자인 개발, 포장디자인 개발 지원","기술,창업,경영,경남,2026,경상남도,경남지식재산센터,창원상공회의소,IP디딤돌프로그램,후속지원,창업자,특허망구축,국내출원,PCT,신규브랜드,제품디자인,포장디자인",사업화지원,4032
713,산업통상부,구미상공회의소,수출,[경북] 2026년 FTA활용지원사업 추가 공고,,,2026-06-16,https://www.bizinfo.go.kr/sii/siia/selectSIIA200Detail.do?pblancId=PBLN_000000000123213,예산 소진시까지,중소기업,"산업통상부, 경상북도, 구미상공회의소가 운영하는「경북FTA통상진흥센터」에서는 전문인력 부족으로 FTA 활용에 어려움을 겪고 있는 경북지역 수출입기업 및 수출물품 제조업체들을 위하여 다음과 같이 경북FTA활용지원사업을 추가로 시행하오니 많은 신청 바랍니다. ☞ 경북 지역 내 중소기업 中 직ㆍ간접 수출 또는 수출 희망업체 - 수행가능 지역 : 구미, 경산, 김천, 칠곡, 고령, 성주, 상주, 문경, 예천, 안동, 영주 ☞ 컨설팅 지원분야 (업체당 1건 지원) - 수출기업 맞춤 컨설팅, 기업 원산지확인서 컨설팅, FTA 무역서류 발급 지","수출,경영,경북,상수,FTA무역서류발급,산업통상부,성주,2026,김천,문경,예천,영주,안동,원산지인증수출자,칠곡,경산,고령,원산지확인서,구미상공회의소,구미,컨설팅,FTA,중소기업",FTA활용/대응,3270
714,울산광역시,울산경제일자리진흥원,경영,[울산] 2026년 공공조달 컨설팅 참가기업 모집 공고(지역기업 판로개척 패키지 지원사업),,,2026-06-16,https://www.bizinfo.go.kr/sii/siia/selectSIIA200Detail.do?pblancId=PBLN_000000000123208,상시 접수,중소기업,"지역 중소기업의 기술경쟁력 강화를 통해 중소기업 기술개발제품 우선구매제도를 활용한 판로확대 지원을 목적으로 하는「지역기업 판로개척 패키지 지원사업」공공조달 컨설팅 참가기업을 다음과 같이 모집합니다. ☞ 울산 소재 중소기업으로 중소기업확인서 발급이 가능하며, 조달청 거래 참가 자격을 갖춘 기업 ☞ 공공조달 전자입찰 컨설팅, 조달청 다수공급자계약(MAS) 컨설팅, 해외입찰 벤더(SAM)등록 컨설팅, 이음장터 등록 컨설팅 지원 ※ 자세한 지원내용 공고문 참조","내수,경영,울산,2026,이음장터,울산경제일자리진흥원,상품등록,벤더등록,공공조달,조달청,나라장터,울산광역시,패키지,컨설팅,중소기업",컨설팅,3503
715,산업통상부,한국산업기술시험원,기술,AI기반 Age-Tech 산업 중심의 디지털의료제품 지원 바이오데이터 및 알고리즘 실증 기술서비스 모집 상시 공고(산업혁신기반구축ㆍ2차년도),,,2026-06-16,https://www.bizinfo.go.kr/sii/siia/selectSIIA200Detail.do?pblancId=PBLN_000000000123203,상시 접수,중소기업,"산업혁신기반구축 과제로 지원하는「AI기반 Age-Tech 산업 중심의 디지털의료제품 지원 바이오데이터 및 알고리즘 실증 기반구축」기술서비스의 참여기업을 아래와 같이 모집하오니, 관심있는 기업들의 많은 신청 바랍니다. ☞ 국내 AI 기반 Age-Tech 관련 기업(국내 의료기기 제조기업 및 AI 디지털의료제품 대상) ☞ 인공지능 알고리즘 성능평가, 디지털 의료제품 관련 SW 밸리데이션 기술지도 지원 ※ 자세한 지원내용 공고문 참조","기술,서울,부산,대구,인천,광주,대전,울산,세종,경기,강원,충북,충남,전북,전남,경북,경남,제주,SW밸리데이션,Age-Tech,산업통상부,디지털의료제품,2026,한국산업기술시험원,성능평가,기술지도,제조기업,의료기기,인공지능,AI",기술사업화/이전/지도,5827
716,울산광역시,기초자치단체,경영,[울산] 남구 2026년 소상공인 온라인 플랫폼 지원사업 모집 공고,,,2026-06-16,https://www.bizinfo.go.kr/sii/siia/selectSIIA200Detail.do?pblancId=PBLN_000000000123202,예산 소진시까지,소상공인,"울산광역시에서는 소상공인을 대상으로 온라인 플랫폼 서비스 이용 수수료 및 광고비를 지원하기 위해「2026년 소상공인 온라인 플랫폼 지원사업」을 실시하오니, 많은 관심과 신청 바랍니다. ☞ 남구 소재 소상공인 업체 ☞ 온라인 플랫폼 서비스 이용 수수료 및 광고비 등(최대 100만원) - 온라인 배달 플랫폼 : 배달의 민족, 쿠팡이츠 등 - 온라인 오픈마켓 및 자사몰 구축 솔루션 : 네이버, 쿠팡, 아임웹 등","경영,울산,구축솔루션,온라인배달,2026,자사몰,광고비,오픈마켓,수수료,남구,울산광역시,플랫폼,기초자치단체,소상공인",디자인/상품화/사업화,5218
717,경기도,경기대진테크노파크,기술,[경기] 포천시 2026년 현장기술 돌봄이 지원사업 모집 수정 공고,2026-06-12,2026-12-31,2026-06-15,https://www.bizinfo.go.kr/sii/siia/selectSIIA200Detail.do?pblancId=PBLN_000000000123174,,중소기업,"포천시 섬유기업 기술경쟁력 강화와 수출 활성화를 위해 포천시와 경기대진테크노파크에서는「2026년 포천시 현장기술돌봄이 지원사업」을 아래와 같이 모집 공고하오니, 섬유 관련 기업인들의 많은 관심과 참여 바랍니다. ☞ 포천시 소재(본사/공장) 섬유관련 기업 ☞ 환편기 조직변환 비용 지원(1일 1회, 최대 3회 / 30만원 지원)","기술,경기,2026,경기도,경기대진테크노파크,조직변환 비용,현장기술돌봄이,섬유기업,섬유,포천시",기술사업화/이전/지도,3544
718,전남광주통합특별시,전남테크노파크,경영,[전남] 여수시 2026년 2차 지역산업위기대응 맞춤형 지원사업 공고,,,2026-06-15,https://www.bizinfo.go.kr/sii/siia/selectSIIA200Detail.do?pblancId=PBLN_000000000123173,예산 소진시까지,중소기업,"지역산업위기대응을 위한 석유화학 및 석유화학 전후방산업의 중견, 중소기업을 대상으로 기술/사업화, 패키지 지원을 아래와 같이 기업지원 프로그램을 공고하오니, 많은 관심과 참여 바랍니다. ☞ 아래 사항을 모두 포함하는 중소ㆍ중견ㆍ대기업 ① 여수 소재 기업(사업자등록증 기준) 또는 공장ㆍ연구소ㆍ지사가 여수 소재 기업(전라남도 내 본사 소재) ② 석유화학 업종 또는 석유화학 관련 업종(부품 제조, 설비제작, 기자재 등) ☞ 기술(시제품제작, 공정개선 지원, 기술지도, IPR&D전략지원, 특허 획득 지원) 및 사업화(샘플제작, 마케팅, 위","기술,경영,전남,특허획득,설비제작,2026,석유화학,샘플제작,여수시,부품제조,기자재,공정개선,기술지도,시제품제작,전라남도,전남테크노파크,마케팅,전남광주,전남광주통합특별시",디자인/상품화/사업화,3743
719,경상북도,경북테크노파크,경영,[경북] 2026년 게임 기업 맞춤형 지원사업(컨설팅 분야) 모집 공고,,,2026-06-15,https://www.bizinfo.go.kr/sii/siia/selectSIIA200Detail.do?pblancId=PBLN_000000000123170,선착순 접수,중소기업,"(재)경북테크노파크에서는 도내 게임콘텐츠 관련 기업의 경쟁력 강화 및 지속가능한 성장 지원을 위해「2026 경북 게임 기업 맞춤형 지원사업(컨설팅 분야)」을 추진하오니 많은 관심과 참여바랍니다. ☞ 다음 중 필수를 포함하여, 2개 이상 해당하는 게임 - 2026년 10월 31일까지 완성 또는 런칭이 가능한 게임 - 공고일 기준 완성품 단계의 상용화(런칭) 직전 또는 상용화된 게임 콘텐츠 - 현재 국내 서비스 중이며, 해외 국가로 진출을 준비중인 게임 - 현재 해외 서비스 중이며, 한국 시장으로 진출을 준비 중인 게임 - (필수) 공","기술,경영,경북,게임 기업,2026,게임콘텐츠,컨설팅,경상북도,경북테크노파크",컨설팅,3233
720,부산광역시,부산경제진흥원,금융,[부산] 2026년 9차 중소기업 자금지원계획 변경 공고,,,2026-06-15,https://www.bizinfo.go.kr/sii/siia/selectSIIA200Detail.do?pblancId=PBLN_000000000123160,예산 소진시까지,중소기업,"「부산광역시 중소기업육성기금 조례」제10조에 따라, 2026년도 부산광역시 중소기업 자금지원계획을 다음과 같이 공고합니다. ☞ 부산시 소재 중소기업 ※ 세부사업별 지원대상 상이, 공고문 참조 ☞ 이차보전, 저금리 융자, 특례보증(경영위기 중소기업 및 소상공인 보증) 지원 ※ 자세한 지원내용 공고문 참조","금융,부산,저금리융자,2026,특례보증,부산경제진흥원,이차보전,부산광역시,소상공인,중소기업",융자,6077
721,경기도,용인시산업진흥원,수출,[경기] 용인시 2026년 우체국 국제특급우편(EMS) 할인서비스 이용 희망기업 모집 공고,2026-06-09,2026-09-30,2026-06-15,https://www.bizinfo.go.kr/sii/siia/selectSIIA200Detail.do?pblancId=PBLN_000000000123155,,중소기업,"용인시산업진흥원에서 '우체국 국제특급우편(EMS) 할인서비스 이용 희망기업'을 아래와 같이 모집하오니, 관내 수출 중소기업의 많은 관심과 참여 바랍니다. ☞ 용인 소재 수출 중소기업 ☞ 우체국 국제우편(EMS) 비용 기본감액(12%) 및 특별감액(최대 27%)","수출,경기,경인지방우정청,2026,국제우편,용인시산업진흥원,용인시,EMS,해외물류비,경기도",해외진출,3953
722,해양수산부,제주테크노파크,경영,[제주] 2026년 해양수산 국내전시회(2026 부산 국제수산 EXPO) 참가 및 바이어 초청 통합지원 참가기업 모집 재공고,,,2026-06-15,https://www.bizinfo.go.kr/sii/siia/selectSIIA200Detail.do?pblancId=PBLN_000000000123140,수시 모집,중소기업,"2026년도 해양수산부와 제주특별자치도에서 지원하는 ‘제주 해양수산 창업투자 지원센터 사업’의 수혜기업 모집을 위해 다음과 같이 안내하오니 많은 관심과 참여 바랍니다. ☞ 제주특별자치도 내 소재한 해양수산산업 및 전ㆍ후방 연관산업 분야 중소기업(사업자등록 필수) ☞ 해양수산 분야 창업기업지원, 마케팅 지원","경영,제주,2026,제주테크노파크,제주특별자치도,해양수산부,창업투자,해양수산산업,마케팅,컨설팅,시제품제작,부산 국제수산 EXPO",디자인/상품화/사업화,3354
723,농림축산식품부,한국농수산식품유통공사,수출,해외 K-푸드 전시ㆍ홍보 사업 참여 제품 모집 공고,,,2026-06-12,https://www.bizinfo.go.kr/sii/siia/selectSIIA200Detail.do?pblancId=PBLN_000000000123138,상시 접수,중소기업,"한국산 식별력 향상 및 브랜드 가치 보호를 위한 해외 네트워크 활용 「해외 K-푸드 정품 전시ㆍ홍보 사업」에 참여할 한국산 식품을 다음과 같이 모집합니다. ☞ (대상) 해당국 수출 중인 제품 보유 수출업체(현지법인 포함) 또는 한국농식품 취급 바이어 - (제품) 신선 농산물 및 가공 농식품(업체당 3개 제품 내외) ☞ 제품 홍보·전시 및 위ㆍ모방품과의 구별법 홍보 - 업체 희망 시 구별 포인트 홍보 및 위ㆍ모방품 샘플 전시 가능 ※ 전시 제품 및 홍보 내용 관련 법적 분쟁 소지 없음에 대해 업체 자체 사전 확인 必 - 시음시식, 참","수출,서울,부산,대구,인천,광주,대전,울산,세종,경기,강원,충북,충남,전북,전남,경북,경남,제주,한국농식품,2026,샘플전시,이벤트,K-푸드,전시,한국농수산식품유통공사,홍보,농림축산식품부",해외진출,11065
724,경상북도,경상북도경제진흥원,경영,[경북] 영덕군 2026년 소상공인 카드수수료 지원사업 참여 점포 모집 공고,,,2026-06-12,https://www.bizinfo.go.kr/sii/siia/selectSIIA200Detail.do?pblancId=PBLN_000000000123126,예산 소진시까지,소상공인,"경상북도와 영덕군, 경상북도경제진흥원은 경기 침체로 어려움을 겪고 있는 소상공인을 위한 ‘소상공인 카드수수료 지원사업’의 참여 점포를 모집하고 있으니, 관심 있는 소상공인분들의 많은 신청 부탁드립니다. ☞ 2025년 매출액 1억원 이하,사업자등록증 상 소재지가 ‘영덕군’인 소상공인 ☞ 2025년도 카드 매출액의 0.4% 지원(업체당 최저 5만원 ~최대 40만원)","경영,경북,2026,카드수수료,소상공인,경상북도경제진흥원,경상북도,영덕군,카드 매출액, 경기 침체",디자인/상품화/사업화,10153
725,경상북도,포항테크노파크,기술,2026년 바이오프린팅 활용 첨단바이오 활성화 지원사업(시설ㆍ장비 활용) 수혜기업 모집 공고,,,2026-06-12,https://www.bizinfo.go.kr/sii/siia/selectSIIA200Detail.do?pblancId=PBLN_000000000123119,예산 소진시까지,중소기업,"바이오프린팅 및 인공장기 전후방 산업 육성을 위해 경상북도, 포항시, 포항테크노파크에서 추진하는 ‘바이오프린팅 활용 첨단바이오 활성화 지원 사업(시설ㆍ장비활용)’을 아래와 같이 공고하오니 관련 기관과 기업의 많은 관심과 참여 바랍니다. ☞ 국내 바이오프린팅 및 인공장기 전후방 산업 분야 중소벤처기업, 연구소, 대학, 병원 등 - 바이오프린팅 인공장기 상용화 지원센터 시설 및 장비 활용 희망 기업 ※ 개인 또는 법인사업자이며 주사업장(사업자등록증상)이 국내에 주소를 두어야 함 ☞ 바이오프린팅 인공장기 상용화지원센터 시설 및 장비 활용","기술,서울,부산,대구,인천,광주,대전,울산,세종,경기,강원,충북,충남,전북,전남,경북,경남,제주,포항시,포항테크노파크,경상북도,2026,바이오프린팅,인공장기,중소벤처기업,시설,장비,첨단바이오",기술인력/장비지원,4858
726,고용노동부,한국산업인력공단,경영,[서울ㆍ인천ㆍ경기ㆍ강원] 2026년 중소기업 AI훈련확산센터 참여기업 모집 공고,,,2026-06-12,https://www.bizinfo.go.kr/sii/siia/selectSIIA200Detail.do?pblancId=PBLN_000000000123108,모집 완료시,중소기업,"AI 도입과 활용에 어려움을 겪는 중소기업을 위해 고용노동부와 산업인력공단, 캐럿글로벌이 함께합니다. 전문 코치가 기업 현장을 직접 방문하여 귀사에 가장 최적화된 AX 솔루션을 제시해 드립니다. 지금 바로 신청하여 우리 기업의 워크플로우를 혁신해 보세요. ☞ AI 활용 및 도입 수요가 있는 상시 근로자 20인 이상, AI기반 스타트업 등의 경우 20인 미만인 중소기업(서울, 인천, 경기, 강원 소재) - AI 기술 도입 및 활용에 어려움을 겪고 있어 전문가의 컨설팅이 필요한 중소기업 ☞ AI 맞춤 컨설팅 비용 100% 전액 지원, ","경영,서울,인천,경기,강원,AI훈련,코치매칭,캐럿글로벌,2026,로드맵설계,한국산업인력공단,고용노동부,컨설팅,AI,스타트업,중소기업",교육,6898
727,전북특별자치도,전북테크노파크,경영,[전북] 2026년 중소기업 디자인개발 지원사업 디자인 공모전 출품 지원사업 과제 모집 공고,2026-06-01,2026-11-01,2026-06-12,https://www.bizinfo.go.kr/sii/siia/selectSIIA200Detail.do?pblancId=PBLN_000000000123098,,중소기업,(재)전북테크노파크에서는 우수한 역량을 갖춘 전북특별자치도 중소기업과 디자인 기업을 대상으로 기업 경쟁력 확보 및 대내ㆍ외 인지도 제고를 위한「디자인 공모전 출품 지원사업」을 다음과 같이 진행하오니 많은 참여 바랍니다. ☞ 전북 소재 중소기업 및 디자인 전문 회사 중 당해연도(2026년) 국내외 디자인 공모전 출품을 완료 및 예정 기업 - 전북지역 내 본사 또는 공장 소재 - 중소기업 : 중소기업기본법 제2조에 따른 중소기업 - 디자인전문회사 : 한국디자인진흥원에 디자인 전문회사로 신고된 기업으로 신고필증 또는 신고 확인증을 보유한,"경영,전북,디자인 기업,디자인 공모전,2026,전북특별자치도,출품비,전북테크노파크,중소기업",디자인/상품화/사업화,3987
728,부산광역시,부산섬유패션산업연합회,수출,2026년 부산국제신발섬유패션전시회(PFB패패부산) 참가 기업 모집 공고,2026-06-10,2026-08-28,2026-06-12,https://www.bizinfo.go.kr/sii/siia/selectSIIA200Detail.do?pblancId=PBLN_000000000123096,,중소기업,"지역 및 전국 섬유패션ㆍ신발ㆍAI 패션ㆍ스포츠ㆍ테크 융합 기업의 제품 홍보, 신규 판로 개척, 국내외 바이어 상담을 지원하기 위하여 2026년「부산국제신발섬유패션전시회(PFB패패부산)」 참가기업을 모집하오니 많은 신청 바랍니다. ☞ 의류, 섬유, 소재, 신발, 디지털, AI콘텐츠, 친환경, 리빙, 액세서리 등 섬유패션 관련 기업 ☞ 제품 홍보, 신규 판로 개척, 국내외 바이어 상담 지원(조기 신청시 조립, 독립 부스 비용 할인 지원) ※ 자세한 내용 공고문 참조","수출,서울,부산,대구,인천,광주,대전,울산,세종,경기,강원,충북,충남,전북,전남,경북,경남,제주,PFB패패부산,테크융합,AI패션,2026,섬유패션,부산섬유패션산업연합회,부산테크노파크,바이어상담,신발,부산광역시,제품홍보,스포츠",시장개척,4316
729,전북특별자치도,전북테크노파크,경영,[전북] 2026년 가명정보 활용 컨설팅 지원 모집 공고,2026-06-04,2026-11-30,2026-06-12,https://www.bizinfo.go.kr/sii/siia/selectSIIA200Detail.do?pblancId=PBLN_000000000123095,,중소기업,"(재)전북테크노파크에서는「전북 가명정보활용 지원센터 운영사업」의 일환으로 가명정보 처리ㆍ활용이 필요한 기관ㆍ기업ㆍ대학ㆍ병원에 맞춤형 가명정보 서비스 및 컨설팅을 지원하고자 하오니 많은 참여 바랍니다. ☞ 가명정보 활용에 관심 있는 기업, 기관, 대학, 병원 등 ☞ 가명처리 및 가명정보 결합 시 발생할 수 있는 법ㆍ제도적, 기술적, 절차적 어려움을 맞춤형 컨설팅으로 지원 - 가명정보 관리 규정 정비 등 내부관리계획 수립 지원 - 적정성 검토 및 기초자료 작성 지원 - 가명정보 제공에 관한 평가 가점 관련 상담 지원 등","경영,전북,상담 지원,가명정보 서비스,맞춤형 컨설팅,2026,전북특별자치도,가명정보,전북테크노파크,컨설팅",컨설팅,3561
730,제주특별자치도,제주테크노파크,경영,[제주] 2026년 빅데이터 분석 및 데이터 활용 컨설팅 모집 공고(제주빅데이터센터 운영 사업),,,2026-06-12,https://www.bizinfo.go.kr/sii/siia/selectSIIA200Detail.do?pblancId=PBLN_000000000123093,수시 접수,중소기업,"제주테크노파크는「제주 빅데이터센터 운영사업」의 일환으로 제주지역 빅데이터 격차 해소 및 데이터 경제 활성화를 위해 도내 중소기업, 기관, 연구소, 예비창업자 등을 대상으로 ‘빅데이터 분석 및 데이터 활용 컨설팅’을 지원하고자 다음과 같이 모집하오니 많은 관심과 참여 바랍니다. ☞ 빅데이터(AI) 활용을 희망하는 도내 기업(예비창업자 등) ① 공고일 기준 사업장이 제주특별자치도에 소재한 기업 ② 제주지역 공공기관, 연구소 등 ③ 창업을 준비하고 있는 개인 등 ☞ 기업 요청 기반 데이터 분석 제공, 빅데이터 수집, 가공 및 분석 분야 ","경영,제주,분석제공,2026,수집,제주테크노파크,예비창업자,빅데이터,제주특별자치도,컨설팅,중소기업",컨설팅,4179
731,제주특별자치도,제주테크노파크,창업,[제주] 2026년 해양수산 창업투자 지원센터사업 수혜기업 모집 재공고,,,2026-06-12,https://www.bizinfo.go.kr/sii/siia/selectSIIA200Detail.do?pblancId=PBLN_000000000123091,상시 접수,창업벤처,"2026년도 해양수산부와 제주특별자치도에서 지원하는 ‘제주 해양수산 창업투자 지원센터 사업’의 수혜기업 모집을 위해 다음과 같이 안내하오니 많은 관심과 참여 바랍니다. ☞ 제주특별자치도 내 소재한 해양수산산업 및 전ㆍ후방 연관산업 분야 중소기업(사업자등록 필수) ☞ 해양수산 분야 창업기업지원(신규 창업기업 육성), 마케팅(국내 전시회 참가 및 바이어초청 매칭) 지원 ※ 자세한 지원내용 공고문 참조","창업,경영,제주,2026,부산국제수산,아이디어공모전,창업투자,해양수산산업,바이어초청,제주테크노파크,제품생산,시제품개발,제주특별자치도,시제품제작,전시회,컨설팅,마케팅,중소기업",사업화지원,4506
732,경기도,경기환경에너지진흥원,경영,[경기] 2026년 2차 음식점 미세먼지ㆍ악취 방지시설 설치 지원사업 공고,,,2026-06-11,https://www.bizinfo.go.kr/sii/siia/selectSIIA200Detail.do?pblancId=PBLN_000000000123056,예산 소진시까지,소상공인,"도심 생활권 내 음식점에서의 미세먼지ㆍ악취 물질 배출을 저감하는 방지시설의 설치를 지원하여 생활 주변 쾌적한 대기환경 조성을 유도하기 위해 추진하는「2026년 음식점 미세먼지ㆍ악취 방지시설 설치 지원사업」을 다음과 같이 2차 공고하오니 지원을 희망하는 기업은 (재)경기환경에너지진흥원으로 신청하여 주시기 바랍니다. ☞ 공고일 기준 사업대상 지역(의정부시, 구리시)에 소재한 미세먼지ㆍ악취 배출 음식점 - 사업공고를 통해 사업을 신청한 음식점 ☞ 미세먼지ㆍ악취 방지시설 설치 지원 보조금 음식점 1개소당 최대 3,600만원 이내 지원","경영,경기,2026,의정부시,음식점,경기환경에너지진흥원,악취,미세먼지,방지시설,구리시,대기환경,경기도",시설/입지지원,3704
733,충청남도,충남콘텐츠진흥원,경영,2026년 충남 스케일업 액셀러레이팅 상시 멘토링 프로그램 참여기업 모집 공고,2026-06-10,2026-10-30,2026-06-11,https://www.bizinfo.go.kr/sii/siia/selectSIIA200Detail.do?pblancId=PBLN_000000000123050,,창업벤처,"(재)충남콘텐츠진흥원은 충청남도 내 콘텐츠 스타트업의 비즈니스 애로사항 해소 및 성장 지원을 위해「2026 스케일업 액셀러레이팅 상시 멘토링」프로그램을 운영합니다. 이에 참여기업을 다음과 같이 모집하오니, 관심 있는 기업의 많은 참여를 바랍니다. ☞ 본사가 충남에 소재(또는 8월 31일까지 이전 확약)한 콘텐츠 기업 ※ 자세한 지원대상 공고문 참조 ☞ 충남 콘텐츠기업 대상 맞춤형 전문가 매칭을 통한 기업 애로사항 해소 및 성장 지원 ① 전문가 멘토링 : 분야별 수요맞춤형 전문가 매칭 멘토링 ② 피보팅 멘토링 : 사업모델 개선 및 방","경영,서울,부산,대구,인천,광주,대전,울산,세종,경기,강원,충북,충남,전북,전남,경북,경남,제주,피보팅 멘토링,전문가 멘토링,콘텐츠 스타트업,콘텐츠 기업,충남콘텐츠진흥원,2026,액셀러레이팅,충청남도,스타트업,멘토링",컨설팅,3628
734,울산광역시,울산테크노파크,경영,[울산] 2026년 울산테크노파크 경영 멘토링 지원 기업 모집 공고,,,2026-06-11,https://www.bizinfo.go.kr/sii/siia/selectSIIA200Detail.do?pblancId=PBLN_000000000123034,선착순 접수,중소기업,"울산테크노파크에서 「입주기업경영멘토링」을 진행하여 기업의 운영상의 어려움을 해소하고 지속성장 및 경쟁력 강화지원을 하고자 하오니 참가 희망 업체의 적극 참여바랍니다. ☞ 울산 지역 중소기업 및 울산테크노파크 내 입주한 중소기업 ☞ 경영멘토링 지원(경영, 인사/조직, 시장 등의 문제점 분석 및 현장 코칭으로 맞춤형 전략 제시)","경영,울산,분석ㅎ,2026,시장,조직,현장코칭,울산테크노파크,울산광역시,인사,멘토링,중소기업",컨설팅,3283
735,보건복지부,수원상공회의소,인력,2026년 현장실습 훈련(시니어 인턴십) 참여 기업 모집 공고,,,2026-06-10,https://www.bizinfo.go.kr/sii/siia/selectSIIA200Detail.do?pblancId=PBLN_000000000123026,예산 소진시까지,중소기업,만 60세 이상 채용하는 기업을 대상으로 1인 최대 550만원 인건비를 지원하는 보건복지부 [2026년 현장실습훈련(시니어 인턴십)] 사업 참여 기업을 모집합니다. 많은 관심과 신청 바랍니다. ☞ 만 60세 이상(1966년 이전 출생)을 신규 고용하는 4대보험 사업장 ☞ 기업 1인당 최대 550만원 인건비 지원 - 6개월 간 1인당 인건비 최대 270만원 지원 - 장기고용 유지(18개월 이상)시 280만원 추가 지원 ※ 자세한 지원내용 공고문 참조,"인력,서울,부산,대구,인천,광주,대전,울산,세종,경기,강원,충북,충남,전북,전남,경북,경남,제주,인터십,2026,현장실습훈련,장기고용,만60세이상,수원상공회의소,시니어,인건비,보건복지부,중소기업",국내일반인력,7335
736,경상남도,경남테크노파크,경영,[경남] 2026년 사이버 위기대응 모의훈련 및 보안점검 수요기업 모집 공고(지역 정보보호 지원센터),,,2026-06-10,https://www.bizinfo.go.kr/sii/siia/selectSIIA200Detail.do?pblancId=PBLN_000000000123023,예산 소진시까지,중소기업,"국내 산업 및 공공분야의 사이버 위협 대응 역량 강화를 위해, 선정된 전문 수행기관을 매칭하여 맞춤형 모의훈련 지원하고자 합니다. 이에 참여를 희망하는 경남 지역 중소ㆍ중견기업의 많은 신청 바랍니다. ☞ 경남 지역에 소재한 중소기업 및 중견기업 ☞ 사전진단, 모의훈련 운영, 보안점검(3일상주), 교육, 사후관리(기업당 13백만원) 지원 ※ 자세한 지원내용 공고문 참조","경영,경남,2026,경상남도,경남테크노파크,중소기업,중견,모의훈련,사이버위기대응,보안점검,진단,교육",교육,5800
737,경상남도,경남테크노파크,경영,[경남] 2026년 제조기업 정보보호 컨설팅 지원사업 수요기업 모집 공고(지역 거점 정보보호 클러스터 구축사업),,,2026-06-10,https://www.bizinfo.go.kr/sii/siia/selectSIIA200Detail.do?pblancId=PBLN_000000000123022,예산 소진시까지,중소기업,"도내 제조업의 디지털 전환에 따른 사이버 위협에 대응하고 보안 역량을 강화하기 위해, 선정된 전문 수행기관을 매칭하여 맞춤형 정보보호 컨설팅을 지원하고자 합니다. 이에 참여를 희망하는 경남 지역 중소·중견 제조기업의 많은 신청 바랍니다. ☞ 경남 지역에 소재한 중소기업 및 중견기업 중 기계, 항공, 조선 등 제조업 기반 기업 ☞ 기업당 300여 만원 지원 - 정보보호 실태 진단 및 컨설팅, 보안 솔루션 최적화 제안, 정보보호 우수사례(Best Practice) 발굴 (※ 해당 기업 선정 시) ※ 자세한 지원내용 공고문 참조","경영,경남,2026,경상남도,경남테크노파크,중소기업,중견,기계,항공,조선,제조업,제조기업,정보보호,정보보호컨설팅,컨설팅",컨설팅,6000
738,경기도,용인시산업진흥원,수출,[경기] 용인시 2026년 우체국 국제특송우편(EMS) 할인서비스 이용 희망기업 모집 공고,,,2026-06-10,https://www.bizinfo.go.kr/sii/siia/selectSIIA200Detail.do?pblancId=PBLN_000000000123021,상시 접수,중소기업,"용인시산업진흥원에서 '우체국 국제특급우편(EMS) 할인서비스 이용 희망기업'을 아래와 같이 모집하오니, 관내 수출 중소기업의 많은 관심과 참여 바랍니다. ☞ 용인 소재 수출 중소기업 ☞ 우체국 국제우편(EMS) 비용 기본감액(12%) 및 특별감액(최대 27%) 지원","수출,경기,특별감액,기본감액,할인서비스,국제특송우편,2026,용인시산업진흥원,용인시,EMS,경기도,중소기업",해외진출,6780
739,인천광역시,인천테크노파크,금융,[인천] 2026년 7차 중소기업육성자금 지원 공고(기술전환지원 융자자금 신설),,,2026-06-10,https://www.bizinfo.go.kr/sii/siia/selectSIIA200Detail.do?pblancId=PBLN_000000000123019,예산 소진시까지,중소기업,"「인천광역시 중소기업 육성기금 설치 및 운용조례」 제13조 규정 등에 의거 ‘2026년도 인천광역시 중소기업 육성자금 지원(7차)’을 다음과 같이 공고합니다. ☞ 인천 소재 중소 제조기업 또는 벤처기업(예비벤처기업 포함) ※ 자세한 지원대상 공고문 참조 ☞ 기계구입자금, 공장확보, 벤처창업자금, 에너지효율화자금, 재해기업자금, 기술이전기업(기계, 공장, R&D) 등 지원 ※ 자세한 지원내용 공고문 참조","금융,인천,2026,공공기술,기술전환,전략산업,육성기금,인천테크노파크,제조기업,인천광역시,융자,중소기업",융자,8606
740,인천광역시,직접수행,내수,[인천] 2026년 수산물 전시회 및 박람회 참가지원 사업 공고,,,2026-06-10,https://www.bizinfo.go.kr/sii/siia/selectSIIA200Detail.do?pblancId=PBLN_000000000123003,상시 접수,중소기업,"인천광역시 수산물 생산ㆍ가공 업체의 판로 개척 및 경쟁력 강화를 위해 아래와 같이 「수산물 전시회 및 박람회 참가지원」 사업 대상 업체를 모집합니다 ☞ 수협, 어촌계, 영어조합법인, 어업경영체 등록 어업인, 수산물 품질인증 업체 및 개인, 생산자 조직 등 수산물 생산ㆍ가공 업체 ☞ 부스 임차료 등 지원 - (국내) 1회 300만원 / 업체별 연 4회 이내 - (국외) 1회 500만원 / 업체별 연 1회 이내","수출,내수,인천,2026,인천광역시,직접수행,경인북부수산업협동조합,수산물,전시회,박람회,부스임차료,어업경영체,어업인",오프라인,3765
741,고용노동부,한국산업안전보건공단,인력,2026년 2차 안전일터 조성지원 사업 수정 공고,,,2026-06-09,https://www.bizinfo.go.kr/sii/siia/selectSIIA200Detail.do?pblancId=PBLN_000000000122968,사업별 상이,중소기업,"고용노동부와 한국산업안전보건공단은 기술ㆍ재정여력이 취약한 중소사업장과 공사금액 50억원 미만 소규모 건설현장의 사고사망 및 중상해재해를 예방하기 위해 「안전일터 조성지원 사업」 시행을 아래와 같이 수정(2차) 공고 합니다. ☞ 산업재해보상보험에 가입한 사업주 ※ 사업별 지원대상 상이, 자세한 사항 공고문 참조 ☞ 제조ㆍ서비스업 등 고위험 개선, 스마트 안전장비 지원사업, 소규모 특화 안전일터 조성지원사업(떨어짐 / 끼임, 부딪힘) 지원 ※ 사업별 지원내용 상이, 자세한 사항 공고문 참조","인력,서울,부산,대구,인천,광주,대전,울산,세종,경기,강원,충북,충남,전북,전남,경북,경남,제주,중상재해,소규모특화안전일터,고위험개선,안전일터,안전일터조성사업,2026,건설현장,스마트안전장비,한국산업안전보건공단,고용노동부,중소기업",작업환경개선,8900
742,경상북도,경상북도경제진흥원,수출,[경북] 2026년 3차 automechanika Frankfurt 공동관 참가기업 추가모집 공고(2026년 자동차 부품전 경북 공동관 참가 지원사업),,,2026-06-09,https://www.bizinfo.go.kr/sii/siia/selectSIIA200Detail.do?pblancId=PBLN_000000000122956,모집 완료시까지,중소기업,"경상북도와 경상북도경제진흥원은 도내 자동차 부품 업체들의 해외 거래처 확대 및 브랜드 가치 강화를 위해「2026 automechanika Frankfurt 경북 공동관 참가기업」을 추가모집하오니 많은 참여 바랍니다. ☞ 도내 소재 자동차부품 제조 중소기업 - 경북도내 소재한 공장등록증 보유 중소기업 - 제조시설면적 500㎡ 미만으로 건축물대장 용도가 경북도내 소재로 공장 또는 제조업소로 명시된 기업 - 수출신고필증 내 수출대행자, 수출화주 또는 제조자가 경북소재로 표기 - (모집 품목) 자동차부품(파워트레인, 외장, 미션, 인테리어","수출,경북,2026,경상북도경제진흥원,경상북도,해외전시회,전시회,부스임차비,부스장치비,통역,운송비,디렉토리북,자동차부품,유지보수제품,정비기기,자동차액세서리,자동차부품업체,중소기업,제조업,공동관",해외진출,5565
743,전남광주통합특별시,광주경제진흥상생일자리재단,금융,2026년 영세 소상공인 중소금융권 금융비용 지원사업 재공고,2026-06-08,2026-11-30,2026-06-09,https://www.bizinfo.go.kr/sii/siia/selectSIIA200Detail.do?pblancId=PBLN_000000000122952,,소상공인,"고금리로 어려움을 겪는 소상공인 금융부담 완화를 위해 ‘영세 소상공인 중소금융권 금융비용 지원사업’의 참여자를 다음과 같이 모집 공고합니다. ☞ ’25. 1. 1. ~ 12. 31.까지, 제2금융권에서 신규(갱신 제외)로 사업자 대출(가계대출 제외)을 받은 광주소재 개인사업자(법인사업자제외)로서 5%이상 금리로 대출을 받은 소상공인 ☞ ’25년도 신규 대출자가 ’25~26년 납부한 이자 일부(최대 12개월분, 1인당 100만원 한도) 지원 ※ 자세한 지원내용 공고문 참조","금융,광주,신규대출자,2026,이자일부지원,사업자대출,중소금융권,소상공인,광주경제진흥상생일자리재단,광주광역시,이자,전남광주,전남광주통합특별시",융자,7401
744,경기도,시흥산업진흥원,내수,[경기] 시흥시 2026년 소상공인 유통산업 경쟁력 강화 지원사업 동네슈퍼 공동세일전 참여점포 모집 공고,,,2026-06-09,https://www.bizinfo.go.kr/sii/siia/selectSIIA200Detail.do?pblancId=PBLN_000000000122948,선착순 접수,소상공인,"시흥산업진흥원은 시흥시 소재 동네슈퍼 및 소형 마트를 대상으로 합동 할인 판촉전을 지원하며, 아래와 같이 참여 점포를 모집하오니 많은 관심과 참여 바랍니다. ☞ 시흥시 소재 동네슈퍼 및 소형 마트 ☞ 관내 소매점 합동 할인 판촉전(인행사 품목 공동 구매 지원, 홍보물품 지원 등) 지원","내수,경기,소형마트,동네슈퍼,2026,홍보물품,공동구매,판촉전,시흥시,시흥산업진흥원,경기도,소상공인",오프라인,3715
745,세종특별자치시,세종상공회의소,경영,[세종] 조달청 다수공급자계약(MAS) 활용 컨설팅 지원사업 공고,,,2026-06-09,https://www.bizinfo.go.kr/sii/siia/selectSIIA200Detail.do?pblancId=PBLN_000000000122942,선착순 접수,중소기업,"세종특별자치시 소재 중소기업의 공공납품 기회 확대를 위한 「조달청 다수공급자계약(MAS) 활용 컨설팅 지원사업」을 다음과 같이 공고하니, 동 사업에 참여하고자 하는 기업은 소정의 신청서를 세종상공회의소로 제출하여 주시기 바랍니다. ☞ 세종특별자치시에 본사 또는 공장이 소재한 중소기업 ※ 단, 직접생산증명서, 공장등록증 등 제조 및 생산을 증명 가능한 기업에 한함 ☞ 조달청 다수공급자계약 제도를 활용한 나라장터 종합 쇼핑몰 제품 등록 컨설팅 지원 - 지원대상 업체로 선정시200만원 상당의 MAS등록 컨설팅비 지원 - 기업당 1개품명,","경영,세종,세종상공회의소,세종특별자치시,조달청,다수공급자계약,MAS,컨설팅,중소기업,나라장터,다수공급자계약제도,제품등록,2026",컨설팅,4720
746,산업통상부,경북테크노파크,기술,[경북] 2026년 거점기관 개방형혁신사업 장비 및 인프라 활용 모집 공고,2026-06-05,2026-11-30,2026-06-09,https://www.bizinfo.go.kr/sii/siia/selectSIIA200Detail.do?pblancId=PBLN_000000000122914,,중소기업,"지역내 산ㆍ학ㆍ연ㆍ공 혁신 생태계를 조성하여 지역산업의 경쟁력을 강화하고자, 산업통상부, 경상북도 및 김천시가 지원하는「2026년 거점기관 개방형혁신사업」장비 및 인프라활용 부문에 대한 수혜기업을 다음과 같이 보집하오니, 동 사업에 참여를 희망하는 기업의 많은 신청 바랍니다. ☞ 경북 국가혁신융복합단지에 소재한 미래모빌리티부품분야(전기차, 자율주행차, 드론, 마이크로 모빌리티, 도심항공교통, 서비스 등 전ㆍ후방 산업 포함) 관련 창업 및 중소ㆍ중견기업(본사, 공장, 연구소 등) ☞ OpenLAB 인프라, 장비 활용 무상 지원","기술,경북,마이크로 모빌리티,산업통상부,2026,OpenLAB,도심항공교통,자율주행차,미래모빌리티,전기차,김천시,드론,경상북도,경북테크노파크,중견기업,중소기업",기술인력/장비지원,3260
747,산업통상부,부산테크노파크,기술,2026년 글로벌 밸류체인 진출을 위한 미래차 혁신성장 기술지원사업 공고(시험평가지원),2026-06-02,2026-10-30,2026-06-09,https://www.bizinfo.go.kr/sii/siia/selectSIIA200Detail.do?pblancId=PBLN_000000000122910,,중소기업,"산업통상부와 부산광역시가 지원하고,（재)부산테크노파크, 부산자동차부품공업협동조합이 연계하여 주관하는 수출주도 미래차산업 혁신성장 기술지원(비R&D)사업「글로벌 밸류체인 진출을 위한 미래차 혁신성장 기술지원사업(2단계 1년차)」을 통해 미래차부품 관련 기업지원을 위한 세부 과제를 아래와 같이 공고하오니, 관련 기업의 많은 참여 바랍니다. ☞ 미래차부품 관련 기업 ☞ 지원기관 보유 장비를 활용하여 제품 개발을 위한 사전시험, 인증을 위한 시험평가 등 지원","기술,서울,부산,대구,인천,광주,대전,울산,세종,경기,강원,충북,충남,전북,전남,경북,경남,제주,수출 부품,산업통상부,2026,미래차부품,경량화,스마트카,전장화,전동화,모듈화,미래차,부산테크노파크,자율주행,부산광역시,친환경",기술사업화/이전/지도,3731
748,세종특별자치시,세종테크노파크,경영,[세종] 2026년 디지털 콘텐츠 산업 규제개혁 어드바이저 참여기업 모집 공고(SW융합클러스터2.0(특화산업 강화)),,,2026-06-08,https://www.bizinfo.go.kr/sii/siia/selectSIIA200Detail.do?pblancId=PBLN_000000000122907,예산 소진시까지,중소기업,"세종테크노파크에서는 세종지역 디지털 콘텐츠 및 ICT/SW 분야 기업 성장을 위한 규제샌드박스 컨설팅 지원 참여기업을 모집하고자 하오니, 관심있는 지역 내 기업들의 많은 참여 바랍니다. ☞ 세종지역 소재 디지털 콘텐츠 관련 기업 중, 규제샌드박스 제도를 이용하고자 하는 기업 ※ 사업자등록상 소재지(본사, 지사, 연구소 등)가 세종으로 표기된 경우 지원 가능 ※ 자세한 지원대상 공고문 참조 ☞ 1개사당 최대 5회 이내 컨설팅 지원 - 규제샌드박스 컨설팅 사전 검토, 규제샌드박스 법률 전문가 컨설팅, 규제샌드박스 신청서 작성 컨설팅 등","경영,세종,2026,검토,디지털콘텐츠,규제샌드박스,SW,ICT,컨설팅,세종테크노파크,세종특별자치시,규제샌드박스컨설팅",컨설팅,7336
749,고용노동부,부산경영자총협회,기술,[부산ㆍ울산ㆍ경남] 2026년 부ㆍ울ㆍ경 3T(Together Towards Tomorrow) 협력 파트너십 참여기업 모집 공고,,,2026-06-08,https://www.bizinfo.go.kr/sii/siia/selectSIIA200Detail.do?pblancId=PBLN_000000000122906,예산 소진시까지,중소기업,"부산경영자총협회에서는 고용노동부와 부산광역시ㆍ울산광역시ㆍ경상남도가 지원하는 2026년 광역이음프로젝트의 일환으로 부산ㆍ울산ㆍ경남 소재 기계ㆍ조선ㆍ자동차 기업의 상호협력체계 구축을 지원하여 역내 공급망 강화, 공동 연구개발, 판로 확대, 산업전환 지원, 글로벌 진출 등으로 지속 가능한 성장 기반 마련을 위하여「부ㆍ울ㆍ경 3T(Together Towards Tomorrow) 협력 파트너십 지원사업」을 다음과 같이 공고합니다. ☞ 사업자등록증상 부산ㆍ울산ㆍ경남 소재 기계ㆍ조선ㆍ자동차 업종 기업 - 한국표준산업분류표상의 분류 코드의 기준에","기술,인력,부산,울산,경남,광역이음프로젝트,신규 채용,2026,부산경영자총협회,조선,부울경,자동차,울산광역시,고용노동부,부산광역시,경상남도,기계,협력파트너십,중소기업,중견,신규채용",기술사업화/이전/지도,7279
750,경기도,경기대진테크노파크,경영,[경기] 2026년 수질 자동측정기기 설치운영관리비 지원사업 추가 모집 공고,,,2026-06-08,https://www.bizinfo.go.kr/sii/siia/selectSIIA200Detail.do?pblancId=PBLN_000000000122900,예산 소진시까지,중소기업,"수질환경 개선 및 중소사업장의 경제적 부담 완화를 위하여「2026년 수질 자동측정기기 설치ㆍ운영관리비 지원사업」을 실시하오니, 참여를 희망하는 기업의 많은 관심과 참여를 바랍니다. ☞ 경기도 관내「중소기업기본법」 제2조 및 같은 법 시행령 제3조에 따른 중소기업으로서 각 호 중 하나 이상에 해당하는 자 ※ 단, 공공기관 및 공공시설은 지원 제외 ① 「물환경보전법」 38조의2 및 같은 법 시행령 제35조에 따라 수질자동측정기기를 부착하고 수질원격감시체계 관제센터로 자동측정자료를 전송해야 하는 사업장 ② 부착할 의무는 없으나 수질자동측","경영,경기,수질원격감시체계 관제센터,2026,경기대진테크노파크,설치,경기도,중소기업,수질,수질자동측정기기,설치비,운영관리비",시설/입지지원,6319
751,경기도,경기대진테크노파크,경영,[경기] 2026년 굴뚝 자동측정기기 설치운영관리비 지원사업 추가 모집 공고,,,2026-06-08,https://www.bizinfo.go.kr/sii/siia/selectSIIA200Detail.do?pblancId=PBLN_000000000122896,예산 소진시까지,중소기업,"대기환경 개선 및 중소사업장의 경제적 부담 완화를 위하여「2026년 굴뚝 자동측정기기 설치ㆍ운영관리비 지원사업」을 실시하오니, 참여를 희망하는 기업의 많은 관심과 참여를 바랍니다. ☞ 경기도 관내「중소기업기본법」 제2조 및 같은 법 시행령 제3조에 따른 중소기업으로서 각 호 중 하나 이상에 해당하는 자 ※ 단, 공공기관 및 공공시설은 지원 제외 ①「대기환경보전법」 제32조제1항 및 시행령 제17조에 따라 굴뚝자동측정기기를 부착하거나 운영 중인 경우 ②「대기관리권역의 대기환경개선에 관한 특별법」 제17조제5항에 따라 굴뚝자동측정기기를","경영,경기,정도검사비,2026,유지관리비,설치비,경기대진테크노파크,경기도,중소기업,굴뚝,굴뚝자동측정기기",시설/입지지원,6340
752,세종특별자치시,세종테크노파크,경영,2026년 세종테크밸리 첨단기업 유치 임차료 지원사업 희망기업(임차기업) 모집 수정 공고,,,2026-06-08,https://www.bizinfo.go.kr/sii/siia/selectSIIA200Detail.do?pblancId=PBLN_000000000122893,모집 완료시,중소기업,"세종특별자치시와 세종테크노파크는 세종테크밸리 활성화 및 기업지원 인프라 강화를 위하여 아래와 같이 「첨단기업 유치 임차료 지원사업」의 희망기업을 모집하오니, 관심 있는 기업의 많은 참여 바랍니다. ☞ 시외에서 세종테크밸리로 이전(본사) 또는 신설(공장, 연구소)을 희망하는 중소기업 - 세종테크밸리 입주대상 업종에 부합 (제1ㆍ2종 근린생활시설은 제외) - (업종) 세종시 미래전략산업(5+1) 분야 기업 ※ 최종 선정 기업은 세종시 내 본사 또는 사업장(공장 및 연구소)에 대한 사업자등록 필수 ☞ 사무실 임차료(지원한도 최대 20백만","경영,서울,부산,대구,인천,광주,대전,울산,경기,강원,충북,충남,전북,전남,경북,경남,제주,2026,세종테크노파크,세종특별자치시,중소기업,임차료,입주,사무실,조성공사비,이전",시설/입지지원,5726
753,경상남도,포항테크노파크,경영,[경북] 2026년 포항테크노파크 기술닥터 지원사업 현장맞춤형 애로컨설팅지원 참여기업 모집 공고,2026-06-08,2026-11-30,2026-06-08,https://www.bizinfo.go.kr/sii/siia/selectSIIA200Detail.do?pblancId=PBLN_000000000122877,,창업벤처,"중소벤처기업부, 경상북도, 포항시가 지원하고 (재)포항테크노파크가 추진하는 ‘2026년 포항테크노파크 기술닥터 지원사업’의 현장맞춤형 애로컨설팅 지원 참여기업을 다음과 같이 모집하오니 많은 관심과 참여 바랍니다. ☞ 경북 동해안 지역에 본사 또는 공장 소재 제조업, 지식기반서비스업 중소ㆍ벤처기업 - 동해안 지역 : 포항, 경주, 영덕, 울진, 울릉 - 산업분야 : 지역 대표 산업군(철강, 소재ㆍ화학, 전기ㆍ전자, 에너지, 바이오) - 지식서비스 : 경영마케팅전략서비스, 금융무역서비스, 인적자원역량개발서비스, 디자인 콘텐츠서비스, 제","경영,경북,2026,포항테크노파크,경상남도,기술닥터,현장맞춤형 애로컨설팅,제조업, 지식기반서비스업,벤처기업,중소기업",컨설팅,3710
754,중소벤처기업부,중소벤처기업진흥공단,수출,2026년 2차 일반 물류바우처 사업 참여기업 모집 공고,,,2026-06-08,https://www.bizinfo.go.kr/sii/siia/selectSIIA200Detail.do?pblancId=PBLN_000000000122876,예산 소진시까지,중소기업,"최근 글로벌 물류비 상승 및 공급망 불안정에 대응하여 수출 중소기업의 국제운송 비용 부담을 완화하고, 수출 경쟁 강화하기 위해 「2026년도 일반 물류 바우처(2차) 사업」참여기업 모집 계획을 다음과 같이 공고합니다. ☞ 「중소기업기본법」제2조 및 시행령 제3조에 따른 중소기업 ☞ 물류바우처를 활용, 수출바우처 시스템 內“ 국제운송”서비스 메뉴를 이용하여 해상 등 다양한 물류 서비스 지원 - 국제운송료 및 보험료, 샘플 운송료, 해외 내륙 운송료, 국제특송, 종합물류 대행 서비스, 선적 전 검사료, 국제운송 부대비용 ※ 자세한 지원","수출,서울,부산,대구,인천,광주,대전,울산,세종,경기,강원,충북,충남,전북,전남,경북,경남,제주,2026,중소벤처기업진흥공단,중소벤처기업부,중소기업,물류바우처,수출바우처,국제운송,국제운송서비스,물류서비스,국제운송료,보험료,샘플운송료,해외내륙운송료,국제특송,종합물류대행서비스,검사료,부대비용",해외진출,11850
755,중소벤처기업부,한국중소벤처기업유통원,내수,2026년 2차 유통플랫폼 MD 상담회 소상공인 모집 공고,2026-06-01,2026-09-30,2026-06-08,https://www.bizinfo.go.kr/sii/siia/selectSIIA200Detail.do?pblancId=PBLN_000000000122875,,소상공인,"소상공인의 안정적인 판로 확대 지원을 위하여「2026년 유통플랫폼 MD 상담회 지원사업」을 다음과 같이 공고하오니, 많은 참여를 바랍니다. ☞「소상공인기본법」제2조에 따른 소상공인 ※ 자세한 지원대상 공고문 참조 ☞ MD 상담회, 전문가 강연, 제품 홍보 지원 - MD 상담회 : 플랫폼 입점 및 프로모션 등 1:1 상담 지원 - 전문가 강연 : 판로 확대 역량 강화, 최신 유통 트렌드 및 마케팅 노하우 등 강연 진행 - 제품 홍보 : 참가 소상공인 상품 및 브랜드 인지도 제고를 위한 상품 홍보 콘텐츠 운영","내수,경영,서울,부산,대구,인천,광주,대전,울산,세종,경기,강원,충북,충남,전북,전남,경북,경남,제주,2026,한국중소벤처기업유통원,중소벤처기업부,소상공인,유통플랫폼,MD상담회,전문가강연,홍보,제품홍보,홍보콘텐츠",홍보지원,6095
756,대구광역시,대구테크노파크,기술,[대구] 2026년 연구조직(기업부설연구소 등) 설립 및 기술ㆍ경영혁신 인증 지원사업 참여기업 모집공고,2026-05-06,2026-10-30,2026-06-08,https://www.bizinfo.go.kr/sii/siia/selectSIIA200Detail.do?pblancId=PBLN_000000000122866,,중소기업,"지역기업의 R&D 역량 강화와 국가연구개발사업 참여 확대를 도모하고, 대구지역 혁신형 중소기업 발굴을 통한 지역 과학기술 혁신역량 강화를 위해 과학기술정보통신부와 대구광역시가 지원하는「2026년 연구조직(기업부설연구소 등) 설립 및 기술ㆍ경영혁신 인증 지원사업」을 다음과 같이 공고하오니, 관심 있는 기업의 많은 참여 바랍니다. ☞ 대구지역 내 본사를 둔 중소기업 ☞ (컨설팅) 인증유형에 따른 1:1 전문가 매칭 및 컨설팅 - (인증수수료) 이노비즈/메인비즈/번처기업 신규 및 연장 인증수수료의 70%까지 지원(기업당 최대 40만원) ","기술,대구,2026,대구테크노파크,대구광역시,중소기업,연구조직,컨설팅,인증수수료,역량강화교육,R&D정보제공",기술사업화/이전/지도,4216
757,경상북도,포항테크노파크,기술,[경북] 2026년 제조업AI융합기반조성사업 경북AX랩 활용기업 모집 공고,2026-06-04,2026-12-31,2026-06-08,https://www.bizinfo.go.kr/sii/siia/selectSIIA200Detail.do?pblancId=PBLN_000000000122863,,창업벤처,"포항테크노파크에서는 과학기술정보통신부와 정보통신산업진흥원의 지원으로 운영 중인 경북AX랩의 활용기업을 모집하오니 많은 관심과 참여를 바랍니다. ☞ 공고일 기준 1인 (예비)창업기업 또는 7년 이내 창업자, 창의성을 갖춘 창업ㆍ벤처기업 또는 창업 예정인 자로서 제조 분야의 AX(AI Transformation) 관련 서비스를 개발하려는 자 ☞ AI 인프라 지원, 업무공간 지원, 교육ㆍ세미나, 창업 컨설팅, 홍보 콘텐츠 제작","기술,경북,AI인프라,홍보 콘텐츠,2026,AX,포항테크노파크,벤처기업,창업기업,제조,컨설팅,경상북도,중소기업,세미나",기술사업화/이전/지도,5787
758,강원특별자치도,강원특별자치도경제진흥원,내수,[강원] 2026년 도내 온라인쇼핑몰 구축(강원더몰ㆍ시군몰 입점) 참여기업 수시 모집 공고,2026-06-08,2026-08-21,2026-06-08,https://www.bizinfo.go.kr/sii/siia/selectSIIA200Detail.do?pblancId=PBLN_000000000122858,,중소기업,"강원특별자치도경제진흥원에서는 2026년 온라인쇼핑몰 구축 사업에 참여할 기업을 아래와 같이 모집하오니 많은 신청 바랍니다. ☞ 도내 시ㆍ군 소재 직접 생산ㆍ제조 기업에 한함 - 모집 시군 : 동해, 태백, 속초, 삼척, 횡성, 영월, 평창, 정선, 철원, 화천, 양구, 인제, 고성 ※ 자세한 지원대상 공고문 참조 ☞ 기업별 온라인쇼핑몰 구축ㆍ교육, 강원더몰ㆍ시군몰 입점판매 및 마케팅, 네이버쇼핑, 11번가, 쿠팡, 롯데마트, SSG, 우체국쇼핑 등 연동 판매 지원 ※ 자세한 지원내용 공고문 참조","내수,강원,2026,강원특별자치도,강원특별자치도경제진흥원,온라인쇼핑몰,구축,생산,제조,동해,태백,속초,삼척,횡성,영월,평창,정선,철원,화천,양구,인제,고성,강원더몰,입점판매,마케팅",온라인,3328
759,강원특별자치도,강원특별자치도경제진흥원,수출,[강원] 홍천군 2026년 중소기업 수출물류비 지원사업 참가기업 모집 공고,,,2026-06-05,https://www.bizinfo.go.kr/sii/siia/selectSIIA200Detail.do?pblancId=PBLN_000000000122834,예산 소진시까지,중소기업,홍천군 중소기업의 수출 물류비용 부담완화를 통해 해외시장 진출 및 수출증대에 기여하기 위한「2026년 홍천군 중소기업 수출물류비 지원사업」의 참가기업을 아래와 같이 모집하오니 많은 신청 바랍니다. ☞ 홍천군 소재 중소 제조기업 ☞ 수출 목적 물류비용 300만원(공급가액의 90%) 지원,"수출,강원,홍천군ㅈ,2026,물류비용,강원특별자치도경제진흥원,강원특별자치도,보관료,하역비,샘플발송,운송비,제조기업,중소기업",해외진출,9926
760,경상북도,경상북도경제진흥원,내수,[경북] 2026년 경북세일페스타 온라인 기획전 참여업체 모집 변경 공고,,,2026-06-05,https://www.bizinfo.go.kr/sii/siia/selectSIIA200Detail.do?pblancId=PBLN_000000000122828,모집 완료시까지,중소기업,"경상북도와 경상북도경제진흥원은 지역 중소기업ㆍ소상공인 제품의 범국민 소비촉진을 통한 소비심리 안정과 지역경제 성장을 위해 다음과 같이 온라인 기획전을 추진하오니 많은 관심과 신청을 바랍니다. ☞ 전년도 매출액 120억원 미만인 도내 소재(사업자등록증 상) 중소기업ㆍ소상공인 - 경상북도 내 사업장을 두고 있는 중소기업 및 소상공인 - 중소기업 또는 소상공인 확인서 보유 업체 ※ 자세한 지원대상 공고문 참조 ☞ 업체별 최대 1,500만원 한도 내 지원(유통채널 최대 3개사 선택가능, 채널별 최대 500만원한도 내 지원) - 경북 제품 ","내수,경영,경북,현대이지웰,온라인 기획전,2026,오아시스,우체국쇼핑,지마켓,롯데온,할인쿠폰,유통채널,공영홈쇼핑,네이버,소상공인,중소기업,경상북도경제진흥원,경상북도",온라인,4208
761,농림축산식품부,한국농수산식품유통공사,수출,2026년 수출기업 맞춤형 조사 지원사업 추가 모집 공고,,,2026-06-05,https://www.bizinfo.go.kr/sii/siia/selectSIIA200Detail.do?pblancId=PBLN_000000000122801,모집 완료시,중소기업,신규 해외 수출 및 시장 확대를 준비하는 수출기업에 맞춤형 정보를 제공함으로써 농식품 수출 확대 도모하기 위한 사업입니다. 농식품(신선농산물 및 가공농산물) 수출기업 및 농가 관계자 여러분의 많은 관심과 신청 바랍니다. ☞ 농식품(신선농산물 및 가공농산물) 수출기업 및 농가 ☞ 시장분석형(Type A) 및 경쟁력분석형(Type B) 보고서 지원 ※ 자세한 지원내용 공고문 참조,"수출,서울,부산,대구,인천,광주,대전,울산,세종,경기,강원,충북,충남,전북,전남,경북,경남,제주,가공농산물,2026,해외 수출,신선농산물,농가,농식품,수출기업,한국농수산식품유통공사,농림축산식품부",해외진출,3985
762,전남광주통합특별시,목포여성새로일하기센터,경영,[전남] 목포시 2026년 여성친화기업 지원 사업 기업환경 개선 참여기업 모집 공고,2026-06-01,2026-08-31,2026-06-05,https://www.bizinfo.go.kr/sii/siia/selectSIIA200Detail.do?pblancId=PBLN_000000000122800,,중소기업,"목포여성새로일하기센터에서는 목포시 소재 기업중 여성이 일하기 좋은 기업환경을 조성하고자 하는 기업에 환경개선비를 지원하는 사업입니다. 많은 관심과 신청 바랍니다. ☞ 상시근로자 5인 ~ 300인 미만 사업장, 여성근로자 비율이 상시근로자 20%이상인 사업장 ☞ 환경개선 지원금 지원(기업당 최대 500만원) - 여성화장실, 휴게실(수유실), 작업공간 등 여성근로자를 위한 환경개선금 지원 - 여성친화기업 현판제작 및 선정기업 홍보지원","경영,전남,선정기업ㅎ,목포여성새로일하기센터,2026,여성화장실,수유실,작업공간,휴게실,여성친화기업,현판제작,환경개선,홍보,전라남도,전남광주,전남광주통합특별시",시설/입지지원,3930
763,대전광역시,대전일자리경제진흥원,경영,[대전] 소상공인ㆍ자영업자 재기지원 (폐업정리) 참여자 모집 공고,,,2026-06-04,https://www.bizinfo.go.kr/sii/siia/selectSIIA200Detail.do?pblancId=PBLN_000000000122739,예산 소진시까지,소상공인,소상공인 재기지원을 위한「대전 소상공인ㆍ자영업자 재기지원(폐업정리)」의 지원대상자를 다음과 같이 모집 공고합니다. ☞ 공고일 기준 아래 요건에 모두 해당되는 폐업(예정) 소상공인 - 새출발기금 매입형 또는 중개형 채무조정 약정 체결한 성실 상환자 중 대전광역시에서 사업장을 운영 중인 폐업(예정) 소상공인 - 유상 임대차 계약으로 사업장을 운영 중인 사업자 ☞ 폐업 시 소요되는 점포철거ㆍ원상복구비 최대 500만원 지원,"경영,대전,폐업정리,2026,원상복구비,점포철거,자영업자,대전일자리경제진흥원,대전광역시,소상공인",시설/입지지원,4132
764,산업통상부,충북테크노파크,기술,[충북] 청주시 2026년 2차 공정혁신시뮬레이션센터 구축 및 운영사업 기술지원 수혜기업 모집 연장 공고,,,2026-06-02,https://www.bizinfo.go.kr/sii/siia/selectSIIA200Detail.do?pblancId=PBLN_000000000122724,지원별 상이,중소기업,"2026년도 산업통상자원부, 충청북도, 청주시가 지원하는「충북청주 공정혁신 시뮬레이션센터 구축 및 운영사업」과 관련하여 도내에 공정ㆍ제품 시뮬레이션 기술지원을 통해 기업의 제조 경쟁력 강화를 지원하고자 아래의 사업을 공고하오니 많은 관심과 참여 바랍니다. ☞ 충청북도 소재 중소ㆍ중견 제조기업 ☞ 설계 및 해석 기술 서비스 활용 비용, 전문가 컨설팅 및 기술자문, 장비 활용, 제품 설계 및 해석 기술지원 - (비용지원) 기업당 최대 1,600만원 - (현물지원) 컨설팅/기술자문 및 소프트웨어 원격 활용 지원, 시뮬레이션 기술지원 ※ ","기술,충북,산업통상부,2026,SW활용,설계,공정,시뮬레이션,모델링,장비활용,기술자문,중견,충북테크노파크,충청북도,제조업,중소기업",기술사업화/이전/지도,7914
765,충청북도,충북테크노파크,기술,[충북] 2026년 유망기업 IP투자연계 지식재산평가 지원사업 모집 재공고,,,2026-06-02,https://www.bizinfo.go.kr/sii/siia/selectSIIA200Detail.do?pblancId=PBLN_000000000122718,예산 소진시까지,중소기업,"한국발명진흥회와 협업을 통해 기술기반 유망기업이 보유한 지식재산의 가치를 정량적으로 평가하고 평가 결과가 투자유치와 기술사업화 연계될 수 있도록 지식재산평가 비용을 지원하는「충북TP 유망기업 IP투자연계 지식재산평가 지원사업」을 다음과 같이 공고합니다. ☞ 투자유치 또는 기술사업화 연계를 목적으로 지식재산의 가치평가를 희망하는 기술기반 중소기업 및 중견기업 - 신청일 현재, 공개된 출원 특허 또는 등록된 특허ㆍ상표권을 보유한 기업 - 충북도 내 소재 및 주력산업(전후방) 분야 기업 ※ 자세한 지원대상 공고문 참조 ☞ 발명진흥법 제2","기술,충북,등급형,가액형,2026,평가비용지원,전후방,상표권,발명,기술사업화,상표,한국발명진흥회,충북테크노파크,충청북도,지식재산,중견기업,특허,중소기업",기술사업화/이전/지도,4370
766,울산광역시,울산경제일자리진흥원,수출,[울산] 2026년 국제특송 해외물류비 지원사업 참가기업 모집 수정 공고,,,2026-06-02,https://www.bizinfo.go.kr/sii/siia/selectSIIA200Detail.do?pblancId=PBLN_000000000122716,예산 소진시까지,중소기업,"중동사태 등 지속적인 운임상승에 대응하여 울산 중소기업의 수출비용을 경감할 수 있도록 해외 수출입 물류비를 지원하는 “국제특송 해외물류비 지원사업”의 참가기업을 다음과 같이 모집하오니, 지역 기업의 많은 관심과 신청바랍니다. ☞ 울산광역시 관내에 본사 또는 사업장을 둔 중소기업 ☞ 수출 및 수입 물류비 합산하여 기업당 최대 7백만원 - (수출 물류비) 기업당 최대 5백만원, 우체국(EMS) 단독 이용시 최대 3백만원 - (수입 물류비) 수출입 병행기업에 한하여 원부자재(수출 제품 생산과 직접 관련된 원자재 및 부품) 수입 물류비용 ","수출,울산,2026,운임,수출비용,국제특송,중소기업,울산경제일자리진흥원,울산광역시,수입물류비,수출물류비",해외진출,4171
767,경상북도,포항테크노파크,수출,[경북] 포항시 2026년 수출기업 해외물류비 지원사업 지원기업 모집 공고,2026-06-01,2026-12-18,2026-06-02,https://www.bizinfo.go.kr/sii/siia/selectSIIA200Detail.do?pblancId=PBLN_000000000122713,,중소기업,"포항시와 (재)포항테크노파크는 포항시 수출기업의 물류비 부담을 완화하고 수출경쟁력을 강화하기 위해「2026년 포항시 수출기업 해외물류비 지원사업」을 시행하오니, 많은 관심과 적극적인 참여를 바랍니다. ☞ 포항시 소재 중소ㆍ중견 제조기업으로, 다음 조건 중 하나를 충족하는 기업 - 직접 수출실적을 보유하고, 관내에 제조시설(공장) 또는 본사를 두며 사업자등록 및 공장등록을 필한 제조기업 - 직접 수출실적을 보유하고 관내에 본사를 두며, OEM(주문자 상표 부착 생산) 방식으로 위탁생산된 자사 제품을 수출하는 제조기업 ☞ 국내 운송비,","수출,경북,2026,포항테크노파크,경상북도,포항시,물류비,수출기업,해외물류비,제조기업",해외진출,3859
768,경상남도,KOTRA경남지원본부,수출,[경남] 진주시 2026년 해외지사화 지원사업 추가모집 공고,,,2026-06-01,https://www.bizinfo.go.kr/sii/siia/selectSIIA200Detail.do?pblancId=PBLN_000000000122664,예산 소진시까지,중소기업,"관내 수출 중소기업의 해외시장개척능력 및 수출 활성화에 기여하고자「2026년 진주시 해외지사화 지원사업」을 아래와 같이 추가 모집 공고 합니다. ☞ 진주시 소재 수출 희망 중소기업 중 KOTRA 지사화사업(발전단계 1년) 선정기업 ☞ '발전단계 1년' 참가비 (기업별 300만원 한도) 지원 - 수출성약 지원, 전시 상담회 참가 지원, 물류통관 자문, 출장 지원, 기존 거래선 관리, 인허가 취득 지원, 브랜드 홍보, 현지 법인설립 지원","수출,경영,경남,2026,지사화사업,진주시,해외지사화,경상남도,시장개척,KOTRA,KOTRA경남지원본부,중소기업,수출희망중소기업,전시상담회,인허가취득,브랜드홍보,출장,물류통관",해외진출,5311
769,전남광주통합특별시,직접수행,경영,2026년 전남 영화ㆍ드라마 제작 인센티브 지원사업 공고,,,2026-06-01,https://www.bizinfo.go.kr/sii/siia/selectSIIA200Detail.do?pblancId=PBLN_000000000122656,예산 소진시까지,중소기업,"전라남도「2026년 영화ㆍ드라마 제작 인센티브 지원사업」을 다음과 같이 공고하오니 많은 참여 바랍니다. ☞ 영화/드라마 제작업 등 신고를 필한 제작사 - 투자 및 편성이 확정된 극장 개봉 및 OTT 방영을 목적으로 하는 영화 및 지상파ㆍCATVㆍOTT 방영을 목적으로 하는 드라마 - 도내 5회차 이상 촬영, 도내소비액이 3천만원 이상인 작품(최대 5천만원 지원) - 도내 2~4회차 촬영, 도내소비액 1천만원 이상인 작품(최대 1천 5백만원 지원) ☞ ’26년 1월 1일부터 전남에서의 영상물 촬영에 따른 소비 인정금액 대비 50%이내","경영,서울,부산,대구,인천,광주,대전,울산,세종,경기,강원,충북,충남,전북,전남,경북,경남,제주,2026,전라남도,직접수행,영화,드라마,인센티브,제작인센티브,제작사,영화제작업,드라마제작업",디자인/상품화/사업화,3377
770,충청북도,충북테크노파크,기술,[충북] 2026년 연구개발장비 공동활용 기업애로상담 프로그램 수요기업 모집 공고,,,2026-06-01,https://www.bizinfo.go.kr/sii/siia/selectSIIA200Detail.do?pblancId=PBLN_000000000122650,예산 소진시까지,중소기업,"충청북도와 충북테크노파크는 도내 중소기업의 기술 애로 해소 및 장비 활용 역량 강화를 위하여「2026년 충북 장비멘토(단) 기업애로상담 프로그램」을 운영하고자 하오니, 참여를 희망하는 중소기업의 많은 관심과 신청 바랍니다. ☞ 충북 소재 중견ㆍ중소기업 ☞ 사용교육 및 장비활용 상담 기업당 1회 지원 - (사용교육) 기업의 연구 및 생산 과정에 맞춘 장비 사용법 교육 제공, 각 장비의 기능과 활용 방법에 대한 실습 중심 교육 진행 지원 - (장비활용 상담) 기업이 필요로 하는 특정 장비에 대해 맞춤형 상담 진행, 장비 성능, 사용법,","기술,경영,충북,장비멘토,기술애로해소,장비활용,역량강화,충북테크노파크,충청북도,중견기업,교육,상담,중소기업,2026,연구개발장비,기업애로상담",기술인력/장비지원,4687
771,중소벤처기업부,경북테크노파크,기술,[경북] 2026년 경북산업기술단지 거점기능강화사업 기술닥터제 활성화 지원사업 공고,2026-06-01,2026-10-31,2026-06-01,https://www.bizinfo.go.kr/sii/siia/selectSIIA200Detail.do?pblancId=PBLN_000000000122640,,중소기업,"중소벤처기업부와 경상북도는 경북 중소기업의 기술역량 강화를 위한「2026년도 기술닥터제 활성화 지원사업」현장애로기술지원을 다음과 같이 공고하오니 많은 관심과 참여 부탁드립니다. ☞ 경북지역에 본사를 둔 제조기업 ☞ 현장애로기술지원, 테크립(기술도약)지원","기술,경북,2026,경상북도,경북테크노파크,중소벤처기업부,기술역량,기술닥터제,현장애로,기술지원,제조기업",기술사업화/이전/지도,3453
772,기후에너지환경부,한국에너지공단,금융,2026년 무탄소에너지보증사업(해상풍력 맞춤형 보증지원) 공고,,,2026-06-01,https://www.bizinfo.go.kr/sii/siia/selectSIIA200Detail.do?pblancId=PBLN_000000000122625,예산 소진시까지,중소기업,"“2026년도 무탄소에너지보증사업(해상풍력 맞춤형 보증지원)”을 시행하기 위하여「신ㆍ재생에너지 설비의 지원 등에 관한 규정(기후에너지환경부 고시)」에 따라 동 사업의 지원내용을 다음과 같이 공고합니다. ☞「전기사업법」제7조에 의한 발전사업 허가를 득한 자 ※ 자세한 지원대상 공고문 참조 ☞ 보증지원 대상금액의 100% 이내 최고 보증지원 한도 4,000억원/건 지원","금융,서울,부산,대구,인천,광주,대전,울산,세종,경기,강원,충북,충남,전북,전남,경북,경남,제주,기후에너지환경부,2026,무탄소에너지,보증,해상풍력,한국에너지공단,신재생에너지",보증,4355
773,경기도,평택산업진흥원,금융,[경기] 평택시 2026년 수출ㆍ환변동 보험료 지원사업 모집 공고,,,2026-05-29,https://www.bizinfo.go.kr/sii/siia/selectSIIA200Detail.do?pblancId=PBLN_000000000122613,예산 소진시까지,중소기업,"재단법인 평택산업진흥원에서는 대내외 경제 불확실성 증가 및 환율 변동성 확대로 인한 평택시 내 중소기업들의 환위험 관리 능력을 보완하고, 환율 변동으로 인한 피해를 최소화 하기 위해 아래와 같이 참여기업을 모집하오니 적극적인 참여 바랍니다. ☞ 공고 마감일 기준 본사, 연구소, 등록공장 소재지가 평택인 중소기업 ☞ 한국무역보험공사의 수출ㆍ환변동 보험료 지원(기업당 최대 3,000천원)","금융,수출,경기,2026,보험료지원,수입보험,평택산업진흥원,환변동보험,수출신용보증,단기수출보험,평택시,경기도,중소기업",보험(수출+무역),9877
774,경기도,평택산업진흥원,수출,[경기] 평택시 2026년 물류비 지원사업 모집 공고,,,2026-05-29,https://www.bizinfo.go.kr/sii/siia/selectSIIA200Detail.do?pblancId=PBLN_000000000122611,예산 소진시까지,중소기업,"재단법인 평택산업진흥원에서는 중동 위기 극복을 위해 관내 중소기업의 수출제품 해외 물류비를 지원함으로써 기업의 비용 부담을 완화하고 글로벌 물류환경 변화에 대응한 안정적인 수출 기반을 마련하고자 아래와 같이 참여기업을 모집하오니 적극적인 참여 바랍니다. ☞ 공고 마감일 기준 본사, 연구소, 등록공장 소재지가 평택인 중소기업 ☞ 제품 수출 시 발생한 물류비용(기업당 최대 4,500천원) 지원 - 국제특송 : EMS(우체국), Fedex, DHL 등 국제특송 운송비 - 포워딩업체 : 국제운임, 국내ㆍ외 창고료, 국내ㆍ외 내륙운송료, 추","수출,경기,2026,추가할증료,물류비용,내륙운송료,창고료,평택산업진흥원,평택시,우체국,국제특송,EMS,운송비,경기도,중소기업",해외진출,10133
775,경상북도,포항테크노파크,기술,2026년 경북AI데이터센터 테스트베드 실증지원 공고(데이터센터 테스트베드 조성 지원),,,2026-05-29,https://www.bizinfo.go.kr/sii/siia/selectSIIA200Detail.do?pblancId=PBLN_000000000122609,상시 접수,중소기업,"2026년 데이터센터 테스트베드 조성 지원 사업의 일환으로 수행중인 경북AI데이터센터 테스트베드 실증 지원을 위해 다음과 같이 공고하오니, 많은 참여 바랍니다. ☞ 전국 ITㆍSW 및 데이터센터 관련 기업 ☞ 테스트베드 장비 및 테스트공간 지원(컴퓨팅, 운영, 전력공급, 공조 스페이스 등)","기술,서울,부산,대구,인천,광주,대전,울산,세종,경기,강원,충북,충남,전북,전남,경북,경남,제주,공조스페이스,전력공급,테스트공간,데스트베드장비,2026,데이터센터,컴퓨팅,테스트베드,포항테크노파크,SW,IT,경상북도",기술인력/장비지원,11757
776,산업통상부,한국산업기술시험원,기술,2026년 제조산업 공정작업용 로봇 엔드이펙터 실증 기반 구축 사업 지원 기업 모집 공고,2026-05-28,2026-12-18,2026-05-29,https://www.bizinfo.go.kr/sii/siia/selectSIIA200Detail.do?pblancId=PBLN_000000000122589,,중소기업,"한국산업기술시험원에서는 제조산업 공정작업용 로봇 엔드이펙터 관련 기업을 대상으로 개발 및 양산 제품에 대한 성능시험, 엔드이펙터의 성능 및 내구성 시험 지원을 하고자 「제조산업 공정작업용 로봇 엔드이펙터 실증 기반 구축 사업 지원 기업 모집」을 다음과 같이 시행하오니 많은 참여 바랍니다. ☞ 로봇 엔드이펙터 관련제품을 개발하거나 제조하는 국내 기업 ☞ 엔드이펙터 관련 기업의 개발 및 양산 제품에 대한 성능시험, 엔드이펙터의 성능 및 내구성 시험 지원","기술,서울,부산,대구,인천,광주,대전,울산,세종,경기,강원,충북,충남,전북,전남,경북,경남,제주,진공흡착력,산업통상부,공정작업용,엔드이펙터,2026,내구성,실증기반,제조산업,한국산업기술시험원,성능시험,로봇",기술사업화/이전/지도,4074
777,대전광역시,대전일자리경제진흥원,인력,[대전] 2026년 소상공인 육아휴직자 대체인력 인건비 지원사업 모집 변경 공고,2026-01-30,2026-10-30,2026-05-29,https://www.bizinfo.go.kr/sii/siia/selectSIIA200Detail.do?pblancId=PBLN_000000000122587,,소상공인,"대전광역시는 소상공인 사업장에서 근무 중인 사업주 및 근로자의 임신ㆍ출산에 따른 육아휴직으로 발생하는 인력 공백을 해소하고, 대체인력 고용에 따른 인건비 부담을 완화하여 소상공인 사업장의 안정적 운영과 일ㆍ가정 양립을 지원하고자 ‘대전 소상공인 육아휴직자 대체인력 인건비 지원사업’의 참여자를 다음과 같이 공고합니다. ☞ 신청일 기준 3개월 전부터 주민등록상 대전시 거주자이며, 대전시 소재 사업장을 3개월 이상 정상 운영중인 소상공인 사업주중 육아휴직 대상자 - 사업장 기준 상시근로자 5인 미만 소상공인 - 2026. 1. 1. 이후","인력,대전,일가정 양립,인건비 부담,2026,대체인력,육아휴직,대전일자리경제진흥원,대전광역시,소상공인",고용유지,4707
778,경상북도,경상북도경제진흥원,경영,[경북] 청도군 2026년 소상공인 카드수수료 지원사업 참여 점포 모집 공고,,,2026-05-29,https://www.bizinfo.go.kr/sii/siia/selectSIIA200Detail.do?pblancId=PBLN_000000000122580,예산 소진시까지,소상공인,"경상북도와 청도군, 경상북도경제진흥원은 경기 침체로 어려움을 겪고 있는 소상공인을 위한 ‘소상공인 카드수수료 지원사업’의 참여 점포를 모집하고 있으니, 관심 있는 소상공인분들의 많은 신청 부탁드립니다. ☞ 2025년 매출액 2억원 이하,사업자등록증 상 소재지가 ‘청도군’인 소상공인 ☞ 2025년 카드 매출액의 0.4% 지원 (최저 5만원, 최대 40만원)","경영,경북,2026,매출액,카드수수료,청도군,경상북도경제진흥원,경상북도,소상공인",디자인/상품화/사업화,4020
779,충청남도,천안과학산업진흥원,경영,[충남] 천안시 2026년 기업 스마트 혁신지원단 운영사업 참여기업 모집 공고,,,2026-05-29,https://www.bizinfo.go.kr/sii/siia/selectSIIA200Detail.do?pblancId=PBLN_000000000122564,예산 소진시까지,중소기업,천안과학산업진흥원에서는 천안 지역 중소기업의 생산성 향상 및 경쟁력 강화를 지원하기 위해 2026년 “기업 스마트 혁신지원단 운영사업” 참여 기업을 다음과 같이 모집 공고하오니 본 사업에 참여하고자 하는 기업은 절차에 따라 신청하여 주시기 바랍니다. ☞ 본사 또는 공장이 천안시 소재 중소기업 ☞ 경영ㆍ기술 애로해결 지원 - 기업의 경영ㆍ기술 애로사항을 전문위원이 3회 + 추가 4회 이내 현장방문 하여 1:1 맞춤형 애로해결 지원,"경영,충남,2026,천안과학산업진흥원,충청남도,천안시,중소기업,혁신지원단,애로사항,전문가,현장방문,컨설팅",컨설팅,3647
780,충청남도,천안과학산업진흥원,기술,[충남] 천안시 2026년 기술이전ㆍ가치평가 지원사업 참여기업 모집 공고,,,2026-05-29,https://www.bizinfo.go.kr/sii/siia/selectSIIA200Detail.do?pblancId=PBLN_000000000122563,예산 소진시까지,중소기업,"천안시 중소기업의 기술금융 여건 마련 및 혁신 성장성 촉진을 지원하기 위해 2026년 “천안 기술이전·가치평가 지원사업”을 다음과 같이 공고하오니 본 사업에 참여하고자 하는 기업은 절차에 따라 신청하여 주시기 바랍니다. ☞ 천안 소재(본사, 공장, 부설연구소, 지점, 사무소 등) 전략산업 중소기업 ☞ IP창출(특허출원), IP거래(기술이전), IP활용(기술가치평가) 지원 ※ 자세한 지원내용 공고문 참조","기술,충남,2026,천안과학산업진흥원,충청남도,천안시,특허출원,중소기업,기술이전,기술가치평가,출원비용,이전비용,IP창출,IP거래,IP활용",기술사업화/이전/지도,3667
781,울산광역시,KOTRA울산지원본부,수출,[울산] 2026년 AI무역지원센터 활용 해외 홍보 지원사업 모집 공고,,,2026-05-28,https://www.bizinfo.go.kr/sii/siia/selectSIIA200Detail.do?pblancId=PBLN_000000000122551,예산 소진시까지,중소기업,"KOTRA울산지원본부에서 울산 소재 중소기업을 대상으로「2026 울산AI무역지원센터 활용 해외 홍보 지원사업」수혜기업을 모집합니다. 울산지역 중소기업 관계자 분들의 많은 관심과 신청 바랍니다. ☞ 울산 소재 중소기업 ☞ 외국어 홍보물 제작 비용(공급가액)의 80%(부가세 기업부담), 기업당 최대 1백만원 지원 - (무료) 울산AI무역지원센터를 활용한 제품 사진촬영 및 buyKOREA 플랫폼 제품 등록 지원 - 지원분야 : 외국어 카탈로그(홍보 동영상, e카탈로그 등 포함), 외국어 홈페이지 제작, 해외 유명 광고매체 광고, 해외 온","수출,울산,울산AI무역지원센터,2026,사진촬영,울산광역시,중소기업,KOTRA울산지원본부,외국어홍보물,홍보물,해외홍보",해외진출준비,6644
782,경상북도,경상북도경제진흥원,인력,[경북] 2026년 중대재해 예방 사각지대 해소 지원사업 참여기업 모집 변경 공고,2026-05-27,2026-12-31,2026-05-28,https://www.bizinfo.go.kr/sii/siia/selectSIIA200Detail.do?pblancId=PBLN_000000000122526,,중소기업,경상북도와 경상북도경제진흥원은 도내기업을 대상으로 산업현장의 중대재해 예방 및 안전관리체계 구축을 지원하기 위한「경상북도 중대재해 예방 사각지대 해소 지원사업」 참여기업을 다음과 같이 모집 하오니 많은 신청 바랍니다. ☞ 경상북도 내 소재 5인 이상 50인 미만 영세사업장(제조업) ☞ 안전보건관리체계 구축 컨설팅 및 위험성평가 - 산업현장 맞춤형 안전환경 개선 지원 - 근로자 대상 안전교육 및 중대재해 예방 교육 - 맞춤형 안전관리 지원,"인력,경북,안전장치설치,설비보완,2026,의사소통,안전환경,예방교육,안전진단,메뉴얼,현장방문,안전교육,위험성평가,경상북도경제진흥원,컨설팅,경상북도,제조업",작업환경개선,3510
783,과학기술정보통신부,한국인터넷진흥원,경영,침해사고 예방을 위한 취약점 점검 무료 지원 모집 공고,2026-05-19,2026-12-11,2026-05-28,https://www.bizinfo.go.kr/sii/siia/selectSIIA200Detail.do?pblancId=PBLN_000000000122516,,중소기업,"최근 기업 대상 개인정보 유출 및 랜섬웨어 감염 사례가 지속적으로 발생하는 것과 관련하여 과학기술정보통신부와 한국인터넷진흥원은 사이버 위협에 노출된 민간 기업 및 비영리 기관을 대상으로 홈페이지 및 IT자산에 대한 취약점 점검(ASM 활용)을 지원하고 있습니다. ☞ 도메인 또는 IP를 보유한 기업 및 비영리기관 ☞ 외부에 노출된 우리 회사 정보 확인, 해커가 노릴 수 있는 취약 지점 분석, 다크웹 유출 정보 탐지, 위험도별 결과 리포트 제공","경영,서울,부산,대구,인천,광주,대전,울산,세종,경기,강원,충북,충남,전북,전남,경북,경남,제주,정보확인,정보탐지,ASM,IP자산,도메인,2026,리포트,취약점점검,랜섬웨어,홈페이지,한국인터넷진흥원,과학기술정보통신부,IP",정보화지원,4042
784,고용노동부,한국경영혁신중소기업협회,인력,2026년 SW개발자 채용기업 모집 공고(K-Digital Training 벤처ㆍ스타트업 아카데미),,,2026-05-28,https://www.bizinfo.go.kr/sii/siia/selectSIIA200Detail.do?pblancId=PBLN_000000000122497,상시 접수,중소기업,"한국경영혁신중소기업협회는 고용노동부와 함께 SW개발자 양성을 위한 'K-디지털트레이닝(벤처ㆍ스타트업유형)을 운영하고 있습니다. 'K-디지털트레이닝(벤처ㆍ스타트업) 사업은 참여기업과 함께 교육과정 수립하고 채용 연계까지 지원하는 인재 양성사업으로 무료로 참여하실 수 있습니다. ☞ 피보험자 수 5인 이상 기업, 디지털 분야 인재 양성 및 산학 협력에 관심 있는 기업, SW 개발 인재 채용 계획 또는 관심이 있는 기업 ☞ 맞춤형 디지털 인재 DB, 인건비 지원사업 연계, SW 전문가 활동비, 기업 홍보 지원","인력,서울,부산,대구,인천,광주,대전,울산,세종,경기,강원,충북,충남,전북,전남,경북,경남,제주,SW전문가,디지털트레이닝,2026,DB,양성사업,활동비,SW개발,한국경영혁신중소기업협회,디지털,인건비,홍보,고용노동부,교육",국내일반인력,7372
785,충청남도,충남지식재산센터,경영,[충남] 2026년 IP디딤돌 프로그램 창업자 후속지원 대상자 모집 공고,,,2026-05-27,https://www.bizinfo.go.kr/sii/siia/selectSIIA200Detail.do?pblancId=PBLN_000000000122492,예산 소진시까지,창업벤처,"충남북부상공회의소 충남지식재산센터에서는 IP디딤돌 프로그램 수혜자의 사업화 및 성장을 지원하기 위해 「창업자 후속지원 사업」을 다음과 같이 공고하오니 관련 절차에 따라 신청하여 주시기 바랍니다. ☞ 2024년~2026년도 IP디딤돌 프로그램 아이디어 권리화를 지원받은 창업자 ☞ 특허망, PCT, 신규 브랜드 개발, 제품디자인 개발, 화상디자인 개발, 포장디자인 개발 지원","창업,경영,충남,2026,충청남도,충남지식재산센터,충남북부상공회의소,IP디딤돌프로그램,특허망,PCT,신규브랜드개발,제품디자인개발,화상디자인개발,포장디자인개발",디자인/상품화/사업화,5890
786,충청북도,충청북도기업진흥원,수출,[충북] 2026년 소비재산업 종합무역상담회 개최사업 참여기업 모집 공고,2026-05-26,2026-08-31,2026-05-27,https://www.bizinfo.go.kr/sii/siia/selectSIIA200Detail.do?pblancId=PBLN_000000000122474,,중소기업,"충청북도와 충청북도기업진흥원은 공동으로 2026 충북 소비재산업 종합무역상담회 개최사업을 추진합니다. 도내 중소·중견 기업들의 많은 참여 바랍니다. ☞ 충북도 내 중소ㆍ중견기업 - 상담품목 : 소비재(화장품, 식품, 잡화) 등 종합품목 ☞ 해외바이어 – 도내기업 1:1 수출상담회(2회), 수출협약식 등 지원","수출,충북,2026,충청북도,충청북도기업진흥원,소비재,무역상담회,해외바이어,화장품,식품,잡화",해외진출준비,4502
787,해양수산부,해양수산과학기술진흥원,기술,2026년 해양수산 연구장비 렌탈지원사업 공고,,,2026-05-27,https://www.bizinfo.go.kr/sii/siia/selectSIIA200Detail.do?pblancId=PBLN_000000000122473,선착순 접수,중소기업,"「2026년 해양수산 연구장비 렌탈지원사업」을 아래와 같이 안내하오니 많은 참여 바랍니다. ☞ 해양수산 분야 산ㆍ학ㆍ연 연구자 및 연구기관 ※ 해양수산부에서 지원하는 공모형 R&D를 포함하여, 해양수산 관련 연구를 수행하고 있는 모든 연구자로 국가연구자번호(NRI)를 부여 받은 자 ☞ 조사ㆍ관측 장비 및 분석장비 렌탈 지원 ※ 자세한 지원내용 공고문 참조","기술,서울,부산,대구,인천,광주,대전,울산,세종,경기,강원,충북,충남,전북,전남,경북,경남,제주,해양수산부,해양수산과학기술진흥원,2026,해양수산,해양수산분야,장비,분석장비,조사장비,관측장비,렌탈,연구장비,연구장비렌탈",기술인력/장비지원,3551
788,강원특별자치도,강원특별자치도경제진흥원,수출,[강원] 인제군 2026년 중소기업 해외물류비 지원사업 공고,,,2026-05-27,https://www.bizinfo.go.kr/sii/siia/selectSIIA200Detail.do?pblancId=PBLN_000000000122470,예산 소진시까지,중소기업,"인제군 중소기업 우수제품의 해외시장 판로개척과 수출비용 부담완화를 위한「2026년 인제군 중소기업 해외물류비 지원사업」을 아래와 같이 공고하오니 많은 참여 바랍니다. ☞ 인제군 소재 중소 제조, 서비스업, 수출대행기업 - 인제군 소재 중소 제조기업(OEM포함) - 인제군 소재 중소 서비스기업(서비스, 콘텐츠, 스포츠, 예술 등) - 인제군 소재 업체에서 제조한 제품을 수출한 수출대행기업 ☞ 수출 목적 해외 물류비 지원(25.1.1일 이후 물류비 소급지원) - 총물류비(국내ㆍ해상ㆍ통관비용 등) 중 지원기업이 자부담한 금액 지원 - 해","수출,강원,2026,강원특별자치도경제진흥원,강원특별자치도,수출대행기업,인제군,해상,국제특송,물류비,해외물류비,통관,서비스기업,제조기업,제조업,중소기업",시장개척,3305
789,울산광역시,울산테크노파크,기술,[울산] 2026년 기술이전지원사업 기술코칭프로그램 참여기업 모집 공고,,,2026-05-27,https://www.bizinfo.go.kr/sii/siia/selectSIIA200Detail.do?pblancId=PBLN_000000000122442,예산 소진시까지,중소기업,"2026년도 울산광역시가 지원하는 기술이전지원사업의 일환으로 울산 소재 기업의 기술애로 해결 및 기술거래 활성화를 위하여 기술코칭 참가를 희망하는 기업을 아래와 같이 모집하오니 많은 참여 바랍니다. ☞ 울산지역 소재 기업으로 최근 3년(‘24~’26) 이내 기술이전 기업 또는 당해연도 기술이전 예정 기업 ☞ 도입기술, 기술성장 코칭 지원","기술,울산,기술이전 기업,기술코칭프로그램,기술이전지원사업,2026,도입기술,기술코칭,울산테크노파크,울산광역시,기술성장,기술이전",기술사업화/이전/지도,3382
790,대구광역시,대구테크노파크,경영,[대구] 2026년 (Pre)스타기업 육성사업 개별지원 유형별 특성화지원 통합 공고,,,2026-05-26,https://www.bizinfo.go.kr/sii/siia/selectSIIA200Detail.do?pblancId=PBLN_000000000122433,세부사업별 상이,중소기업,"2026년 (Pre)스타기업 육성사업 개별지원「유형별 특성화지원」에 대해 아래와 같이 공고합니다. ☞ 대구시 스타기업(스타기업, Pre-스타기업 등) ☞ 3개 지원유형(혁신촉진형, 경쟁력강화형, 시장진출형)으로 세분화하여 기업 수요기반 맞춤형 지원 - 혁신촉진형 : 신사업도전, ESG상생, 투자유치 - 경쟁력강화형 : 시제품 제작, 제품 고도화, 공정개선, 특허, 인증 지원, 경영컨설팅 등 - 시장 진출형 : 마케팅(전시회 참가, 온오프라인 홍보 등), 디자인, 컨설팅 등 ※ 자세한 지원내용 공고문 참조","기술,내수,경영,대구,경쟁력강화형,혁신촉진형,2026,시장진출형,대구테크노파크,스타기업,대구광역시,신사업도전,ESG상생,투자유치,시제품제작,제품고도화,공정개선,특허,인증,컨설팅,디자인,마케팅,pre스타기업",디자인/상품화/사업화,6544
791,문화체육관광부,한국콘텐츠진흥원,경영,2026년 콘텐츠 기업 노무 컨설팅 참가기업 모집 공고,,,2026-05-26,https://www.bizinfo.go.kr/sii/siia/selectSIIA200Detail.do?pblancId=PBLN_000000000122428,예산 소진시까지,중소기업,"한국콘텐츠진흥원은 일하는 방식 및 고용환경 변화에 따른 국내 콘텐츠 기업의 경쟁력 강화를 위해 기업 맞춤형 노무 컨설팅을 지원할 예정입니다. 콘텐츠 기업의 많은 관심과 참여 바랍니다. ☞ 콘텐츠 기업(개인/법인사업자) ※ 콘텐츠 기업 : 방송, 출판, 만화, 음악, 게임, 애니메이션, 캐릭터, 콘텐츠솔루션, 공연 등 ※ 상시근로자 수 : 공고 게시일로부터 제출일 이내 대표를 제외한 4대 보험 가입자명부 기준 ※ 중소기업기본법 시행령 제8조에 따른 중소기업이 아닌 경우 신청 불가 ※ 방송법 제2조 3호에 의거한 방송사업자 신청 불가 ","인력,경영,서울,부산,대구,인천,광주,대전,울산,세종,경기,강원,충북,충남,전북,전남,경북,경남,제주,2026,종합컨설팅,노무컨설팅,기초진단,노무,콘텐츠기업,한국콘텐츠진흥원,문화체육관광부,컨설팅,콘텐츠,상담",컨설팅,5822
792,경기도,부천산업진흥원,경영,[경기] 부천시 IBK ESG 컨설팅 참가기업 모집 공고,,,2026-05-26,https://www.bizinfo.go.kr/sii/siia/selectSIIA200Detail.do?pblancId=PBLN_000000000122420,예산 소진시까지,중소기업,"최근 급변하는 글로벌 경영 환경 속에서 ESG(환경ㆍ사회ㆍ지배구조)는 중소기업의 지속가능한 성장을 위한 필수 패러다임으로 부각되고 있습니다. 이에 따라 부천산업진흥원에서는 IBK기업은행과 협력하여 지역내 중소기업의 구조적 전환과 경쟁력 강화를 돕기 위한 「IBK ESG 컨설팅 지원사업」의 참여기업을 모집하오니 ESG 경영체계 구축을 통해 기업가치를 한단계 높이고자 하는 역량 있는 기업들의 많은 관심과 신청 바랍니다. ☞ 부천 소재 중소기업 ☞ ESG 교육, ESG 진단, 컨설팅 지원 - ESG 교육 : ESG 인식제고 및 변화관리를","경영,경기,2026,경기도,부천산업진흥원,부천시,중소기업,ESG,교육,진단,컨설팅,ESG교육,ESG진단,ESG컨설팅",컨설팅,5109
793,경기도,용인시산업진흥원,경영,[경기] 용인시 2026년 공공조달 멘토링 지원 참여기업 모집 공고,,,2026-05-26,https://www.bizinfo.go.kr/sii/siia/selectSIIA200Detail.do?pblancId=PBLN_000000000122418,선착순 접수,중소기업,용인시산업진흥원에서는 용인시 중소기업의 공공조달시장 진출을 위한 2026년 공공조달 멘토링 지원 사업을 다음과 같이 모집하오니 많은 관심과 신청 바랍니다. ☞ 용인 소재 본사 또는 공장이 있는 중소기업 ☞ 공공시장 진입을 위한 기초 멘토링 지원 ※ 자세한 지원내용 공고문 참조,"내수,경영,경기,서류준비,낙찰전략,2026,벤처나라,용인시산업진흥원,용인시,공공조달시장,전자입찰,나라장터,공공판로,경기도,멘토링,중소기업",컨설팅,5166
794,경상북도,경상북도경제진흥원,경영,[경북] 포항시 2026년 신산업플러스 일자리창출 우수기업 지원사업 참여기업 추가모집 공고,,,2026-05-26,https://www.bizinfo.go.kr/sii/siia/selectSIIA200Detail.do?pblancId=PBLN_000000000122409,예산 소진시까지,중소기업,"포항시와 경북경제진흥원에서는「2026년 포항시 신산업플러스 일자리창출 우수기업 지원사업」을 추진하고 있습니다. 참여를 희망하시는 기업은 신청하여 주시기 바랍니다. ☞ 포항시 소재 중소기업으로 하단의 조건을 모두 충족하는 기업 ① 기업규모 :「중소기업기본법」상 중소기업이며, 근로자수가 5인 이상이고, 포항에 본점 또는 주 사업장이 있는 기업 ② 고용유지: 2024년 12월말 대비 2025년 12월말 고용인원을 유지 ③ 신규채용: 2025년도 7월 1일 이후부터 신청일 현재 신규채용 인원이 3명 이상, 또는 고용증가율(2024.12.3","인력,경영,경북,근로복지향상,2026,근로자건강증진,경영여건개선,근로환경개선,신규채용,포항시,고용유지,기술고도화,신산업,제품고도화,경상북도경제진흥원,일자리창출,경상북도,중소기업",디자인/상품화/사업화,3356
795,제주특별자치도,제주테크노파크,기술,[제주] 2026년 전기차 사용 후 배터리 실증 지원사업(KC인증) 상시모집 공고,,,2026-05-26,https://www.bizinfo.go.kr/sii/siia/selectSIIA200Detail.do?pblancId=PBLN_000000000122394,상시 접수,중소기업,"제주특별자치도와 제주테크노파크에서는 사용후 배터리 기반의 신산업 생태계를 구축하고, 지역기업의 제품 경쟁력 강화를 위한 KC 인증 지원사업을 공고하오니 관련 기업의 많은 관심과 참여 바랍니다. ☞ 공고일 기준 제주지역에 사업자등록을 한 기업 ※ 사업자등록증 기준 - 공고일 기준 제주지역에 사업자등록 및 제주산업정보서비스(http://jeis.or.kr)에 등록된 기업(제주 산업정보서비스 회원가입 상시 가능) ☞ 제품에 적용된 사용후 배터리 및 활용 개발 제품에 대한 KC 10031 인증 컨설팅 및 인증 획득 지원(1개사당 최대 25","기술,제주,2026,KC인증,사용후배터리,인증컨설팅,전기차,제주테크노파크,배터리,제주특별자치도,인증",시험/인증,3903
796,경기도,기초자치단체,금융,2026년 과천시 중소기업 및 소상공인 육성자금 이자차액보전 지원계획 변경 공고,,,2026-05-26,https://www.bizinfo.go.kr/sii/siia/selectSIIA200Detail.do?pblancId=PBLN_000000000122373,예산 소진시까지,중소기업,"「과천시 중소기업 및 소상공인 지원 조례」 제5조에 따라, 2026년 과천시 중소기업 및 소상공인 육성자금 이자차액보전 지원계획을 아래와 같이 공고합니다. ☞ 「과천시 중소기업 및 소상공인 지원 조례」에 따른 중소기업, 벤처기업, 소상공인으로서, 과천시에 사업장을 두고 운영 중인 업체 - 관내로 이전하기 위해 토지 또는 건축물을 매입ㆍ임대 등 계약을 체결하고 비용의 50% 이상 지불했거나 또는 건축허가 등을 받고 공정률이 50%이상인 업체 ※ 자세한 지원대상 공고문 참조 ☞ 중소기업 및 소상공인 융자금(중소기업 5억원, 소상공인 1","금융,서울,부산,대구,인천,광주,대전,울산,세종,경기,강원,충북,충남,전북,전남,경북,경남,제주,차액보전,보전,2026,융자금,이자차액,과천시,기초자치단체,벤처기업,경기도,소상공인,중소기업",융자,4517
797,전남광주통합특별시,직접수행,금융,[광주] 2026년 농업발전기금 융자사업 공고,,,2026-05-22,https://www.bizinfo.go.kr/sii/siia/selectSIIA200Detail.do?pblancId=PBLN_000000000122368,반기별 상이,중소기업,"농식품 상품성제고와 가공시설확충사업 등을 추진하여 농식품산업 경쟁력 제고 및 농업ㆍ농촌 발전을 도모하기 위한 「2026년도 농업발전기금 융자사업」계획을 다음과 같이 공고합니다. ☞ 광주광역시 관내 농업인과 농업법인, 생산자 단체 및 농식품 제조ㆍ가공업체 ☞ 개소당 50백만원 이내 융자 지원","금융,광주,가공시설확충사업,농업발전기금,농식품산업,농업법인,가공업체,농업인,광주광역시,직접수행,융자,2026,전남광주,전남광주통합특별시",융자,12971
798,충청북도,지방중소벤처기업청,경영,[충북] 2026년 중소기업 경영애로 전문가 컨설팅서비스 참여기업 모집 공고,,,2026-05-22,https://www.bizinfo.go.kr/sii/siia/selectSIIA200Detail.do?pblancId=PBLN_000000000122357,예산 소진시까지,중소기업,"충북지방중소벤처기업청은 기업이 당면한 단기 경영애로 해소를 위해 전문가를 통한 현장 맞춤형 컨설팅 서비스를 지원하고자 하오니 컨설팅을 희망하는 기업은 많은 신청을 바랍니다. ☞ 충북 소재 제조 중소기업 - 중소기업 혁신바우처 탈락 기업 - 뿌리산업 영위기업, 창업초기 기업 또는 컨설팅 희망 중소기업 ☞ 경영기술 전략 등 7개 분야 컨설팅ㆍ지도 지원 - 경영기술전략, 스마트공장 추진전략, 시제품 기획, 기술보호, 기술이전 및 지재권, 인증ㆍ연구장비활용시험, 마케팅 전략","경영,충북,충북지방중소벤처기업청,충청북도,2026,지방중소벤처기업청,컨설팅,중소기업,경영애로,경영기술전략,스마트공장,지도,시제품기획,기술보호,지식재산권,기술이전,인증,연구장비활용시험,마케팅",컨설팅,12022
799,인천광역시,인천신용보증재단,금융,[인천] 2026년 원도심ㆍ지역상권 활성화를 위한 상권 활성화 특례보증 지원사업 공고,,,2026-05-22,https://www.bizinfo.go.kr/sii/siia/selectSIIA200Detail.do?pblancId=PBLN_000000000122346,예산 소진시까지,소상공인,"소상공인기본법 제3조에 따라 도시정비사업 구역 등 상권 위축 지역 및 골목상권과 중동 사태 장기화로 인한 고유가 피해 소상공인 지원을 위해 「2026년 인천광역시 상권 활성화 특례보증 지원사업」을 다음과 같이 공고합니다. ☞ 인천광역시 소재 소상공인 - 인천광역시 내 도시정비사업 구역ㆍ재정비촉진지구(해제지역포함) 및 인근 지역에 사업장을 둔 소상공인(무점포 소매업(479)은 지원대상에서 제외) - 인천광역시에 사업장을 둔 아래 업종(한국표준산업분류 기준)을 영위하는 소상공인(※ 홈플러스 폐점 피해기업 등 포함) ㆍ 음식점업, 도소매","금융,인천,2026,인천광역시,인천신용보증재단,소상공인,상권활성화,특례보증,융자,이차보전,전통시장",보증,8142
800,산업통상부,지능형자동차부품진흥원,기술,2026년 SDV 전장부품 보안 평가센터 기업지원사업 수혜기업 모집 공고,,,2026-05-22,https://www.bizinfo.go.kr/sii/siia/selectSIIA200Detail.do?pblancId=PBLN_000000000122333,모집 완료시,중소기업,"지능형자동차부품진흥원에서는 SDV 지향 전장부품 기업 해외 시장 진출 촉진과 기술 경쟁력 확보를 위한 기업지원 프로그램 운영을 통한 기술 및 사업화 지원을 위해「2026년 SDV 전장부품 보안 평가센터 기업지원사업」수혜기업을 모집 공고하오니 국내 중소ㆍ중견 전장부품 기업의 많은 관심과 신청 바랍니다. ☞ 국내 중소ㆍ중견 전장부품 기업 ☞ 해외 수출 지원, 성능 평가 지원, 기술 지원","기술,경영,서울,부산,대구,인천,전남광주,대전,울산,세종,경기,강원,충북,충남,전북,경북,경남,제주,기업 애로 기술,전장부품 기업,성능 시험 평가 인증,해외 진출,산업통상부,2026,SDV,사이버보안,지능형자동차부품진흥원,전장부품,중견기업,중소기업",기술사업화/이전/지도,5353
801,대구광역시,대구경북과학기술원,경영,[대구ㆍ경북] 경제자유구역기술 창업기업 맞춤형 멘토링 지원 공고,,,2026-05-22,https://www.bizinfo.go.kr/sii/siia/selectSIIA200Detail.do?pblancId=PBLN_000000000122332,예산 소진시까지,창업벤처,"대구경북경제자유구역(DGFEZ) 내 유망 기술기업의 역량 강화를 위해, 창업기업이 겪는 경영ㆍ기술ㆍ투자 분야의 실무적 애로사항을 분야별 전문가 멘토링을 통해 해결할 수 있도록 지원 하기 위해 「대구경북경제자유구역기술 창업기업 맞춤형 멘토링 지원」을 실시하오니, 많은 관심과 신청 바랍니다. ☞ 대구경북경제자유구역 내 본사ㆍ공장ㆍ연구소 중 1개 이상 사업자등록증상 소재지를 둔 기술기반 창업기업 ☞ DGIST 창업 전문 멘토단을 활용한 분야별 맞춤형 컨설팅 - 경영 : 비즈니스 모델(BM) 고도화, 인사/노무, 법률, 회계 등 지원 - ","기술,경영,대구,경북,투자자매칭,2026,기술로드맵,대구경북과학기술원,IR컨설팅,제품상용화,노무,애로사항,법률,회계,인사,홍보,판로개척,창업기업,컨설팅,멘토링,대구광역시",컨설팅,4648
802,울산광역시,울산테크노파크,경영,[울산] 2026년 제조데이터 기반 AI 활용 컨설팅 지원기업 모집 공고,2026-05-18,2026-09-25,2026-05-22,https://www.bizinfo.go.kr/sii/siia/selectSIIA200Detail.do?pblancId=PBLN_000000000122329,,중소기업,"지역특화 제조데이터 활성화 사업의 일환으로 지역 주력산업과 연계하여 중소 제조기업의 AIㆍ제조데이터 도입 및 활용 역량을 제고하는 컨설팅 지원사업을 추진하오니, 사업 참여를 희망하는 기관은 신청하시기 바랍니다. ☞ 울산 지역 자동차 부품 산업의 중소중견기업 ☞ 지역기업의 현장문제 해결을 위한 제조데이터 기반 AI 활용 컨설팅 지원(진단 및 분석, AI 활용 과제 도출, AI 전환 추진 로드맵 수립)","기술,경영,울산,자동차 부품 산업,제조데이터 도입,2026,제조데이터,울산테크노파크,울산광역시,제조기업,컨설팅,AI",컨설팅,7181
803,고용노동부,경기도 노사민정협의회,경영,[경기] 2026년 일ㆍ생활 균형 제도 도입 지원 컨설팅 참여기업 모집 공고,,,2026-05-22,https://www.bizinfo.go.kr/sii/siia/selectSIIA200Detail.do?pblancId=PBLN_000000000122327,선착순 접수,중소기업,"경기도 노사민정협의회에서는 도내 중소ㆍ영세기업의 일ㆍ생활 균형, 노동환경 개선을 위해 일ㆍ생활 균형 제도 도입, 정부ㆍ지자체 지원사업 및 지원금 안내, 인사ㆍ노무관리 등 기업 맞춤형 무료 컨설팅을 지원하오니 많은 참여 바랍니다. ☞ 경기도에 소재지를 둔 상시근로자 10인 이상 중소기업 ☞ 유연근무, 시차출퇴근제, 육아지원 3법, 주 4.5일제 등 일ㆍ생활 균형 제도 도입 지원 - 사업자에서 활용 가능한 정부ㆍ지자체 지원사업 및 지원금 안내 - 인사ㆍ노무관리, 취업규칙, 개정 노동관계법령 준수 등 기업 규정 정비 등 지원","인력,경영,경기,규정정비,4.5일제,경기도 노사민정협의회,노동관계법령,2026,유연근무,노동환경,영세기업,노무관리,인사,고용노동부,경기도,컨설팅,지원사업,중소기업",컨설팅,3863
804,산업통상부,한국산업기술시험원,기술,2026년 바이오 의료기기 해외 진출 지원 제로트러스트 기반구축사업 참여기업 상시 지원 모집 공고,,,2026-05-21,https://www.bizinfo.go.kr/sii/siia/selectSIIA200Detail.do?pblancId=PBLN_000000000122309,모집 마감시까지,중소기업,"2026년부터 산업통상자원부가 시행하는 바이오산업기반구축사업 내「바이오의료기기 해외진출지원 제로트러스트 기반구축」과제를 수행하고 있는 건양대학교 산학협력단입니다. 본 과제는 제품의 잠재적 사용오류 및 유용성 개선 등을 통해 국내 의료기기 제품의 글로벌 인허가 대응력 강화를 위한 지원을 수행하고 있습니다. 본 사업단에서 지원하는 분야에 대한 상세 내용을 아래와 같이 공고하오니, 참여를 희망하는 역량있는 기업들의 많은 신청 바랍니다. ☞ 해외 시장 진출을 목표로 하며, 지원이 필요한 경쟁력 있는 바이오 의료기기 제조 기업(HWSW) -","기술,서울,부산,대구,인천,광주,대전,울산,세종,경기,강원,충북,충남,전북,전남,경북,경남,제주,글로벌 인허가,해외 인증,바이오의료기기,산업통상부,2026,한국산업기술시험원,제조기업,바이오,국내의료기기,의료기기제품,건양대학교산학협력단",기술사업화/이전/지도,9235
805,경기도,경기환경에너지진흥원,경영,[경기] 양주시 2026년 음식점 미세먼지ㆍ악취 방지시설 설치 지원사업 공고,,,2026-05-21,https://www.bizinfo.go.kr/sii/siia/selectSIIA200Detail.do?pblancId=PBLN_000000000122305,예산 소진시까지,소상공인,"도심 생활권 내 음식점에서의 미세먼지ㆍ악취 물질 배출을 저감하는 방지시설의 설치를 지원하여 생활 주변 쾌적한 대기환경 조성을 유도하기 위해 추진하는 「2026년 음식점 미세먼지ㆍ악취 방지시설 설치 지원사업(양주시)」을 다음과 같이 공고하오니 지원을 희망하는 기업은 경기환경에너지진흥원으로 신청하여 주시기 바랍니다. ☞ 공고일 기준 사업대상 지역에 소재한 미세먼지ㆍ악취 배출 음식점 ☞ 미세먼지ㆍ악취 방지시설(음식점 1개소당 최대 2,700만원 이내) 지원 - 세라믹 필터, 흡착에 의한 시설, 전기 집진시설, 복합 방지시설, 기타 시설 ","경영,경기,복합방지시설,세라믹필터,2026,전기집진시설,음식점,경기환경에너지진흥원,악취,미세먼지,양주시,경기도",시설/입지지원,5188
806,서울특별시,서울시여성가족재단,경영,[서울] 2026년 직장 내 성희롱ㆍ성폭력 예방 컨설팅 참여기업 모집 공고,2026-05-13,2026-12-31,2026-05-21,https://www.bizinfo.go.kr/sii/siia/selectSIIA200Detail.do?pblancId=PBLN_000000000122297,,중소기업,"안녕하세요. 서울시여성가족재단 일생활균형지원센터입니다. 서울 소재 중소기업을 대상으로 일ㆍ생활균형 무료 컨설팅ㆍ교육 프로그램을 시행합니다. 전문 컨설턴트가 함께하여 각 기업의 특성에 맞는 일ㆍ생활균형 제도와 조직문화 구축을 돕고, 임직원의 만족도와 조직 성과를 동시에 높일 수 있도록 안내해 드립니다. 이번 기회를 통해 귀사에 맞는 조직문화를 만들어 보시기 바랍니다. ☞ 서울시 소재 중소기업(강소기업 등) ☞ 맞춤형 대면 컨설팅 지원","경영,서울,일ㆍ생활균형,2026,서울시여성가족재단,조직문화,서울특별시,컨설팅,강소기업,교육,중소기업",컨설팅,5055
807,중소벤처기업부,소상공인시장진흥공단,경영,2026년 찾아가는 1:1 디지털 교육 소상공인 모집 공고,2026-05-20,2026-11-30,2026-05-21,https://www.bizinfo.go.kr/sii/siia/selectSIIA200Detail.do?pblancId=PBLN_000000000122273,,소상공인,"소상공인의 온라인 판로 진출 및 디지털 전환 실현을 위한「’26년 찾아가는 1:1 디지털 교육」에 참여를 희망하는 소상공인을 모집합니다. ☞ 온라인 진출의사가 있으나, 디지털 활용 수준 및 경영여건으로 집체교육 참여가 어려운 디지털 취약계층 소상공인 - ｢소상공인 기본법｣ 제2조에 따른 소상공인으로, 신청일 현재 정상적으로 영업 중인 점포 ☞ 집합교육 참여가 어려운 소상공인을 대상으로 온라인 플랫폼 입점 및 홍보 방법 등 찾아가는 1:1 디지털 교육 지원","경영,서울,부산,대구,인천,광주,대전,울산,세종,경기,강원,충북,충남,전북,전남,경북,경남,제주,디지털 취약계층,디지털 교육,2026,온라인 플랫폼,소상공인시장진흥공단,중소벤처기업부,소상공인,온라인",교육,9815
808,산업통상부,국가독성과학연구소,기술,2026년 2차 메카노바이오활성소재 혁신의료기기 실증 기반구축 생물학적 시험평가인증 지원사업 공고(산업혁신기반구축사업),,,2026-05-21,https://www.bizinfo.go.kr/sii/siia/selectSIIA200Detail.do?pblancId=PBLN_000000000122268,예산 소진시까지,중소기업,"「국가독성과학연구소 전북첨단바이오연구본부 중개독성연구센터」에서는 산업통상자원부와 전북특별자치도 및 전주시가 함께 지원하는 2026년도 산업혁신 기반 구축 사업의 일환으로, 생물학적 시험평가인증 지원사업을 다음과 같이 공고하오니 의료기기 전ㆍ후방 산업군에 해당하는 중소ㆍ중견기업의 많은 참여 바랍니다. ☞ 의료기기 전ㆍ후방 산업군에 해당하는 전국의 중소ㆍ중견기업 ☞ 설치류 급성전신독성시험 지원(기업당 최대 800만 원 상당)","기술,서울,부산,대구,인천,광주,대전,울산,세종,경기,강원,충북,충남,전북,전남,경북,경남,제주,설치류,급성전신독성시험,산업통상부,2026,생물학적,국가독성과학연구소,전후방산업,시험평가인증,전주시,의료기기,중견기업,중소기업",시험/인증,5470
809,강원특별자치도,강원특별자치도경제진흥원,기술,[강원] 원주시 2026년 중소기업 지식재산 국내 분쟁 지원 사업 수시 모집 공고,,,2026-05-20,https://www.bizinfo.go.kr/sii/siia/selectSIIA200Detail.do?pblancId=PBLN_000000000122255,예산 소진시까지,중소기업,"지식재산권 관련 분쟁으로 애로를 겪고 있는 원주시 소재 중소기업을 대상으로 지식재산권 관련 심판 및 소송 등의 비용을 지원하는 「2026년 원주시 중소기업 지식재산 국내 분쟁 지원 사업」 지원기업을 모집하오니 관심 있는 기업의 많은 참여 바랍니다. ☞ 지식재산권 분쟁으로 인해 관련 심판 또는 소송을 진행 중이거나 진행 예정인 원주시 소재 중소기업 ☞ 무효심판, 권리범위확인심판, 취소심판, 지식재산권 관련 소송(가처분, 민ㆍ형사 소송 등), 경고장 대응 지원 - 기업당 최대 8,000 천원 이내 지원","기술,강원,경고장대응,2026,무효심판,권리범위확인심판,강원특별자치도경제진흥원,강원특별자치도,소송,원주시,강원지식재산센터,지식재산권,중소기업",시험/인증,6020
810,대전광역시,대전일자리경제진흥원,내수,[대전] 2026년 전통시장 등 공동배송시스템 지원사업 라이더 배달비 지원사업 공고,,,2026-05-20,https://www.bizinfo.go.kr/sii/siia/selectSIIA200Detail.do?pblancId=PBLN_000000000122254,예산 소진시까지,소상공인,"전통시장ㆍ상점가ㆍ골목형상점가의 판로확대 및 소비환경 변화에 대한 대응력 확보를 위하여 「2026년 라이더 배달비 지원사업」을 다음과 같이 공고합니다. ☞ 관내 전통시장ㆍ상점가ㆍ골목형상점가 소속 소상공인 ☞ 온라인(배달의민족, 쿠팡이츠, 땡겨요 등) 배달앱 접수 배달 건당 2,000원 / 연간 최대 50만원 지원","내수,경영,대전,라이더,2026,배달앱,배달비,골목형상점가,상점가,전통시장,대전일자리경제진흥원,대전광역시,소상공인,온라인",온라인,6576
811,부산광역시,부산시기계공업협동조합,수출,[부산] 기계-부품산업 수출활성화 지원사업 高유가 대응 수출기업 물류비 지원사업 공고,,,2026-05-20,https://www.bizinfo.go.kr/sii/siia/selectSIIA200Detail.do?pblancId=PBLN_000000000122249,선착순 접수,중소기업,부산광역시와 부산시기계공업협동조합에서는 중동전쟁 장기화 및 고유가로 수출입 물류비 증가 등에 따라 피해가 우려되는 기업의 부담을 완화하기 위하여 「高유가 대응 수출기업 물류비 지원사업」을 다음과 같이 공고 하오니 관심 있는 기업의 많은 참여를 바랍니다. ☞ 사업자등록증상 부산광역시를 소재지로 하는 제조기업 ☞ 국제운임(INCOTERMS상 C조건 또는 D조건)지원(업체당 최대 250만원) ※ 자세한 지원내용 공고문 참조,"수출,부산,특송업체운송료,작업료,중동전쟁,2026,할증료,국제운임,부산시기계공업협동조합,내륙운송료,창고료,대응,물류비,부산광역시,제조기업",해외진출,5673
812,부산광역시,부산시기계공업협동조합,수출,[부산] 기계-부품산업 수출활성화 지원사업 해외전시회 개별참가 지원사업 공고,,,2026-05-20,https://www.bizinfo.go.kr/sii/siia/selectSIIA200Detail.do?pblancId=PBLN_000000000122247,선착순 접수,중소기업,"부산광역시와 부산시기계공업협동조합에서는 수출 판로 확대를 위하여 「해외전시회 개별참가 지원사업」을 다음과 같이 공고 하오니 관심 있는 기업의 많은 참여를 바랍니다. ☞ 사업자등록증상 부산광역시를 소재지로 하는 제조기업 ☞ 해외전시회 개별참가 지원(업체당 최대 625만원) - 참가 부스 임차료, 장치비, 화물탁송료, 통역료, 편도항공료(1사2인, 일반석), 전시부스 조성비(디자인, 홍보물 등), 온라인 플랫폼 입점 및 온라인 전시회 참가비용 지원","수출,부산,2026,통역료,플랫폼입점,부산시기계공업협동조합,참가비용,화물탁송료,임차료,항공료,홍보물,장치비,해외전시회,디자인,부산광역시,제조기업,전시회",해외진출,5703
813,강원특별자치도,강원특별자치도경제진흥원,기술,[강원] 춘천시 2026년 지식재산 국내분쟁 비용지원 사업 모집 연장 공고,,,2026-05-20,https://www.bizinfo.go.kr/sii/siia/selectSIIA200Detail.do?pblancId=PBLN_000000000122238,예산 소진시까지,중소기업,"지식재산권 관련 분쟁으로 애로를 겪고 있는 춘천시 소재 중소기업을 대상으로 지식재산권 관련 심판 및 소송 등의 비용을 지원하는「2026년 춘천시 지식재산 국내분쟁 비용지원 사업」지원기업을 모집하오니 관심 있는 기업의 많은 참여 바랍니다. ☞ 지식재산권 분쟁으로 인해 관련 심판 또는 소송을 진행 중이거나 진행 예정인 춘천시 소재 중소기업 (「중소기업기본법」제2조에 의거) ☞ 무효심판, 권리범위확인심판, 취소심판, 지식재산권 관련 소송(가처분, 민ㆍ형사 소송 등), 경고장 대응 지원 - 기업당 최대 8,000 천원 이내 지원","기술,강원,취소심판,경고장대응,국내분쟁,2026,비용지원,무효심판,권리범위확인심판,강원특별자치도경제진흥원,강원특별자치도,심판,소송,강원지식재산센터,춘천시,지식재산권",시험/인증,3672
814,중소벤처기업부,세종창조경제혁신센터,창업,2026년 창업BuS in 세종 수요투자 라운드 참여기업 상시 모집 공고,,,2026-05-20,https://www.bizinfo.go.kr/sii/siia/selectSIIA200Detail.do?pblancId=PBLN_000000000122229,상시 접수,창업벤처,"세종창조경제혁신센터는 성장 가능성 있는 창업기업을 발굴하고, 투자유치 역량 강화를 지원하기 위해 「2026 창업-BuS in 세종 수요투자라운드」 참여기업을 상시 모집 합니다. ☞ 창업 7년 이내 투자유치 희망기업 ※ AI-빅데이터, GovTech 등 딥테크 우대 ☞ 전문가 진단 및 맞춤형 멘토링, IR 피칭 기회 및 투자 미팅, 후속 성장 사업화 및 투자 검토 지원 ※ 기업 역량에 따라 단계별 맞춤형 지원 가능","창업,서울,부산,대구,인천,광주,대전,울산,세종,경기,강원,충북,충남,전북,전남,경북,경남,제주,2026,중소벤처기업부,세종창조경제혁신센터,창업7년이내,창업기업,창업BuS,수요투자라운드,투자유치,멘토링,IR피칭,투자미팅,사업화,창업진흥원",사업화지원,4555
815,부산광역시,부산경제진흥원,수출,[부산] 2026년 수출입 애로 중소기업 바우처 지원사업 공고,,,2026-05-20,https://www.bizinfo.go.kr/sii/siia/selectSIIA200Detail.do?pblancId=PBLN_000000000122227,예산 소진시까지,중소기업,"원자재 수입에 애로를 겪은 기업을 포함하여 수출입에 어려움을 겪고 있는 부산지역 중소기업을 위하여 기업 위기 극복 및 수출 경쟁력 강화를 목적으로 “2026수출입 애로 중소기업 바우처 지원사업”참가기업을 모집합니다. 참가를 희망하는 기업 관계자께서는 아래 내용을 참조하시어 정해진 기한 내 신청하시기 바랍니다. ☞ 아래의 자격 중 한 가지에 해당되는 부산 소재 중소기업 ① 부산소재의 수출입 중소기업 - 사업자등록증상 본점 또는 사업장 소재지가 부산인 중소기업 - 직전년도 직수출액 3,000만 달러 미만 기업 ② 수출 목적을 위한 임가","수출,부산,원자재 수입,수출 경쟁력 강화,홍보 마케팅,2026,해외규격,국제운송,탄소중립,수출입,관세,부산경제진흥원,부산광역시,지재권,중소기업",해외진출,4361
816,경상남도,경남여성새로일하기센터,경영,[경남] 2026년 경력단절예방지원사업 직장문화개선 기업컨설팅 참여기업 모집 공고,,,2026-05-20,https://www.bizinfo.go.kr/sii/siia/selectSIIA200Detail.do?pblancId=PBLN_000000000122216,선착순 접수,중소기업,경남광역여성새로일하기센터는 도내 기업을 대상으로 심층 솔루션을 제공하여 지속 가능한 경영 체계를 구축함으로써 기업 및 조직 경쟁력을 향상하기 위해「2026년 직장문화개선 기업컨설팅」사업을 진행합니다. 이에 다음과 같이 참여기업을 모집 공고합니다. ☞ 경남지역 새일센터 구인등록 기업 및 여성친화일촌기업 등 ☞ 선발기업에 전담노무사의 컨설팅 제공 (기업당 최대 6회) - 기업별 고용 구조 분석을 기반으로 한 현안 해결 및 경영리스크 관리체계 구축 - 유연근무제 등 일ㆍ생활균형지원제도 설계 및 가족친화경영 인증을 위한 규정 표준화 지원 ,"경영,경남,2026,경상남도,경남여성새로일하기센터,직장문화개선,새일센터,솔루션,전담노무사,컨설팅,가족친화경영,일ㆍ생활균형지원제도",컨설팅,3331
817,부산광역시,부산테크노파크,수출,[부산] 2026년 신발기업 해외물류 바우처 지원사업 참여기업 모집 공고(지원확대),,,2026-05-19,https://www.bizinfo.go.kr/sii/siia/selectSIIA200Detail.do?pblancId=PBLN_000000000122195,예산 소진시까지,중소기업,"부산테크노파크 신발패션진흥단은 부산신발기업 수출입 경쟁력 회복을 위한 「2026 신발기업 해외물류 바우처 지원사업」을 추진합니다. 본 사업에 참가를 희망하는 기업은 아래 내용을 참고하시어 신청하시기 바랍니다. ☞ 아래 조건을 모두 충족시 지원가능 ① 2026. 01. 01. ~ 현재까지 20만원 이상 물류비가 발생한 신발기업 ② 직전년도 직수출 실적 3천만USD 이하 부산 소재 신발기업 또는 신발산업 관련 신발완제품, 소재, 부품, 장비 제조기업 등 ③ 동일 건으로 타 기관 물류지원사업 수혜 이력이 없는 수출입 건만 해당 (중복수혜","수출,부산,부산신발기업,2026,신발산업,해외물류,물류비,수출입,부산테크노파크,신발기업,신발,부산광역시,바우처",해외진출,5644
818,경상북도,경상북도경제진흥원,경영,[경북] 2026년 소상공인 사회보험료 지원 사업 참여자 모집 공고,,,2026-05-19,https://www.bizinfo.go.kr/sii/siia/selectSIIA200Detail.do?pblancId=PBLN_000000000122191,예산 소진시까지,소상공인,"경상북도와 경상북도경제진흥원에서는 도내 소상공인의 사회안전망 강화를 위해 사회보험료(자영업자 고용보험료ㆍ중소기업사업주 산재보험료) 지원을 실시하고자 다음과 같이 공고하오니 많은 참여 바랍니다. ☞ 경상북도 소상공인 중 근로복지공단에서 시행하는 「자영업자 고용보험」, 「중소기업사업주 산재보험」가입자(사업주만 해당) ☞ 2026년 1∼12월분 보험료 납부액의 10∼40% 지원 ※ 소상공인시장진흥공단에서 시행 중인 「2026년 자영업자 고용보험료 지원사업」중복수혜 가능","금융,경영,경북,2026,경상북도,경상북도경제진흥원,사회보험료,자영업자,고용보험료,산재보험료,중소기업사업주,소상공인,근로복지공단",디자인/상품화/사업화,8701
819,인천광역시,인천테크노파크,기술,2026년 인천 블록체인 바우처 지원사업 수요기업 모집 공고,,,2026-05-19,https://www.bizinfo.go.kr/sii/siia/selectSIIA200Detail.do?pblancId=PBLN_000000000122174,선착순 접수,중소기업,"인천광역시와 인천테크노파크는 블록체인 기술 수요가 있는 인천지역 중소기업의 블록체인 솔루션ㆍ서비스(제품) 도입 장벽 해소를 위해「2026년 블록체인 바우처 지원사업」 수요기업 모집을 다음과 같이 공고하오니, 많은 참여 바랍니다. ☞ 인천 소재 또는 인천 이전ㆍ설립 예정 중소기업(본사) ※ 인천 이전ㆍ설립 예정 수요기업의 경우, 공고일 기준 2개월 이내 예정기업(확약서) ☞ 블록체인 도입을 희망하는 수요기업을 대상으로 블록체인 기술기업의 솔루션 및 서비스 도입ㆍ활용에 소요되는 비용(최대 5백만원 이내) 지원 - 지원분야(기술 상품 분","기술,서울,부산,대구,인천,광주,대전,울산,세종,경기,강원,충북,충남,전북,전남,경북,경남,제주,2026,인천광역시,인천테크노파크,블록체인,솔루션,서비스,제품,바우처,블록체인바우처,도입,활용",기술사업화/이전/지도,4425
820,경상남도,경남투자경제진흥원,내수,[경남] 2026년 소상공인 온라인 쇼핑몰 기획전 참여 소상공인 모집 공고,,,2026-05-19,https://www.bizinfo.go.kr/sii/siia/selectSIIA200Detail.do?pblancId=PBLN_000000000122173,모집 완료시,소상공인,"경상남도와 경상남도 투자경제진흥원에서는 경남 소상공인 우수 제품 판매 활성화 및 판로 확대를 지원하고자 「2026년 소상공인 온라인 쇼핑몰 기획전」에 참여할 소상공인을 모집하오니 많은 관심과 참여 바랍니다. ☞ 공고일('26.5.18.) 기준 도내 소재지 사업장을 운영 중이면서, 「소상공인기본법」제2조에 따른 소상공인 ☞ 대형 민간 온라인 쇼핑몰 내 경상남도 전용 기획전 개최를 통해 경남 소상공인의 판로 개척 및 우수 상품 판매를 활성화 지원 - 쇼핑몰 전문 인력, 노하우를 활용하여 전문 컨설팅 제공 및 마케팅 지원 - 할인 쿠폰 ","내수,경영,경남,팝업광고ㅂ,2026,쿠폰발급,경남투자경제진흥원,노하우,배너광고,쇼핑몰,전문인력,프로모션,판로개척,경상남도,컨설팅,마케팅,소상공인",온라인,4450
821,경상북도,기초자치단체,경영,[경북] 경주시 2026년 소규모 사업장 방지시설 설치 지원사업 공고,,,2026-05-19,https://www.bizinfo.go.kr/sii/siia/selectSIIA200Detail.do?pblancId=PBLN_000000000122168,예산 소진시까지,중소기업,"소규모 사업장의 노후 방지시설 개선비용을 지원하여 방지시설 설치비 부담 완화 및 미세먼지 저감 등 대기질 개선을 위하여 「소규모 사업장 방지시설 설치 지원사업」을 다음과 같이 시행하오니 본 사업에 참여하고자 하는 사업장에서는 적극 신청하여 주시기 바랍니다. ☞ 공고일 현재 경주시 소재, 「중소기업기본법」시행령 제3조제1항에 따른 중ㆍ소기업 ※ 자세한 지원대상 공고문 참조 ☞ 사물인터넷(IoT) 측정기기 설치비용 지원","경영,경북,2026,경상북도,기초자치단체,방지시설,설치비,중소기업,경주시,사물인터넷,loT,측정기기",시설/입지지원,3305
822,서울특별시,한국표준협회,경영,[서울] 외식업 경영혁신 컨설팅 지원사업 컨설팅 참여업소 모집 공고,,,2026-05-19,https://www.bizinfo.go.kr/sii/siia/selectSIIA200Detail.do?pblancId=PBLN_000000000122153,선착순 접수,중소기업,"경영 부담으로 어려움을 겪는 서울시 내 외식업체에 맞춤형 컨설팅을 제공하여, 외식업 경쟁력을 강화하고 경영 안정화를 도모하고자 「외식업 경영혁신 컨설팅 지원」사업에 참여할 대상업소를 다음과 같이 모집합니다. ☞ 서울시 내 일반ㆍ휴게음식점 - 배달 가능 업체 - 포스기가 있거나 모바일 기반 업무 수행 가능자 ※ 자세한 지원대상 공고문 참조 ☞ 희망분야 1:1 맞춤형 컨설팅, 인센티브 등 지원 - 컨설팅 세부 분야 : 경영관리, 마케팅관리, 메뉴개발, 법률 - 인센티브 : 서울배달+땡겨요 앱 내 사장님 지원금 최대 60만원 제공 - 우","경영,서울,2026,서울특별시,한국표준협회,외식업체,일반음식점,휴게음식점,외식업,컨설팅,인센티브,홍보용숏폼,맞춤형컨설팅",컨설팅,3632
823,지식재산처,한국지식재산보호원,기술,2026년 영업비밀ㆍ기술 보호 컨설팅 모집 공고,,,2026-05-19,https://www.bizinfo.go.kr/sii/siia/selectSIIA200Detail.do?pblancId=PBLN_000000000122147,예산 소진시까지,중소기업,"중소ㆍ중견기업, 대학ㆍ공공연구기관의 기술유출 방지 및 영업비밀 보호 강화를 위한 「2026년 영업비밀ㆍ기술 보호 컨설팅」을 아래와 같이 변경하여 공고합니다. ☞ 중소ㆍ중견기업, 대학ㆍ공공연구기관 ☞ 단계별 컨설팅(기초ㆍ심화) 및 공공연 등 맞춤형 컨설팅 지원 ※ 자세한 지원내용 공고문 참조","기술,경영,서울,부산,대구,인천,광주,대전,울산,세종,경기,강원,충북,충남,전북,전남,경북,경남,제주,센터전문가,지식재산처,유출예방,2026,보호체계,진단,현장방문,기술보호,영업비밀,한국지식재산보호원,전문가,컨설팅,중견기업,교육,변리사,중소기업,변호사",기술사업화/이전/지도,3609
824,고용노동부,전남인력개발원,인력,2026년 미래내일 일경험 사업 참여기업 모집 공고(인턴형),,,2026-05-19,https://www.bizinfo.go.kr/sii/siia/selectSIIA200Detail.do?pblancId=PBLN_000000000122145,예산 소진시까지,중소기업,"전남인력개발원은 고용노동부, 대한상공회의소와 청년 일경험 기회 제공을 위하여 「2026년 미래내일 일경험 지원사업(인턴형)」 참여기업을 다음과 같이 모집하오니 우수기업들의 많은 참여 바랍니다. ☞ 고용보험 피보험자 10인 이상 기업, 공공기관, 지방공기업, 비영리단체, 비영리법인 등 ※ 단, 벤처기업, Inno-Biz, Main-Biz, 사회적기업은 10인 미만 참여 가능 ☞ 총 8주 기준, 청년 1인당 (기업지원금) 40만원 (멘토수당) 30만원 지원","인력,서울,부산,대구,인천,광주,대전,울산,세종,경기,강원,충북,충남,전북,전남,경북,경남,제주,2026,고용노동부,전남인력개발원,청년일경험,인턴형,미래내일,멘토,수당,지원금,멘토링",교육/훈련/연수,5810
825,경상북도,경상북도경제진흥원,경영,[경북] 울진군 2026년 소상공인 카드수수료 지원사업 참여업체 모집 공고,,,2026-05-18,https://www.bizinfo.go.kr/sii/siia/selectSIIA200Detail.do?pblancId=PBLN_000000000122128,예산 소진시까지,소상공인,"울진군과 경북경제진흥원에서는「울진군 소상공인 카드수수료 지원사업」을 추진하고 있습니다. 참여를 희망하는 업체는 신청하여 주시기 바랍니다. ☞ 2025년 연매출액이 5억원 이하인 울진군에 사업장을 둔 「소상공인기본법 제2조」에 해당하는 소상공인 ☞ 2025년 카드매출액의 0.4~1% 지원 (최저 5만원, 최대 40만원)","경영,경북,2026,행복카드,카드수수료,울진군,소상공인,직접수행,경상북도,경상북도경제진흥원",디자인/상품화/사업화,4550
826,지식재산처,한국지식재산보호원,수출,2026년 해외 상표 무단선점 심층조사 지원사업 공고,,,2026-05-18,https://www.bizinfo.go.kr/sii/siia/selectSIIA200Detail.do?pblancId=PBLN_000000000122121,차수별 상이,중소기업,해외에서 국내 상표의 무단선점 피해를 예방하고 피해 발생 시 맞춤형 대응 전략을 제공하는 「해외 상표 무단선점 심층조사 지원사업」을 다음과 같이 공고합니다. ☞ 국내 사업자로 등록된 기업으로 해외에서 상표 무단선점 피해가 발생하였거나 피해가 예상되는 중소(개인사업자 포함)ㆍ중견기업 ☞ 전문수행기관을 통한 해외 상표 무단선점 종합분석 보고서 및 맞춤형 온라인 상담 지원 ※ 자세한 지원내용 공고문 참조,"수출,경영,서울,부산,대구,인천,광주,대전,울산,세종,경기,강원,충북,충남,전북,전남,경북,경남,제주,무단선점,지식재산처,국내상표,2026,심층조사,온라인상담,상표,한국지식재산보호원,중견기업,중소기업,상담",수출정보제공,3834
827,울산광역시,대한산업안전협회 울산지회,경영,[울산] 2026년 국가산단 소규모 영세사업장 안전컨설팅 지원사업 참여기업 모집 공고,2026-05-14,2026-10-31,2026-05-18,https://www.bizinfo.go.kr/sii/siia/selectSIIA200Detail.do?pblancId=PBLN_000000000122114,,중소기업,산업재해 예방을 위해 울산미포국가산업단지 및 온산국가산업단지 내에 입주한 기업을 대상으로「국가산단 소규모 영세사업장 안전컨설팅 지원사업」에 참여를 희망하는 기업을 모집하고자 아래와 같이 공고합니다. ☞ ‘울산미포 및 온산 국가산업단지’내 입주 소규모사업장 ☞ 안전관리 분야별 전문가 활용을 통한 산업재해 위험요인 발굴 및 개선방안 도출 등에 관한 안전컨설팅 지원 - 안전용품 지원 및 창의적 기술자료 보급 등 지원,"경영,울산,대한산업안전협회 울산지회,2026,국가산단,안전컨설팅,개선방안,국가산업단지,산업재해,안전용품,보급,기술자료,울산광역시",컨설팅,3239
828,개인정보보호위원회,개인정보보호협회,경영,2026년 중소사업자 개인정보 안전조치 모니터링 지원 사업 공고,,,2026-05-18,https://www.bizinfo.go.kr/sii/siia/selectSIIA200Detail.do?pblancId=PBLN_000000000122104,상시 접수,중소기업,중소사업자의 개인정보 보호수준을 높이고 유출사고를 사전에 예방하기 위한 시범사업입니다. 이용자의 개인정보를 취급하는 중소사업자를 대상으로 자가진단 및 맞춤형 컨설팅을 지원하여 기업의 보안 역량을 강화하고 개인정보 유출 사고를 예방하기 위한 사업입니다. ☞ 중소기업법 제2조 및 동법 시행령 3조에 따른 중소기업에 해당하는 사업자 ☞ 기업 IT 환경 맞춤형 보안 컨설팅 - (취약점 점검) 개인정보를 처리하는 서비스 환경 전반에 대한 보안 진단 - (컨설팅 및 조치) 진단 결과 바탕 보안 컨설팅 및 취약점 조치 지원,"경영,서울,부산,대구,인천,광주,대전,울산,세종,경기,강원,충북,충남,전북,전남,경북,경남,제주,유출사고,취약점조치,개인정보보호협회,2026,소상공인24,자가진단,예방,개인정보보호위원회,개인정보,점검,보안,컨설팅,중소기업",컨설팅,4405
829,중소벤처기업부,대중소기업농어업협력재단,기술,2026년 기술임치기업 보증용 기술가치평가 지원사업 참여기업 모집 공고,,,2026-05-18,https://www.bizinfo.go.kr/sii/siia/selectSIIA200Detail.do?pblancId=PBLN_000000000122103,상시 접수,중소기업,"중소기업의 금융기관 대출 연계 활성화 및 운용자금 확보, 안정적 기업 운영ㆍ사업화를 촉진하기 위해「2026년 기술임치기업 보증용 기술가치평가」참여기업을 다음과 같이 모집하오니 많은 관심과 참여 바랍니다. ☞ 협력재단 기술자료임치센터 내 기술자료 등을 임치한 국내 유망 중소기업 ☞ 기술가치평가 비용 1건당 1백만원(50%) 지원","기술,서울,부산,대구,인천,광주,대전,울산,세종,경기,강원,충북,충남,전북,전남,경북,경남,제주,운용자금,2026,기술자료임치센터,대중소기업농어업협력재단,기술가치평가,중소벤처기업부,중소기업",기술사업화/이전/지도,4331
830,경기도,기초자치단체,금융,[경기] 김포시 중소기업 육성자금 긴급 경영자금(중동위기 피해 관련) 지원계획 공고,,,2026-05-15,https://www.bizinfo.go.kr/sii/siia/selectSIIA200Detail.do?pblancId=PBLN_000000000122057,예산 소진시까지,중소기업,「김포시 중소기업 육성자금 지원조례」 제6조 규정에 따라 중동위기 대응 김포시 중소기업 긴급 경영자금 이차보전 지원계획을 다음과 같이 공고합니다. ☞ 중동분쟁으로 인한 수출ㆍ입 피해 및 경영 애로 기업 - 「중소기업기본법」 제2조의 중소기업으로 「김포시 중소기업 육성자금 지원조례」 제6조에 해당하는 기업체 - 중동 정세 영향으로 인한 경영애로 발생 기업 ※ 자세한 지원대상 공고문 참조 ☞ 업체당 운전자금 5억원 이내 지원 - 대출금리 중 0.5%~3.0%에 대한 이자차액 보전(최대 3.0%),"금융,경기,중소기업긴급경영자금,2026,긴급경영자금,이자차액,운전자금,이차보전,김포시,기초자치단체,경기도,대출,융자,중소기업",융자,5456
831,대구광역시,대구테크노파크,기술,2026년 연구조직(기업부설연구소 등) 설립 및 기술ㆍ경영혁신 인증 지원사업 참여기업 모집 공고,,,2026-05-15,https://www.bizinfo.go.kr/sii/siia/selectSIIA200Detail.do?pblancId=PBLN_000000000122045,세부사업별 상이,중소기업,"지역기업의 R&D 역량 강화와 국가연구개발사업 참여 확대를 도모하고, 대구지역 혁신형 중소기업 발굴을 통한 지역 과학기술 혁신역량 강화를 위해 과학기술정보통신부와 대구광역시가 지원하는「2026년 연구조직(기업부설연구소 등) 설립 및 기술ㆍ경영혁신 인증 지원사업」을 다음과 같이 공고하오니, 관심 있는 기업의 많은 참여 바랍니다. ☞ (연구조직 설립ㆍ확대 지원) 대구지역 내 연구조직 설립 희망 기업 - (기술ㆍ경영혁신 인증 지원) 대구지역 내 본사를 둔 중소기업 ※ 지역 외 기업이 대구지역 내에 설립을 희망하는 경우 신청 가능 ☞ 연구","기술,경영,서울,부산,대구,인천,광주,대전,울산,세종,경기,강원,충북,충남,전북,전남,경북,경남,제주,2026,정보제공,인증수수료,연구조직,경영혁신,대구테크노파크,연구인력,역량강화교육,기술혁신,대구광역시,기업부설연구소,컨설팅,R&D",기술사업화/이전/지도,4480
832,중소벤처기업부,대구테크노파크,경영,[대구] 2026년 기술혁신전문가(기술닥터) 지원사업 공고,2026-05-07,2026-10-31,2026-05-15,https://www.bizinfo.go.kr/sii/siia/selectSIIA200Detail.do?pblancId=PBLN_000000000122042,,중소기업,"중소벤처기업부와 대구광역시가 지원하는「20206년 기술혁신전문가(기술닥터)지원사업」을 다음과 같이 공고하오니, 동 사업에 참여하고자 하는 지역 중소기업은 관련 절차에 따라 신청해 주시기 바랍니다. ☞ 지역 내 일반기업 및 대구 스타기업 ① 일반기업 : 스타기업을 제외한 사업자등록 기준 본사 대구시 소재 창업 6개월 이상 중소기업으로 대구지역 주력산업(제조, 모빌리티) 및 전ㆍ후방 연관분야 기업 ② 스타기업 : 대구시에서 지정한 '스타기업' 또는 'pre-스타기업' ☞ 기술닥터 애로기술자문 - 기초기술개발 : 원천기술 및 신기술 안정","기술,경영,대구,기술혁신전문가,2026,기초기술개발,분석,대구테크노파크,시험,기술닥터,모빌리티,디자인,시제품제작,인증,제조,중소벤처기업부",컨설팅,4053
833,경기도,경기신용보증재단,금융,[경기] 하남시 2026년 소상공인 특례보증 지원 확대 계획 공고,,,2026-05-15,https://www.bizinfo.go.kr/sii/siia/selectSIIA200Detail.do?pblancId=PBLN_000000000122026,예산 소진시까지,소상공인,"중동 전쟁으로 인한 대외 경제 불확실성 속에서 관내 소상공인의 자금난을 해소하고 경영 안정을 도모하고자 「2026년 하남시 소상공인 특례보증 지원 확대 계획」을 다음과 같이 공고합니다. ☞ 주 사업장이 하남시 관내에 소재하며, 사업경력이 2개월 이상 경과한 소상공인 - 금융여신 거래가능자 및 신용보증기관 심사기준에 적합한 자 ☞ 특례보증 및 보증료 지원 - 특례보증 : 업체당 최대 5천만원 이내 - 보증료 : 특례보증시 발생하는 보증료 1% 지원","금융,경기,중동전쟁,2026,보증료,특례보증,하남시,경기신용보증재단,경기도,소상공인,소상공인특례보증",보증,6451
834,경기도,경기신용보증재단,금융,[경기] 하남시 2026년 중소기업 특례보증 지원 확대 계획 공고,,,2026-05-15,https://www.bizinfo.go.kr/sii/siia/selectSIIA200Detail.do?pblancId=PBLN_000000000122024,예산 소진시까지,중소기업,중동 전쟁으로 인한 대외 경제 불확실성 속에서 관내 중소기업의 자금난을 해소하고 경영 안정을 도모하고자 「2026년 하남시 중소기업 특례보증 지원 확대 계획」을 다음과 같이 공고합니다. ☞ 중소기업기본법 제2조에 규정한 중소기업 ☞ 특례보증 및 보증료 지원 - 특례보증 : 업체당 최대 3억원 이내(심사 거쳐 보증금액 확정) - 보증료 : 특례보증시 발생하는 보증료 1% 이내 지원,"금융,경기,중동전쟁,2026,보증료,특례보증,하남시,경기신용보증재단,경기도,중소기업,중소기업특례보증",보증,5013
835,충청남도,충남경제진흥원,수출,[충남] 2026년 FTA활용 수출기업 원산지 검증 대응 지원 컨설팅 사업 참가기업 모집 공고,,,2026-05-14,https://www.bizinfo.go.kr/sii/siia/selectSIIA200Detail.do?pblancId=PBLN_000000000122007,예산 소진시까지,중소기업,"도내 수출 중소ㆍ중견기업의 원산지 검증 대응력 강화를 위해 협력업체 대상 FTA 활용 원산지 검증 대응 컨설팅을 지원하오니, 참여를 희망하는 기업의 많은 신청 바랍니다. ☞ 협력업체 5개 이상 보유하고 있는 충남 도내 수출 중소ㆍ중견기업 ☞ 수출기업 협력사 대상 원산지검증 대비 맞춤형 컨설팅 지원","수출,충남,2026,충남경제진흥원,충청남도,중소기업,중견기업,원산지검증,FTA활용,컨설팅,협력업체",FTA활용/대응,4365
836,강원특별자치도,강원특별자치도경제진흥원,기술,[강원] 강릉시 2026년 중소기업 지식재산 국내 분쟁 지원 사업 모집 연장 공고,,,2026-05-14,https://www.bizinfo.go.kr/sii/siia/selectSIIA200Detail.do?pblancId=PBLN_000000000121980,예산 소진시까지,중소기업,"지식재산권 관련 분쟁으로 애로를 겪고 있는 강릉시 소재 중소기업을 대상으로 지식재산권 관련 심판 및 소송 등의 비용을 지원하는「2026년 강릉시 중소기업 지식재산 국내 분쟁 지원 사업」 지원기업을 모집하오니 관심 있는 기업의 많은 참여 바랍니다. ☞ 지식재산권 분쟁으로 인해 관련 심판 또는 소송을 진행 중이거나 진행 예정인 강릉시 소재 중소기업 (「중소기업기본법」제2조에 의거) ☞ 무효심판, 권리범위확인심판, 취소심판, 지식재산권 관련 소송(가처분, 민ㆍ형사 소송 등), 경고장 대응 지원 - 기업당 최대 8,000 천원 이내 지원","기술,강원,경고장대응,2026,무효심판,권리범위확인심판,강원특별자치도경제진흥원,강원특별자치도,강릉시,소송,강원지식재산센터,지식재산권,중소기업",시험/인증,3287
837,중소벤처기업부,경기대진테크노파크,경영,[경기] 포천시 2026년 지역소공인육성사업 소공인특화지원센터 지원사업 공고,,,2026-05-14,https://www.bizinfo.go.kr/sii/siia/selectSIIA200Detail.do?pblancId=PBLN_000000000121976,세부사업별 상이,소상공인,"중소벤처기업부와 소상공인시장진흥공단, 포천시, (재)경기대진테크노파크는 포천시 소재 가구제조 소공인 기업 경쟁력 강화를 위하여 지원 사업을 실시하오니, 가구제조 소공인의 많은 관심과 참여 바랍니다. ☞ 포천지역 가구제조업(C32) 소공인 ☞ 협업활성화지원, 통합마케팅지원, 공정개선지원, 시제품개발지원, 맞춤형컨설팅지원","경영,경기,2026,공정개선,소상공인시장진흥공단,포천시,경기대진테크노파크,시제품개발,소공인,경기도,컨설팅,중소벤처기업부,마케팅,소상공인",디자인/상품화/사업화,4468
838,경기도,시흥산업진흥원,기술,2026년 시흥시 (국비)금형 디지털전환 지원사업 기술지도 모집 공고,,,2026-05-13,https://www.bizinfo.go.kr/sii/siia/selectSIIA200Detail.do?pblancId=PBLN_000000000121956,예산 소진시까지,중소기업,"관내ㆍ외 디지털 전환(DX) 관심 제조기업의 디지털 전환(DX)시스템 도입 및 고도화 컨설팅을 희망하는 「(국비)금형 디지털전환 지원사업 2026년 기술지도」의 참여기업을 모집하오니 많은 관심과 참여 바랍니다. ☞ 관내ㆍ외 디지털전환(DX) 관심 제조기업 등 ☞ 디지털 전환(DXㆍAX 등), 스마트 공장 도입 및 고도화 컨설팅(기업당 최대 2,000천원 이내(기업당 5회 내외)) 지원 - 디지털 전환 관련 제조기업의 기술애로 컨설팅 모두 가능","기술,경영,서울,부산,대구,인천,광주,대전,울산,세종,경기,강원,충북,충남,전북,전남,경북,경남,제주,기술애로컨설팅,2026,고도화컨설팅,AX,디지털전환기업,기술애로,디지털전환,DX,시흥산업진흥원,경기도,스마트공장,컨설팅,제조업",기술사업화/이전/지도,6720
839,과학기술정보통신부,한국기계연구원,기술,2026년 자이언트캐스팅(다이캐스팅) 부품 시험ㆍ평가ㆍ인증 및 기술지도 지원 시행 공고(자이언트캐스팅 공용센터 기반구축 사업),,,2026-05-13,https://www.bizinfo.go.kr/sii/siia/selectSIIA200Detail.do?pblancId=PBLN_000000000121945,상시 접수,중소기업,"지역 자동차부품 산업의 초대형 주조기반 생산기술 확산과 다이캐스팅 부품 경쟁력 강화를 위한 「자이언트캐스팅 공용센터 기반구축사업」의 일환으로 자이언트캐스팅(다이캐스팅) 부품의 시험ㆍ평가ㆍ인증 지원 및 기술지도 지원을 공고하오니, 참여하고자 하는 기업은 아래 절차에 따라 신청하여 주시기 바랍니다. ☞ 자이언트캐스팅(다이캐스팅) 부품 관련 기술개발 및 기업지원 수요기업 ☞ 자이언트캐스팅(다이캐스팅) 부품 시험ㆍ평가ㆍ인증 지원 - 다이캐스팅 공정, 품질, 수명 관련 기술적 문제 등 중소기업의 전반적인 애로기술을 해소를 위한 전문가 매칭 ","기술,서울,부산,대구,인천,광주,대전,울산,세종,경기,강원,충북,충남,전북,전남,경북,경남,제주,주조기반,2026,품질,공정,한국기계연구원,다이캐스팅,애로기술,전문가매칭,한국자동차연구원,자동차부품,시험,평가,기술지도,과학기술정보통신부,인증,중소기업",시험/인증,4761
840,부산광역시,부산경제진흥원,경영,[부산] 2026년 소상공인 경영전략 컨설팅 소상공인 모집 공고,,,2026-05-13,https://www.bizinfo.go.kr/sii/siia/selectSIIA200Detail.do?pblancId=PBLN_000000000121931,예산 소진시까지,소상공인,"부산경제진흥원에서는 부산 지역 소상공인 및 예비창업자에게 맞춤형 전문 컨설팅을 제공하는 「2026년 소상공인 경영전략 컨설팅」 사업을 추진하오니, 부산 지역 소상공인 및 예비창업자분들의 많은 지원 바랍니다. ☞ 부산지역 소상공인 및 예비창업자 - 지원분야 : 경영일반, 홍보ㆍ마케팅, AI 활용, 노무, 세무ㆍ회계, HACCP 인증 ☞ 분야별 전문가 1:1 매칭을 통한 사업장 현장 진단 컨설팅 지원","창업,경영,부산,2026,경영일반,AI활용,현장진단,HACCP,노무,부산경제진흥원,세무,회계,홍보,부산광역시,전문가,컨설팅,마케팅,소상공인",컨설팅,5134
841,전남광주통합특별시,광주경제진흥상생일자리재단,내수,[광주] 2026년 광주기획전 참여 소상공인 모집 공고,,,2026-05-13,https://www.bizinfo.go.kr/sii/siia/selectSIIA200Detail.do?pblancId=PBLN_000000000121915,모집 마감시,소상공인,"광주광역시에서는 지역 소상공인의 상품 판매 활성화, 신유통망 구축 및 홍보를 위해 e-커머스 플랫폼사를 통해 광주기획전을 추진하오니, 관심 있는 소상공인의 많은 참여 바랍니다. ☞ 온라인판매가 가능한 일반 소비자용 상품을 보유하고, 입점 운영 플랫폼사에 입점이 완료된 광주광역시 소재 소상공인 - 광주광역시 관내 소상공인 (중소기업확인서 : 소기업(소상공인), 소상공인) - 기업에서 직접 생산 또는 OEM을 통한 상품 공급 가능 소상공인 - 온라인몰 주 이용객의 특성에 맞는 우수 상품을 판매하고자 하는 소상공인 - 입점 운영 플랫폼사","내수,경영,광주,2026,광주경제진흥상생일자리재단,광주광역시,소상공인,e-커머스,11번가,지마켓,롯데온,오아시스,플랫폼,광주기획전,전남광주,전남광주통합특별시",온라인,4667
842,울산광역시,울산경제일자리진흥원,수출,[울산] 2026년 해외공공조달 시장진출 지원사업 참가기업 모집 공고,,,2026-05-12,https://www.bizinfo.go.kr/sii/siia/selectSIIA200Detail.do?pblancId=PBLN_000000000121892,선착순 접수,중소기업,"지역 중소기업 해외시장 공공조달 시장 진출에 필요한 인증 취득비용을 지원하는 「해외공공조달 시장진출 지원사업」의 중소기업을 모집하오니 많은 신청 바랍니다. ☞ 울산광역시 소재 중소기업 ※ 본사가 울산이 아닌 경우, 울산 소재지 사업장에서 원천징수이행상황신고서를 필수발급해야 하며, 원천징수이행상황신고서 상 근로소득 지급이 신고되지 않은 경우 요건결격 및 지원제외 ☞ 해외조달시장 진출 유망기업(G-PASS) 인증 취득 비용(총 소요비용의 90%, 기업당 560만원 한도) 지원 - 인증획득에 필요한 컨설팅, 심사비를 포함한 인증비 ※ 2","기술,수출,울산,해외공공조달시장진출,2026,해외공공조달,울산경제일자리진흥원,G-PASS,공공조달시장,해외조달시장,인증비,울산광역시,인증,컨설팅,중소기업",해외진출준비,4895
843,충청남도,대전상공회의소,경영,[충남] 2026년 대전상공회의소-충청남도 제조물 책임(PL)보험료 지원사업 참여기업 모집 공고,,,2026-05-12,https://www.bizinfo.go.kr/sii/siia/selectSIIA200Detail.do?pblancId=PBLN_000000000121889,선착순 접수,중소기업,"충청남도와 대전상공회의소에서는 충청남도 지역기업의 경영활성화 및 경제적 부담 완화, 제품 신뢰도 향상 등을 위한 제조물 책임 보험료 지원사업을 아래와 같이 추진하오니 많은 관심과 참여바랍니다. ☞ 대전상공회의소 관할 충남 8개 시군 소재 중소기업 - 논산시, 금산군, 공주시, 계룡시, 보령시, 서천군, 청양군, 부여군 ☞ 납입공제료의 30%, 기업당 최대 100만원 한도로 지원","기술,경영,충남,2026,대전상공회의소,충청남도,PL,보험료,제조물 책임 보험,논산시,금산군,공주시,계룡시,보령시,서천군,청양군,부여군",디자인/상품화/사업화,5779
844,전남광주통합특별시,전라남도중소기업일자리경제진흥원,금융,[전남] 2026년 중소기업 육성자금 지원계획 2차 변경 공고,,,2026-05-12,https://www.bizinfo.go.kr/sii/siia/selectSIIA200Detail.do?pblancId=PBLN_000000000121888,예산 소진시까지,중소기업,"「전라남도 중소기업 육성기금 조례」제12조의 규정에 따라 2026년도 전라남도 중소기업 육성자금 지원계획을 다음과 같이 변경 공고합니다. ☞ 전라남도 내 중소기업 ※ 자금별 신청자격 상이하므로, 자세한 지원대상 공고문 참조 ☞ 중소기업경영안정자금, 공제사업기금, 창업 및 경쟁력 강화자금, 벤처기업 육성자금, 중소유통업 구조개선금, 건설업 경영안정자금, 사회적경제기업 특별 경영안정자금 지원 ※ 자세한 지원내용 공고문 참조","금융,전남,건설업경영안정자금,중소유통업구조개선금,2026,중소기업경영안정자금,벤처기업육성자금,공제사업기금,전라남도중소기업일자리경제진흥원,특별경영안정자금,창업및경쟁력강화자금,중소기업육성자금,사회적경제기업,전라남도,중소기업,전남광주,전남광주통합특별시",융자,7115
845,기후에너지환경부,한국환경산업기술원,경영,2026년 생활화학제품 안전관리 컨설팅 지원사업 참여기업 모집 공고,2026-05-07,2026-10-30,2026-05-12,https://www.bizinfo.go.kr/sii/siia/selectSIIA200Detail.do?pblancId=PBLN_000000000121868,,중소기업,"「생활화학제품 안전관리 컨설팅 지원사업」을 다음과 같이 공고하오니, 컨설팅 참여를 희망하는 기업은 신청하여 주시기 바랍니다. ☞ 생활화학제품을 제조ㆍ수입하는 중소기업 중 생활화학제품 안전관리 컨설팅을 희망하는 기업 -「소상공인기본법」제2조에 따른 소상공인,「중소기업기본법」제2조에 따른 중소기업 ☞ 행정 컨설팅 및 기술 컨설팅 중 한가지 선택 지원 - (행정 컨설팅) 안전기준 적합 확인 절차, 생활화학제품 신고 방법, 화학제품관리시스템(CHEMP) 사용방법, 표시사항 작성방법, 어린이보호포장 발급 절차 등 - (기술 컨설팅) 생활화학","기술,경영,서울,부산,대구,인천,광주,대전,울산,세종,경기,강원,충북,충남,전북,전남,경북,경남,제주,기후에너지환경부,2026,생활화학제품,한국환경산업기술원,컨설팅,소상공인,중소기업,기술컨설팅,행정컨설팅,안전관리컨설팅,안전관리,생활화학제품안전관리",컨설팅,3885
846,인천광역시,인천상공회의소,경영,[인천] 2026년 지역상품 공공 조달정보 지원사업 인천지역기업 신용평가 지원사업 참여기업 모집 공고,,,2026-05-11,https://www.bizinfo.go.kr/sii/siia/selectSIIA200Detail.do?pblancId=PBLN_000000000121852,예산 소진시까지,중소기업,"인천상공회의소에서는 인천 소재 기업의 공공조달 및 정부사업 참여에 필요한 신용등급 평가 수수료를 지원하여 기업의 자사 신용등급 확인 및 경영상태 진단에 따른 비용 부담을 완화하고자 다음과 같이 인천지역기업 신용평가 지원사업 참여기업을 모집하오니 많은 신청 바랍니다. ☞ 인천광역시에 소재한 중소기업(본사, 공장, 지사 : 사업자등록증 상 주소지 기준) ☞ 공공조달 및 정부사업 참여에 필요한 신용등급 평가 수수료 50%를 지원","경영,인천,2026,인천광역시,인천상공회의소,공공조달,중소기업,신용등급,경영상태,신용평가,인천지역기업",컨설팅,5368
847,경상북도,경북테크노파크,기술,전기차 차체ㆍ섀시 충돌안전 기업지원 연장 공고(xEV 보호차체 충돌안전 기업지원사업),,,2026-05-11,https://www.bizinfo.go.kr/sii/siia/selectSIIA200Detail.do?pblancId=PBLN_000000000121849,세부사업별 상이,중소기업,"자동차부품 관련 기업의 기술경쟁력 강화 및 미래차 산업 대응 역량 확보를 위해「xEV 보호차체 충돌안전 기업지원사업」을 다음과 같이 공고합니다. ☞ xEV 보호차체 분야 부품 제조기업 ※ xEV : 하이브리드(HEV), 전기차(EV), 수소차(PHEV) 등 전력 기반 구동차 ※ 보호차체 : 충돌안전과 관련된 차체/섀시 부품 일체 ☞ 전주기(패키지형 서비스), 시제품 제작, 설계해석, 시험평가, 현장애로기술 지원 - 전주기, 시제품 제작 지원은 기업당 1개만 신청가능","기술,서울,부산,대구,인천,광주,대전,울산,세종,경기,강원,충북,충남,전북,전남,경북,경남,제주,2026,경상북도,경북테크노파크,제조업,xEV,하이브리드,전기차,수소차,xEV보호차체,시제품제작,설계해석,시험평가,현장애로기술,전주기",기술사업화/이전/지도,5273
848,경상북도,경상북도경제진흥원,수출,[경북] 2026년 중소기업 해외세일즈 개별 출장 지원 참가 업체 모집 변경 공고,,,2026-05-11,https://www.bizinfo.go.kr/sii/siia/selectSIIA200Detail.do?pblancId=PBLN_000000000121840,예산 소진시까지,중소기업,"경상북도와 경상북도경제진흥원에서는 지역 중소기업의 해외 판로개척에 도움을 드리고자 「2026년 중소기업 해외세일즈 개별 출장 지원」사업을 추진하오니 관심이 있는 기업들의 많은 신청을 바랍니다. ☞ 경북 소재 제조 또는 수출 중소기업 ※ 아래 3가지 조건 중 1가지 이상 충족 시 지원 ① 경북도내 소재한 공장등록증 보유 중소기업 ② 제조시설면적 500㎡ 미만으로 건물건축물대장 용도가 공장 또는 제조업소로 명시된 경북도내 중소기업 ③ 수출신고필증 내 수출대행자, 수출화주, 제조자 중 1개 이상 경북 소재로 표기 ☞ 해외 바이어와 수출계","수출,경북,2026,개별출장,수출계약,사후관리,해외세일즈,항공료,해외바이어,판로개척,경상북도경제진흥원,경상북도,제조업,해외,중소기업",해외진출,5563
849,강원특별자치도,강원특별자치도경제진흥원,금융,[강원] 2026년 청년창업자금 무이자 대출지원 사업시행 변경 공고,,,2026-05-11,https://www.bizinfo.go.kr/sii/siia/selectSIIA200Detail.do?pblancId=PBLN_000000000121832,예산 소진시까지,창업벤처,"강원특별자치도는 창업을 희망하는 도내 청년에게 창업자금을 지원하여, 청년 창업자에게 자립하고 성장할 수 있는 기회를 제공하고자 「2026년 청년창업자금 무이자 대출 지원사업」 시행을 다음과 같이 변경공고하오니 많은 참여 바랍니다. ☞ 주민등록상 주소지와 사업장 소재지가 모두 강원특별자치도인 만18~45세의 청년(법인 제외) 중 신규창업 또는 업력 7년 미만의 사업자 - 지원업종 : 제조업 및 지식기반 서비스산업 등 ※ 자세한 지원대상 공고문 참조 ☞ 대출한도 업체(개인)당 최대 1억 원 이내 지원 - 대출기간 : 최대 5년 / 2년","금융,창업,강원,무이자대출,2026,강원특별자치도경제진흥원,강원특별자치도,청년창업자금,신규창업,지식기반서비스산업,이자,강원신용보증재단,보증,청년창업,창업자금,창업7년미만,대출,제조업",융자,8911
850,산업통상부,울산테크노파크,경영,[울산] 2026년 울산자유무역지역 역량강화 기업지원사업 참여기업 모집 공고,,,2026-05-11,https://www.bizinfo.go.kr/sii/siia/selectSIIA200Detail.do?pblancId=PBLN_000000000121819,예산 소진시까지,중소기업,"2026년도 산업통상부와 울산테크노파크, 울산지역산업진흥원에서는 “2026년 울산 자유무역지역 역량강화 기업지원사업”의 일환으로 다음과 같이 공고하오니, 해당 프로그램 참여를 희망하는 울산 자유무역지역 입주기업의 많은 신청 바랍니다. ☞ 울산 자유무역지역 입주기업 ※ 자세한 신청자격 공고문 참조 ☞ 닥터FTZ 사전 컨설팅(초기진단 컨설팅, 심화 컨설팅), 사업화, 종합 지원 ※ 자세한 지원내용 공고문 참조","경영,울산,울산자유무역지역입주기업,산업통상부,울산지역산업진흥원,2026,울산자유무역지역,종합패키지,자유무역지역,울산테크노파크,사업화,시제품제작,컨설팅",컨설팅,3355
851,충청북도,기초자치단체,경영,[충북] 충주시 2026년 3차 소규모 사업장 방지시설(사물인터넷 측정기기) 설치 지원사업 공고,,,2026-05-11,https://www.bizinfo.go.kr/sii/siia/selectSIIA200Detail.do?pblancId=PBLN_000000000121811,예산 소진시까지,중소기업,「대기환경보전법」제81조의 규정에 따라 미세먼지 저감 등 대기환경개선을 위하여 추진하는「2026년 소규모 사업장 방지시설 설치 지원사업」을 다음과 같이 공고하오니 지원희망자는 신청하여 주시기 바랍니다. ☞ 공고일 현재 충주시에 소재하는「중소기업기본법」시행령 제3조제1항에 따른 중ㆍ소기업 ☞ 사물인터넷(IoT) 측정기기 설치비용 지원 - 종류 및 용량별 지원금 한도 내에서 시설 설치 소요 비용 60% 지원,"경영,충북,2026,충추시,loT,측정기기,설치비용,사물인터넷,기초자치단체,충청북도,중소기업",시설/입지지원,3263
852,전북특별자치도,전북특별자치도경제통상진흥원,경영,[전북] 2026년 자영업자 사회보험료 지원 모집 공고,,,2026-05-11,https://www.bizinfo.go.kr/sii/siia/selectSIIA200Detail.do?pblancId=PBLN_000000000121804,예산 소진시까지,소상공인,"도내 자영업자의 사회안전망 강화를 위해 「2026년 자영업자 사회보험료 지원」 참여 소상공인을 다음과 같이 모집 공고합니다. ☞ 전북 도내 자영업자 - (고용보험) 자영업자 고용보험에 가입한 도내 자영업자 - (산재보험) 중소기업 사업주 산재보험에 가입한 도내 자영업자 ※ 지원사업 신청 전, 근로복지공단을 통한 사회보험 가입 필수 ※ 본 사업은 근로자 사회보험료가 아닌 사업주 본인의 고용ㆍ산재 보험료를 지원함 ☞ 도내 자영업자가 납부한 사회보험료(고용, 산재) 일부 지원 - (고용보험) 월 보험료의 20% 지원(실제 납부액 기준) ","경영,전북,전북특별자치도,전북특별자치도경제통상진흥원,자영업자,고용보험,산재보험,사회보험료,2026",디자인/상품화/사업화,6211
853,중소벤처기업부,한국중소벤처기업유통원,내수,2026년 조선일보 연계 중소기업 홍보ㆍ판매 지원 상생협력 프로그램 참여기업 모집 공고,,,2026-05-11,https://www.bizinfo.go.kr/sii/siia/selectSIIA200Detail.do?pblancId=PBLN_000000000121799,상시 접수,중소기업,"한국중소벤처기업유통원과 국내 최대 언론사인 조선일보가 제품홍보가 필요한 중소기업을 위해 협업합니다. 많은 신청 바랍니다. ☞ 중소기업, 소상공인(B2C 판매 가능한 유형의 제품을 판매하는 기업에 한함) ☞ 제품 홍보 온라인 보도 및 조선몰 입점 지원","내수,서울,부산,대구,인천,광주,대전,울산,세종,경기,강원,충북,충남,전북,전남,경북,경남,제주,2026,한국중소벤처기업유통원,중소벤처기업부,조선몰,조선일보,제품홍보,온라인,홍보기사,중소기업,소상공인,B2C",온라인,4634
854,고용노동부,한국경영혁신중소기업협회,인력,2026년 미래내일 일경험 사업 인턴형 참여기업 모집 공고,2026-05-08,2026-08-30,2026-05-11,https://www.bizinfo.go.kr/sii/siia/selectSIIA200Detail.do?pblancId=PBLN_000000000121794,,중소기업,"「2026년 미래내일 일경험(인턴형)」에 참여할 역량 있는 기업을 다음과 같이 모집하오니 많은 관심과 신청 바랍니다. ☞ 경영ㆍ사무 / 광고ㆍ마케팅 / IT 분야 고용보험 피보험자수 20인 이상 기업, 공공기관, 지방공기업, 비영리단체, 비영리법인 등 ☞ (기업 지원금) 참여청년 1명당, 총 40만원(5만원 × 8주) ※ 자세한 지원내용 공고문 참조","인력,서울,부산,대구,인천,광주,대전,울산,세종,경기,강원,충북,충남,전북,전남,경북,경남,제주,2026,사무,미래내일,일경험,인턴,한국경영혁신중소기업협회,광고,IT,고용노동부,청년,마케팅",교육/훈련/연수,5572
855,산업통상부,한국생산성본부,경영,2026년 수출 중소ㆍ중견기업 ESG 공급망 컨설팅 지원사업 참여기업 모집 추가 공고,,,2026-05-11,https://www.bizinfo.go.kr/sii/siia/selectSIIA200Detail.do?pblancId=PBLN_000000000121791,선착순 접수,중소기업,"본 기업은 산업통상부와 한국생산성본부의 지원으로「2026년 수출 중소ㆍ중견기업을 위한 ESG 공급망 지원사업」을 추진하며 ESG 경영 진단과 컨설팅을 제공합니다. EU-CSDDD, EcoVadis, 등 글로벌 지표를 활용하여 500개사에 대해 ESG 공급망 리스크를 진단, 개선하는 컨설팅을 지원합니다. 이에 참여 기업들을 모집하오니 희망하는 기업들의 많은 신청을 바랍니다. ☞ 원청사로부터 ESG경영을 요구받는 중소ㆍ중견기업, ESG 규제 대응이 필요한 해외 수출 중소ㆍ중견기업, ESG 경영에 관심있는 국내 모든 대ㆍ중ㆍ소 기업 ☞ ","경영,서울,부산,대구,인천,광주,대전,울산,세종,경기,강원,충북,충남,전북,전남,경북,경남,제주,글로벌 지표,ESG 모범사례,경영 진단,산업통상부,2026,한국준법진흥원,한국생산성본부,ESG,컨설팅",컨설팅,6265
856,고용노동부,협동조합 소셜랩,경영,[경기] 2026년 사회적가치지표(SVI) 측정교육ㆍ컨설팅 참여기업 모집 공고,2026-04-30,2026-09-30,2026-05-08,https://www.bizinfo.go.kr/sii/siia/selectSIIA200Detail.do?pblancId=PBLN_000000000121787,,사회적기업,"고용노동부에서는 사회적기업이 창출하는 사회적성과를 객관적으로 측정하기 위하여 사회적가치지표(SVI)를 활용, 매년 SVI를 측정하고 그 결과를 정부지원 차등화 등 정책에 활용하고 있습니다. 이에 경기도는 도내 기업이 SVI 좋은 평가를 받을 수 있도록「사회적가치지표(SVI) 측정 컨설팅」사업을 추진하고 있으며, 다음과 같이 참여기업을 모집합니다. ☞ (교육) 사회적가치지표(SVI) 측정을 희망하는 도내 사회적경제조직 구성원 - (컨설팅) 경기도 소재 (예비)사회적기업(250개사) ☞ 사회적가치지표(SVI) 측정교육, 맞춤컨설팅, 모","경영,경기,2026,경기도,고용노동부,협동조합 소셜랩, 컨설팅,사회적기업,사회적성과,사회적가치지표(SVI),사회적경제조직",컨설팅,8801
857,전남광주통합특별시,광주경영자총협회,인력,[광주] 2026년 소규모 밀착 안전망 구축사업 참여기업 모집 공고(지역 중대재해 예방 사각지대 해소사업),,,2026-05-08,https://www.bizinfo.go.kr/sii/siia/selectSIIA200Detail.do?pblancId=PBLN_000000000121785,예산 소진시까지,중소기업,"지역 소규모 사업장과 산업안전 정책의 사각지대에 놓인 노동자 등 산업재해 취약 현장을 보호하기 위해 추진하는 「2026년 광주광역시 소규모 밀착 안전망 구축사업」 참여사업장 모집을 다음과 같이 공고하오니, 많은 참여 바랍니다. ☞ 광주광역시 소재 소규모 제조ㆍ건설 현장 - (제조업) 상시근로자 5인 이상 ~ 20인 미만 고위험 공정 보유 기업 - (건설업) 공사금액 1억 원 미만의 초소규모 건설현장 ☞ (제조업) 5~19인 제조 안전 길잡이 구축 지원 - (건설업) 1억 미만 건설 안전 기동대 운영 지원 ※ 자세한 지원내용 공고문 ","인력,광주,2026,광주경영자총협회,광주광역시,소규모사업장,산업안전,사각지대,노동자,안정망구축,제조업ㄱ,건설업,기동대운영,현장방호,통제물품,안전보호구,기술지도,전남광주,전남광주통합특별시",작업환경개선,7488
858,경기도,경기테크노파크,인력,[경기] 2026년 로봇직업교육센터 취업 연계 지원사업 참여기업 모집 공고,,,2026-05-08,https://www.bizinfo.go.kr/sii/siia/selectSIIA200Detail.do?pblancId=PBLN_000000000121784,예산 소진시까지,중소기업,"경기도와 경기테크노파크는 경기도내 기업의 채용 리스크와 비용을 완화하고 로봇 실무인력 확보를 지원하기 위한 「로봇직업교육센터 경기도 취업 연계 지원사업」 참여기업을 다음과 같이 모집하오니 참여를 희망하는 기업의 많은 관심과 신청 바랍니다. ☞ 경기도 내 중소ㆍ중견기업(본사 또는 공장등록 기업) - 「중소기업기본법」에 따른 중소기업 및 「중견기업 성장촉진 및 경쟁력 강화에 관한 특별법」에 따른 중견기업 - 로봇공정 도입(예정), 운영 중인 제조기업 또는 로봇 유관 기업(SI기업 등) ☞ 수료생 채용 기업 인건비, 취업박람회 기업소개 ","인력,경기,경기테크노파크,경기도,중소기업,중견,중견기업,로봇공정,로봇직업교육센터,로봇실무인력확보,제조기업,로봇유관기업,SI기업,2026",국내전문인력,8336
859,중소벤처기업부,부산테크노파크,경영,[부산] 2026년 산업기술단지 거점기능강화사업 현장애로지원 기술닥터제 수요기업 모집 공고,2026-05-06,2026-12-31,2026-05-08,https://www.bizinfo.go.kr/sii/siia/selectSIIA200Detail.do?pblancId=PBLN_000000000121782,,중소기업,"2026년도 중소벤처기업부와 부산광역시가 지원하는 산업기술단지 거점기능강화사업의 ｢현장애로지원 기술닥터제｣ 프로그램의 수요기업 모집을 다음과 같이 공고하오니, 지역기업의 많은 참여 바랍니다. ☞ 기술ㆍ경영상의 애로를 겪고 있는 부산시 소재 중소기업 ☞ 기술ㆍ경영상의 애로 해결을 위한 현장중심 1:1 맞춤형 컨설팅 지원","경영,부산,2026,부산테크노파크,부산광역시,컨설팅,중소기업,애로,현장애로지원 ,기술닥터,산업기술단지,중소벤처기업부",컨설팅,7311
860,울산광역시,울산경제일자리진흥원,금융,[울산] 2026년 소상공인 산재보험료 지원사업 공고,2026-05-06,2026-12-10,2026-05-08,https://www.bizinfo.go.kr/sii/siia/selectSIIA200Detail.do?pblancId=PBLN_000000000121777,,소상공인,"울산광역시 소상공인 산재보험료 일부 지원을 통한 산재보험 가입 촉진으로 자영업자의 사회안전망 확충하기 위한「2026년​ 소상공인 산재보험료 지원사업」을 다음과 같이 공고합니다. ☞ 중소기업 사업주 산재보험 가입 후 보험료를 납입한「소상공인기본법」 제2조에 따른 소상공인 사업주 ☞ 산재보험료 납부액의 30~50% 환급 지원 (1~4등급 50%, 5~8등급 40%, 9~12등급 30%)","금융,경영,울산,2026,울산광역시,울산경제일자리진흥원,소상공인,산재보험료,사업주,보험료",보험(수출+무역),8435
861,지식재산처,한국지식재산보호원,기술,2026년 3차 특허분쟁 대응전략 지원사업 공고,,,2026-05-08,https://www.bizinfo.go.kr/sii/siia/selectSIIA200Detail.do?pblancId=PBLN_000000000121771,모집방식별 상이,중소기업,"우리 중소ㆍ중견기업 등의 특허ㆍ실용신안권ㆍ영업비밀을 보호하고 수출 경쟁력 강화를 위한 「특허분쟁 대응전략 지원사업」을 아래와 같이 공고합니다. ☞ (개별대응) 해외기업과 특허 또는 영업비밀 분쟁(위험)이 있는 국내 중소ㆍ중견 기업 / (공동대응) 공통된 분쟁 이슈를 갖는 국내기업 3개社 이상으로 구성된 기업 협의체(단, 중소ㆍ중견 기업이 과반수일 것) ※ 자세한 지원대상 공고문 참조 ☞ 유형별 (분쟁방어, 권리행사, 영업비밀 분쟁대응) 지원 ※ 자세한 지원내용 공고문 참조","기술,서울,부산,대구,인천,광주,대전,울산,세종,경기,강원,충북,충남,전북,전남,경북,경남,제주,2026,한국지식재산보호원,지식재산처,중소기업,중견기업,분쟁방어,권리행사,영업비밀,분쟁대응,특허,실용신안권",시험/인증,4720
862,제주특별자치도,제주콘텐츠진흥원,경영,[제주] 2026년 제주다양성영화 후반단계 작품 인프라 활용 지원사업 공고,2026-05-06,2026-11-13,2026-05-08,https://www.bizinfo.go.kr/sii/siia/selectSIIA200Detail.do?pblancId=PBLN_000000000121769,,중소기업,"제주특별자치도와 (재)제주콘텐츠진흥원에서는 제주다양성영화 후반단계 작품의 완성도 점검 및 영화제 출품 준비를 지원하기 위해「2026 제주다양성영화 후반 단계 작품 인프라 활용 지원사업」을 다음과 같이 공고하오니 많은 참여 바랍니다. ☞ 후반단계(편집본 보유)로 영화제 출품 또는 유통을 목표로 하는 순제작비 10억 원 미만의 실사영화 및 다큐멘터리 작품 - 당해연도 이전부터 주 사업장이 제주특별자치도에 위치한 콘텐츠 제작 사업자 또는 주민등록상 거주지가 제주특별자치도인 개인 창작자 중, 실사영화 다큐멘터리 등 영상 제작 경험이 있는 ","경영,제주,실사영화,2026,제주다양성영화,제주콘텐츠진흥원,콘텐츠 제작,다큐멘터리,제주특별자치도,콘텐츠",디자인/상품화/사업화,3844
863,중소벤처기업부,한국경영혁신중소기업협회,인력,2026년 중소기업 특성화고 인력양성사업 참여기업 모집 공고,,,2026-05-08,https://www.bizinfo.go.kr/sii/siia/selectSIIA200Detail.do?pblancId=PBLN_000000000121765,상시 접수,중소기업,"협회는 중소기업의 인력난 해소와 기업의 인력지원을 위해 2026년 중소기업 특성화고 인력양성사업 참여기업을 모집하오니 아래 절차대로 많은 참여 부탁드립니다. ☞ 특성화고 고등학생 졸업자를 채용 연계하고 싶은 기업 - 제조업ㆍ경영사무ㆍ디자인ㆍIT, SWㆍSNS컨텐츠 등 유능한 졸업(예정)자를 추천받고 싶은 기업 ☞ 채용조건에 맞는 학교ㆍ학생 후보 우선 추천 및 매칭 지원 - 지역ㆍ직무ㆍ학과 기반의 맞춤형 협약 지원","인력,서울,부산,대구,인천,광주,대전,울산,세종,경기,강원,충북,충남,전북,전남,경북,경남,제주,SNS컨텐츠,2026,경영사무,인력난해소,특성화고,협약,매칭,한국경영혁신중소기업협회,인력양성,SW,IT,디자인,중소벤처기업부,제조업",국내일반인력,5909
864,중소벤처기업부,한국경영혁신중소기업협회,경영,[비수도권] 2026년 메인비즈 현장방문 맞춤 코칭 공고,,,2026-05-08,https://www.bizinfo.go.kr/sii/siia/selectSIIA200Detail.do?pblancId=PBLN_000000000121762,예산 소진시까지,중소기업,"메인비즈 평가 준비와 비수도권 기업의 자발적 혁신 활동을 통한 성장을 위해 무료 코칭을 지원합니다. 많은 신청 바랍니다. ☞ 메인비즈 취득을 원하는 예비 메인비즈 기업 - 탈락 또는 선정취소 후 재도전 기업 - 메인비즈 유효기간 만료로 연장 신청 준비 중인 기업 ☞ 기업의 경영 애로, 재무상태 등 혁신 수준을 진단하고 개선방향 제시 지원 - 메인비즈 평가지표를 기반으로 현장평가를 전략적으로 대비, 노하우 전수 - 메인비즈 취득부터 자발적 혁신활동이 지속적으로 이루어지도록 밀착 관리 지원","경영,부산,대구,광주,대전,울산,세종,강원,충북,충남,전북,전남,경북,경남,제주,밀착관리,개선방향,2026,대비,비수도권,노하우,메인비즈협회,경영애로,코칭,한국경영혁신중소기업협회,중소벤처기업부",컨설팅,4696
865,세종특별자치시,세종일자리경제진흥원,수출,[세종] 2026년 EMS 해외물류비 지원사업 모집 공고,,,2026-05-08,https://www.bizinfo.go.kr/sii/siia/selectSIIA200Detail.do?pblancId=PBLN_000000000121756,예산 소진시까지,중소기업,"세종시 중소기업을 대상으로 수출 물류비 부담 경감 및 수출경쟁력 강화를 위해 「EMS(국제특급우편) 해외물류비 지원사업」을 다음과 같이 시행하오니, 관심있는 기업의 많은 참여 바랍니다. ☞ 세종시 내 본사 또는 사업장이 소재한 중소기업 ☞ 세종우체국을 통한 EMS 이용 물류 발송 비용의 70%(기업당 연간 100만원 한도 내) 지원 - 기본요금 12% 할인ㆍ조건별 특별 감액 적용 후 최종 이용요금의 70% 지원","수출,세종,2026,세종일자리경제진흥원,세종특별자치시,중소기업,세종시,물류비,국제특급우편,EMS,해외물류비,비용,감액적용",해외진출준비,3949
866,전북특별자치도,전북테크노파크,기술,[전북] 인공지능 분야 기술지도 희망기업 모집 상시 공고(AI융합 지능형 농업 생태계 구축 사업),,,2026-05-08,https://www.bizinfo.go.kr/sii/siia/selectSIIA200Detail.do?pblancId=PBLN_000000000121749,상시 접수,중소기업,"전북테크노파크에서는 「AI융합 지능형 농업 생태계 구축」의 일환으로 전북 소재 기업의 인공지능 분야 기술애로 해소를 위해 기술지도 희망기업을 모집하고자 하오니 많은 신청 바랍니다. ☞ 신청일 기준 전북지역에 소재 인공지능 기술을 적용하고 있거나 활용하고 있는 산업체 ☞ 인공지능 분야 기술지도 지원 - 인공지능 개발 기술 성과물의 현장적용, 기술 실행과정 등 모든 과정에서 애로사항을 가지고 있는 전북기업 대상으로 실효성 있는 전문가 매칭 지원 - 데이터분석ㆍ응용ㆍ활용 및 AI제품ㆍ서비스 개발에 필요한 컨설팅 제공과 AI솔루션, AI데","기술,전북,2026,전북특별자치도,전북테크노파크,인공지능,AI융합,기술애로,기술지도,인공지능분야,인공지능기술",기술사업화/이전/지도,5235
867,경상남도,직접수행,경영,2026년 경남 관광객 유치 인센티브 지원계획 변경 공고,,,2026-05-08,https://www.bizinfo.go.kr/sii/siia/selectSIIA200Detail.do?pblancId=PBLN_000000000121736,예산 소진시까지,중소기업,"「경상남도 관광진흥에 관한 조례」 제4조 또는 제6조에 따라 국내ㆍ외 관광객 유치 증대를 위한 「2026년 관광객 유치 인센티브 지원 변경 계획」을 다음과 같이 공고합니다. ☞ 관광진흥법 제3조 및 같은 법 시행령 제2조제1항에 의한 여행업체 ☞ 숙박비, 차량임차비, 크루즈 유치비, 전세기 유치비, OTA 상품 지원비 지원","경영,서울,부산,대구,인천,광주,대전,울산,세종,경기,강원,충북,충남,전북,전남,경북,경남,제주,2026,경상남도,직접수행,숙박비,차량임차비,전세기,크루즈,유치비,OTA,지원비,여행,인센티브,관광객,유치",디자인/상품화/사업화,3545
868,과학기술정보통신부,강원테크노파크,경영,2026년 디지털트윈 플랫폼 활용 수요기업 모집 수정 공고(디지털트윈 융합 의료혁신 선도사업),,,2026-05-07,https://www.bizinfo.go.kr/sii/siia/selectSIIA200Detail.do?pblancId=PBLN_000000000121718,상시 접수,중소기업,"강원테크노파크에서는 디지털트윈 플랫폼을 활용하여 디지털트윈 기반 의료기기 및 디지털 헬스케어 산업의 고도화를 위한 전문 컨설팅을 제공하고자, 다음과 같이 수요기업을 모집합니다. 디지털 기술을 접목한 신제품 개발 또는 기존 제품의 디지털 전환을 희망하는 기업의 많은 참여를 바랍니다. ☞ 의료기기 및 디지털헬스케어 분야 제조 및 서비스 관련 기업 중 디지털트윈 플랫폼을 활용하여 해당질환분야 제품(서비스) 고도화 및 개발 희망 기업 ☞ 기술ㆍ사업화 컨설팅(3회, 1:1 기업ㆍ전문가 매칭) 지원 ※ 자세한 지원내용 공고문 참조","경영,서울,부산,대구,인천,광주,대전,울산,세종,경기,강원,충북,충남,전북,전남,경북,경남,제주,2026,원주시,디지털헬스케어,고도화,서비스,개발,네트워크,강원테크노파크,과학기술정보통신부,디지털트윈,제조,컨설팅,의료기기,교육",컨설팅,5428
869,강원특별자치도,한국무역보험공사,금융,[강원] 2026년 수출단체보험 가입 희망기업 모집 공고(강원특별자치도청 전액 보험료지원),,,2026-05-07,https://www.bizinfo.go.kr/sii/siia/selectSIIA200Detail.do?pblancId=PBLN_000000000121702,예산 소진시까지,중소기업,한국무역보험공사에서 「2026년 수출단체보험 가입 희망기업 모집」사업을 추진하오니 관심 기업들이 많은 참여 바랍니다. ☞ 본사 또는 공장이 강원특별자치도 내에 소재한 중소중견 수출기업(연간 수출실적 미화 3천만불 초과 시 가입불가) ☞ 보험가입신청기업 당 최대 미화 5만불 이내(손실발생액의 95%) 지원 ※ 자세한 지원내용 공고문 참조,"금융,강원,2026,강원특별자치도,한국무역보험공사,중소기업,중견기업,수출기업,손실발생액,수출보험,수출단체보험,보험가입",보험(수출+무역),3705
870,경상북도,경상북도경제진흥원,인력,[경북] 2026년 중대재해 예방 사각지대 해소 지원사업 참여기업 모집 공고,,,2026-05-07,https://www.bizinfo.go.kr/sii/siia/selectSIIA200Detail.do?pblancId=PBLN_000000000121697,예산 소진시까지,중소기업,경상북도와 경상북도경제진흥원은 도내기업을 대상으로 산업현장의 중대재해 예방 및 안전관리체계 구축을 지원하기 위한 「경상북도 중대재해 예방 사각지대 해소 지원사업」 참여기업을 다음과 같이 모집 하오니 많은 신청 바랍니다. ☞ 경상북도 내 소재 5인 이상 50인 미만 영세사업장(제조업) ☞ 안전보건관리체계 구축 컨설팅 및 위험성평가 - 산업현장 맞춤형 안전환경 개선 지원 - 근로자 대상 안전교육 및 중대재해 예방 교육 - 맞춤형 안전관리 지원,"인력,경북,안전장치설치,설비보완,2026,의사소통,안전환경,예방교육,안전진단,메뉴얼,현장방문,안전교육,위험성평가,경상북도경제진흥원,컨설팅,경상북도,제조업",작업환경개선,3634
871,산업통상부,대한무역투자진흥공사,수출,2026년 중동피해 긴급지원 지사화사업 참여기업 모집 수정 공고,,,2026-05-07,https://www.bizinfo.go.kr/sii/siia/selectSIIA200Detail.do?pblancId=PBLN_000000000121688,세부사업별 상이,중소기업,"중동 수출 국내 중소ㆍ중견기업의 현지 비즈니스 애로를 해소하고 대체시장 발굴을 지원하기 위하여 공공기관의 해외 네트워크를 현지 비즈니스 거점으로 활용하는 해외지사화사업 참여기업 모집계획을 다음과 같이 공고합니다. ☞ 국내 사업자등록번호를 보유하고 있는 「중소기업 기본법」제2조 및 「중견기업 성장촉진 및 경쟁력 강화에 관한 특별법」제2조에 따른 중소ㆍ중견기업 중 ‘23년 1월 ~ ’26년 3월 대 중동 수출실적 보유기업 ☞ 마케팅 및 수출 지원 - 수출성약 지원, 전시ㆍ상담회 참가 지원, 물류통관 자문, 출장지원, 기존 거래선관리, ","수출,서울,부산,대구,인천,광주,대전,울산,세종,경기,강원,충북,충남,전북,전남,경북,경남,제주,출장지원,산업통상부,2026,IP등록,인허가취득,물류통관,유통망입점,브랜드,애로해소,대한무역투자진흥공사,해외지사화,상담회,홍보,전시회,중견기업,마케팅,중소기업,지사화",해외진출,3526
872,전남광주통합특별시,광주경제진흥상생일자리재단,내수,[광주] 2026년 첫걸음입점 광주소상공인 지원사업 참여 소상공인 모집 공고,,,2026-05-07,https://www.bizinfo.go.kr/sii/siia/selectSIIA200Detail.do?pblancId=PBLN_000000000121681,모집 완료시,소상공인,"광주광역시 소상공인의 온라인시장 판로확대 및 매출신장을 위한 지원사업에 참여를 희망하는 소상공인을 아래와 같이 모집합니다. ☞ 온라인 판매가 가능한 일반 소비자용 상품을 보유한 광주광역시 소재 소상공인 - 중소기업확인서 제출로 소상공인임을 증빙한 사업자 - 사업자등록증 상 광주광역시 소재 사업장 보유 소상공인 - 지원제외 대상 : 별첨1에 해당하는 업종, 가맹본부 및 가맹점사업자 ☞ 전문수행사 통한 사업장별 맞춤형 지원 (입점지원 또는 광고지원 중 택 1) - 입점지원 : 플랫폼입점 컨설팅, 1개 상품 상세페이지 제작지원 - 광고지","내수,광주,2026,광주경제진흥상생일자리재단,광주광역시,입점지원,광고지원,소상공인,온라인 판매,온라인시장,컨설팅,상세페이지 제작,11번가,지마켓,오아시스,롯데온,네이버스마트스토어,전남광주,전남광주통합특별시",온라인,5551
873,경상북도,경상북도경제진흥원,경영,[경북] 예천군 2026년 소상공인 카드수수료 지원사업 참여점포 모집 공고,,,2026-05-07,https://www.bizinfo.go.kr/sii/siia/selectSIIA200Detail.do?pblancId=PBLN_000000000121678,예산 소진시까지,소상공인,경상북도경제진흥원에서는 국내외 경기침체로 어려움을 겪고 있는 소상공인들을 위한 ‘소상공인 카드수수료 지원사업’ 참여점포를 다음과 같이 모집하오니 많은 신청 부탁드립니다. ☞ 전년도(‘25년) 연매출액 1억원 이하인 사업자등록증 상의 소재지가 예천군인 소상공인 ※ 매출액은 부가가치세과세표준증명원 혹은 면세사업자수입금액증명원을 기준으로 함 ☞ 전년도 카드매출액의 0.4% 지원(업체당 최저 5만원 최대 40만원 이내) ※ 지원금 산정방법 : ’25년 카드 매출액 / 1.1 * 0.4%,"경영,경북,2026,행복카드,카드,카드수수료,예천군,경상북도경제진흥원,경상북도,소상공인",디자인/상품화/사업화,3591
874,충청남도,대전상공회의소,경영,[충남] 2026년 대전상공회의소 ESG 경영 컨설팅 지원사업 참여기업 모집 공고,,,2026-05-07,https://www.bizinfo.go.kr/sii/siia/selectSIIA200Detail.do?pblancId=PBLN_000000000121677,예산 소진시까지,중소기업,"충청남도와 대전상공회의소에서는 관내 회원기업의 ESG경영 활성화 및 역량강화를 위한「2026년 대전상공회의소 ESG 경영 컨설팅 지원사업」을 아래와 같이 추진합니다. 국내외 ESG 경영 트렌드 확산 및 대기업 협력사에 대한 ESG 관리 요구 증대 등 선제적 대응을 통해 중소기업의 지속 가능경영 환경을 지원하고자, 충청남도 소재 중소기업을 대상으로 ESG 컨설팅 지원 사업을 운영하오니 많은 관심과 참여 바랍니다. ☞ 대전상공회의소 관할 충남 8개 시군 소재 중소기업 - 논산시, 금산군, 공주시, 계룡시, 보령시, 부여군, 서천군, 청","경영,충남,2026,대전상공회의소,충청남도,ESG,컨설팅,경영진단,논산시,금산군,공주시,계룡시,보령시,부여군,서천군,청양군,중소기업",컨설팅,4093
875,충청남도,대전상공회의소,내수,[충남] 2026년 대전상공회의소 마케팅(홍보)지원 사업 참여 기업 모집 공고,,,2026-05-07,https://www.bizinfo.go.kr/sii/siia/selectSIIA200Detail.do?pblancId=PBLN_000000000121676,예산 소진시까지,중소기업,"충청남도와 대전상공회의소에서는 충청남도 지역기업의 적극적인 마케팅 활동 지원을 위한「2026년 대전상공회의소 마케팅(홍보) 지원사업」을 아래와 같이 추진하오니 많은 관심과 참여 바랍니다. ☞ 대전상공회의소 관할 충남 8개 시군 소재 중소기업 - 논산시, 금산군, 공주시, 계룡시, 보령시, 서천군, 청양군, 부여군 ☞ 홍보인쇄물 제작(리뉴얼), CI 제작 등 기업 홍보활동 지원","내수,충남,로고제작,2026,계룡시,논산시,금산군,팜플렛,공주시,청양군,기업홍보,서천군,보령시,부여군,대전상공회의소,홈페이지,충청남도,마케팅",홍보지원,4307
876,충청남도,충남북부상공회의소,경영,[충남] 2026년 소상공인 IP출원(상표) 지원 사업 모집 공고,,,2026-05-07,https://www.bizinfo.go.kr/sii/siia/selectSIIA200Detail.do?pblancId=PBLN_000000000121671,예산 소진시까지,소상공인,"소상공인의 지식재산 피해를 예방하고 안정적 성장을 위하여, 소상공인의 상호ㆍ브랜드 권리화를 지원하는 IP출원(상표) 지원 사업을 진행하오니 희망하는 소상공인은 아래에 따라 신청하여 주시기를 바랍니다. ☞ 「소상공인기본법」제2조에 따른 소상공인(사업자등록증 보유) ☞ 상표출원(건당 약 53만원) 지원","경영,충남,2026,전문컨설턴트,충남지식재산센터,예방,상호,상표출원,브랜드,충남북부상공회의소,권리화,IP출원,충청남도,지식재산,소상공인",디자인/상품화/사업화,4318
877,지식재산처,한국발명진흥회,경영,2026년 IP투자연계 지식재산평가 지원사업 공고,,,2026-05-06,https://www.bizinfo.go.kr/sii/siia/selectSIIA200Detail.do?pblancId=PBLN_000000000121664,예산 소진시까지,중소기업,"우수 지식재산(IP)을 보유한 중소ㆍ초기 중견기업에 대한 투자심의 시, 투자기관이 공인된 평가기관의 지식재산 평가 보고서를 활용할 수 있도록 평가비용을 지원하는 「2026년 IP투자연계 지식재산 평가 지원사업」을 다음과 같이 공고합니다. ☞ 신청일 현재 공개된 출원 또는 등록된 특허권, 등록된 상표권을 보유하고 투자를 유치하려는 중소ㆍ중견기업 - 출원 또는 등록된 특허권, 등록된 상표권을 보유한 중소ㆍ초기 중견기업을 대상으로 투자를 검토하는 투자기관 ☞ 발명진흥법 제28조에 따라 지정된 발명 등의 평가기관이 「투자용 IP가치평가 실","경영,서울,부산,대구,인천,광주,대전,울산,세종,경기,강원,충북,충남,전북,전남,경북,경남,제주,2026,지식재산처,한국발명진흥회,중소기업,중견기업,특허권,상표권,IP가치평가,평가비용,출원,투자연계,지식재산,IP",디자인/상품화/사업화,6383
878,경상북도,경상북도경제진흥원,경영,[경북] 안동시 2026년 소상공인 카드수수료 지원사업 참여점포 모집 공고,,,2026-05-06,https://www.bizinfo.go.kr/sii/siia/selectSIIA200Detail.do?pblancId=PBLN_000000000121646,예산 소진시까지,소상공인,경상북도경제진흥원에서는 국내외 경기침체로 어려움을 겪고 있는 소상공인들을 위한 ‘소상공인 카드수수료 지원사업’ 참여점포를 다음과 같이 모집하오니 많은 신청 부탁드립니다. ☞ 전년도(‘25년) 연매출액 4억원 이하인 소상공인 ☞ 전년도 카드매출액의 0.4~1.0%(업체당 최저 10만원 최대 100만원 한도) 지원 ※ 지원금 산정방법 : ’25년 카드 매출액 / 1.1 * (0.4% or 1.0%),"경영,경북,2026,행복카드,카드수수료,안동시,경상북도경제진흥원,경상북도,소상공인",디자인/상품화/사업화,4594
879,부산광역시,부산경제진흥원,내수,[부산] 2026년 지역 기업 온라인 입점지원 참가기업 모집 공고,,,2026-05-06,https://www.bizinfo.go.kr/sii/siia/selectSIIA200Detail.do?pblancId=PBLN_000000000121635,모집 완료시,중소기업,부산광역시와 부산경제진흥원에서는 「2026 부산 지역 기업 온라인 입점 지원」을 통해 지역 중소기업 및 소상공인의 성공적인 온라인 진출 및 비대면 판로개척을 지원하고자 합니다. 이에 참가를 희망하는 기업들을 모집하고자 하니 많은 참여와 관심 바랍니다. ☞ 부산 지역 소재 중소상공인기업 - 제품 상세페이지를 보유(업로드 가능)한 기업 - 중소기업 확인서 또는 소상공인 확인서 발급이 가능한 기업 - 통신판매업신고증이 발급 가능한 기업 ☞ 참여기업 온라인 기획전 및 판매제품 프로모션 지원,"내수,부산,판매제품,입점기회,2026,쿠폰,온라인기획전,부산경제진흥원,프로모션,홍보,부산광역시,소상공인,중소기업",온라인,4604
880,경기도,용인시산업진흥원,창업,[경기] 용인시 2026년 창업 멘토링(1:1) 희망기업 모집 공고,,,2026-05-06,https://www.bizinfo.go.kr/sii/siia/selectSIIA200Detail.do?pblancId=PBLN_000000000121634,수시모집,창업벤처,"용인시산업진흥원에서는 관내 예비창업자 및 창업기업의 경쟁력 제고 및 애로사항 해결을 위한 멘토링 희망 기업을 다음과 같이 모집하오니 많은 관심과 참여 바랍니다 ☞ 용인시 관내 예비창업자 및 창업 7년 미만 기업 ☞ 경영전략, 세무·회계, 기술개발, 비즈니스모델 개선, 인증ㆍ특허 등 사업운영 전반에 걸친 1:1 전문가 멘토링","창업,경영,경기,2026,예비차업자,창업기업,경기도,전문가,멘토링,용인시산업진흥원,용인시,창업 7년 미만",창업정보제공,4802
881,전남광주통합특별시,전남테크노파크,경영,[전남] 2026년 기술닥터제 지원사업 참여기업 모집 공고,,,2026-05-06,https://www.bizinfo.go.kr/sii/siia/selectSIIA200Detail.do?pblancId=PBLN_000000000121631,상시 접수,중소기업,"(재)전남테크노파크에서는 전남지역 기업이 당면한 애로기술, 사업화 지원, 역량강화 등의 애로사항 해결을 위하여 지역사업 전문가 매칭(전국단위 기술닥터 Pool)을 활용한 기술닥터 컨설팅을 지원하오니, 관심 있는 기업의 많은 참여 바랍니다. ☞ 전남 소재 중소 기업 ☞ 기술닥처 컨설팅 지원(1일 최대 3시간, 최대 2일간 총 6시간의 컨설팅 진행) ※ 자세한 지원내용 공고문 참조","경영,전남,2026,기술닥터제,애로기술,기술닥터,사업화,전라남도,전남테크노파크,전문가,컨설팅,중소기업,전남광주,전남광주통합특별시",컨설팅,4461
882,조달청,직접수행,기술,2026년 조달청 우수제품 지정계획 변경 공고,,,2026-05-06,https://www.bizinfo.go.kr/sii/siia/selectSIIA200Detail.do?pblancId=PBLN_000000000121617,차수별 상이,중소기업,2026년도 조달청 우수제품 지정 계획을 아래와 같이 공고합니다. ☞ 「조달사업에 관한 법률 제26조」(우수조달물품등의 지정) 제1항 제1호에서 정한 기업이 생산하는 물품 및 소프트웨어로서「우수조달물품 지정관리 규정」 제4조에 해당하는 제품 ☞ 조달청 우수제품 지정 지원 ※ 자세한 지원내용 공고문 참조,"기술,서울,부산,대구,인천,광주,대전,울산,세종,경기,강원,충북,충남,전북,전남,경북,경남,제주,지정관리,지정계획,우수조달물품,물품,우수제품,제품,조달청,소프트웨어,직접수행,2026",시험/인증,5595
883,중소벤처기업부,광주테크노파크,기술,[광주] 2026년 스마트공장 지원계획 공고,,,2026-05-06,https://www.bizinfo.go.kr/sii/siia/selectSIIA200Detail.do?pblancId=PBLN_000000000121614,예산 소진시까지,중소기업,"제조 현장의 경쟁력 제고를 위하여 중소벤처기업부 등에서 추진하고 있는 2026년도 스마트 제조혁신 지원사업과 관련하여 광주광역시 지역 내 중소ㆍ중견기업 대상 지원계획을 다음과 같이 공고합니다. ☞ 광주광역시 소재 중소ㆍ중견 기업중 지원유형 선정기업 ☞ 대중소 상생형(삼성형), 고도화(정부형, 지역특화프로젝트 레전드50+, 제조AI특화(AI공장구축)), 광주형(AI 학습용 데이터 취득, 컨설팅) 등 지원 ※ 자세한 지원내용 공고문 참조","기술,광주,데이터취득,디바이스AI,2026,현장견학,벤치마킹,정보제공,AI기술,간담회,자동화장비,현장애로,역량강화,사업설명회,광주테크노파크,컨설팅,중소벤처기업부,중견기업,중소기업,전남광주,전남광주통합특별시",기술사업화/이전/지도,5760
884,기후에너지환경부,한국환경공단,경영,2026년 2차 EU CBAM 대응 기업지원 컨설팅 공고,,,2026-05-06,https://www.bizinfo.go.kr/sii/siia/selectSIIA200Detail.do?pblancId=PBLN_000000000121611,모집 완료시,중소기업,"수출기업의 유럽 탄소국경조정제(EU CBAM) 대응지원을 위한 「2026년 EU CBAM 대응 기업지원 컨설팅」을 다음과 같이 공고하오니 지원을 희망하는 기업은 신청하여 주시기 바랍니다. ☞ 중소기업, 중견기업 - (지원품목) 철강, 알루미늄, 시멘트, 비료, 수소 등 아래 CN코드(또는 HS code) 품목과 관련된 제품을 생산하는 공정을 보유한 기업 ☞ (현장교육) 기업 담당자 역량강화를 위한 EU CBAM 대응 교육 - (검증대응) EU CBAM 검증 대응을 위한 관리체계 지원 - (배출량 산정ㆍ보고) CBAM 대상 제품 배출","수출,경영,서울,부산,대구,인천,광주,대전,울산,세종,경기,강원,충북,충남,전북,전남,경북,경남,제주,CN코드,기후에너지환경부,2026,대응지원,배출량산정,현장교육,CBAM,제도대응,EU,알루미늄,철강,수소,수출기업,기술지원,한국환경공단,컨설팅,중견기업,교육,중소기업",컨설팅,4354
885,충청남도,충남경제진흥원,내수,[충남] 2026년 공산품 온라인 판로지원 사업 참가기업 모집 공고,,,2026-05-04,https://www.bizinfo.go.kr/sii/siia/selectSIIA200Detail.do?pblancId=PBLN_000000000121593,상시 접수,중소기업,"충청남도와 충남경제진흥원에서는 도내 중소기업, 소기업 및 소상공인의 「충남형 공산품 온라인 판로지원」사업에 참여할 업체 모집을 공고하오니 많은 참여바랍니다. ☞ 충청남도 관내에 본사나 공장이 등록되어 있고 중소기업기본법 제2조 규정에 의한 중소제조기업 ※ 단순 유통, 도소매 업체 제외 ☞ 충남 온라인 쇼핑몰 농사랑 입점 등 지원 - 농사랑 쇼핑몰 상품등록 및 판매, 기획전 추진 및 판매촉진, 고객응대 및 CS 관리, 상품 품질 모니터링","내수,충남,충청남도,충청남도경제진흥원,2026,중소기업,소기업,소상공인,온라인,공산품,농사랑,쇼핑몰,온라인쇼핑몰,입점,상품등록,판매,CS,고객응대,모니터링",온라인,7440
886,충청남도,충남테크노파크,기술,[충남] 2026년 수소상용차 부품 성능 검증 기반 구축 사업 장비활용 지원 수혜기업 상시 모집 공고,,,2026-05-04,https://www.bizinfo.go.kr/sii/siia/selectSIIA200Detail.do?pblancId=PBLN_000000000121591,상시 접수,중소기업,"자동차 부품 산업의 미래차 전환 및 수소상용차 산업 육성을 위하여 자동차 부품 중소ㆍ중견기업을 대상으로 기업지원(장비활용 지원)을 다음과 같이 공고하오니 관심 있는 기업의 많은 참여 바랍니다. ☞ 수소차 관련 기업 및 자동차 부품산업에서 수소차부품으로 사업 전환 또는 고도화를 원하는 중소ㆍ중견기업 ☞ 시험ㆍ평가 장비사용료 10,000천원까지 지원","기술,충남,수소자부품,수소차관련기업,수소상용차,2026,수소차,장비사용료,사업전환,시험,자동차부품산업,충남테크노파크,고도화,중견,평가,충청남도,중견기업,중소기업",기술인력/장비지원,6541
887,경상북도,경상북도경제진흥원,경영,[경북] 봉화군 2026년 소상공인 카드수수료 지원사업 참여점포 모집 공고,,,2026-05-04,https://www.bizinfo.go.kr/sii/siia/selectSIIA200Detail.do?pblancId=PBLN_000000000121568,예산 소진시까지,소상공인,경상북도경제진흥원에서는 국내외 경기침체로 어려움을 겪고 있는 소상공인들을 위한 ‘소상공인 카드수수료 지원사업’ 참여점포를 다음과 같이 모집하오니 많은 신청 부탁드립니다. ☞ 전년도(‘25년) 연매출액 1억원 이하인 사업자등록증 상의 소재지가 봉화군인 소상공인 ※ 매출액은 부가가치세과세표준증명원 혹은 면세사업자수입금액증명원을 기준으로 함 ☞ 전년도 카드매출액의 0.4% 지원(업체당 최저 5만원 최대 40만원 이내) ※ 지원금 산정방법 : ’25년 카드 매출액 / 1.1 * 0.4%,"경영,경북,2026,행복카드,카드,카드수수료,경상북도경제진흥원,경상북도,소상공인,봉화군",디자인/상품화/사업화,3691
888,경상북도,경상북도경제진흥원,경영,[경북] 영양군 2026년 소상공인 카드수수료 지원사업 참여점포 모집 공고,,,2026-05-04,https://www.bizinfo.go.kr/sii/siia/selectSIIA200Detail.do?pblancId=PBLN_000000000121567,예산 소진시까지,소상공인,경상북도경제진흥원에서는 국내외 경기침체로 어려움을 겪고 있는 소상공인들을 위한 ‘소상공인 카드수수료 지원사업’ 참여점포를 다음과 같이 모집하오니 많은 신청 부탁드립니다. ☞ 전년도(‘25년) 연매출액 1억원 이하인 사업자등록증 상의 소재지가 영양군인 소상공인 ※ 매출액은 부가가치세과세표준증명원 혹은 면세사업자수입금액증명원을 기준으로 함 ☞ 전년도 카드매출액의 0.4% 지원(업체당 최저 5만원 최대 40만원 이내) ※ 지원금 산정방법 : ’25년 카드 매출액 / 1.1 * 0.4%,"경영,경북,2026,행복카드,카드,카드수수료,경상북도경제진흥원,경상북도,소상공인,영양군",디자인/상품화/사업화,3673
889,경상북도,경상북도경제진흥원,경영,[경북] 문경시 2026년 소상공인 카드수수료 지원사업 참여점포 모집 공고,,,2026-05-04,https://www.bizinfo.go.kr/sii/siia/selectSIIA200Detail.do?pblancId=PBLN_000000000121565,예산 소진시까지,소상공인,경상북도경제진흥원에서는 국내외 경기침체로 어려움을 겪고 있는 소상공인들을 위한 ‘소상공인 카드수수료 지원사업’ 참여점포를 다음과 같이 모집하오니 많은 신청 부탁드립니다. ☞ 전년도(‘25년) 연매출액 1억원 이하인 사업자등록증 상의 소재지가 문경시인 소상공인 ※ 매출액은 부가가치세과세표준증명원 혹은 면세사업자수입금액증명원을 기준으로 함 ☞ 전년도 카드매출액의 0.4% 지원(업체당 최저 5만원 최대 40만원 이내) ※ 지원금 산정방법 : ’25년 카드 매출액 / 1.1 * 0.4%,"경영,경북,2026,행복카드,카드,카드수수료,경상북도경제진흥원,경상북도,소상공인,문경시",디자인/상품화/사업화,3730
890,경상북도,경상북도경제진흥원,경영,[경북] 영주시 2026년 소상공인 카드수수료 지원사업 참여점포 모집 공고,,,2026-05-04,https://www.bizinfo.go.kr/sii/siia/selectSIIA200Detail.do?pblancId=PBLN_000000000121563,예산 소진시까지,소상공인,경상북도경제진흥원에서는 국내외 경기침체로 어려움을 겪고 있는 소상공인들을 위한 ‘소상공인 카드수수료 지원사업’ 참여점포를 다음과 같이 모집하오니 많은 신청 부탁드립니다. ☞ 전년도(‘25년) 연매출액 4억원 이하인 사업자등록증 상의 소재지가 영주시인 소상공인 ※ 매출액은 부가가치세과세표준증명원 혹은 면세사업자수입금액증명원을 기준으로 함 ☞ 전년도 카드매출액의 0.4~1.0% 지원(업체당 최저 10만원 최대 80만원 한도) ※ 지원금 산정방법 : ’25년 카드 매출액 / 1.1 * (0.4% or 1.0%),"경영,경북,2026,행복카드,카드,카드수수료,영주시,경상북도경제진흥원,경상북도,소상공인",디자인/상품화/사업화,3866
891,경상북도,경상북도경제진흥원,경영,[경북] 경주시 2026년 소상공인 카드수수료 지원사업 참여 점포 모집 공고,,,2026-04-30,https://www.bizinfo.go.kr/sii/siia/selectSIIA200Detail.do?pblancId=PBLN_000000000121520,예산 소진시까지,소상공인,"경상북도와 경주시, 경상북도경제진흥원은 경기 침체로 어려움을 겪고 있는 소상공인을 위한 ‘소상공인 카드수수료 지원사업’의 참여 점포를 모집하고 있으니, 관심 있는 소상공인분들의 많은 신청 부탁드립니다. ☞ 2025년도 매출액 1억원 이하의 경주시 소상공인 ☞ 2025년도 카드 매출액의 0.4%(업체당 최저 5만원 ~40만원) 지원","경영,경북,2026,경상북도경제진흥원,경상북도,경주시,소상공인,카드수수료,점포,매출액,행복카드",디자인/상품화/사업화,9020
892,경상북도,대구가톨릭대학교,경영,2026년 퍼스널케어 융합 얼라이언스 육성사업 비즈니스 경쟁력 강화지원 사업 추가모집 공고,,,2026-04-30,https://www.bizinfo.go.kr/sii/siia/selectSIIA200Detail.do?pblancId=PBLN_000000000121501,지원분야별 상이,중소기업,"산업통상자원부, 경상북도, 경산시가 지원하는 「2026년도 퍼스널케어 융합 얼라이언스 육성사업」 상품 경쟁력 강화 지원 프로그램을 공고하오니, 참여를 희망하는 컨소시엄의 많은 관심과 신청 바랍니다. ☞ 경상북도 소재 퍼스널케어(헬스, 뷰티케어)분야 제조기업과 전국소재 디자인/ICT/서비스 및 유통 등 분야별 지원 기업(기관)의 컨소시엄 ☞ 퍼스널케어 상품 사업화 디자인 및 제작, 퍼스널케어 개발 과정에서 발생하는 특허/기술 애로기술진단 및 지원 ※ 자세한 지원내용 공고문 참조","기술,경영,서울,부산,대구,인천,광주,대전,울산,세종,경기,강원,충북,충남,전북,전남,경북,경남,제주,2026,대구가톨릭대학교,경상북도,경산시,산업통상부,사업화디자인,사업화,디자인제작,디자인,컨설팅,애로기술진단,특허,전문가,퍼스널케어,헬스,뷰티케어,제조업,ICT,서비스,컨소시엄",디자인/상품화/사업화,3977
893,농림축산식품부,직접수행,경영,2026년 농업용 면세유 유가연동보조금 지원사업 공고,2026-04-20,2026-10-31,2026-04-30,https://www.bizinfo.go.kr/sii/siia/selectSIIA200Detail.do?pblancId=PBLN_000000000121498,,소상공인,"농림축산식품부에서 「농업용 면세유 유가연동보조금 지원사업」 을 다음과 같이 실시하오니, 많은 관심 부탁드립니다. 농업용 면세유 구입비 지원, 지금 바로 신청하세요! ☞ 트랙터ㆍ경운기ㆍ콤바인용 경유, 시설원예작물 난방기용 유류(등유ㆍ중유ㆍ난방용LPGㆍ부생연료유)사용 농업경영체 ☞ 트랙터ㆍ경운기ㆍ콤바인용 면세 경유 및 시설농가 난방용 면세유 가격 인상분의 70%를 지급단가 한도 내 지원","경영,서울,부산,대구,인천,광주,대전,울산,세종,경기,강원,충북,충남,전북,전남,경북,경남,제주,중유,등유,난방기용,경운기,2026,시설원예작물,트랙터,LPG,면세유,농업용,농림축산식품부,직접수행",시설/입지지원,8029
894,중소벤처기업부,한국중소벤처기업유통원,내수,2026년 TV홈쇼핑 및 데이터홈쇼핑 입점지원사업 소상공인 모집 공고,,,2026-04-30,https://www.bizinfo.go.kr/sii/siia/selectSIIA200Detail.do?pblancId=PBLN_000000000121480,상시 접수,소상공인,"소상공인의 온라인시장 진출 및 판로개척 지원을 위한「2026년 TV홈쇼핑 및 데이터홈쇼핑 입점지원사업」을 다음과 같이 공고하오니, 소상공인의 많은 참여를 바랍니다. ☞ 「소상공인기본법」 제2조에 따른 소상공인 ☞ 방송지원 및 홈쇼핑 입점상담회 지원 - 방송지원 : TV홈쇼핑 또는 데이터홈쇼핑 방송 제작 및 송출 지원 - 입점상담회 : 홈쇼핑 입점을 위한 컨설팅(상품성, QA, 입점절차 등) 진행 및 방송으로 연계지원 가능한 우수 소상공인 상품 발굴 지원 ※ 자세한 지원내용 공고문 참조","내수,서울,부산,대구,인천,광주,대전,울산,세종,경기,강원,충북,충남,전북,전남,경북,경남,제주,상품발굴,입점절차,2026,송출지원,한국중소벤처기업유통원,입점상담회,데이터홈쇼핑,온라인시장,TV홈쇼핑,입점,판로개척,컨설팅,중소벤처기업부,소상공인",온라인,5639
895,중소벤처기업부,전주정보문화산업진흥원,내수,2026 디지털커머스 전문기관(소담스퀘어 in 전주) 소상공인 지원 프로그램 지원대상 모집 공고,2026-04-29,2026-12-31,2026-04-30,https://www.bizinfo.go.kr/sii/siia/selectSIIA200Detail.do?pblancId=PBLN_000000000121478,,소상공인,"소상공인의 온라인시장 진출 촉진 및 판로 지원을 위한 2026년 디지털커머스 전문기관(소담스퀘어 전주) 소상공인 지원프로그램을 다음과 같이 안내드리오니 많은 관심과 참여부탁드립니다. ☞ 디지털전환이 필요한 소상공인 ☞ (준비참여단계) AI 마케팅 콘텐츠 제작 교육, 숏폼 제작 실습 교육, 라이브커머스 운영 교육, 1:1 컨설팅 등 지원 - (실행판매단계) 제품 상세페이지 제작, 온라인 플랫폼 입점, 맞춤형 홍보영상 제작 등 지원 - (라이브커머스) 소담스퀘어 스튜디오, 전주 맛배달 입점 연계, 지역 행사 연계 등 지원","내수,서울,부산,대구,인천,광주,대전,울산,세종,경기,강원,충북,충남,전북,전남,경북,경남,제주,2026,전북특별자치도,전주정보문화산업진흥원,중소벤처기업부,한국중소벤처기업유통원,AI마케팅,콘텐츠제작,촬영강좌,스마트플레이스,숏폼제작,라이브커머스,컨설팅,온라인플랫폼,입점,홍보영상",온라인,5649
896,경상북도,경상북도경제진흥원,경영,[경북] 포항시 2026년 소상공인 카드수수료 지원사업 참여업체 모집 공고,,,2026-04-29,https://www.bizinfo.go.kr/sii/siia/selectSIIA200Detail.do?pblancId=PBLN_000000000121467,예산 소진시까지,소상공인,"포항시와 경북경제진흥원에서는「포항시 소상공인 카드수수료 지원사업」을 추진하고 있습니다. 참여를 희망하시는 업체는 신청하여 주시기 바랍니다. ☞ 2025년 매출액 3억원 이하이며, 포항시에 사업장을 둔 「소상공인기본법 제2」에 해당 하는 소상공인 ☞ 2025년도 카드 매출액의 0.4% (업체당 최저 5만원, 최대 40만원 한도) 지원","경영,경북,2026,경상북도경제진흥원,포항시,소상공인,카드수수료,매출액,행복카드,경상북도",디자인/상품화/사업화,5937
897,경상북도,경북IT융합산업기술원,인력,[경북] 경산시 2026년 중소기업 기숙사 임차비 지원사업 참가기업 모집 공고,,,2026-04-29,https://www.bizinfo.go.kr/sii/siia/selectSIIA200Detail.do?pblancId=PBLN_000000000121466,예산 소진시까지,중소기업,"경산시와 경북IT합산업기술원은 경산시 소재 중소기업의 기업 경쟁력 향상과 근로자들의 고용환경을 개선하고자 「경산시 중소기업 기숙사 임차비 지원사업」기업 모집을 다음과 같이 진행하오니 지역 중소기업의 많은 신청바랍니다. ☞ 경산시에 소재한 중소기업(본사, 공장, 연구소 등)으로 전 산업군 대상 ※ 중소기업확인서 발급이 가능한 기업 ☞ 기숙사 임차비(근로자 1인당 월 임차료의 80%, 최대 월 30만원) 지원 - 지원기간 최대 10개월, 모집규모 기업당 최대 5개실","인력,경북,2026,경상북도,경북IT융합산업기술원,경산시,중소기업,고용환경개선,기숙사,기숙사임차비,임차비",고용환경개선,5124
898,경기도,군포산업진흥원,기술,[경기] 군포시 2026년 품질경쟁력 강화 지원사업 참여기업 모집 공고,,,2026-04-29,https://www.bizinfo.go.kr/sii/siia/selectSIIA200Detail.do?pblancId=PBLN_000000000121444,예산 소진시까지,중소기업,"군포산업진흥원에서는 관내 중소ㆍ벤처기업에 대한 인증 및 지식재산권의 획득 지원으로 기업보유 핵심기술의 권리화 및 글로벌 강소기업 육성을 위해 「품질경쟁력 강화 지원사업」을 다음과 같이 공고하오니 기업인들의 많은 관심과 신청바랍니다. ☞ 군포시 관내 중소벤처기업 - 2026년 내 인증획득 및 지식재산권 출원 완료 기업 - 지식재산권의 권리자(출원인)가 신청기업 명의 - 법인기업의 경우 법인 명의로 출원된 경우는 인정 - 개인기업의 경우 대표자 명의로 출원된 경우만 인정 (사업자등록증이 없는 경우 지원 불가) ☞ 제품인증, 지식재산권 ","기술,경기,2026,경기도,군포산업진흥원,군포시,중소벤처기업,중소기업,벤처기업,인증,지식재산권,품질경쟁력강화,인증획득ㅈ,지식재산권출원,제품인증",시험/인증,4196
899,인천광역시,인천테크노파크,인력,[인천] 2026년 소규모 제조업 중대재해 예방 안전조치 지원사업 참여기업 모집 공고,,,2026-04-29,https://www.bizinfo.go.kr/sii/siia/selectSIIA200Detail.do?pblancId=PBLN_000000000121442,예산 소진시까지,중소기업,"(재)인천테크노파크에서는 인천지역 소규모 제조기업의 산업재해 예방과 기업별 위험요인 개선을 위해 기업에서 실질적으로 필요한 방호장치ㆍ보호구의 구매비용, 정기 안전검사 비용을 지원하는 「2026 인천 소규모 제조업 중대재해 예방 안전조치 지원사업」 참여기업을 모집합니다. ☞ 인천광역시 소재 50인 미만 제조업 영위 사업장 - 인천광역시에 주소지를 두고 4대 보험에 가입한 상시근로자 50인 미만 사업장 -「중소기업기본법 시행령」[별표3]에 따른 소기업 규모 기준 매출액 사업장 포함 ☞ 관내 소규모 제조기업에 안전검사비, 방호ㆍ보호 장치","인력,인천,2026,인천광역시,인천테크노파크,제조기업,소규모,위험요인 개선,방호장치,보호구,안전검사,산업재해",작업환경개선,4679
900,경상북도,경상북도경제진흥원,인력,[경북] 고령군 2026년 지역발전 우수기업 환경개선 사업 참가기업 모집 공고,,,2026-04-29,https://www.bizinfo.go.kr/sii/siia/selectSIIA200Detail.do?pblancId=PBLN_000000000121424,예산 소진시까지,중소기업,(재)경상북도경제진흥원에서는 고령군 소재 제조업체의 열악한 작업환경ㆍ복지공간 개선 지원을 통해 근로자 복지 향상과 기업 생산성을 제고하여 지역경제 활성화 및 지방 소멸 위기에 대응하고자「2025년 고령군 지역발전 우수기업 환경개선 사업」참가기업을 모집하오니 많은 참여 바랍니다. ☞ 아래 조건을 하나 이상 충족하는 고령군 소재 중소 제조기업 - 근로자 2인 이상 관외에서 전입한 경우 - 근로자 5인 이상 기업 중 관내 주소자가 일정 비율 이상인 경우 ※ 자세한 지원대상 공고문 참조 ☞ 작업환경 및 복지 공간 등 근로자의 근로 환경 개,"인력,경영,경북,2026,경상북도경제진흥원,경상북도,고령군,중소기업,복지공간 개선,작업환경 개선,환경 개선,시설,개보수,물품구입",고용환경개선,3529
901,경상북도,경상북도경제진흥원,경영,[경북] 영천시 2026년 소상공인 카드수수료 지원사업 참여 점포 모집 공고,,,2026-04-29,https://www.bizinfo.go.kr/sii/siia/selectSIIA200Detail.do?pblancId=PBLN_000000000121421,예산 소진시까지,소상공인,"경상북도와 영천시, 경상북도경제진흥원은 경기 침체로 어려움을 겪고 있는 소상공인을 위한 ‘소상공인 카드수수료 지원사업’의 참여 점포를 모집하고 있으니, 관심 있는 소상공인분들의 많은 신청 부탁드립니다. ☞ 2025년도 매출액 5억원 이하의 영천시 소상공인 ☞ 2025년도 카드 매출액의 0.4~1.0% (업체당 최저 5만원 ~50만원) 지원","경영,경북,2026,경상북도경제진흥원,경상북도,소상공인,카드수수료,영천시,카드 매출액,매출액",디자인/상품화/사업화,3750
902,대구광역시,경북대학교 첨단정보통신융합산업기술원,기술,[대구] 2026년 디지털전환 현장캠퍼스 지원대상 기업 모집 공고,,,2026-04-29,https://www.bizinfo.go.kr/sii/siia/selectSIIA200Detail.do?pblancId=PBLN_000000000121417,세부사업별 상이,중소기업,"경북대학교 첨단정보통신융합산업기술원에서는 대구 RISE 사업 ‘③-2) 기업집적지 현장캠퍼스 운영’ 단위과제 수행과 관련하여 디지털전환을 통한 경쟁력 강화를 지원하고자 지원대상 기업을 모집합니다. ☞ 대구광역시에 본사, 지사, 공장, 연구소 중 하나 이상 소재한 기업 ☞ 맞춤 개발 프로젝트(재료비, 외부 용역비, 지식재산권 획득 등), 개발 지원 전문서비스(시제품 제작 재료비) 지원 ※ 자세한 지원내용 공고문 참조","기술,대구,외부용역비,2026,경북대학교 첨단정보통신융합산업기술원,등록비,재료비,특허출원,교육부,디지털전환,지식재산권,시제품제작,대구광역시",기술사업화/이전/지도,4736
903,울산광역시,울산경제일자리진흥원,기술,[울산] 울주군 2026년 강소기업 육성 기술 혁신 지원사업 추가모집 공고,,,2026-04-28,https://www.bizinfo.go.kr/sii/siia/selectSIIA200Detail.do?pblancId=PBLN_000000000121411,지원분야별 상이,중소기업,"성장잠재력을 갖춘 우수 중소기업을 발굴, 지원하여 기술 혁신성 및 산업역량을 제고하기 위해 다음과 같이 강소기업 육성 기술 혁신 지원사업을 시행합니다. ☞ 울주군 소재 제조업 영위 중소기업 ☞ 지식재산권ㆍ인증 획득, 혁신기술 사업화, 혁신성장 컨설팅 지원","기술,경영,울산,혁신성장컨설팅,혁신기술사업화,2026,강소기업육성,울산경제일자리진흥원,울주군,울산광역시,사업화,지식재산권,인증,컨설팅,제조업,중소기업",기술사업화/이전/지도,7599
904,강원특별자치도,춘천바이오산업진흥원,경영,[강원] 2026년 바이오기업 애로해소 인허가 컨설팅 지원기업 상시모집 공고,,,2026-04-28,https://www.bizinfo.go.kr/sii/siia/selectSIIA200Detail.do?pblancId=PBLN_000000000121397,예산 소진시까지,중소기업,"춘천바이오산업진흥원에서는 도내 바이오ㆍ의료기기ㆍ체외진단 기업의 인허가 획득을 체계적으로 지원하여 제품 상용화를 촉진하고 시장 진입 소요기간 단축을 통해 기업의 실질적 매출 창출 기반을 마련하고자, 「2026년 강원 바이오기업 애로해소 지원사업」의 인허가 컨설팅 지원기업을 다음과 같이 추가 모집하오니, 해당 프로그램 참여를 희망하는 강원지역 기업의 많은 신청 바랍니다. ☞ 강원특별자치도 도내 바이오ㆍ의료기기ㆍ체외진단 기업 ☞ 인허가 컨설팅 및 임상시험지원","기술,경영,강원,2026,강원특별자치도,춘천바이오산업진흥원,바이오,의료기기,체외진단,인허가,인허가획득,컨설팅,인허가컨설팅,임상시험,기술문서",컨설팅,8338
905,충청북도,충청북도기업진흥원,인력,[충북] 2026년 2차 식품근로자 및 기업 고용안정 지원사업 모집 공고(지역상생형 일터혁신 프로젝트),,,2026-04-28,https://www.bizinfo.go.kr/sii/siia/selectSIIA200Detail.do?pblancId=PBLN_000000000121392,예산 소진시까지,중소기업,"고용노동부, 충청북도, 충주시, 제천시, 보은군, 옥천군, 증평군, 진천군, 괴산군, 음성군, 충청북도기업진흥원은 도내 식품제조기업의 인력난 해소와 경쟁력 강화를 위해 「2026 충북식품 근로자 및 기업 고용안정 지원사업」참여 기업을 다음과 같이 모집합니다. ☞ 충주시, 제천시, 보은군, 옥천군, 증평군, 진천군, 괴산군, 음성군 소재 고용보험법상 5인 이상 ""우선지원 대상"" 식품 제조 기업 ☞ 중장년 신규채용 및 계속고용 장려금(기업) 채용 1명당 최대 300만원 지원","인력,충북,중장년신규채용,고용안정지원사업,2026,계속고용장려금,괴산군,보은군,제천시,신규채용,옥천군,식품제조기업,증평군,진천군,음성군,충주시,고용장려금,고용안정,중장년,고용노동부,식품기업,충청북도,충청북도기업진흥원",고용환경개선,6198
906,경기도,경기대진테크노파크,경영,[경기] 김포시 2026년 2차 사물인터넷(IoT) 측정기기 부착 지원사업 공고,,,2026-04-28,https://www.bizinfo.go.kr/sii/siia/selectSIIA200Detail.do?pblancId=PBLN_000000000121390,예산 소진시까지,중소기업,「대기환경보전법 시행령」 제17조의 규정에 따라 오염물질배출량과 배출허용기준의 준수 여부 및 방지시설의 적정 가동 여부를 확인하기 위하여 추진하는「2026년 사물인터넷[IoT] 측정기기 부착 지원사업」을 아래와 같이 재공고하오니 지원을 희망하는 중소기업은 (재)경기대진테크노파크로 신청하여 주시기 바랍니다. ☞「중소기업기본법」시행령 제3조 제1항에 따른 중ㆍ소기업 - 「대기환경보전법 시행규칙」제37조의3[별표9의2] 규정에 따른 사물인터넷(IoT) 측정기기 부착대상 시설 - 보조금을 받아 설치한 방지시설 - 방지시설 설치면제 및 자가,"경영,경기,2026,사물인터넷측정기기,IoT,사물인터넷,포천시,경기대진테크노파크,경기도,중소기업",시설/입지지원,5264
907,농림축산식품부,한국농수산식품유통공사,수출,2026년 농식품글로벌성장패키지 지원사업 모집 공고(신청형 수시),2026-04-24,2026-10-30,2026-04-28,https://www.bizinfo.go.kr/sii/siia/selectSIIA200Detail.do?pblancId=PBLN_000000000121389,,중소기업,"농식품 수출역량 및 성장 가능성을 보유한 수출기업을 대상으로 업계 수요에 맞춘 다양한 지원을 통해 우리 농식품 수출 촉진을 도모하기 위한 「2026년 농식품글로벌성장패키지 지원사업(신청형 수시)」 참여 업체를 아래와 같이 모집하오니 많은 신청 바랍니다. ☞ 농식품(신선 및 가공) 수출 유망 중소기업 및 중견기업으로 아래 ①~②의 요건 중 1개 이상 해당하는 수출업체 ① 舊 aT 수출물류비(`23) 또는 패키지 신청형(`24, `25) 중 지원받은 실적이 1회 이상인 경우 (기존 지원받은 업체) ② 공모형 패키지 지원받은 실적이 있고","기술,수출,서울,부산,대구,인천,광주,대전,울산,세종,경기,강원,충북,충남,전북,전남,경북,경남,제주,2026,신선,운송,수출업체,생산,통관,가공,수출유망중소기업,농식품,중견,수출기업,한국농수산식품유통공사,판로개척,농림축산식품부,중소기업",해외진출준비,5422
908,제주특별자치도,제주신용보증재단,경영,[제주] 소상공인ㆍ자영업자 재기지원사업 희망업체 모집 공고,,,2026-04-28,https://www.bizinfo.go.kr/sii/siia/selectSIIA200Detail.do?pblancId=PBLN_000000000121366,선착순 접수,소상공인,"제주 소상공인ㆍ자영업자 재기지원사업 희망업체 모집계획을 아래와 같이 공고합니다. ☞ 새출발기금 채무조정 약정 도내 소상공인(폐업자 포함) ☞ 폐업사업장 지원, 지속 운영 사업장 재기 지원 - 폐업사업장 지원 : 폐업 사업장 원상복구 및 철거비용 지원 - 지속 운영 사업장 재기 지원 : 지속 운영 사업장 경영환경개선(컨설팅), 홍보비 지원","경영,제주,지속운영사업장,폐업사업장,2026,폐업자,새출발기금,철거,경영환경개선,홍보비,재기,제주신용보증재단,자영업자,폐업,제주특별자치도,컨설팅,소상공인",시설/입지지원,5022
909,경상북도,경상북도경제진흥원,경영,[경북] 상주시 2026년 소상공인 카드수수료 지원사업 참여점포 모집 공고,,,2026-04-27,https://www.bizinfo.go.kr/sii/siia/selectSIIA200Detail.do?pblancId=PBLN_000000000121338,예산 소진시까지,소상공인,경상북도경제진흥원에서는 국내외 경기침체로 어려움을 겪고 있는 소상공인들을 위한 ‘소상공인 카드수수료 지원사업’ 참여점포를 다음과 같이 모집하오니 많은 신청 부탁드립니다. ☞ 전년도(‘25년) 연매출액 2억원 이하인 소상공인 ※ 매출액은 부가가치세과세표준증명원 혹은 면세사업자수입금액증명원을 기준으로 함 ☞ 전년도 카드매출액의 0.4% 지원(업체당 최저 5만원 최대 40만원 이내) ※ 지원금 산정방법 : ’25년 카드 매출액 / 1.1 * 0.4%,"경영,경북,2026,행복카드,카드,카드수수료,상주시,경상북도경제진흥원,경상북도,소상공인",디자인/상품화/사업화,6398
910,경상북도,경상북도경제진흥원,인력,[경북] 상주시 2026년 일자리 공감페이 지원사업 참여기업 모집 공고,,,2026-04-27,https://www.bizinfo.go.kr/sii/siia/selectSIIA200Detail.do?pblancId=PBLN_000000000121327,예산 소진시까지,중소기업,경상북도경제진흥원에서는 상주시 소재 중소기업의 취업 지원금 지급으로 우수인력 확보 및 장기 재직 지원을 통한 지역경제 활성화를 도모하고자 「2026년 상주형 일자리 공감페이 지원사업」 참여기업을 모집하오니 많은 참여 바랍니다. ☞ 상주시 소재 사업장을 가동 중인 상시근로자 5인 이상 기업 ☞ 일자리 창출 우수기업 인센티브(기업당 최대 10백만원 이내) 지원 ※ 자세한 지원내용 공고문 참조,"인력,경북,근로자쉼터,울타리,2026,외벽도색,샤워시설,구내식당,조명시설,교육장,상주시,우수기업,인센티브,개보수,환경개선,경상북도경제진흥원,경상북도",작업환경개선,4787
911,경상북도,경상북도경제진흥원,경영,[경북] 고령군 2026년 소상공인 카드수수료 지원사업 참여점포 모집 공고,,,2026-04-27,https://www.bizinfo.go.kr/sii/siia/selectSIIA200Detail.do?pblancId=PBLN_000000000121326,예산 소진시까지,소상공인,"경상북도경제진흥원에서는 국내외 경기침체로 어려움을 겪고 있는 소상공인들을 위한 ‘소상공인 카드수수료 지원사업’ 참여점포를 다음과 같이 모집하오니 많은 신청 부탁드립니다. ☞ ’25년도 연매출액이 1억 원 이하이며,사업자등록증 상의 소재지가 고령군인 소상공인 ※ 매출액은 부가가치세과세표준증명원 혹은 면세사업자수입금액증명원을 기준으로 함 ☞ 전년도 카드매출액의 0.4% 지원 - 업체당 최저 5만원 최대 40만원 한도 ※ 지원금 산정방법 : ’25년 카드 매출액 / 1.1 * 0.4%","경영,경북,소상공인카드수수료,2026,행복카드,카드수수료,경영안정,경상북도경제진흥원,경상북도,소상공인,고령군",디자인/상품화/사업화,4325
912,경상북도,경상북도경제진흥원,인력,[경북] 포항시 2026년 일자리 공감페이(Pay) 참여기업 모집 공고,,,2026-04-27,https://www.bizinfo.go.kr/sii/siia/selectSIIA200Detail.do?pblancId=PBLN_000000000121314,예산 소진시까지,중소기업,"포항시와 경상북도경제진흥원은 고용 환경 개선 및 우수인력 일자리 창출을 위해 「2026년 포항시 일자리 공감페이(Pay)」사업을 아래와 같이 공고하오니 관심 있는 기업의 많은 참여를 바랍니다. ☞ 2025. 10. 1.이후 청년 신규 채용 및 고용 유지를 하고 있는 포항시 소재 중소기업 ☞ 근로 환경 개선 및 직원 복지시설 관련 경비 지원 - 1개사 당 200만원, 최대 700만원 한도 지원","인력,경북,2026,경비지원,공감페이,복지시설,신규채용,유지,포항시,개선,근로환경,경상북도경제진흥원,경상북도,중소기업",작업환경개선,4361
913,전남광주통합특별시,광주경영자총협회,인력,[광주] 2026년 융ㆍ복합 가전산업 고용 안착 활성화 지원 사업 참여기업(참여자) 모집 공고,,,2026-04-27,https://www.bizinfo.go.kr/sii/siia/selectSIIA200Detail.do?pblancId=PBLN_000000000121311,예산 소진시까지,중소기업,"광주광역시 내 융ㆍ복합 가전 및 전후방 산업 현장의 구인난을 해소하고, 근로자의 장기 근속을 지원하기 위해 「2026년 융 복합 가전산업 고용 안착 활성화 지원」사업을 다음과 같이 공고합니다. ☞ 광주광역시 소재 융ㆍ복합 가전 및 전후방 연관 기업 ※ 자세한 지원대상 공고문 참조 ☞ 든든 버팀 안착 지원 : 신규 채용 인건비(기업) 및 근속 축하금(근로자) 지원 - 현장 이음 상생 지원 : 고용 안착 성공 인센티브 60만원(부사수 6개월 고용유지 시) 지원 - 동행 마중 연계 지원 : 면접비, 취업 성공 축하금, 현장소통 간담회비 ","인력,광주,간담회비,축하금,2026,광주경영자총협회,현장소통,면접비,고용유지,융복합,인센티브,전후방기업,인건비,광주광역시,전남광주,전남광주통합특별시",고용유지,4376
914,중소벤처기업부,중소벤처기업진흥공단,경영,2026년 비즈니스지원단(현장클리닉) 사업 운영계획 공고,,,2026-04-27,https://www.bizinfo.go.kr/sii/siia/selectSIIA200Detail.do?pblancId=PBLN_000000000121291,예산 소진시 까지,중소기업,"중소기업의 경영애로를 상담부터 현장클리닉까지 신속히 해결해 주는「2026년도 비즈니스지원단(현장클리닉) 사업 운영계획」을 다음과 같이 공고합니다. ☞ 「중소기업기본법」제2조 제2항에 따른 소기업과 운영 지침[별표 1]에 해당하는 예비창업자로하되, [별표 2]를 제외한 업종 - 주된 업종별 평균매출액 등의 소기업 규모 기준(중소기업기본법시행령 제8조 제1항) ☞ 전문상담 후 현장클리닉이 필요한 경우, 분야별 클리닉위원이 기업 현장을 찾아가 단기간(3일 내외)에 경영애로 해결 지원","경영,서울,부산,대구,인천,광주,대전,울산,세종,경기,강원,충북,충남,전북,전남,경북,경남,제주,2026,중소벤처기업부,중소벤처기업진흥공단,한국경영기술지도사회,한국생산성본부,비즈니스지원단,현장클리닉,경영애로,전문상담",컨설팅,5705
915,중소벤처기업부,부산경제진흥원,내수,[부산] 2026년 디지털커머스 전문기관 구축ㆍ운영라이브커머스 운영 지원 모집 공고,2026-04-22,2026-12-18,2026-04-27,https://www.bizinfo.go.kr/sii/siia/selectSIIA200Detail.do?pblancId=PBLN_000000000121288,,소상공인,"한국중소벤처기업유통원, 부산광역시 및 (재)부산경제진흥원에서는 소상공인 우수제품 홍보와 온라인 판로확대 및 매출 증대를 위한 「2026년 라이브커머스 운영 지원」을 진행합니다. 이에 참가를 희망하는 소상공인을 아래와 같이 모집합니다. ☞ 라이브커머스 등 온라인 플랫폼을 통해 판매 가능한 소비재를 제조ㆍ판매하고 네이버 및 기타 플랫폼 방송 가능 등급 이상인 소상공인 ※ 품목 : 식품, 패션, 뷰티, 생활용품, 우수 아이디어 제품 등 ☞ 사전컨설팅(라이브커머스 운영, 상품분석 등), 쇼호스트 섭외, 라이브커머스 촬영ㆍ송출 및 관련 제반","내수,부산,섭회,2026,한국중소벤처기업유통원,송출,사전컨설팅,쇼호스트,촬영,판로확대,부산경제진흥원,네이버,홍보,라이브커머스,중소벤처기업부,소상공인,온라인",온라인,4760
916,고용노동부,이노비즈협회,인력,2026년 미래내일 일경험(인턴형) 참여기업 지원사업 공고,,,2026-04-27,https://www.bizinfo.go.kr/sii/siia/selectSIIA200Detail.do?pblancId=PBLN_000000000121285,예산 소진시까지,중소기업,"이노비즈협회는 2025년 사업 성과평가 결과 우수등급(3년 연속)을 받아 아래와 같이 2026년 사업 사전 참여기업을 모집합니다. ☞ 고용보험 피보험자 10인 이상 기업 ☞ 기업 지원금 40만원, 멘토 수당 30만원 (8주 기준) 지원","인력,서울,부산,대구,인천,광주,대전,울산,세종,경기,강원,충북,충남,전북,전남,경북,경남,제주,2026,사무,미래내일,일경험,수당,광고제작,이노비즈협회,인턴,노무,지원금,IT,고용노동부,마케팅,멘토",국내일반인력,8639
917,인천광역시,인천테크노파크,금융,[인천] 2026년 인천형 특별 경영안정자금 지원 공고(금융비용 확대 지원을 위한 하나은행 출연 및 협업),,,2026-04-24,https://www.bizinfo.go.kr/sii/siia/selectSIIA200Detail.do?pblancId=PBLN_000000000121268,예산 소진시까지,중소기업,"인천광역시 중소기업경영안정자금 지원 및 운용조례 제6조의 규정에 의거 ‘2026년 인천형 특별 경영안정자금(하나은행 출연 및 협업)’지원사업을 다음과 같이 공고합니다. ☞ 인천 소재 제조업 또는 제조업관련업 중소기업 - 경영안정자금 지원 업종(관내 공장을 운영중인 제조기업 또는 제조업관련업)을 영위하면서 하나은행 대출이 가능한 기업 ☞ 은행 대출 운전자금의 이자차액보전 지원 - 지원 한도 : 일반기업 10억원(우대10~100억원, 업체별 세부심사기준에 따라 다름) ※ 최근 결산년도 매출액의 1/3과 지원 한도 중 적은 금액이 최대한","금융,인천,2026,인천광역시,인천테크노파크,중소기업,제조업,제조업관련업,중소기업경영안정자금,특별경영안정자금,하나은행,운전자금,이자차액보전",융자,12046
918,충청북도,청주상공회의소,수출,[충북] 2026년 B2C 해외쇼핑몰 판매지원 사업 참여기업 모집 공고,,,2026-04-24,https://www.bizinfo.go.kr/sii/siia/selectSIIA200Detail.do?pblancId=PBLN_000000000121254,예산 소진시까지,중소기업,"충청북도와 청주상공회의소는 도내 수출기업의 해외시장 진출 기반을 강화하고, 글로벌 소비자 접근성을 제고하기 위해 「2026 B2C 해외쇼핑몰 판매지원」사업을 추진하오니 관심있는 기업에서는 적극 신청하시기 바랍니다. ☞ 도내 중소ㆍ중견기업 ※ 도내 본점 또는 공장 소재지 업체만 지원 가능 ☞ 플랫폼 내ㆍ외부 마케팅 비용 일부(기업당 연 최대 3,500천원) 지원 - 플랫폼 : 아마존(모든 국가), 라쿠텐(일본), 큐텐(일본), 쇼피(동남아), 라자다(동남아), 와일드베리즈(러시아) 등 ※ 자세한 지원내용 공고문 참조","수출,충북,청주상공회의소,충청북도,2026,중소기업,중견,B2C,해외쇼핑몰,아마존,라쿠텐,쇼피,라자다,와일즈베리즈,마케팅",해외진출,7485
919,전남광주통합특별시,전남테크노파크,창업,[전남] 2026년 3D프린팅 모형설계 및 후가공 수혜기업 모집 공고,,,2026-04-24,https://www.bizinfo.go.kr/sii/siia/selectSIIA200Detail.do?pblancId=PBLN_000000000121247,예산 소진시 까지,창업벤처,"(재)전남테크노파크는 전남 도민의 창의적 아이디어를 발굴하고, 이를 IP 권리화 및 사업화로 연계해 지역 경제 활성화에 기여하고자「IP디딤돌 프로그램」을 운영하고 있습니다. 이 프로그램의 일환으로 시제품 제작 지원사업인「2026년 3D프린팅 모형설계 및 후가공」을 운영하오니, 많은 관심과 참여 바랍니다. ☞ IP창업Zone 수료생(‘25년 ~＇26년) (개인 및 기창업자 등) 중 IP 디딤돌 프로그램 권리화 지원사업 수혜자 - 실제 구현 가능성 검토가 필요하며, 출력 가능한 시제품 아이템 ※ 제외대상 : 일반 형태의 피규어 ☞ 3D","기술,창업,전남,시제품 도면 설계,IP 권리화,IP 디딤돌,2026,IP창업Zone,모형제작,모형설계,전라남도,전남테크노파크,시제품,3D프린팅,예비창업자,아이디어,전남광주,전남광주통합특별시",예비창업자지원,5526
920,울산광역시,울산경제일자리진흥원,금융,[울산] 2026년 중소기업 AI인프라 육성자금 지원계획 변경 공고,,,2026-04-24,https://www.bizinfo.go.kr/sii/siia/selectSIIA200Detail.do?pblancId=PBLN_000000000121243,예산 소진시까지,중소기업,"「울산광역시 중소기업육성기금 조례」 제12조의 규정에 의거 「2026년 중소기업 AI인프라 육성자금 지원계획 변경 공고」를 다음과 같이 공고합니다. ☞ 관내 사업장을 두었거나 둘 예정인 중소기업(자금사용처가 관내인 경우) ※ 자세한 지원대상 공고문 참 ☞ AI인프라자금(시설자금 업체당 최대 8억 이내, 경영안정자금(운전자금) 업체당 최대 6억 이내) 지원 - 대출이자 중 일부 지원(2~2.5% 이내/운전자금-우대기업 0.5% 가산 포함) ※ 자세한 지원내용 공고문 참조","금융,울산,AI인프라,2026,울산경제일자리진흥원,경영안정자금,운전자금,대출이자,이차보전,울산광역시,육성기금,시설자금,중소기업",융자,6629
921,전북특별자치도,전북테크노파크,경영,[전북] 2026년 산업체 애로기술 해결을 위한 기술자문 참여기업 모집 공고(지역지능화혁신인재양성사업),,,2026-04-24,https://www.bizinfo.go.kr/sii/siia/selectSIIA200Detail.do?pblancId=PBLN_000000000121239,모집 완료 시,중소기업,"(재)전북테크노파크에서는「지역지능화혁신인재양성사업」의 일환으로 전북지역 산업체의 애로기술 해결을 위한 기술자문을 지원하고자 하오니 참여를 희망하는 기업은 많은 신청 바랍니다. ☞ 신청일 기준 전북지역에 소재한(본사, 기업부설연구소) 기업 ☞ 개발기술 성과물의 현장 적용, 기술 실행과정에서 애로사항을 가지고 있는 전북지역 산업체 대상으로 기술자문 지원 - 산업체의 기술 애로사항을 고려하여 산업체-전문가 기술지원 컨설팅(자문)매칭 및 산업체-전문가간 기술자문 수행 - 기술자문 분야 : 농생명바이오, 첨단융복합소재, 미래모빌리티, ICT","기술,경영,전북,애로기술 해결,2026,지능화기술,전북특별자치도,첨단융복합소재,농생명바이오,산업체,미래모빌리티,기술자문,SW,ICT,빅데이터,전북테크노파크,인공지능",컨설팅,5325
922,전남광주통합특별시,광주경제진흥상생일자리재단,내수,[광주] 2026년 소상공인 SNSㆍ블로그 홍보지원 참여업체 모집 공고(디지털콘텐츠 홍보지원사업),,,2026-04-24,https://www.bizinfo.go.kr/sii/siia/selectSIIA200Detail.do?pblancId=PBLN_000000000121231,모집규모 충족시,소상공인,광주광역시 소상공인의 디지털전환 및 온라인 홍보 역량 강화를 위한「2026 디지털콘텐츠 홍보지원」사업의 참여 소상공인을 아래와 같이 모집합니다. ☞ 광주광역시 관내 소상공인 - 중소기업확인서 상 소상공인 - 사업자등록증 상 광주광역시 소재 사업장 보유 소상공인 ☞ 전문수행사 통한 사업장별 맞춤형 디지털 홍보 콘텐츠 제작 및 홍보,"내수,서울,부산,대구,인천,광주,대전,울산,세종,경기,강원,충북,충남,전북,전남,경북,경남,제주,디지털콘텐츠 홍보지원,디지털 홍보,온라인 홍보,홍보 콘텐츠,2026,광주경제진흥상생일자리재단,디지털전환,홍보,광주광역시",홍보지원,7609
923,중소벤처기업부,중소기업기술정보진흥원,기술,2026년 상생형 AX선도모델 주관기관(대기업 등) 모집 공고,,,2026-04-24,https://www.bizinfo.go.kr/sii/siia/selectSIIA200Detail.do?pblancId=PBLN_000000000121226,예산 소진시 까지,중소기업,"중소기업 제조 현장의 경쟁력 제고를 위하여 상생형 AX선도모델 스마트공장 구축지원 주관기관 모집계획을 다음과 같이 공고합니다. ☞ 대기업(계열사 포함), 중견기업 등 ☞ 선도모델 구축지원, 상생협력 지원 - (선도모델 구축지원) 주관기관은 제조혁신 역량을 기반으로 중소ㆍ중견기업의 전사적 AX전환 및 선도모델 구축지원 - (상생협력 지원) 주관기관은 중소기업의 전사적 AX전환을 지원하기 위해 기술지도, 데이터 및 AI인프라 제공","기술,서울,부산,대구,인천,광주,대전,울산,세종,경기,강원,충북,충남,전북,전남,경북,경남,제주,2026,중소벤처기업부,중소기업기술정보진흥원,대기업,중견기업,중소기업,제조,상생형,AX,스마트공장,AX전환,선도모델,AI인프라,기술지도",기술사업화/이전/지도,8922
924,서울특별시,서울경제진흥원,수출,[서울] 2026년 중동상황 대응 물류지원금 지원사업 모집 공고,,,2026-04-24,https://www.bizinfo.go.kr/sii/siia/selectSIIA200Detail.do?pblancId=PBLN_000000000121221,예산 소진시까지,중소기업,"중동 상황으로 인한 물류비 상승 등으로 어려움을 겪고 있는 서울 소재 중소기업의 수출 부담 완화 및 수출 경쟁력 유지를 위하여 「2026년 중동사태 대응 물류지원금 지원사업」을 다음과 같이 공고하오니 참여를 희망하는 기업은 관련 규정 및 절차에 따라 신청하여 주시기 바랍니다. ☞ 서울 소재 중소기업 중 아래의 요건을 모두 충족하는 기업 - (기업소재지) 「중소기업기본법」 제2조에 따른 중소기업으로서, 본사 또는 독립된 사업장(지사 등)이 서울특별시에 소재하며, 해당 사업장을 기준으로 지방세 납세의무가 있는 중소기업 - (피해 요건)","수출,서울,운송일정,운송경로,항로,2026,서울경제진흥원,물류비,중동,서울특별시,중소기업",해외진출,6155
925,전남광주통합특별시,광주경제진흥상생일자리재단,금융,[광주ㆍ전북ㆍ전남] 2026년 광주ㆍ호남권 거점기업 육성 금융지원 공고,,,2026-04-23,https://www.bizinfo.go.kr/sii/siia/selectSIIA200Detail.do?pblancId=PBLN_000000000121214,예산 소진시까지,중소기업,「광주광역시 중소기업육성기금 특별회계설치 및 운용조례」 제7조의 규정에 따라 2026년도 광주ㆍ호남권 거점기업 육성 금융지원 계획을 다음과 같이 공고합니다. ☞ 다음의 지원 대상 중 어느 하나에 해당하면서 보증기관(신용보증기금ㆍ기술보증기금)의 보증을 담보로 하면서 하나은행에서 대출실행하는 업체 - 공장 및 제조업장을 소유하거나 임차 중인 중소 제조업체 (한국표준산업분류코드의 제조업 10 ~ 34) [붙임 1] - 제조업 관련 서비스업체 [붙임 2] 및 지식서비스업체 [붙임 3] - 「중소기업협동조합법」에 의해 설립된 조합 중 공동사,"금융,광주,전북,전남,2026,광주광역시,광주경제진흥상생일자리재단,제조업,지식서비스업,서비스업,협동조합,거점기업,호남권,기술보증기금,신용보증기금,대출",융자,7842
926,산업통상부,대한무역투자진흥공사,수출,2026년 해외지사화사업 참여기업 모집 재수정 공고,,,2026-04-23,https://www.bizinfo.go.kr/sii/siia/selectSIIA200Detail.do?pblancId=PBLN_000000000121208,차수별 상이,중소기업,"국내 중소ㆍ중견기업의 해외진출 및 수출을 촉진하기 위하여 공공기관의 해외 네트워크를 현지 비즈니스 거점으로 활용하는 해외지사화사업 참여기업 모집계획을 다음과 같이 수정공고합니다. ☞ 국내 사업자등록번호를 보유하고 있는 「중소기업 기본법」제2조 및 「중견기업 성장촉진 및 경쟁력 강화에 관한 특별법」제2조에 따른 중소ㆍ중견기업 ☞ 해외에 지사를 설치할 여력이 부족한 중소ㆍ중견기업의 현지 지사 역할을 대행하여 수출 및 해외진출 지원 - 기초 마케팅, 수출, 현지화 지원 ※ 자세한 지원내용 공고문 참조","수출,서울,부산,대구,인천,광주,대전,울산,세종,경기,강원,충북,충남,전북,전남,경북,경남,제주,산업통상부,2026,현지화지원,세계한인무역협회,중소벤처기업진흥공단,대한무역투자진흥공사,해외진출,중견기업,마케팅,중소기업",해외진출,6390
927,전남광주통합특별시,광주경제진흥상생일자리재단,내수,[광주] 2026년 중소기업 온라인몰 입점 지원사업 참여기업 모집 공고,,,2026-04-23,https://www.bizinfo.go.kr/sii/siia/selectSIIA200Detail.do?pblancId=PBLN_000000000121198,상시 접수,중소기업,"광주광역시에서는 지역 중소기업의 제품 판매 활성화, 신 유통망 구축 및 홍보를 위해 유명 디지털플랫폼 입점 지원사업을 추진하오니, 지마켓(옥션), 롯데온, 11번가, 우체국쇼핑, SK스토아 등 쇼핑몰 진출을 희망하는 기업은 신청하여 주시기 바랍니다. ☞ 광주광역시 관내 소재 중소기업 ☞ 기획전개설, 배너 노출, 할인쿠폰 등 프로모션 이벤트, 입점 교육 프로그램 진행 지원 - 기획전 개설 : 디지털 플랫폼별 ‘광주광역시 전용 기획전’ 운영 - 배너 노출 : PC, 모바일 메인 배너(프로모션 기간 중)운영 등 - 할인쿠폰 등 프로모션 ","내수,광주,2026,광주광역시,광주경제진흥상생일자리재단,중소기업,온라인,디지털플랫폼,입점,지마켓,옥션,롯데온,11번가,우체국쇼핑,SK스토아,쇼핑몰,기획적,배너,할인쿠폰,프로모션이벤트,교육,전남광주,전남광주통합특별시",온라인,4814
928,경상남도,경남지식재산센터,기술,[경남] 창녕군 2026년 지역지식재산 창출지원사업 공고,2026-04-01,2026-12-31,2026-04-23,https://www.bizinfo.go.kr/sii/siia/selectSIIA200Detail.do?pblancId=PBLN_000000000121197,,중소기업,"창녕군에서 기업하기 좋은 환경 조성 및 지역 내 중소기업의 기술ㆍ정보 분야 지원을 위해 실시하는 「2026년 창녕군 지역지식재산 창출지원 사업」을 다음과 같이 공고하오니, 동 사업에 참여를 원하는 창녕군 소재 기업은 경남지식재산센터로 신청하여 주시기 바랍니다. ☞ 창녕군 소재 지방세 체납이 없는 중소기업 ☞ 지식재산권(특허권, 실용신안권, 디자인권, 상표권) 창출을 위한 출원비용 일부 지원 ※ 자세한 지원내용 공고문 참조","기술,경남,2026,경상남도,경남지식재산센터,창녕군,중소기업,지식재산권,특허권,실용신안권,디자인권,상표권,출원비용",기술사업화/이전/지도,4655
929,고용노동부,중소기업기술혁신협회,인력,[충북] 2026년 청년일자리도약장려금 사업 참여기업 모집 공고,,,2026-04-23,https://www.bizinfo.go.kr/sii/siia/selectSIIA200Detail.do?pblancId=PBLN_000000000121195,선착순 접수,중소기업,"사업주 및 근로자 지원을 통해 청년 신규 일자리 창출과 청년고용 활성화를 추진하고, 비수도권 소재 기업의 인력난 해소 및 해당 기업에 취업한 청년의 안정적인 장기근속 지원하기 위한 사업입니다. ☞ 5인 이상 우선지원대상기업, 충북소재 중견기업 - 참여가능 지역 : 충북 청주시, 증평군, 진천군, 옥천군, 영동군, 보은군, 괴산군 ☞ 청년 채용 후 6개월 고용 유지시 1년간 기업지원금 지원(월 60만원x12개월)","인력,충북,일자리 창출,5인 이상,2026,중소기업기술혁신협회,괴산군,영동군,보은군,옥천군,증평군,진천군,청주시,청년고용,고용노동부,중견기업",고용환경개선,5750
930,경상남도,경남지식재산센터,기술,[경남] 고성군 2026년 지역지식재산창출 지원사업 공고,,,2026-04-23,https://www.bizinfo.go.kr/sii/siia/selectSIIA200Detail.do?pblancId=PBLN_000000000121194,예산 소진시까지,중소기업,"고성군에서 기업하기 좋은 환경 조성 및 지역 내 중소기업의 기술ㆍ정보 분야 지원을 위해 실시하는 「2026년 고성군 지식재산창출 지원사업」을 다음과 같이 공고하오니, 동 사업에 참여를 원하는 고성군 소재 기업은 경남지식재산센터로 신청하여 주시기 바랍니다. ☞ 고성군 소재 지방세 체납이 없는 중소기업 ☞ 지식재산권(특허권, 실용신안권, 디자인권, 상표권) 창출을 위한 출원비용 일부 지원 ※ 자세한 지원내용 공고문 참조","기술,경남,2026,고성군,경남지식재산센터,실용신안권,디자인권,출원비용,상표권,특허권,지식재산권,경상남도,중소기업",기술사업화/이전/지도,4658
931,지식재산처,경남지식재산센터,기술,[경남] 2026년 소상공인 IP출원(상표출원) 지원사업 소상공인 수혜자 모집 공고,,,2026-04-23,https://www.bizinfo.go.kr/sii/siia/selectSIIA200Detail.do?pblancId=PBLN_000000000121193,예산 소진시까지,소상공인,"소상공인의 지식재산 피해를 예방하고 안정적 성장을 위하여, 소상공인의 상호ㆍ브랜드 권리화를 지원하는 IP출원(상표출원) 지원 사업을 진행하오니 희망하는 소상공인은 아래에 따라 신청하여 주시기를 바랍니다. ☞ 「소상공인기본법」제2조에 따른 소상공인(사업자등록증 보유) ☞ 상표출원 지원","기술,경남,2026,경남지식재산센터,상표출원,브랜드,권리화,IP출원,경상남도,지식재산,소상공인,지식재산처",시험/인증,4604
932,산업통상부,대한무역투자진흥공사,경영,2026년 산업 분야 온실가스 국제감축사업 공고,,,2026-04-23,https://www.bizinfo.go.kr/sii/siia/selectSIIA200Detail.do?pblancId=PBLN_000000000121191,세부사업별 상이,중소기업,"국가 온실가스 감축목표 달성을 위한「2026년 온실가스 국제감축사업」을 공고하오니, 동 사업에 지원할 자격과 역량을 갖춘 우리 기업(국내 법인 또는 기관)은 절차 및 관련 규정에 따라 신청하여 주시기 바랍니다. ☞ 운영지침 제2조에 따른「국내법인 또는 기관」 ※ 자세한 지원대상 공고문 참조 ☞ 투자지원, 타당성조사지원 - (투자지원) 감축설비 투자비의 최대 50% (단, 100억원 이하) - (타당성조사지원) 설계, 방법론 검토 등 최대 90% (단, 4억원 이하)","경영,서울,부산,대구,인천,광주,대전,울산,세종,경기,강원,충북,충남,전북,전남,경북,경남,제주,온실가스 감축,산업통상부,2026,국제감축사업,타당성조사,법인,기관,대한무역투자진흥공사,온실가스,투자",디자인/상품화/사업화,4696
933,중소벤처기업부,소상공인시장진흥공단,경영,2026년 희망리턴패키지 재기사업화(경영개선) 위기 소상공인 진단ㆍ멘토링 지원 모집 공고,,,2026-04-23,https://www.bizinfo.go.kr/sii/siia/selectSIIA200Detail.do?pblancId=PBLN_000000000121182,예산 소진시까지,소상공인,"소상공인의 안정적 재기를 지원하기 위한 2026년 제1회 추가경정예산 「희망리턴패키지 재기사업화(경영개선) 위기 소상공인 진단·멘토링 지원」사업을 다음과 같이 공고합니다. ☞ 위기 소상공인 - 공단ㆍ지역신보ㆍ민간은행(17개사)으로부터 위기징후 모니터링 선별 기준에 따라 위기 소상공인으로 선별되어 위기 알림톡을 받은 자로서, 사업체를 휴ㆍ폐업하지 않고 정상적으로 영업 중인 소상공인 ※ 자세한 지원대상 공고문 참조 ☞ 경영진단ㆍ멘토링 등 지원 - (경영진단) 전문가가 소상공인 사업장에 방문하여 빅데이터와 표준 진단지를 통해 진단하고, ","경영,서울,부산,대구,인천,광주,대전,울산,세종,경기,강원,충북,충남,전북,전남,경북,경남,제주,2026,소상공인시장진흥공단,중소벤처기업부,소상공인,재기사업화,경영개선,멘토링,빅데이터,개선지도,체움멘토링,전담관리자",컨설팅,9308
934,중소벤처기업부,창업진흥원,창업,2026년 스타트업 법률지원사업 참여기업 모집 수정 공고,,,2026-04-23,https://www.bizinfo.go.kr/sii/siia/selectSIIA200Detail.do?pblancId=PBLN_000000000121175,예산 소진시까지,창업벤처,창업기업의 법률ㆍ규제 애로해소 지원을 위한 「2026년 스타트업 법률 지원」계획을 다음과 같이 수정 공고합니다. ☞ 기술창업기반 예비창업자 및 창업기업 ☞ 「스타트업 원스톱 지원센터」자문단 소속 변호사를 통한 온라인 법률상담 서비스(지원기업별 최대 300만원(신청건별 최대 100만원)) 지원 - 법률(국내) : 기업 경영 전반에 관한 법률 상담 - 법률(해외) : 해외진출국에 대한 현지 법령 검토 등 ※ 자세한 지원내용 공고문 참조,"창업,서울,부산,대구,인천,광주,대전,울산,세종,경기,강원,충북,충남,전북,전남,경북,경남,제주,2026,원스톱,법률상담,규제,법률,애로해소,예비창업자,창업기업,중소벤처기업부,창업진흥원,스타트업",창업정보제공,5792
935,제주특별자치도,직접수행,수출,2026년 제주항 화물유치 지원사업 참여업체 모집 변경 공고,,,2026-04-22,https://www.bizinfo.go.kr/sii/siia/selectSIIA200Detail.do?pblancId=PBLN_000000000121165,예산 소진시까지,중소기업,"제주-칭다오 항로의 안정적인 항로 유지를 도모하고 제주항 활성화를 위해「2026년 제주항 화물유치 지원사업」의 참여업체를 다음과 같이 모집하오니 많은 참여 바랍니다. ☞ 제주특별자치도 이외 지역의 국제화물을 제주항을 경유하여 수출(제주ㆍ칭다오 노선에 한함)하는 화주 및 국제물류주선업자, 선사 - 대상품목 : 농림수산물, 생활용품, 기계류, 잡화류 등 모든 수출품 ☞ 제주항을 이용 시 발생하는 해상운송비(하역비, 적입적출료 포함) 지원 ※ 자세한 지원내용 공고문 참조","수출,서울,부산,대구,인천,광주,대전,울산,세종,경기,강원,충북,충남,전북,전남,경북,경남,제주,칭다오노선,국제화물,항로유지,제주항,2026,수출품,화물유치,선사,해상운송비,제주특별자치도,직접수행,국제물류추진단",해외진출,5732
936,울산광역시,울산경제일자리진흥원,창업,[울산] 창업의 꿈 울산이 이루어 드림 모집 공고,,,2026-04-22,https://www.bizinfo.go.kr/sii/siia/selectSIIA200Detail.do?pblancId=PBLN_000000000121148,예산 소진시까지,소상공인,"울산광역시 소상공인의 임차료를 일부 지원하여 창업 생태계 조성 및 지역경제 활성화를 위한 ‘창업의 꿈 울산이 이루어 드림’ 참여자를 다음과 같이 모집 공고합니다. ☞ 울산 소재 소상공인 - 「소상공인기본법」 제2조에 따른 소상공인 - 임대차 계약을 체결(가족, 배우자 간 임대차 계약 제외)한 사업장 소재지가 울산인 업체(사업자등록증명원상) - 1년 이상 사업 운영 중인 업체(2024. 7. 1. 이전 개업한 소상공인) - 2025년도 연 매출액이 0원 초과 5천만원 이하인 업체 - 2025년도 매출액이 2024년 매출액 대비 5% ","창업,경영,울산,2026,울산광역시,울산경제일자리진흥원,소상공인,창업의꿈,임대료,소상공인임대료,임차료,지역경제활성화",창업공간지원,6741
937,경상북도,경상북도경제진흥원,인력,[경북] 영천시 2026년 중소기업 기숙사 임차비 지원사업 참여기업 모집 공고,,,2026-04-22,https://www.bizinfo.go.kr/sii/siia/selectSIIA200Detail.do?pblancId=PBLN_000000000121145,예산 소진시까지,중소기업,"영천시와 경북경제진흥원에서는 근로자 정주여건 개선을 위한 「영천시 중소기업 기숙사 임차비 지원사업」을 추진하고 있습니다. 참여를 희망하는 기업은 신청하여 주시기 바랍니다. ☞ 영천시에 본점 또는 주사업장이 있고 제조, 건설 등 11개 업종에 해당하는 중소ㆍ중견기업 ※ 자세한 지원대상 공고문 참조 ☞ 기숙사 임차비(월세)의 90%지원 ※ 월 30만원, 최대 12개월 지원","인력,경북,2026,건설,월세,기숙사,영천시,임차비,경상북도경제진흥원,제조,경상북도,중견기업,중소기업",고용유지,4239
938,전남광주통합특별시,광주경제진흥상생일자리재단,경영,[광주] 2026년 소상공인주치의센터 컨설팅 참여업체 모집 공고,,,2026-04-22,https://www.bizinfo.go.kr/sii/siia/selectSIIA200Detail.do?pblancId=PBLN_000000000121134,예산 소진시까지,소상공인,"광주광역시와 광주경제진흥상생일자리재단에서는 소상공인의 경영 안정 및 자생력을 확보하고자 「소상공인 주치의센터」를 운영하고 있습니다. 분야별 전문가와 맞춤형 컨설팅(전문컨설팅, 종합컨설팅)을 원하는 업체를 아래와 같이 모집하오니 많은 신청바랍니다. ☞ 사업자등록증 상 광주소재 소상공인 및 예비창업자 - 소상공인 : 상시근로자 5인 미만 사업자(제조ㆍ건설ㆍ운수ㆍ광업은 10인 미만) - 예비창업자 : 광주시에 2년 이상 주소지를 등록하고 거주한 자 (사업개시일 이전 사업자등록증 소지자 포함, 임대차계약서 소지자) ☞ 종합컨설팅, 전문컨설","경영,광주,2026,광주경제진흥상생일자리재단,광주광역시,종합컨설팅,전문컨설팅,예비창업자,소상공인주치의센터,소상공인,컨설팅,전남광주,전남광주통합특별시",컨설팅,5631
939,경기도,경기도일자리재단,경영,[경기] 2026년 일터동행 기업 파트너십 참여기업 모집 공고(무료 교육ㆍ컨설팅 지원),,,2026-04-22,https://www.bizinfo.go.kr/sii/siia/selectSIIA200Detail.do?pblancId=PBLN_000000000121131,2026년 4월 ~ 예산 소진시까지,중소기업,"경기도일자리재단(경기광역새일센터)에서는 경기도 내 기업을 대상으로 찾아가는 기업 맞춤형 직무ㆍ조직문화 교육 및 컨설팅을 무료로 지원하여 일ㆍ생활 균형 문화 확산 및 일하기 좋은 기업문화를 조성하고자 참여기업체를 아래와 같이 모집합니다. ☞ 경기도 내 기업으로 상시근로자 10인 이상(교육참여자 10인 이상) 기업 - 여성 재직자 비율이 10% 이상인 기업 ☞ 찾아가는 기업교육(기업당 2시간 이내), 일ㆍ생활균형 컨설팅(2회) 지원","경영,경기,일터동행기업파트너십,일터동행,좋은기업문화,경기광역새일센터,2026,기업교육,경기도일자리재단,일생활균형,경기도,컨설팅,교육",컨설팅,5497
940,고용노동부,한국사회적기업진흥원,창업,2026년 사회적가치지표(SVI) 측정기업 모집 공고,2026-04-20,2026-10-15,2026-04-21,https://www.bizinfo.go.kr/sii/siia/selectSIIA200Detail.do?pblancId=PBLN_000000000121107,,사회적기업,"사회적기업이 창출하는 사회적ㆍ경제적 가치를 종합 측정ㆍ평가하는「사회적가치지표(SVI) 측정」사업에 참여할 기업을 다음과 같이 모집하오니, 관심 있는 기업의 많은 신청 바랍니다. ☞ (예비)사회적기업 및 사회적기업 성장지원센터 회원기업 ☞ 공공ㆍ민간기관 대상 홍보, 표창수여, 탁월 기업 네트워크 신설 등 지원 ※ 자세한 지원내용 공고문 참조","내수,창업,기타,서울,부산,대구,인천,광주,대전,울산,세종,경기,강원,충북,충남,전북,전남,경북,경남,제주,2026,SVI,사업연계,홍보,사회적가치지표,고용노동부,한국사회적기업진흥원,예비사회적기업,사회적기업",사업화지원,6169
941,경상북도,경상북도경제진흥원,내수,[경북] 경주시 2026년 온라인 플랫폼 판로지원 온라인 기획전 참여업체 모집 공고,,,2026-04-21,https://www.bizinfo.go.kr/sii/siia/selectSIIA200Detail.do?pblancId=PBLN_000000000121103,모집 완료시,중소기업,"경주시와 (재)경상북도경제진흥원은 경주시 소재 소상공인 및 중소기업의 매출 증대, 온라인 판로 확대를 위해「온라인 기획전」사업을 다음과 같이 추진하오니, 많은 신청바랍니다. ☞ 경주시 소재 소상공인 또는 중소기업 ① 경주시 소재 사업자등록증 보유 ② 소상공인 또는 중소기업 확인서 보유 ③ 소비재(완제품) B2C 품목을 제조 또는 판매하는 업체 - 소비재 : 식품, 화장품, 잡화, 생활용품, 주방용품, 디지털, 가전, 가구, 침구, 의류, 아동용품, 취미ㆍ스포츠용품, 조명, 공예, 반려동물용품 분야 소비재 ☞ 온라인 플랫폼 기획전 입","내수,경북,B2C 품목,온라인 판로 확대,온라인 기획전,2026,아동용품,스포츠용품,취미,온라인 플랫폼,조명,반려동물용품,침구,완제품,가구,주방용품,잡화,의류,생활용품,경주시,디지털,공예,식품,프로모션,가전,경상북도경제진흥원,화장품,경상북도,소비재,소상공인,중소기업",온라인,6174
942,산업통상부,중소조선연구원,인력,[경남ㆍ부산ㆍ울산ㆍ전남] 2026년 중소조선 함정MRO 글로벌 경쟁력 강화지원사업 함정MRO 전문인력양성 참여기업 모집 공고,,,2026-04-21,https://www.bizinfo.go.kr/sii/siia/selectSIIA200Detail.do?pblancId=PBLN_000000000121099,상시 접수,중소기업,"美 함정 MRO 시장 진출·전환을 희망하는 국내 중소형 조선소(수리조선), 조선기자재 업체 등 함정 MRO 수행역량 확보를 위한 전문인력양성을 지원하기 위하여 「참여기업」을 모집하오니 많은 지원바랍니다. ☞ 경남ㆍ부산ㆍ울산ㆍ전남지역에 소재한 美 함정 MRO 시장 진출ㆍ전환을 희망하는 국내 중소형조선소(수리조선), 조선기자재 업체 등 ☞ 함정 MRO 수행역량 확보를 위해 MRO 수요기반 재직자ㆍ구직자 교육 프로그램 지원 - (교육프로그램) ① 엔진/추진시스템 MRO ② 선체 MRO ③ 스마트 MRO ④ MRO 보안ㆍ인증 ⑤ 함정 MR","기술,인력,부산,울산,전남,경남,전남대불산학융합원,산업통상부,2026,국립창원대학교,중소조선연구원,부산테크노파크,울산테크노파크,경남테크노파크,한국산업기술진흥원,MRO,스마트,보안,인증,역설계,함정정비품질,전남광주,전남광주통합특별시",교육/훈련/연수,5520
943,부산광역시,부산테크노파크,기술,2026년 전동화 전력반도체 일괄공정 테스트베드 구축 기업지원 모집 공고,,,2026-04-21,https://www.bizinfo.go.kr/sii/siia/selectSIIA200Detail.do?pblancId=PBLN_000000000121098,상시 접수,중소기업,"부산테크노파크 전력반도체센터에서 추진중인 「전동화 전력반도체 일괄공정 테스트베드 구축」사업과 관련하여 세부 기업지원 분야인 시험ㆍ평가ㆍ인증 및 시제품제작 지원을 위하여 전력반도체 관련 기업의 지원신청 접수를 안내하오니 많은 참여 바랍니다. ☞ (SiC) 전력반도체 관련 소자(특화공정, Diode, MOSFET 등) 제조 및 연구개발 기업 - (전력) 반도체 적용 부품 및 완제품 제조기업 ☞ 시험ㆍ평가ㆍ인증 및 시제품 제작(소자 개발 및 소자 제조) 지원","기술,서울,부산,대구,인천,광주,대전,울산,세종,경기,강원,충북,충남,전북,전남,경북,경남,제주,부산테크노파크,부산광역시,전력반도체,전동화,시험,평가,인증,시제품제작,SIC,전력,제조업,2026",기술사업화/이전/지도,6315
944,경상남도,경남투자경제진흥원,경영,[경남] 2026년 경남투자청 투자유치 원스톱 패키지 지원사업 참여기업 모집 공고,,,2026-04-21,https://www.bizinfo.go.kr/sii/siia/selectSIIA200Detail.do?pblancId=PBLN_000000000121076,예산 소진시까지,중소기업,"경남투자경제진흥원은 경남 도내 기업의 성공적인 투자를 뒷받침하기 위하여 기업에 따라 맞춤형으로 지원하는 「2026년 경남투자청 투자유치 원스톱 패키지 지원사업」을 시행하오니 많은 참여를 바랍니다. ☞ 경남 소재 외국인 투자 기업 및 도내 중소기업 - FDI 기업 ㆍ 26년도에 법인을 설립하거나 증자, 외국인 투자 신고(INSC) 완료한 외국인 투자기업 ㆍ 26년도 제외, 외국인투자 신고(INSC) 완료한 외국인 투자기업 - 국내기업 : 「중소기업기본법」제2조 및 시행령 별표 1에서 정의하는 기업 ☞ 사전 마켓리서치, 법인설립 및 증","경영,경남,경남투자청,경남투자경제진흥원,경상남도,2026,FDI기업,외국인투자기업,중소기업,투자유치,컨설팅",디자인/상품화/사업화,4982
945,대전광역시,기초자치단체,경영,2026년 대전 유성구 단체관광객 유치 여행사 인센티브 지원계획 공고,,,2026-04-21,https://www.bizinfo.go.kr/sii/siia/selectSIIA200Detail.do?pblancId=PBLN_000000000121068,예산 소진시까지,중소기업,대전광역시 유성구 관광객 유치 증대 및 지역경제 활성화를 위한 <2026년 단체관광객 유치 여행사 인센티브 지원계획>을 아래와 같이 공고하오니 많은 참여 바랍니다. ☞ 「관광진흥법」 제4조에 따라 등록된 여행사 ☞ 단체관광객 유치 시 인센티브 지원 ※ 자세한 사항 공고문 참조,"경영,서울,부산,대구,인천,광주,대전,울산,세종,경기,강원,충북,충남,전북,전남,경북,경남,제주,2026,유성구,관광객유치,단체관광객,여행사,인센티브,기초자치단체,대전광역시",디자인/상품화/사업화,4515
946,경기도,경기도시장상권진흥원,경영,[경기] 2026년 소상공인 사업정리 지원사업 모집 공고,,,2026-04-21,https://www.bizinfo.go.kr/sii/siia/selectSIIA200Detail.do?pblancId=PBLN_000000000121063,예산 소진시까지,소상공인,"도내 경영위기 소상공인에게 사업정리 컨설팅 및 생계지원을 통해 폐업 충격완화 및 재기 지원을 도모하고자 「2026년 경기도 소상공인 사업정리 지원사업」을 다음과 같이 공고하오니 많은 참여 바랍니다. ☞ 도내 폐업 또는 폐업 예정 소상공인 ※ 폐업일 : '25. 1. 1. 이후 ※ '23~'26년 경기도 동일사업 및 유사사업 기수혜자, 신청업체 외 다른 사업자등록 보유자 신청 불가 ☞ 사업정리 컨설팅 및 사업지원금(재기장려금) 지원 - 사업정리 컨설팅 : 소상공인 수요 맞춤 분야별 전문 1:1 컨설팅 제공 - 사업지원금(재기장려금) ","경영,경기,경기도시장상권진흥원,경기도,2026,소상공인,폐업소상공인,폐업예정소상공인,소상공인사업정리ㅅ,사업정리,컨설팅,사업지원금,재기장려금,폐업,재기",컨설팅,13600
947,충청북도,충청북도기업진흥원,인력,[충북] 2026년 2차 기숙사임차비지원사업 참여기업 추가모집 공고,,,2026-04-20,https://www.bizinfo.go.kr/sii/siia/selectSIIA200Detail.do?pblancId=PBLN_000000000121039,예산 소진시까지,중소기업,"도내 중소기업 근로자들의 정주여건 개선과 생활 안정을 도모하여 기업의 신규 채용을 독려하고 양질의 일자리 기반을 만들기 위한「2026년 충청북도 기숙사 임차비 지원사업」참여 기업 2차 추가모집을 진행하오니 많은 관심과 참여 바랍니다. ☞ 임차 기숙사를 운영하여 근로자에게 제공하는 증평ㆍ괴산군 소재 중소기업 ☞ 사업장 주변의 기숙사를 임차하여 근로자에게 제공하는 경우, 월 임차 비용 일부(80%) 지원(당해연도) - 근로자 최대 5명 지원(근로자 1인당 월 최대 30만 한도) ※ 괴산군 최대 10명 가능 - 연 최대 6개월 이내 ※ ","인력,충북,2026,임차기숙사,기숙사임차비,괴산군,기숙사,충청북도,충청북도기업진흥원,중소기업,증평군",고용유지,5660
948,과학기술정보통신부,한국인터넷진흥원,기술,2026년 IoT 보안인증 인증시험 수수료 지원 공고,2026-02-03,2026-11-30,2026-04-20,https://www.bizinfo.go.kr/sii/siia/selectSIIA200Detail.do?pblancId=PBLN_000000000121038,,중소기업,"한국인터넷진흥원은 사물인터넷(IoT) 제품의 보안 강화를 위해 IoT 보안인증제도(법적명칭 : 정보통신망연결기기등 정보보호인증)를 운영하고 있습니다. 22년 하반기부터 민간 시험대행기관에서 시험을 진행하여 인증시험 수수료가 부과됨에 따라 중소기업을 대상으로 인증시험 수수료 지원을 실시하오니 관심 있는 기업들의 많은 참여 부탁드립니다. ☞ 중소기업기본법 제2조의 중소기업 중 망법 제48조의6에 따른 정보통신망연결기기등 정보보호인증을 받은 제품(최초시험, 중소기업 한정) - 대상제품 : IoT 제품 및 연동 모바일 앱 ☞ IoT 보안인","기술,서울,부산,대구,인천,광주,대전,울산,세종,경기,강원,충북,충남,전북,전남,경북,경남,제주,모바일 앱,IoT 제품,2026,정보통신망연결기기,IoT 보안인증,정보보호인증,IoT,사물인터넷,한국인터넷진흥원,과학기술정보통신부",시험/인증,10238
949,해양수산부,선박해양플랜트연구소,기술,2026년 해양플랜트 서비스산업 엔지니어링 기술 지원 공고(해양플랜트 서비스산업 장비 공동활용 및 인력양성 사업),,,2026-04-20,https://www.bizinfo.go.kr/sii/siia/selectSIIA200Detail.do?pblancId=PBLN_000000000121025,상시 접수,중소기업,"한국해양과학기술원 부설 선박해양플랜트연구소 해양플랜트산업지원센터(거제시, 장목소재)에서는 해양플랜트 서비스산업을 지원하기 위하여 ‘해양플랜트 서비스산업 엔지니어링 기술 지원’ 세부사업을 진행합니다. 관심 있으신 기업의 많은 참여를 바랍니다. ☞ 국내 해양플랜트서비스산업 관련 모든 기업(해양재생에너지 등 포함) - 지원받는 엔지니어링 결과를 활용하여 기업에서 추진하는 해양플랜트서비스산업과 연계하고, 기술향상을 통한 관련 사업 입찰 지원 또는 매출 등이 가능한 기업 ☞ 해양플랜트 서비스산업 해석 및 엔지니어링 기술 지원","기술,서울,부산,대구,인천,광주,대전,울산,세종,경기,강원,충북,충남,전북,전남,경북,경남,제주,기계시스템,해양플랜트서비스,2026,엔지니어링,해양재생에너지,공정해석,선박해양플랜트연구소,기술지원,해양수산부",기술사업화/이전/지도,4356
950,해양수산부,한국수산회,수출,2026년 수출패키징 지원사업 지원업체 모집 공고,,,2026-04-20,https://www.bizinfo.go.kr/sii/siia/selectSIIA200Detail.do?pblancId=PBLN_000000000121003,예산 소진시까지,중소기업,"(사)한국수산회에서는 해양수산부의 해외시장개척사업의 일환으로 수산물 수출업체의 상품 포장재 제작에 필요한 비용 지원을 통해 수산식품의 부가가치 및 수출 경쟁력 제고를 위한「2026년 수출패키징 지원 사업」을 추진하오니, 관심 있는 업체의 많은 참여 바랍니다. ☞ 수산식품 수출을 희망하거나 수출 중인 생산ㆍ가공ㆍ유통 업체 ☞ 선도유지 패키징, 포장재 고도화 지원 - (선도유지 포장재 및 부자재) 품목별 선도유지에 특화된 포장재비 및 부자재비 지원 - (냉동ㆍ냉장 포장재 및 부자재) 냉동ㆍ냉장에 특화된 포장재비 및 부자재비, 기기렌탈비","수출,경영,서울,부산,대구,인천,광주,대전,울산,세종,경기,강원,충북,충남,전북,전남,경북,경남,제주,포장재 고도화,선도유지 패키징,상품 포장재,수산물 수출,2026,한국수산회,생산,가공,수산물,해외시장개척,해양수산부,유통,수산식품",해외진출준비,5825
951,경상남도,중소기업기술혁신협회,인력,[경남] 2026년 방위산업 상생형 격차 완화 지원사업 참여자 모집 공고,,,2026-04-20,https://www.bizinfo.go.kr/sii/siia/selectSIIA200Detail.do?pblancId=PBLN_000000000121002,세부사업별 상이,중소기업,중소기업기술혁신협회 경남지회는 고용노동부 및 경상남도와 함께 방위산업 원청-협력사 근로자 간 격차완화를 위한 협력사 대상의 「경남 방위산업 지역상생형 격차 완화 지원사업」을 다음과 같이 공고합니다. ☞ 소재지가 경상남도이며 방위산업 관련 사업체 증빙 가능 기업(5인 이상 500인 이하 방위산업 중소기업) ※ 자세한 지원대상 공고문 참조 ☞ 방위산업 일채움 지원금 : 정규직 취업 후 근속 유지 시 최대 150만원 지원 - 방위산업 장기근속자 인센티브 :근로자의 근속연수에 따라 인센티브 차등 지원 - 방위산업 복리후생비 지원사업 : 방,"인력,경남,복지체계,장기근속자,2026,휴가비,중소기업기술혁신협회,복리후생비,방위산업,인센티브,고용노동부,중소기업,경상남도",작업환경개선,8151
952,울산광역시,울산광역시소상공인행복드림센터,경영,[울산] 소상공인 포장재 구입비 긴급 지원 사업 공고(온라인 판로ㆍ마케팅 지원),,,2026-04-20,https://www.bizinfo.go.kr/sii/siia/selectSIIA200Detail.do?pblancId=PBLN_000000000121001,선착순 접수,소상공인,"중동 전쟁으로 인한 원자재 가격 상승에 따라 포장재 지원으로 소상공인의 비용부담을 완화하기 위해 「소상공인 포장재 구입비 긴급 지원 사업」을 아래와 같이 공고합니다. ☞ 울산광역시 내 소상공인 - 울산광역시 내 사업장을 두고, 「소상공인기본법」 제2조 및 「소상공인기본법 시행령」제3조에 따른 음식점업(요식업, 외식업, 커피전문점 등)을 영위하고 있는 온라인 배달 플랫폼(울산페달, 배달의 민족 등) 입점 소상공인 사업자 - 2025년 연매출액 0원 초과 1억 4백만원 미만의 영업 중인 소상공인 - 개업일이 2025년 12월 31일 이","경영,울산,2026,울산광역시,울산광역시소상공인행복드림센터,소상공인,포장재,포장재구입비,음식점,음식점업,요식업,외식업,커피전문점,배달플랫폼",디자인/상품화/사업화,7282
953,전남광주통합특별시,광주디자인진흥원,내수,[광주] 2026년 광주산업화디자인프로젝트 글로벌 디자인 전문기업 육성 지원 참여기업 모집 공고,,,2026-04-17,https://www.bizinfo.go.kr/sii/siia/selectSIIA200Detail.do?pblancId=PBLN_000000000120976,예산 소진시까지,중소기업,"광주디자인진흥원에서 주관하는 「2026 광주산업화디자인프로젝트」사업의 일환으로 광주 지역 제조기업 및 디자인기업 글로벌 경쟁력 확보 및 브랜드 인지도 향상을 위해 지원사업을 추진하오니 많은 관심 바랍니다. ☞ 광주광역시 소재 제조기업 및 디자인전문기업 ☞ 기업당 최대 3,000천원 지원 - 국내ㆍ외 공모전(GD, Red Dot, iF, IDEA, PINUP, CES 등) 운영시기를 고려한 출품비 지원 - 공모전 출품 관련 전문가 기술 자문 지원(희망 기업에 한함)","인력,내수,광주,2026,광주디자인진흥원,광주광역시,디자인전문기업,제조업,공모전,출품비,기술자문,광주산업화디자인프로젝트,전남광주,전남광주통합특별시",오프라인,8561
954,경상북도,경상북도경제진흥원,금융,[경북] 경주시 2026년 중소기업 화재보험료 지원사업 참여기업 모집 공고,,,2026-04-17,https://www.bizinfo.go.kr/sii/siia/selectSIIA200Detail.do?pblancId=PBLN_000000000120964,예산 소진시까지,중소기업,"경주시와 경북경제진흥원에서는「경주시 중소기업 화재보험료 지원사업」을 추진하고 있습니다. 참여를 희망하시는 기업은 신청하여 주시기 바랍니다. ☞ 신청일 현재 해당 사업장이 화재보장(화재손해, 화재배상) 보험에 가입된 기업(①~③모두 충족) ① 사업장 기준: 경주지역에 사업자등록된 사업장 ② 기업규모 기준: 「중소기업기본법」상 중소기업 ③ 업종 기준: 공장등록(공장등록증명서) 된 제조기업 ☞ 연간보험료의 35~90% 지원, 업체당 최대 4백만원 지원","금융,경북,2026,경상북도경제진흥원,경상북도,경주시,중소기업,제조기업,연간보험료,화재보험료",보험(수출+무역),5462
955,충청북도,충청북도기업진흥원,수출,[충북] 2026년 수출기업 외국어 통ㆍ번역 지원사업 참여기업 모집 공고,2026-04-13,2026-12-11,2026-04-17,https://www.bizinfo.go.kr/sii/siia/selectSIIA200Detail.do?pblancId=PBLN_000000000120959,,중소기업,"충청북도와 충청북도기업진흥원은 공동으로 「2026 충북 수출기업 외국어 통ㆍ번역 지원」 사업을 추진합니다. 도내 중소ㆍ중견 기업들의 많은 참여 바랍니다. ☞ 도내 수출(예정) 중소ㆍ중견기업 ☞ 바이어 등 통역, 브로셔 / 매뉴얼 / 계약서 등 수출 관련자료 번역 지원 - 기업의 수출과 관련된 내용에 한해 통ㆍ번역 지원 - 기업당 연 2,000천원 한도 지원 - 영어, 일어, 중국어, 불어 등 모든 외국어 지원 가능 ※ 통역 지원 경우 국내ㆍ외 전시회 지원 불가","수출,충북,2026,충청북도,충청북도기업진흥원,중소기업,중견,수출기업,외국어,번역,통역,통번역,영어,일본어,중국어,불어",해외진출준비,6394
956,강원특별자치도,기초자치단체,수출,[강원] 강릉시 수출기업 홍보 웹사이트 입점 희망 기업 모집 공고,,,2026-04-17,https://www.bizinfo.go.kr/sii/siia/selectSIIA200Detail.do?pblancId=PBLN_000000000120957,상시 접수,중소기업,"강릉시 수출(준비,희망)기업의 홍보와 정보 활용을 위하여 운영 중인「강릉시 수출기업 홍보 웹사이트」입점 희망기업을 아래와 같이 모집하오니 많은 참여 바랍니다. ☞ 강릉시 소재(본사 또는 공장) 중소 제조 수출(준비) 기업 ☞ 강릉시 수출기업 홍보 웹사이트 운영, 강릉시 수출기업(준비, 신규) 소개 및 제품 등록(영문 번역 포함), 강릉시 지원사업 정보 제공 등 지원","수출,내수,강원,2026,강원특별자치도,강릉시,웹사이트,수출기업,홍보,기초자치단체,제조,온라인",해외진출준비,4855
957,중소벤처기업부,전남창조경제혁신센터,창업,2026년 전남 창업BuS 프로그램 창업기업 모집 공고,,,2026-04-17,https://www.bizinfo.go.kr/sii/siia/selectSIIA200Detail.do?pblancId=PBLN_000000000120946,선착순 접수,창업벤처,"전남창조경제혁신센터에서 운영 중인 2026년 전남 창업 BuS 참여기업을 아래와 같이 모집합니다. ☞ 에너지ㆍAIㆍ바이오ㆍ의료 등 스타트업(예비창업자(팀) 또는 7년 이내 창업기업) ☞ IR 피칭기회 제공, 액셀러레이팅(멘토링, IR Batch 프로그램 등) 지원 검토, 전남창조경제혁신센터 직접투자(Seed) 검토, 투자 후 TIPS/LIPS 연계 검토 등 지원","창업,서울,부산,대구,인천,광주,대전,울산,세종,경기,강원,충북,충남,전북,전남,경북,경남,제주,2026,중소벤처기업부,창업진흥원,스타트업,전남창조경제혁신센터,에너지,AI,바이오,의료,예비창업자,창업기업,창업7년이내,IR피칭기회,IR,액셀러레이팅,멘토링,직접투자,투자",사업화지원,5414
958,전남광주통합특별시,광주경제진흥상생일자리재단,인력,[광주] 2026년 소상공인 신규채용 인건비 지원사업 모집 공고,,,2026-04-17,https://www.bizinfo.go.kr/sii/siia/selectSIIA200Detail.do?pblancId=PBLN_000000000120944,예산 소진시까지,소상공인,"소상공인의 경영부담 완화 및 일자리 창출을 위하여 ‘소상공인 신규 채용 인건비 지원 사업’의 참여자를 다음과 같이 모집 공고합니다. ☞ 2026.1.1. 기준 6개월 이상 정상운영 중(2025.7.1. 이전 개업)인 상시근로자 5인 미만 소상공인 ※ 자세한 지원대상 공고문 참조 ☞ 2026.1.1.이후 신규채용 근로자(광주거주, 19세 이상 64세 이하)의 인건비 월 50만원, 최대 3개월 지원(업체당 최대 2명 이내 지원)","인력,광주,2026,광주경제진흥상생일자리재단,신규채용,인건비 지원,근로자,광주광역시,소상공인,전남광주,전남광주통합특별시",고용환경개선,7176
959,경기도,시흥산업진흥원,경영,[경기] 시흥시 2026년 대야기계장비 소공인특화지원센터 자율사업 통합 모집 공고,,,2026-04-17,https://www.bizinfo.go.kr/sii/siia/selectSIIA200Detail.do?pblancId=PBLN_000000000120933,예산 소진시까지,소상공인,"(재)시흥산업진흥원(대야기계장비 소공인특화지원센터)에서는 집적지내 소공인의 경영 역량강화와 경쟁력을 향상시키기 위해 「2026년 대야기계장비 소공인특화지원센터 자율사업」 을 다음과 같이 공고하오니 사업 참여를 희망하는 소공인은 아래 내용에 따라 신청하시기 바랍니다. ☞ C25(금속 가공제품 제조업), C29(기타 기계 및 장비 제조업)기타 기계 및 장비 제조업)업종 소공인(상시 근로자 수 10인 미만 제조업) 업체 - 업체 소재지가 집적지(시흥시 대야동, 신천동, 은행동, 신현동, 매화동, 과림동) 내 위치 ☞ 맞춤형 컨설팅지원, ","경영,경기,10인 미만,2026,과림동,신현동,대야동,매화동,은행동,신천동,소공인,시흥시,시흥산업진흥원,경기도,제조업",디자인/상품화/사업화,4901
960,대구광역시,지능형자동차부품진흥원,인력,[대구] 2026년 지역 플러스 고용활력 프로젝트 사업 공고,,,2026-04-17,https://www.bizinfo.go.kr/sii/siia/selectSIIA200Detail.do?pblancId=PBLN_000000000120919,예산 소진시까지,중소기업,"대구지역 모빌리티 산업의 지속적인 성장을 위한 신규 고용과 지속 고용을 위한 「플러스 고용활력 프로젝트」의 모집공고를 안내드립니다. ☞ 대구지역 모빌리티 기업 등에 정규직으로 2026.01.01. 이후 취업한 근로자 및 채용한 사업주 - 모빌리티 기업의 고용보험 피보험자수 5인 이상 500인 이하 중소기업 ☞ 모빌리티 중장년 채움 지원금 지원 ㆍ3, 6, 9개월 차에 각각 100만원 지급(최대 300만원) ㆍ다자녀 신청자의 경우 3,6,9,12개월 차에 각각 100만원 지급(최대 400만원) - 모빌리티 중장년 일자리 도약 장려금 ","인력,대구,2026,대구광역시,지능형자동차부품진흥원,모빌리티,플러스고용활력,중장년,채움지원금,일자리도약장려금",고용환경개선,5551
961,경상남도,창원상공회의소,경영,[경남] 2026년 중소기업 녹색인증 컨설팅 지원사업 참여기업 모집 공고,,,2026-04-16,https://www.bizinfo.go.kr/sii/siia/selectSIIA200Detail.do?pblancId=PBLN_000000000120905,예산 소진시까지,중소기업,"경상남도 내 중소기업의 녹색인증 취득 지원 및 인증비용 지원을 위한 「2026년 녹색인증 컨설팅 지원사업」을 아래와 같이 실시하오니 사업 참여를 희망하는 기업에서는 신청하여 주시기 바랍니다. ☞ 「중소기업기본법」제2조에 의한 중소기업으로 도내에 본사 또는 공장을 운영 중인 중소제조기업 - 신청하는 기술 및 사업이 '녹색기술 인증대상'에 해당될 것 ☞ 녹색기술 인증 컨설팅, 시험분석 수수료, 녹색기술 인증비용, 녹색기술제품 인증비용(기업 당 4,000천원 이내) 지원","기술,경영,경남,2026,창원상공회의소,경상남도,녹색인증,녹색기술,인증비용,컨설팅,시험분석,수수료",컨설팅,6404
962,강원특별자치도,강원특별자치도경제진흥원,금융,[강원] 2026년 3차 중소기업육성자금 지원 변경계획 공고,,,2026-04-16,https://www.bizinfo.go.kr/sii/siia/selectSIIA200Detail.do?pblancId=PBLN_000000000120904,예산 소진시까지,중소기업,"「강원특별자치도 중소기업육성기금 설치 및 운용 조례」 제10조의 규정에 따라 「2026년 강원특별자치도 중소기업육성자금 지원 변경계획」을 다음과 같이 변경하여 공고합니다. ☞ 도내 소재(본사 또는 공장) 중소기업 ※ 은행 여신규정에 의한 담보능력 보유 기업 ☞ 경영안정자금, 창업 및 경쟁력강화자금, 특수목적 자금 지원 ※ 자세한 지원내용 공고문 참조","금융,강원,금융기관협력자금,창업및경쟁력강화,2026,강원특별자치도경제진흥원,강원특별자치도,특수목적,중소기업육성자금,경영안정자금,운전자금,시설자금",융자,7067
963,산업통상부,창원상공회의소,수출,[경남] 창원시 2026년 OK FTA 컨설팅 사업 참여기업 모집 공고(경남FTA통상진흥센터),,,2026-04-16,https://www.bizinfo.go.kr/sii/siia/selectSIIA200Detail.do?pblancId=PBLN_000000000120903,예산 소진시까지,중소기업,창원상공회의소 경남FTA통상진흥센터는 산업통상부와 함께 수출기업 및 협력기업의 FTA 활용 능력 제고를 위한 컨설팅 사업을 시행하오니 많은 참여 바랍니다. ☞ 경남지역 수출(예정기업 포함) 및 수출협력 중소ㆍ중견기업 - 2년 내(‘24~25) FTA 컨설팅 수혜기업 제외(타부처 유사사업 포함) ☞ FTA 활용 및 원산지관리에 필요한 맞춤형 컨설팅 지원,"수출,경영,경남,2026,창원상공회의소,산업통상부,경남FTA통상진흥센터,창원시,OKFTA,FTA,컨설팅,FTA컨설팅,경상남도,중소기업,중견",FTA활용/대응,5065
964,전남광주통합특별시,전라남도중소기업일자리경제진흥원,내수,[전남] 2026년 수산가공제품 박람회 참가 지원사업 공고,,,2026-04-16,https://www.bizinfo.go.kr/sii/siia/selectSIIA200Detail.do?pblancId=PBLN_000000000120897,예산 소진시까지,중소기업,"전라남도 수산가공제품의 대외 인지도 제고 및 수출 확대를 위한 「2026 수산가공제품 박람회 참가」지원사업을 다음과 같이 공고하오니 많은 신청 바랍니다. ☞ '26. 4. 1. ~ 12. 31.까지 개최되는 국내 박람회 전남 소재 수산물 생산ㆍ유통ㆍ수출업체 ☞ 부스 임차료, 시설 장치비, 홍보물 제작비 기업당 최대 300만원 이내 지원","내수,전남,2026,전라남도,전라남도중소기업일자리경제진흥원,수산물,생산,유통,수산가공제품,박람회,국내박람회,부스임차료,장치비,홍보,홍보물,전남광주,전남광주통합특별시",오프라인,5241
965,과학기술정보통신부,강원테크노파크,경영,[강원] 2026년 지역 디지털 품질역량강화사업 컨설팅 및 테스팅 지원사업 모집 공고,,,2026-04-16,https://www.bizinfo.go.kr/sii/siia/selectSIIA200Detail.do?pblancId=PBLN_000000000120894,상시 접수,중소기업,"강원테크노파크에서는 강원지역 디지털 기업의 품질 경쟁력 제고와 지속가능한 성장지원을 위해, 「2026년 지역 디지털 품질역량강화사업」의 컨설팅 및 테스팅 지원기업을 다음과 같이 모집하오니, 많은 관심과 참여 부탁드립니다. ☞ 강원지역 디지털 제품 및 서비스 개발 기업 ☞ 디지털 제품ㆍ서비스 컨설팅 및 테스팅 전반 지원 ※ 자세한 지원내용 공고문 참조","경영,강원,테스팅전반,2026,디지털제품,서비스개발,강원테크노파크,과학기술정보통신부,컨설팅",컨설팅,4048
966,전남광주통합특별시,전남신용보증재단,금융,[전남] 목포시 2026년 소상공인 융자금 이차보전 지원 정정 공고,,,2026-04-16,https://www.bizinfo.go.kr/sii/siia/selectSIIA200Detail.do?pblancId=PBLN_000000000120889,예산 소진시까지,소상공인,"소상공인의 경영안정과 자생력 강화를 위한 2026년 목포시 소상공인 융자금 이차보전 지원계획을 「목포시 소상공인 지원조례」 제12조(이차보전)의 규정에 의하여 다음과 같이 정정 공고합니다. ☞ 「소상공인 보호 및 지원에 관한 법률」제2조 및 「소상공인기본법」제2조 제1항에서 정한 사업자 ☞ 융자 추천 한도 업체당 3,000만원 이내 지원 - 융자조건 : 2년거치 일시상환 - 이차보전 : 약정 이자율 중 연 3% 이내 지원 - 지원기간 : 대출일로부터 2년","금융,전남,2026,전라남도,전남신용보증재단,목포시,융자,소상공인,소상공인융자,이차보전,전남광주,전남광주통합특별시",융자,6359
967,경기도,시흥산업진흥원,수출,[경기] 시흥시 2026년 소공인 공동판로개척사업 참여기업 모집 공고(정왕전기장비센터),2026-04-09,2026-09-30,2026-04-16,https://www.bizinfo.go.kr/sii/siia/selectSIIA200Detail.do?pblancId=PBLN_000000000120887,,소상공인,"시흥산업진흥원(시흥정왕전기장비센터)에서는 소공인의 기술(제품)의 판로 개척 및 R&BD 마케팅을 강화를 위한 「2026년 소공인 공동판로개척사업」 사업을 다음과 같이 공고하오니 사업 참여를 희망하는 기업은 아래 내용에 따라 신청하시기 바랍니다. ☞ 시흥시 집적지구, 전자부품ㆍ전기장비분야(C26ㆍC28), 소공인 ☞ 2026년 한국전자전(KES 2026) 공동관 운영 지원","수출,경기,KES 2026,2026,한국전자전,집적지구,전기장비,전자부품,소공인,판로개척,시흥시,시흥산업진흥원,경기도",시장개척,5020
968,경기도,시흥산업진흥원,경영,[경기] 시흥시 2026년 소공인 컨설팅지원사업 참여기업 모집 공고,,,2026-04-16,https://www.bizinfo.go.kr/sii/siia/selectSIIA200Detail.do?pblancId=PBLN_000000000120877,예산 소진시까지,소상공인,"시흥산업진흥원(시흥정왕전기장비센터)에서는 집적지내 소공인의 성장을 촉진하고 경쟁력 향상을 위해 「2026년 소공인 컨설팅지원사업」 사업을 다음과 같이 공고하오니 사업 참여를 희망하는 기업은 아래 내용에 따라 신청하시기 바랍니다. ☞ 시흥시 집적지구, 전자부품ㆍ전기장비분야(C26ㆍC28) 소공인 - 시흥시 집적지구 : 정왕동(정왕본동~정왕4동), 거북섬동, 배곧동(배곧1동~배곧2동) - 전자ㆍ전기 관련 분야 : 업종코드 한국표준산업분류 코드 C26, C28 ㆍ C26 : 전자부품, 컴퓨터, 영상, 음향 및 통신장비 제조업 ㆍ C28 ","경영,경기,시흥정왕전기장비센터,소공인컨설팅,2026,전자부품,전기,소공인,시흥시,시흥산업진흥원,경기도,컨설팅,제조업",컨설팅,4753
969,경상북도,경북IT융합산업기술원,기술,[경북] 2026년 초거대 AI 기술 컨설팅 신규 대상기업 모집 공고(초거대 AI 클라우드 팜 실증 및 확산 환경 조성사업),,,2026-04-16,https://www.bizinfo.go.kr/sii/siia/selectSIIA200Detail.do?pblancId=PBLN_000000000120871,상시 접수,중소기업,"경북 지역의 초거대 AI 클라우드 팜 실증 및 확산 환경 조성사업을 위하여 (재)경북IT융합산업기술원에서 추진하는「초거대 AI 기술 컨설팅 대상기업 모집」사업의 지원내용을 안내하오니 관심 있는 관련 기업의 많은 참여를 바랍니다. ☞ 경상북도 소재 기업 및 기관(본사, 연구소, 공장, 지사) - AI 전환(AX)을 위해 초거대 AI 기술 도입을 계획 중인 기업ㆍ기관 - 초거대 AI 기술 개발 고도화 및 기술적 애로사항 해결이 필요한 기업ㆍ기관 - 초거대 AI 인프라 및 테스트베드를 활용하여 제품ㆍ서비스 사업화를 추진 중인 기업ㆍ기관 ","기술,경영,경북,개발고도화,데스트베드,2026,AX,초거대AI,경북IT융합산업기술원,애로사항,기술컨설팅,검증,경상북도",기술정보제공,6144
970,부산광역시,부산테크노파크,기술,2026년 부산형 SiC 전력반도체 연구플랫폼 활성화 지원사업 기업지원 모집 공고,,,2026-04-16,https://www.bizinfo.go.kr/sii/siia/selectSIIA200Detail.do?pblancId=PBLN_000000000120866,세부프로그램별 상이,중소기업,"부산테크노파크 전력반도체센터에서 추진중인「부산형 SiC 전력반도체 연구플랫폼 활성화 지원사업」과 관련하여 전력반도체 관련 기업의 지원신청 접수를 안내하오니 많은 참여 바랍니다. ☞ 전력반도체 관련기업 ☞ 인프라 활용지원 프로그램(소자제조, 신뢰성인증), 기술지원 프로그램(시제품 제작, 시험인증, 지적재산권, 애로기술 자문) 지원 ※ 자세한 지원내용 공고문 참조","기술,서울,부산,대구,인천,광주,대전,울산,세종,경기,강원,충북,충남,전북,전남,경북,경남,제주,2026,소자제조,전력반도체,애로기술자문,지적재산권,부산테크노파크,시험인증,신뢰성인증,인프라,부산광역시,시제품제작",기술사업화/이전/지도,5492
971,충청북도,충북바이오산학융합원,인력,[충북] 2026년 청년 일경험 지원사업 인턴형 참여기업 모집 공고,,,2026-04-16,https://www.bizinfo.go.kr/sii/siia/selectSIIA200Detail.do?pblancId=PBLN_000000000120863,예산 소진시까지,중소기업,"우리 충북바이오산학융합원은 미취업 청년에게 다양한 일경험을 제공함으로써 직무탐색, 직무역량 강화를 지원하고, 원활한 노동시장 진입을 위해「청년 일경험 지원사업」을 운영하오니 도내 기업의 많은 관심과 참여 바랍니다. ☞ 고용보험 피보험자 10인 이상 기업, 공공기관, 지방공기업, 비영리단체, 비영리법인 등 ☞ 청년인턴 1인당 운영지원금 지원 - 기업지원금 최대 40만원, 멘토수당 최대 30만원 지원","인력,충북,일경험프로그램,사전직무교육,2026,멘토수당,청년인턴,현장실습,운영지원금,충북바이오산학융합원,충청북도,멘토링",고용유지,4797
972,충청남도,기초자치단체,경영,2026년 아산시 단체관광객 유치 인센티브 지원계획 공고,,,2026-04-15,https://www.bizinfo.go.kr/sii/siia/selectSIIA200Detail.do?pblancId=PBLN_000000000120843,예산 소진시까지,중소기업,우리 시에서는 관광객 유치 증대를 통해 지역경제 활성화를 도모하고 체류형 관광 확대 및 관광산업 경쟁력 제고를 위해 관광객을 유치한 사업자에 대해 인센티브를 지원하고자 아래와 같이 공고하오니 많은 관심과 참여 바랍니다. ☞ 관광진흥법에 따른 여행업 등록 여행사 - 단체관광객 유치계획이 있는 관광진흥법에 따른 여행업 등록 여행사로서 아산시 관광진흥과에 관광객 유치 사전계획서를 제출(일정시행 5일 전)하여 사전협의가 완료된 경우 ☞ ☞ 단체관광객 유치 지원 ※ 자세한 사항 공고문 참조,"경영,서울,부산,대구,인천,광주,대전,울산,세종,경기,강원,충북,충남,전북,전남,경북,경남,제주,20인이상,현장체험학습,2026,외국인관광객,관광산업,수학여행,단체관광객,관광객,여행사,인센티브,아산시,기초자치단체,충청남도",디자인/상품화/사업화,5788
973,강원특별자치도,기초자치단체,인력,[강원] 춘천시 2026년 생계형 1인 자영업자 사회보험료 지원 공고,2026-04-07,2027-01-30,2026-04-15,https://www.bizinfo.go.kr/sii/siia/selectSIIA200Detail.do?pblancId=PBLN_000000000120839,,소상공인,"강원특별자치도 내 1인 자영업자의 국민연금 및 고용ㆍ산재보험 지원을 통하여 안정적 경영활동과 폐업 후 재취업 활동 보장 등 사회안전망 강화를 위한 「생계형 1인 자영업자 사회보험료 지원사업」을 아래와 같이 공고합니다. ☞ 강원특별자치도 내 소재하며 본인 명의의 사업자등록증을 보유하고 사업을 운영 중인 1인 자영업자 - 강원특별자치도 내 소재는 사업자등록증 상의 사업장 소재지 기준 ☞ 국민연금, 고용보험, 산재보험 지원","인력,경영,강원,1인 자영업자,2026,강원특별자치도,산재보험,고용보험,국민연금,춘천시,사회보험료,기초자치단체",고용환경개선,7257
974,강원특별자치도,기초자치단체,인력,[강원] 춘천시 2026년 사회보험료(10인 미만) 지원 공고,2026-04-01,2027-01-30,2026-04-15,https://www.bizinfo.go.kr/sii/siia/selectSIIA200Detail.do?pblancId=PBLN_000000000120838,,중소기업,"최저임금 인상에 따른 도내 소재 영세 사업주의 경영 부담을 완화하고 노동자의 고용불안 해소를 위하여 추진하는 「강원특별자치도 사회보험료 지원 사업」을 아래와 같이 공고합니다. ☞ 도내 소재 근로자 수가 10인 미만인 사업장(사업주) - 개인사업장은 사업자등록증, 법인은 법인등기부등본으로 확인 ☞ 두루누리 지원(신규가입자) : 4대 사회보험료 사업주 부담분(정부지원금 제외) 지원 - 근로자의 월 평균 보수 270만원 미만, 1개월 이상 고용유지, 신청일부터 최저임금 준수 및 지원 대상 근로자는 정부 두루누리 사회보험 지원을 받고 있어","인력,경영,강원,영세 사업주,10인 미만,2026,강원특별자치도,두루누리,사업주,사업장,사회보험료,기초자치단체",고용유지,6910
975,울산광역시,직접수행,금융,[울산] 2026년 소상공인 재기지원자금 긴급 융자 지원계획 공고,,,2026-04-15,https://www.bizinfo.go.kr/sii/siia/selectSIIA200Detail.do?pblancId=PBLN_000000000120829,선착순 접수,소상공인,"「소상공인기본법」제3조 및「울산광역시 중소기업육성기금 조례」제12조의 규정에 따라 ″2026년도 울산광역시 소상공인 긴급 재기지원자금″ 융자지원계획을 아래와 같이 공고합니다. ☞ 아래 ①, ②를 모두 충족하는 소상공인 ① 접수일 현재 사업자 등록 후 영업 중이며 2020. 1. 1. 이후 폐업 후 재창업 또는 휴업 후 영업을 재개한 울산광역시 소재 소상공인 ② 2025. 1. 1 이후 울산신용보증재단의 소상공인 행복드림센터 교육 또는 소상공인진흥공단의 희망리턴패키지 재창업 교육 수료자 ☞ 대출한도 : 8천만원 이내 - 업체별 융자금","금융,울산,2026,울산광역시,직접수행,융자,제조업,건설업,운송업,광업,도소매업,음식업,서비스업,소상공인,행복드림센터,소상공인진흥공단",융자,6733
976,울산광역시,직접수행,금융,[울산] 2026년 2차 소상공인 경영안정자금 긴급 융자 지원계획 공고,,,2026-04-15,https://www.bizinfo.go.kr/sii/siia/selectSIIA200Detail.do?pblancId=PBLN_000000000120828,선착순 접수,소상공인,「소상공인기본법」제3조 및「울산광역시 중소기업육성기금 조례」제12조의 규정에 따라 ″2026년도 울산광역시 2차 소상공인 경영안정자금″ 융자지원계획을 아래와 같이 공고합니다. ☞ 울산 소재 사업장을 둔 소상공인 ☞ 대출한도 : 8천만원 이내 - 업체별 융자금에 대한 2~4년간 대출이자 중 일부지원(2.5%이내) ※ 자세한 지원내용 공고문 참조,"금융,울산,2026,울산광역시,울산경제일자리진흥원,직접수행,소상공인,융자금,2.5%,제조업,건설업,운송업,광업,도소매업,음식업,서비스업",융자,9358
977,전북특별자치도,전북특별자치도경제통상진흥원,경영,[전북] 2026년 전북특별자치도소상공인희망센터 컨설팅 지원 참여업체 모집 공고,2026-04-10,2026-10-31,2026-04-15,https://www.bizinfo.go.kr/sii/siia/selectSIIA200Detail.do?pblancId=PBLN_000000000120827,,소상공인,"전북특별자치도소상공인희망센터 입주업체 대상 경영마인드 증진 및 경쟁력 강화를 위해「전문가 1:1 맞춤형 컨설팅」참여기업을 다음과 같이 모집합니다. ☞ 전북특별자치도소상공인희망센터 입주업체 ☞ 분야별 전문가 1:1 맞춤형 컨설팅 - 컨설팅 분야 : 창업ㆍ법인설립, 기술ㆍ특허, 자금ㆍ융자지원, 판로ㆍ수출, 인사ㆍ노무, 세무ㆍ회계, 법률ㆍ법무, 인프라, 규제, 불공정 거래 등","경영,전북,맞춤형 컨설팅,2026,전북특별자치도소상공인희망센터,전북특별자치도,전북특별자치도경제통상진흥원,소상공인희망센터,컨설팅,불공정거래,노무,인사,세무,회계,특허,융자,소상공인",컨설팅,5541
978,경상북도,경북테크노파크,기술,[경북] 영천시 2026년 영천기업 연구시설장비 바우처 지원사업 수혜기업 모집 공고,,,2026-04-15,https://www.bizinfo.go.kr/sii/siia/selectSIIA200Detail.do?pblancId=PBLN_000000000120822,예산 소진시까지,중소기업,"영천시가 영천시 소재 연구기관이 보유한 공동활용 연구개발장비의 사용료를 지원하여 관내 기업의 효율적 연구개발 지원 및 R&D 수행능력 향상 촉진으로 기업의 기술 경쟁력 강화를 위한 “영천기업 연구시설장비 바우처 지원사업”시행 계획을 공고하오니 많은 신청을 바랍니다. ☞ 영천시 소재 제조 중소기업, 벤처기업, 창업기업 ☞ 영천시 관내 연구기관 연구시설ㆍ장비사용료 지원 - 기업당 최대 800만원 상당 바우처 지원","기술,경영,경북,산업환경소재·필터실증센터,2026,항공시스템기술센터,바이오메디칼생산기술센터,한국섬유개발연구원,경북자동차임베디드연구원,영천시,연구시설장비,한국생산기술연구원,연구개발,벤처기업,창업기업,바우처,제조,경상북도,경북테크노파크,중소기업",기술인력/장비지원,5406
979,중소벤처기업부,강원특별자치도경제진흥원,내수,2026년 디지털커머스 전문기관(소담스퀘어강원) 소상공인 모집 공고,2026-04-13,2026-11-30,2026-04-15,https://www.bizinfo.go.kr/sii/siia/selectSIIA200Detail.do?pblancId=PBLN_000000000120821,,소상공인,"소상공인의 온라인시장 진출 및 판로개척 지원을 위한「2026년 디지털커머스 전문기관(소담스퀘어강원) 지원사업」을 다음과 같이 공고하오니, 소상공인의 많은 참여를 바랍니다. ☞ 소상공인 ☞ 맞춤형 1:1 컨설팅, 디지털전환 교육, 라이브커머스 운영, 온라인컨텐츠 제작, 우리기업알리기 TV방송프로그램 제작, 온라인기획전, 소상공인 프로필 촬영 지원","내수,서울,부산,대구,인천,광주,대전,울산,세종,경기,강원,충북,충남,전북,전남,경북,경남,제주,프로필촬영,2026,디지털전환교육,한국중소벤처기업유통원,강원특별자치도경제진흥원,강원특별자치도,온라인컨텐츠,온라인기획전,방송프로그램,온라인시장,판로개척,라이브커머스,컨설팅,소상공인,중소벤처기업부",홍보지원,5713
980,전남광주통합특별시,광주경제진흥상생일자리재단,수출,[광주] 2026년 해외 세일즈출장 및 바이어초청 지원사업 참가업체 모집 공고,,,2026-04-14,https://www.bizinfo.go.kr/sii/siia/selectSIIA200Detail.do?pblancId=PBLN_000000000120805,예산 소진시까지,중소기업,"(재)광주경제진흥상생일자리재단에서는 광주광역시 주관 해외시장개척단, 전시박람회 및 수출상담회 사업 참가 후 5년 이내 수출 계약체결 등의 목적으로 동일 해외 바이어를 방문하는 경우 또는 동일 바이어를 초청하여 계약 등을 체결하는 경우 왕복항공료 등 경비 일부를 지원하오니 관심 있는 기업의 많은 참여 바랍니다. ☞ 최근 5년 이내에 市 주관 해외시장개척단, 전시박람회, 수출 상담회 등 참여기업 ☞ 해외시장개척단 및 해외전시박람회 등을 통해 발굴한 바이어와 계약 또는 MOU체결 시 해외 출장경비 지원","수출,광주,세일즈출장,2026,광주경제진흥상생일자리재단,MOU,해외전시박람회,해외시장개척단,바이어초청,광주광역시,해외,바이어,전남광주,전남광주통합특별시",시장개척,6389
981,중소벤처기업부,대전일자리경제진흥원,경영,[대전] 2026년 컨설팅 지원사업 참여기업 모집 공고(대전인쇄소공인특화지원센터),,,2026-04-14,https://www.bizinfo.go.kr/sii/siia/selectSIIA200Detail.do?pblancId=PBLN_000000000120786,예산 소진시까지,소상공인,"대전인쇄소공인특화지원센터에서는 「컨설팅 지원사업」을 다음과 같이 공고하오니 대전 인쇄집적지 소공인 여러분의 많은 참여 바랍니다. ☞ 대전 인쇄집적지(동구 정동ㆍ중동ㆍ삼성동) 내 소공인 ※ 상시근로자 10명 미만 사업자로 인쇄 및 기록매체 복제업을 주된 사업으로 영위하는 자 ☞ 컨설팅 업체별 최대 8시간, 80만원 이내 지원 ※ 자세한 지원내용 공고문 참조","경영,대전,대전인쇄소공인특화지원센터,2026,대전인쇄집적지,인쇄집적지,소상공인시장진흥공단,대전일자리경제진흥원,소공인,컨설팅,중소벤처기업부",컨설팅,4393
982,전북특별자치도,전주정보문화산업진흥원,인력,[전북] ICT이노베이션스퀘어 확산사업 기업협력프로젝트 참여기업 모집 공고,2026-04-06,2026-08-28,2026-04-14,https://www.bizinfo.go.kr/sii/siia/selectSIIA200Detail.do?pblancId=PBLN_000000000120783,,중소기업,"(재)전주정보문화산업진흥원에서는 중소기업의 인력난 해소, 지역 인재의 취업 경쟁력 확보를 위한“2026 ICT이노베이션스퀘어 확산사업 기업협력 프로젝트”참여 기업을 모집하오니 지역 내 ICT/SW 기업의 많은 참여 바랍니다. ☞ 전북특별자치도 내 ICT/SW 기업으로 교육생과 함께 기업 내 프로젝트 (AI, BC, 데이터, IoT, 콘텐츠 분야 등) 수행 및 해당 교육생 대상 신규채용 계획이 있는 기업 ☞ 신규채용 인원(교육생)에 따른 프로젝트 수행(교육) 비용 지원 - 교육생 1명 당 385만원(VAT포함) 교육 운영비 지급 ※ ","인력,전북,2026,확산사업,전북특별자치도,기업협력,ICT이노베이션스퀘어,전주정보문화산업진흥원,SW,ICT,중소기업",교육/훈련/연수,4952
983,산업통상부,중소벤처기업진흥공단,경영,2026년 통상변화대응지원사업 참여기업 모집 공고,,,2026-04-14,https://www.bizinfo.go.kr/sii/siia/selectSIIA200Detail.do?pblancId=PBLN_000000000120780,예산 소진시까지,중소기업,"통상조약 등의 이행으로 인한 피해 또는 피해 우려 기업 지원을 위한 「2026년 통상변화대응지원 사업」 참여기업 모집을 다음과 같이 공고합니다. ☞ 통상변화대응지원 기업으로 지정된 기업 ☞ 기술ㆍ경영 혁신 및 융자 지원 - (기술ㆍ경영 혁신지원) 중장기 경쟁력 향상을 위한 전문가 컨설팅 지원 - (융자지원) 업체당 60억원 한도, 고정금리 2%(운전 5억, 지방소재기업은 70억)","금융,경영,서울,부산,대구,인천,광주,대전,울산,세종,경기,강원,충북,충남,전북,전남,경북,경남,제주,산업통상자원부,융자,2026,중소벤처기업진흥공단,통상변화대응센터,컨설팅,기술경영혁신,통상변화대응지원기업",컨설팅,4587
984,전남광주통합특별시,광주신용보증재단,금융,[광주] 2026년 중동사태 대응을 위한 소상공인 특례보증 지원사업 공고,,,2026-04-13,https://www.bizinfo.go.kr/sii/siia/selectSIIA200Detail.do?pblancId=PBLN_000000000120715,예산 소진시까지,소상공인,"중동사태 대응을 위한 2026년 소상공인 특례보증 지원사업을 다음과 같이 시행합니다. ☞ 광주지역 내 소기업ㆍ소상공인ㆍ자영업자 중 개인신용평점이 나이스평가정보(주)에서 산정한 CB 기준 350점 이상(350점~1000점)인 대표자 ☞ 1년간 이자지원(3~4%), 보증기업당 최대 5천만원 이내 지원","금융,광주,2026,광주신용보증재단,이자,특례보증,보증,자영업자,광주광역시,소기업,소상공인,중동사태,전남광주,전남광주통합특별시",보증,8583
985,경상북도,구미전자정보기술원,창업,2026년 구미시 스타트업 제작센터 참여기업 모집 공고,,,2026-04-13,https://www.bizinfo.go.kr/sii/siia/selectSIIA200Detail.do?pblancId=PBLN_000000000120707,예산 소진시까지,창업벤처,"구미전자정보기술원에서는 지역 창업기업의 제품 경쟁력 강화와 사업화 촉진을 위하여 참여기업을 다음과 같이 모집하오니 많은 관심과 참여 바랍니다. ☞ 구미 소재 창업기업 중 업력 7년 이내 창업기업 (신청일 기준) - 구미(본사)로 이전 계획 기업 - 타 지역 창업기업의 경우 선정 후 60일 이내 구미 본사 이전 必 ☞ 제품개발 기술 지도, 시제품 제작 직접지원 - 제품개발 기술 지도 : 창업기업의 시장진입 가속화를 위한 제품화 제작 전문가 활용 지원 - 시제품 제작 직접지원 : 제품개발 기간 단축 및 초기 제품 구현을 위한 시제품 제","기술,창업,서울,부산,대구,인천,광주,대전,울산,세종,경기,강원,충북,충남,전북,전남,경북,경남,제주,5축가공기,2026,패키징디자인,3D프린터,전문가활용,구미전자정보기술원,제품개발,구미시,기술지도,시제품제작,창업기업,경상북도,스타트업,창업7년이내",사업화지원,5121
986,보건복지부,한국노인인력개발원,인력,2026년 현장실습 훈련(시니어인턴십) 지원사업 공고(아이피시),,,2026-04-10,https://www.bizinfo.go.kr/sii/siia/selectSIIA200Detail.do?pblancId=PBLN_000000000120698,예산 소진시까지,중소기업,"만 60세 이상 채용하는 기업을 대상으로 1인 최대 550만원 인건비를 지원해드리는 보건복지부 [2026년 현장실습훈련(시니어인턴십)]사업 참여기업을 모집합니다. ☞ 만 60세 이상(1966년 이전 출생)을 신규 고용하는 4대보험 사업장 - 도급, 용역 업종 가능 (※ 파견직은 참여 불가) ☞ 인턴지원금(1인당 최대 120만원), 채용지원금(1인당 최대 150만원), 장기취업유지지원금(총 280만원) 지원 ※ 자세한 사항 공고문 참조","인력,서울,부산,대구,인천,광주,대전,울산,세종,경기,강원,충북,충남,전북,전남,경북,경남,제주,2026,보건복지부,한국노인인력개발원,시니어인턴십,현장실습훈련,인턴지원금,채용지원금,장기취업유지지원금,아이피시",국내일반인력,14037
987,충청북도,청주상공회의소,기술,[충북] 2026년 수출기업 해외규격인증 취득 지원사업 참여기업 모집 공고,2026-04-03,2026-12-11,2026-04-10,https://www.bizinfo.go.kr/sii/siia/selectSIIA200Detail.do?pblancId=PBLN_000000000120694,,중소기업,"충청북도와 청주상공회의소는 도내 수출기업의 글로벌 경쟁력 강화를 위해 해외 규격인증 획득을 지원하고자 「2026 충북 수출기업 해외규격인증 취득 지원」 사업을 추진합니다. 관심있는 기업의 많은 참여를 바랍니다. ☞ 해외규격인증을 선 취득한 충북 소재 기업 ☞ 인증, 시험 비용 및 컨설팅비 지원","기술,충북,2026,컨설팅비,시험비용,해외규격인증,청주상공회의소,수출기업,인증,충청북도",시험/인증,9260
988,세종특별자치시,직접수행,금융,[세종] 2026년 식품진흥기금 융자사업 시행 공고,,,2026-04-10,https://www.bizinfo.go.kr/sii/siia/selectSIIA200Detail.do?pblancId=PBLN_000000000120684,예산 소진시까지,소상공인,식품위생법 제89조(식품진흥기금) 제3항 및 세종특별자치시 식품진흥기금 운용조례 제10조(융자계획)에 따라 2026년 세종특별자치시 식품진흥기금 융자사업을 다음과 같이 공고합니다. ☞ 「세종특별자치시 식품진흥기금 운용조례」제2조 제1호에 의한 영업자 중 세종특별자치시에서 1년 이상 식품위생 영업을 하고 있는 업소 - 「어린이 식생활안전관리 특별법」 제7조 제3항에 따라 어린이 기호식품 우수판매업소로 지정 받은 업소 중 개ㆍ보수 하려는 업소 ☞ 시설개선자금 업종별 1천만원 ~ 2천만원 이내 지원 ※ 자세한 지원내용 공고문 참조,"금융,세종,2026,우수판매업소,시설개선자금,식품위생,융자사업,세종특별자치시,직접수행",융자,8883
989,전남광주통합특별시,전남테크노파크,창업,[전남] 2026년 IP(지식재산) 디딤돌 프로그램 후속지원사업 지원대상 모집 공고,,,2026-04-10,https://www.bizinfo.go.kr/sii/siia/selectSIIA200Detail.do?pblancId=PBLN_000000000120681,예산 소진시까지,창업벤처,"전남테크노파크 전남지식재산센터에서는 우수 사업아이템을 보유한 초기 창업기업의 경쟁력 강화를 위해 아래와 같이 「2026년도 IP(지식재산) 디딤돌 프로그램 후속지원 사업」의 추진을 위한 지원대상을 모집코자 합니다. ☞ 2024~2026년 IP(지식재산) 디딤돌 프로그램 권리화 지원받은자 중에서 최초 상담일 이후에 창업을 한 자 (상담일 이전에 창업을 한 자는 지원 불가) - IP(지식재산) 디딤돌 프로그램 권리화 지원 프로그램을 통해 출원한 특허기술만을 대상으로 지원 가능 ☞ 특허망 구축(국내출원), PCT 출원, 신규 브랜드 개발","창업,경영,전남,2026,전라남도,전남테크노파크,전남지식재산센터,초기창업기업,창업기업,특허망구축,국내출원,PCT출원,신규브랜드개발,제품디자인개발,디자인,화상디자인,제품디자인,포장디자인,디딤돌프로그램,지식재산,IP,전남광주,전남광주통합특별시",사업화지원,5826
990,인천광역시,인천테크노파크,기술,[인천] 2026년 시제품제작 장비 (3D 프린팅) 공동활용 지원 공고,2026-04-01,2026-12-31,2026-04-10,https://www.bizinfo.go.kr/sii/siia/selectSIIA200Detail.do?pblancId=PBLN_000000000120679,,중소기업,"(재)인천테크노파크 디자인지원센터에서는 제품 개발 과정에서의 테스트를 3D프린터를 통해 검증해볼 수 있도록, 시제품제작 장비 공동활용 지원을 아래와 같이 시행하오니 많은 신청 부탁드립니다. ☞ 3D시제품제작장비 (프리미엄) : 전국 기업 및 기관, 대학 등 사업자등록증 보유대상 - 3D시제품 제작장비 (베이직) : 인천소재 기업 ※ 자세한 지원대상 공고문 참조 ☞ 디자인지원센터 소속 직원이 직접 데이터 3D프린트 출력 가능한 모델링 여부 확인(모델링 파일의 틀어짐, 면뚫림 등, 선끊김 여부 등 확인) - 3D프린트 장비를 사용하여 ","기술,서울,부산,대구,인천,광주,대전,울산,세종,경기,강원,충북,충남,전북,전남,경북,경남,제주,2026,인천테크노파크,인천광역시, 디자인지원센터,시제품제작,장비 공동활용,3D프린터,컬러 3D프린터,연속섬유복합재 3D프린터,FFF 베이직 3D프린터",기술인력/장비지원,7046
991,산업통상부,한국탄소산업진흥원,기술,2026년 다공성 탄소소재 기반 환경소재 및 부품개발 기반구축 사업 수혜기업 지원(시제품 제작 및 기술지도) 사업 공고,,,2026-04-10,https://www.bizinfo.go.kr/sii/siia/selectSIIA200Detail.do?pblancId=PBLN_000000000120673,예산 소진시까지,중소기업,"산업혁신기반구축 관련하여 협력기업의 시제품 제작 및 기술지도를 지원하여 신사업 분야 시장창출을 꾀하고자 아래와 같이 공고하오니 관심있는 협력기업의 많은 참여 바랍니다. ☞ 한국탄소산업진흥원 협력 기업 및 다공성 탄소소재 관련 기업 ☞ 다공성 탄소소재 제조 및 기술지원 , 시제품 제작 지원","기술,경영,서울,부산,대구,인천,광주,대전,울산,세종,경기,강원,충북,충남,전북,전남,경북,경남,제주,2026,한국탄소산업진흥원,탄소소재,기술지원,시제품 제작,기술지도,다공성 탄소소재,산업통상부",기술사업화/이전/지도,5828
992,지식재산처,강원특별자치도경제진흥원,수출,[강원] 2026년 K-브랜드분쟁 대응전략 지원사업 수시 공고(강원연계),,,2026-04-10,https://www.bizinfo.go.kr/sii/siia/selectSIIA200Detail.do?pblancId=PBLN_000000000120653,예산 소진시까지,중소기업,"강원특별자치도 중소기업의 상표ㆍ디자인권을 보호하고 수출 경쟁력을 강화하기 위한「K-브랜드분쟁 대응전략 지원사업」을 아래와 같이 수시 공고합니다. ☞ 수출 중이거나 수출예정인 강원특별자치도 소재 국내 중소기업 ☞ 무단선점 대응(Fast Track) 지원 - 브로커, 특수거래 관계인 등의 해외 상표ㆍ디자인 무단 선출원 또는 선등록에 대한 대응전략 지원 - 상표ㆍ디자인 무단선점 대응 이후, 무단선점자에 의한 역공격 대응전략 지원 - 도메인이름 무단 선점 분쟁 대응전략 지원","수출,경영,강원,2026,지식재산처,한국지식재산보호원,강원특별자치도경제진흥원,강원지식재산센터,상표권,디자인권,브랜드분쟁 ,중소기업,무단선점 대응",해외진출,4235
993,중소벤처기업부,소상공인시장진흥공단,경영,2026년 소상공인 불공정거래 피해구제 지원 시행 공고,,,2026-04-10,https://www.bizinfo.go.kr/sii/siia/selectSIIA200Detail.do?pblancId=PBLN_000000000120639,예산 소진시까지,소상공인,"소상공인의 불공정거래 피해를 해결하기 위해 다음과 같이「2026년 소상공인 불공정거래 피해구제 지원 사업을 시행하오니, 사업지원이 필요하신 분들은 신청하여 주시기 바랍니다. ☞「소상공인기본법」제2조에 따른 불공정거래 피해 소상공인 ☞ 분쟁조정 또는 소송 대리인 선임 지원","경영,서울,부산,대구,인천,광주,대전,울산,세종,경기,강원,충북,충남,전북,전남,경북,경남,제주,선임지원,소송대리인,2026,불공정거래,분쟁조정,소상공인시장진흥공단,중소벤처기업부,소상공인",컨설팅,5750
994,대구광역시,커뮤니티와경제,경영,[대구] 2026년 마을기업 수요 맞춤형 성장 지원사업 모집 공고,,,2026-04-09,https://www.bizinfo.go.kr/sii/siia/selectSIIA200Detail.do?pblancId=PBLN_000000000120635,예산 소진시까지,마을기업,커뮤니티와경제 대구시마을기업지원기관에서는 마을기업의 성장단계와 현장 수요에 기반한 맞춤형 지원을 위해「2026년 대구광역시 마을기업 수요 맞춤형 성장 지원사업」을 추진합니다. 사업개발 지원을 통해 성장을 도모하고자 하는 대구광역시 마을기업의 많은 관심과 참여 바랍니다. ☞ 대구광역시 마을기업 중 아래 지원요건을 모두 만족하는 기업 ① 공고일 기준 ‘2026년 마을기업 육성사업 시행지침’의 마을기업 운영원칙 및 요건을 준수하고 있는 마을기업 ② 마을기업 육성사업 1차년도 정산이 완료된 마을기업 ☞ 마을기업 사업 경쟁력 제고에 필요한 ,"경영,대구,2026,커뮤니티와경제,대구광역시,마을기업,사업모델개발,경쟁력강화,판로개척,홍보,마케팅,사업고도화",디자인/상품화/사업화,6884
995,과학기술정보통신부,정보통신산업진흥원,금융,2026년 소프트웨어 지식재산권(IP) 평가보증 지원사업 공고,,,2026-04-09,https://www.bizinfo.go.kr/sii/siia/selectSIIA200Detail.do?pblancId=PBLN_000000000120620,예산 소진시까지,중소기업,"과학기술정보통신부와 정보통신산업진흥원은 유망 소프트웨어(SW)기술을 보유한 중소기업을 대상으로 기술금융(대출보증) 서비스를 지원해 드릴 예정이오니, 많은 관심과 참여 바랍니다. ☞ SW관련 중소기업 - (특허 등 보유) SW관련 컴퓨터 프로그램 또는 특허 보유 기업 - (특허 등 미보유) SW기술ㆍ산업 판별표(서식4)를 충족하는 기업 ※ 자세한 지원대상 공고문 참조 ☞ 은행(제1금융권 등) 융자(1억원~10억원)를 위한 보증서 발급 지원","금융,서울,부산,대구,인천,광주,대전,울산,세종,경기,강원,충북,충남,전북,전남,경북,경남,제주,2026,과학기술정보통신부,정보통신산업진흥원,SW,중소기업,소프트웨어,유망소프트웨어,기술금융,대출보증,보증서발급,융자",보증,7277
996,충청북도,기초자치단체,금융,[충북] 충주시 2026년 중소기업육성기금 지원계획 변경 공고,,,2026-04-09,https://www.bizinfo.go.kr/sii/siia/selectSIIA200Detail.do?pblancId=PBLN_000000000120618,예산 소진시까지,중소기업,"「충주시 중소기업육성기금 설치와 운용 조례」 제9조의 규정에 의거 2026년 충주시 중소기업육성기금 지원계획을 다음과 같이 변경 공고합니다. ☞ 충주시에 사업장을 둔 「중소기업기본법」의 적용을 받는 중소기업으로서 「별첨1」의 ‘자금별 지원조건’의 융자대상에 해당하는 기업 ☞ 기업의 원활한 자금조달을 위한 융자에 대한 이자지원 - 경영안정자금, 수안보 관광특구 시설현대화 자금 ※ 자세한 지원내용 공고문 참조","금융,충북,2026,충청북도,기초자치단체,충주시,중소기업,융자,중소기업육성기금,이자,경영안정자금,시설현대화자금,수안보관광특구,여성기업,유망중소기업,우수기업인,이노비즈,벤처기업",융자,6258
997,경기도,기초자치단체,경영,[경기] 김포시 2026년 사회적경제기업 역량강화 컨설팅 지원사업 참여기업 모집 공고,,,2026-04-09,https://www.bizinfo.go.kr/sii/siia/selectSIIA200Detail.do?pblancId=PBLN_000000000120608,예산 소진시까지,사회적기업,"사회적경제기업의 성장 단계별 맞춤형 컨설팅을 통한 경영현안 해결 및 자생력 강화를 위해「2026년 김포시 사회적경제기업 역량강화 컨설팅 지원사업」을 추진하오니 사회적경제기업가 여러분들의 많은 관심과 참여 바랍니다. ☞ 경영현안 해결 의지가 높은 김포시 소재 사회적경제기업 ※ 사회적경제기업 : (예비)사회적기업, (사회적)협동조합, (예비)마을기업 등 ☞ 기업 경영현안 해결을 위한 전문 컨설팅 5회 내외 지원 - 경영시스템 구축(경영전략, 회계세무 재무/원가 관리, 인사노무 인적자원 조직관리, 협동조합 운영 기초) - 경영시스템 고도","경영,경기,2026,경영시스템,예비마을기업,사회적협동조합,김포시,사회적경제기업,기초자치단체,경기도,컨설팅,예비사회적기업,마을기업,협동조합,사회적기업",컨설팅,5230
998,경상북도,경상북도경제진흥원,금융,[경북] 구미시 2026년 중소기업 신용보증수수료 지원사업 공고,,,2026-04-09,https://www.bizinfo.go.kr/sii/siia/selectSIIA200Detail.do?pblancId=PBLN_000000000120604,예산 소진시까지,중소기업,구미시 기업사랑 및 기업활동 촉진 등에 관한 조례 제3조 및 제26조에 따라 2026년 구미시 중소기업 신용보증수수료 지원사업을 다음과 같이 공고합니다. ☞ 구미시 소재 중소기업 ※ 자세한 지원대상 공고문 참조 ☞ 운전ㆍ시설자금 융자 담보를 위한 신용보증기관의 보증수수료 지원,"금융,경북,2026,경상북도경제진흥원,경상북도,구미시,중소기업,신용보증수수료,운전자금,시설자금",융자,5117
999,기후에너지환경부,한국에너지공단,금융,2026년 에너지이용합리화자금 융자사업 공고,,,2026-04-09,https://www.bizinfo.go.kr/sii/siia/selectSIIA200Detail.do?pblancId=PBLN_000000000120603,예산 소진시까지,중소기업,"기후에너지환경부 공고 제2026-332호 「에너지이용합리화사업을 위한 자금지원 지침」에 의거하여, 에너지 절약시설 설치 및 투자를 지원하기 위한 2026년도 에너지이용합리화자금 융자사업을 다음과 같이 공고합니다. ☞ 중소기업, 중견기업 등 ※ 자세한 지원대상 공고문 참조 ☞ ESCO 투자사업, 절약시설 설치사업(절약시설 설치사업, 생산시설 설치사업, 수요관리설비 설치사업, 장기사용 열수송시설 개체사업) 별 융자 지원 - ESCO 투자사업 : 당해 연도 동일투자 사업장당 지원한도액 300억원 이내 - 절약시설 설치사업 : 당해 연도 ","금융,서울,부산,대구,인천,광주,대전,울산,세종,경기,강원,충북,충남,전북,전남,경북,경남,제주,2026,기후에너지환경부,한국에너지공단,융자,에너지이용합리화자금,에너지절약시설,설치,투자,중소기업,중견,절약시설,생산시설,수요관리설비,장기사용열수송시설,ESCO투자사업,에너지절약전문기업",융자,8200
1000,해양수산부,선박해양플랜트연구소,경영,조선ㆍ해양 배관 및 시운전 장비 공동활용 지원 사업 모집 공고(선박해양플랜트연구소 해양플랜트산업지원센터 구축 장비 공동 활용 사업),2026-04-01,2026-10-30,2026-04-09,https://www.bizinfo.go.kr/sii/siia/selectSIIA200Detail.do?pblancId=PBLN_000000000120591,,중소기업,"한국해양과학기술원 부설 선박해양플랜트연구소 해양플랜트산업지원센터(거제시 장목면)에서는 보유하고 있는 조선ㆍ해양플랜트 관련 배관 및 시운전 장비에 대하여 공동 활용하기 위한 사업을 진행합니다. 관심 있으신 기업의 많은 참여를 바랍니다. ☞ 전국의 중견ㆍ중소기업 산업계 지원(지역제한 없음) ☞ 장비 공동 활용 및 볼팅, 시운전 관련 교보재 등 지원 ※ 자세한 지원내용 공고문 참조","경영,서울,부산,대구,인천,광주,대전,울산,세종,경기,강원,충북,충남,전북,전남,경북,경남,제주,해양배관,시운전장비,해양플랜트산업지원센터,한국해양과학기술원,공동활용,선박해양플랜트연구소,조선,해양수산부,2026",디자인/상품화/사업화,4798
1001,해양수산부,선박해양플랜트연구소,기술,해양플랜트산업지원센터 보유 시험장비ㆍ교육시설 활용 지원사업 공고,2026-04-01,2026-10-30,2026-04-09,https://www.bizinfo.go.kr/sii/siia/selectSIIA200Detail.do?pblancId=PBLN_000000000120588,,중소기업,"한국해양과학기술원 부설 선박해양플랜트연구소 해양플랜트산업지원센터는 조선해양플랜트 서비스산업의 기술개발을 촉진하고 기업의 수출경쟁력을 강화하기 위해 ‘2026년 해양플랜트 서비스산업 장비 공동활용 및 인력양성 사업을 추진하고 있습니다. 이에 해양플랜트산업지원센터에서 보유하고 있는 시험장비를 활용한 시험ㆍ성능시험을 지원하는 사업을 수행하오니 관심 있는 기업의 많은 참여 바랍니다. ☞ 조선ㆍ해양플랜트 서비스산업 및 기자재 기업 ☞ 보유 시험 설비, 보유 교육 설비 지원 ※ 자세한 지원내용 공고문 참조","기술,서울,부산,대구,인천,광주,대전,울산,세종,경기,강원,충북,충남,전북,전남,경북,경남,제주,2026,보유교육시설,보유시험장비,해양플랜트산업지원센터,한국해양과학기술원,해양플랜트,선박해양플랜트연구소,조선,해양수산부",시험/인증,4834
1002,지식재산처,한국발명진흥회,기타,2026년 지식재산 경영인증 신청 공고,2026-04-01,2026-12-31,2026-04-08,https://www.bizinfo.go.kr/sii/siia/selectSIIA200Detail.do?pblancId=PBLN_000000000120566,,중소기업,"지식재산 기본법 제32조제2항 및 발명진흥법 제24조의2 등 관계 법령에 의거하여 ‘지식재산 경영인증’ 신청기업을 아래와 같이 모집합니다. ☞ 중소기업기본법 제2조에 따른 중소기업 ☞ (지식재산처 및 산하 유관기관) 특허ㆍ실용신안ㆍ디자인 우선심사 대상으로 지정, 특허권ㆍ실용신안권ㆍ디자인권에 대한 연차등록료(4∼9년차) 70% 감면 등 지원 - (기술보증기금) 지식재산 경영인증 평가료 지원 - (한국방송광고진흥공사) TV(50%)ㆍ라디오(70%) 방송광고 제작비 지원, TVㆍ라디오 등 방송광고비 70% 할인 지원 - (SGI 서울보증","기타,서울,부산,대구,인천,광주,대전,울산,세종,경기,강원,충북,충남,전북,전남,경북,경남,제주,2026,한국발명진흥회,지식재산처,지식재산 경영인증,지식재산경영,특허,디자인,상표,영업비밀,지식재산,중소기업",제도,7615
1003,지식재산처,한국발명진흥회,경영,2026년 지식재산경영인증 멘토링 신청 공고,2026-04-01,2026-12-31,2026-04-08,https://www.bizinfo.go.kr/sii/siia/selectSIIA200Detail.do?pblancId=PBLN_000000000120562,,중소기업,"지식재산처와 한국발명진흥회는 지식재산경영 도입 계획이 있거나, 지식재산 경영에 어려움을 겪고 있는 기업에 대해 지식재산경영 전문가를 파견하여 지식재산 경영인증 추진에 대한 컨설팅을 추진하고 있으니, 많은 신청 바랍니다. ☞ 지식재산 경영 도입 계획 기업, 지식재산 경영에 어려움을 겪고 있는 기업, 인증 신청 후 심사 탈락한 기업 ☞ 지식재산경영 전문가를 파견하여 지식재산 경영인증 추진에 대한 컨설팅 지원","경영,서울,부산,대구,인천,광주,대전,울산,세종,경기,강원,충북,충남,전북,전남,경북,경남,제주,지식재산경영 전문가,지식재산 경영인증,지식재산처,2026,한국발명진흥회,경영인증,컨설팅,지식재산",컨설팅,5113
1004,경상남도,경남항노화연구원,기술,[경남] 2026년 항노화기업 천연물 소재화 지원사업 참여기업 모집 공고,,,2026-04-08,https://www.bizinfo.go.kr/sii/siia/selectSIIA200Detail.do?pblancId=PBLN_000000000120549,선착순 접수,중소기업,"경남항노화연구원에서는 원료 소재화에 어려움을 겪는 도내 기업을 대상으로 연구원의 장비 인프라를 활용한 원료 소재화 지원을 실시하며 이를 통해 기업 상품개발 경쟁력 제고에 기여하고자 “2026년 항노화기업 천연물 소재화 지원사업”을 다음과 같이 상시모집하오니 많은 참여 바랍니다. ☞ 경상남도 소재 항노화기업 - 공고일 현재, 경상남도에 본사, 지점, 공장 또는 기업부설연구소 등록이 되어 있는 개인 및 법인 기업 ☞ 기업의 천연물 원료 가공 및 소재화(건조, 추출, 농축, 분말화) 지원 - 연구원 시설ㆍ장비를 활용한 1개 지원항목 무상","기술,경남,경남항노화연구원,경상남도,2026,항노화기업,장비인프라,천연물소재화,천연물원료,가공,소재화,건조,추출,농축,분말",기술인력/장비지원,5412
1005,보건복지부,한국산업기술시험원,기술,2026년 스마트 전자약 종합지원센터 인허가 지원 기업 상시 모집 공고,,,2026-04-08,https://www.bizinfo.go.kr/sii/siia/selectSIIA200Detail.do?pblancId=PBLN_000000000120527,상시 접수,중소기업,"보건복지부 「스마트 전자약 사업화 종합지원센터」 사업의 일환으로, 국내 스마트 전자약 제조기업의 국내ㆍ외 시장 진출을 위해 인허가에 필요한 기술지도, 인증지원을 수행하고자 합니다. 이에 지원 공고를 아래와 같이 안내하오니, 지원을 희망하는 국내 전자약 기술개발 기업은 본 공고문에 따라 신청하여 주시기 바랍니다. ☞ 국내 스마트 전자약 기술개발 기업 ☞ 스마트 전자약 개발 제품에 대한 H/W 및 S/W 통합 인허가 지원 - 기술지도 : 의료 인공지능, 사이버보안, S/W 밸리데이션 - 인증 지원 : 국내외 인허가 요구사항 및 절차 안","기술,서울,부산,대구,인천,광주,대전,울산,세종,경기,강원,충북,충남,전북,전남,경북,경남,제주,2026,보건복지부,한국산업기술시험원,스마트전자약,제조기업,인허가,기술지도,인증지원,의료인공지능,사이버보안,밸리데이션",기술사업화/이전/지도,7275
1006,부산광역시,부산테크노파크,경영,[부산] 2026년 지산학 브랜치 기업 현장솔루션 랩(lab) 참여 기업 모집 공고,,,2026-04-07,https://www.bizinfo.go.kr/sii/siia/selectSIIA200Detail.do?pblancId=PBLN_000000000120516,예산 소진시까지,중소기업,"부산광역시와 (재)부산테크노파크는 지산학 브랜치기업의 기술ㆍ경영 등의 애로를 종합 해소하고 브랜치기업의 기술경쟁력 강화를 위해 기업현장 중심의 맞춤형 1:1‘현장솔루션 랩(lab)’프로그램을 운영합니다. 이에, 참여기업 모집 공고를 다음과 같이 안내하오니 참가를 희망하는 기업에서는 많은 참여와 신청 바랍니다. ☞ 지산학 브랜치(1호~100호) 내 순수 기업브랜치 ☞ 기술ㆍ경영애로 해결을 위한 현장중심 1:1 맞춤형 컨설팅 지원","경영,부산,브랜치기업,맞춤형 컨설팅,2026,지산학,현장솔루션,현장중심,경영애로,부산테크노파크,기술애로,부산광역시",컨설팅,6585
1007,경기도,안양산업진흥원,수출,[경기] 안양시 2026년 중소기업 해외지사화 지원사업 공고,,,2026-04-07,https://www.bizinfo.go.kr/sii/siia/selectSIIA200Detail.do?pblancId=PBLN_000000000120514,예산 소진시까지,중소기업,"안양산업진흥원은 공공기관의 해외 네트워크를 현지 비즈니스 거점으로 활용하여 관내 중소기업의 해외진출 및 수출 촉진을 지원하기 위한 「2026년 중소기업 해외지사화 지원 사업」 시행을 다음과 같이 공고합니다. ☞ 안양시 본사 또는 공장 소재 중소기업기본법 제2조에 의한 중소기업 - 2026년 산업통상자원부 해외지사화 사업 협약 체결 완료 기업 ☞ 해외지사화 사업 참가비 최대 2,000천원 지원 - 기초 마케팅 지원, 마케팅 및 수출지원, 수출 및 현지화 지원","수출,경영,경기,현지화 지원,수출 촉진,해외 네트워크,2026,안양시,안양산업진흥원,해외지사화,해외진출,경기도,마케팅",해외진출,7066
1008,울산광역시,울산경제일자리진흥원,금융,[울산] 2026년 1차 통상변화 대응 중소기업 육성자금 지원계획 변경 공고,,,2026-04-07,https://www.bizinfo.go.kr/sii/siia/selectSIIA200Detail.do?pblancId=PBLN_000000000120512,예산 소진시까지,중소기업,「울산광역시 중소기업육성기금 조례」제12조의 규정에 의거「2026년 통상변화 대응 중소기업 육성자금 지원계획」을 다음과 같이 변경공고합니다. ☞ 울산광역시 관내에 본사(필수) 및 사업장을 둔 중소기업으로「중소기업기본법」제2조관세 피해 또는 고환율 피해를 입은 기업 - 달러화 환율 변동으로 인한 원재료ㆍ중간재 수입 비용 증가 피해를 입은 중소기업 - 미국의 고율 관세 부가로 인한 피해를 입은 중소기업 ※ 자세한 지원대상 공고문 참조 ☞ 대출이자 중 일부 지원(1.2~3% 이내 / 우대기업 0.5% 가산 포함) - 이자 지원 우대(0.,"금융,울산,미국 관세,중간재 수입,원재료 수입,환율 변동,이자 지원,2026,울산경제일자리진흥원,대출이자,울산광역시,중소기업",융자,6458
1009,충청남도,충남창조경제혁신센터,기술,[충남] 2026년 혁신기업 기술창업 활성화 지원사업 모집 공고,,,2026-04-07,https://www.bizinfo.go.kr/sii/siia/selectSIIA200Detail.do?pblancId=PBLN_000000000120509,예산 소진시까지,창업벤처,충남창조경제혁신센터에서는 지역 창업기업의 기술자립도 제고 및 기술경쟁력 강화를 위한 「충남 혁신기업 기술창업 활성화 지원사업」을 시행하오니 지원을 희망하는 지역 소재 창업기업은 절차에 따라 신청하여 주시기 바랍니다. ☞ 충남 소재 7년 미만 기술기반 창업기업 ☞ 기술이전 및 기술가치평가 비용 지원 ※ 자세한 지원내용 공고문 참조,"기술,충남,2026,기술내재화,현물출자,기술거래,충남창조경제혁신센터,신제품개발,기술가치평가,기술이전,창업기업,투자유치,충청남도,융자",기술사업화/이전/지도,8549
1010,대전광역시,대전일자리경제진흥원,경영,[대전] 소상공인ㆍ자영업자 재기지원사업(컨설팅ㆍ경영개선) 참여자 모집 공고(새출발기금 협업),,,2026-04-07,https://www.bizinfo.go.kr/sii/siia/selectSIIA200Detail.do?pblancId=PBLN_000000000120506,예산 소진시까지,소상공인,"소상공인 영업환경 개선을 위한 「대전 소상공인ㆍ자영업자 재기지원(컨설팅ㆍ경영개선) 사업」의 지원대상자(소상공인)를 다음과 같이 모집 공고합니다. ☞ 새출발기금 매입형 또는 중개형 채무조정 약정 체결한 성실상환자 중 대전 소재 소상공인 ※ 거치기간 포함하여 심사일 기준 연체 미발생자 ※ 자세한 지원대상 공고문 참조 ☞ 맞춤형 경영 컨설팅(최대3회), 경영개선 비용(최대 300만원) 지원","경영,대전,2026,새출발기금,재기,재기지원,경영개선,자영업자,대전일자리경제진흥원,컨설팅,대전광역시,소상공인",컨설팅,7792
1011,경기도,기초자치단체,기술,[경기] 화성시 2026년 GAP 안정성 분석 지원사업 신청 공고,2026-03-31,2026-12-04,2026-04-07,https://www.bizinfo.go.kr/sii/siia/selectSIIA200Detail.do?pblancId=PBLN_000000000120498,,중소기업,"농산물우수관리 신규인증 농가 확대 및 인증 농산물의 안전성 확보를 위해 실시하는 GAP 안전성 분석(검사비)지원사업을 다음과 같이 공고합니다. ☞ 「농수산물 품질관리법」 제6조에 따라 농산물우수관리(GAP) 인증을 받은 자 ※ 단, 지원금 신청일 기준 GAP 인증이 유효해야 함. ☞ GAP 인증을 위한 토양, 용수, 농산물의 잔류농약 및 중금속 등 유해물질 검사비용 지원 - 지원기준 : 예산 범위 내에서 신청 일자를 기준으로 접수 순서에 따라 지급 - 지원한도 : 인증 농가별로 인증품의 안전성 확보를 위해 검사횟수를 늘릴 필요가 있","기술,경기,2026,경기도,기초자치단체,화성시,GAP,GAP안전성분석,검사비,농산물우수관리,GAP인증,인증,토양,용수,농산물,유해물질검사비",시험/인증,5692
1012,강원특별자치도,강원테크노파크,기술,[강원] 2026년 수요기술 발굴 및 기술멘토링 지원사업 참여기업 모집 공고(전기차 충돌 후 배터리 핵심부품 안전성 확보 지원사업),,,2026-04-07,https://www.bizinfo.go.kr/sii/siia/selectSIIA200Detail.do?pblancId=PBLN_000000000120495,예산 소진시까지,중소기업,2026년 도내 전기ㆍ수소차 배터리 분야 기업의 수요기술과 기술적 애로사항을 상시 해결하고 기술경쟁력 강화를 위한 수요기술 발굴 및 기술멘토링 지원사업을 추진하고자 하오니 기술이전ㆍ사업화에 관심있는 기업들의 많은 참여를 바랍니다. ☞ 2026년 도내 전기ㆍ수소차 분야 기술이전 완료 또는 기술도입 예정기업 ☞ 전문가 매칭을 통한 애로기술 해결 상담(기업당 최대 3회 컨설팅) 지원 ※ 자세한 지원내용 공고문 참조,"기술,강원,강원테크노파크,상담,2026,강원특별자치도,기술상담,전문가매칭,애로기술상담,기술멘토링,전기차,수소차,기술이전완료기업,기술도입예정기업",기술정보제공,5226
1013,부산광역시,부산상공회의소,수출,[부산] 2026년 OK FTA 컨설팅 지원 사업 참여기업 모집 공고,,,2026-04-07,https://www.bizinfo.go.kr/sii/siia/selectSIIA200Detail.do?pblancId=PBLN_000000000120487,예산 소진시까지,중소기업,"부산지역 「2026년 OK FTA 컨설팅 지원 사업」 참여 기업을 다음과 같이 모집합니다. ☞ 부산지역 중소ㆍ중견 기업 ☞ 종합컨설팅 (A유형) : 원산지판정 및 증명서 발급, 원산지관리시스템 도입 등 필수 컨설팅과 품목추가, 인증수출자 취득, 모의 사후검증 등 선택 컨설팅 지원 - 기초컨설팅(B유형) : 수출기업 대상 원산지증명서 발급 지원 중심 컨설팅 - 기초컨설팅(C유형) : 협력기업 대상 원산지확인서 발급 지원 중심 컨설팅","수출,부산,증명서발급,2026,발급지원,부산상공회의소,원산지확인서,원산지판정,인증수출자,수출기업,부산광역시,컨설팅",FTA활용/대응,4927
1014,부산광역시,부산상공회의소,수출,[부산] 2026년 원산지 사후검증 컨설팅 지원사업 참여기업 모집 공고,,,2026-04-07,https://www.bizinfo.go.kr/sii/siia/selectSIIA200Detail.do?pblancId=PBLN_000000000120484,예산 소진시까지,중소기업,"부산지역 「2026년 원산지 사후검증 컨설팅 지원 사업」 참여 기업을 다음과 같이 모집합니다. ☞ 부산지역 중소ㆍ중견 기업 ☞ 원산지 사후 검증 대비 맞춤형 컨설팅 - 원산지증명서류 작성 및 보관, 원산지검증 절차, 검증대응 매뉴얼 작성, 모의검증 실시, FTA-PASS를 활용한 표준질의서 작성 등 원산지검증 대응 관련 사항 지원 - 기업당 최대 150만원 지원","수출,부산,2026,중소기업,중견기업,원산지사후검증,컨설팅,원산지증명서류,원산지검증,매뉴얼작성ㅁ,모의검증,FTA-PASS,부산광역시,부산상공회의소",FTA활용/대응,4662
1015,농림축산식품부,한국농업기술진흥원,창업,2026년 조달청 벤처나라 추천 지원사업 모집공고(한국농업기술진흥원),,,2026-04-07,https://www.bizinfo.go.kr/sii/siia/selectSIIA200Detail.do?pblancId=PBLN_000000000120482,차수별 상이,창업벤처,한국농업기술진흥원에서는 우수한 품질을 지닌 비식품 분야 벤처육성기업의 조달청 운영 온라인 상품몰(벤처나라) 조달청 추천을 위해 ‘조달청 벤처나라 추천 지원사업’ 참여 기업을 다음과 같이 모집하오니 많은 신청바랍니다. ☞ 비식품 분야 창업기업 또는 벤처기업 - 직접 생산하거나 국내에서 OEM 방식으로 생산하는 물품 및 서비스 ※ 조달청의 ‘입찰참가자격’ 기업 등록 및 ‘물품식별번호’ 획득 필수 ☞ 농진원에서 추천한 기업에 대하여 조달청에서 혁신조달상품 심사 시 가점 및 평가 면제 지원,"내수,창업,서울,부산,대구,인천,광주,대전,울산,세종,경기,강원,충북,충남,전북,전남,경북,경남,제주,2026,농림축산식품부,한국농업기술진흥원,비식품분야,비식품,창업기업,벤처기업,조달청,벤처나라,온라인상품몰,혁신조달상품,추천",사업화지원,6526
1016,경기도,기초자치단체,금융,[경기] 김포시 2026년 중소기업 육성자금 지원계획 공고,,,2026-04-07,https://www.bizinfo.go.kr/sii/siia/selectSIIA200Detail.do?pblancId=PBLN_000000000120481,예산 소진시까지,중소기업,"「김포시 중소기업 육성자금 지원조례」제7조에 따라 2026년 김포시 중소기업 육성자금(운전자금 및 시설자금) 지원계획을 다음과 같이 공고합니다. ☞ 운전자금, 시설자금 대출을 희망하는 관내 중소기업 ① 운전자금 : 신청일 현재 관내 사업자등록 및 공장등록을 필한「중소기업기본법」 제2조의 중소기업으로「김포시 중소기업 육성자금 지원조례」제6조에 해당하는 기업체 ② 시설자금 : 운전자금의 조건을 만족하면서 관내 개별입지공장에서 관내 산업단지로 입주한 기업체(이전한 지 3년 이내, 1회에 한함) ☞ 대출금리 중 0.5%~3.0%에 대한 이","금융,경기,2026,경기도,기초자치단체,김포시,중소기업,육성자금,기업체,운전자금,시설자금,이자차액 보전,융자이자",융자,8664
1017,중소벤처기업부,한국중소벤처기업유통원,내수,2026년 판판셀러 지원사업 온라인쇼핑몰 통합관리시스템 모집 공고,2026-04-07,2026-12-27,2026-04-07,https://www.bizinfo.go.kr/sii/siia/selectSIIA200Detail.do?pblancId=PBLN_000000000120474,,중소기업,"판판셀러는 국내 민간 온라인쇼핑몰과 시스템을 연동하여 상품, 주문, 문의, 통계 등을 일괄 처리하도록 지원하는 온라인 쇼핑몰 통합관리 시스템입니다. ☞ 중기업, 소기업, 소상공인 ① 중소기업이 제조ㆍ위탁하여 '생산'한 중소기업 소비재 완제품 ② 국내 제조기업에서 '공급'받아 판매하는 중소기업(도소매 유통기업) ☞ 온라인 판로, 운영 비용 절감, 업무 통합 지원","내수,서울,부산,대구,인천,광주,대전,울산,세종,경기,강원,충북,충남,전북,전남,경북,경남,제주,온라인쇼핑몰 통합관리 시스템,소비재 완제품,2026,한국중소벤처기업유통원,판판셀러,도소매,유통기업,온라인쇼핑몰,제조기업,중소벤처기업부,소비재",온라인,8047
1018,경기도,경기환경에너지진흥원,기술,[경기] 2026년 국내ㆍ외 우수 물기술 인ㆍ검증 지원사업 참여기업 모집 공고,,,2026-04-07,https://www.bizinfo.go.kr/sii/siia/selectSIIA200Detail.do?pblancId=PBLN_000000000120468,예산 소진시까지,중소기업,"경기도 물기업의 우수제품 및 기술의 신뢰도를 높이고, 시장 경쟁력 강화지원을 위한 2026년 「국내ㆍ외 우수 물기술 인ㆍ검증 지원사업」 참여기업을 다음과 같이 공개 모집합니다. ☞ 경기도 내 본사 또는 공장이 소재한 물기업으로 ’26년 당해 및 직전 연도(’25년)에 국내ㆍ외 물기술 인ㆍ검증 취득을 완료한 기업 ☞ 물관련 기술 및 제품의 우수성 증명을 위해 자발적으로 취득한 국내ㆍ외 물기술 인ㆍ검증 소요 비용 지원 - 인ㆍ검증 신청비, 시험비, 심사비, 법정대리인 선임비 등 - (국내인증) 기업 당 최대 4백만 원 / (해외인증) ","기술,경기,우수물기술,물기술검증,물기술인증,2026,심사비,선임비,경기환경에너지진흥원,국내인증,시험비,해외인증,검증,물기업,경기도,인증",시험/인증,5417
1019,산업통상부,경남창원산학융합원,인력,[경남] 사천시ㆍ진주시 2026년 스마트제조 고급인력양성 사업 수요기업 모집 공고,2026-01-26,2026-10-31,2026-04-07,https://www.bizinfo.go.kr/sii/siia/selectSIIA200Detail.do?pblancId=PBLN_000000000120459,,중소기업,"경남창원산학융합원에서 사천ㆍ진주산업단지 입주기업의 제조혁신을 위하여 한국산업단지공단이 주관하는 「스마트제조 고급인력양성」 사업의 일환으로 지역 주력산업 분야 기업 재직자 대상, 직무역량 역량강화를 위한 ‘재직자 교육’ 및 ‘기업수요 기반 맞춤형 컨설팅’을 지원하고자 하오니 많은 관심과 신청 바랍니다. ☞ 사천ㆍ진주 국가산업단지 입주기업 및 재직자 ※ 자세한 지원대상 공고문 참조 ☞ 재직자 직무역량 강화교육 및 기업컨설팅 지원 - 재직자 직무역량 강화교육 : 방문교육, 집체교육, DX, 스마트제조, 우주ㆍ항공 특화 재직자 교육 관련 ","인력,경영,경남,경남창원산학융합원,산업통상부,2026,집체교육,국가산업단지,방문교육,기업컨설팅,한국산업단지공단,우주,스마트제조,진주시,항공,DX,사천시,경상남도",교육/훈련/연수,4458
1020,문화체육관광부,국민체육진흥공단,창업,2026년 체육인 직업안정 사업(창업지원) 참여자 모집 공고,,,2026-04-06,https://www.bizinfo.go.kr/sii/siia/selectSIIA200Detail.do?pblancId=PBLN_000000000120444,세부사업별 상이,창업벤처,"은퇴(예정) 또는 경력단절 체육인의 직업전환을 지원하고, 창업 교육ㆍ보육ㆍ점검 등 단계별 맞춤 창업지원 프로그램을 통해 체육인의 창업 성공률을 높이고 진로 선택의 폭을 확대하기 위한 「2026년 체육인 직업안정 사업(창업지원)」에 참여할 유망 체육인 모집 계획을 다음과 같이 공고합니다. ☞ 은퇴(예정) 또는 경력 단절 체육인 중 전ㆍ현직 선수, 지도자, 심판 ☞ 교육과정(씨앗) : 창업교육ㆍ아이템발굴ㆍ사업계획서 등 지원 - 보육과정(새싹) : 평균 5,000만원 지원금 + 보육프로그램(컨설팅) 지원 - 점검과정(열매) : 평균 50","창업,서울,부산,대구,인천,광주,대전,울산,세종,경기,강원,충북,충남,전북,전남,경북,경남,제주,2026,창업교육,아이템발굴,보육프로그램,맞춤컨설팅,경력단절,체육인,국민체육진흥공단,문화체육관광부",예비창업자지원,7169
1021,충청남도,KOTRA대전세종충남지원본부,수출,[충남] 2026년 해외지사화 참가비 지원사업 공고,,,2026-04-06,https://www.bizinfo.go.kr/sii/siia/selectSIIA200Detail.do?pblancId=PBLN_000000000120443,예산 소진시까지,중소기업,"해외에 지사를 설치할 여력이 부족한 충청남도 소재 중소기업 대상으로 KOTRA 무역관이 해외지사 역할을 대행할 수 있도록 소요 사업 참가비를 지원해드리는 사업입니다. ☞ 충청남도 내 본사 또는 공장 소재한 중소기업 ☞ 기업 1개사 당 KOTRA 지사화 사업 참가비 中 기업 자부담금 지원 - 마케팅 및 수출 지원 ※ 천안시, 아산시 지사화 참가비 지원사업 중복 수혜불가 ※ 자세한 지원내용 공고문 참조","수출,충남,2026,KOTRA대전세종충남지원본부,충청남도,해외지사화,KOTRA무역관,KOTRA지사화,지사화사업참가비,해외지사화참가비,마케팅",해외진출,6559
1022,산업통상부,한국로봇사용자협회,기술,2026년 로봇 재제조산업 기업지원사업(기술 자문) 공고,,,2026-04-06,https://www.bizinfo.go.kr/sii/siia/selectSIIA200Detail.do?pblancId=PBLN_000000000120423,상시 접수,중소기업,"지속가능한 로봇 재제조 산업 생태계 조성과 첨단 기술력 확보를 위해, 로봇 재제조 분야의 혁신 역량을 갖춘 기업들을 기다립니다. 본 지원 사업은 기업의 기술 경쟁력 강화와 기술 성숙도 제고를 위해, 공동기술개발을 통한 제품개발과 난(難)기술 해결을 적극 지원하여 로봇 재제조 산업의 성장 동력을 마련하고자 합니다. 혁신적인 아이디어와 기술을 보유한 기업들의 적극적인 참여를 기대합니다. ☞ 중고 로봇 재제조 기술 개발에 관심이 있고 참여 의사가 있는 기업, 대학, 비영리 법인(연구소, 협회 등) 등에 소속된 기업 또는 기관 ☞ 중고로봇","기술,경영,서울,부산,대구,인천,광주,대전,울산,세종,경기,강원,충북,충남,전북,전남,경북,경남,제주,로봇 재제조,중고 로봇,한국로봇사용자협회,2026,고등기술연구원,재제조,기술자문,김해의생명산업진흥원,경남테크노파크,경상남도,컨설팅,산업통상부",기술사업화/이전/지도,5901
1023,경상남도,경남투자경제진흥원,금융,[경남] 2026년 중소기업육성자금 특별자금(이란사태 피해 관련) 지원계획 수정 공고,,,2026-04-06,https://www.bizinfo.go.kr/sii/siia/selectSIIA200Detail.do?pblancId=PBLN_000000000120422,예산 소진시까지,중소기업,"최근 이란사태에 따라 도내 중동지역 수출 중소기업 금융부담 해소를 위한 2026년 경상남도 중소기업육성자금 특별자금(이란사태 피해 관련) 지원 계획을 다음과 같이 수정 공고합니다. ☞ 「중소기업기본법」제2조에 따른 중소기업으로 주사무소(본사)와 사업장이 모두 경남에 소재하고, '26. 1월 1일 이후 대중동 직접수출실적 보유 기업 ※ 한국무역협회 기준 중동 22개국 : 아랍에미리트, 바레인, 알제리, 이집트, 이스라엘, 이라크, 이란, 요르단, 쿠웨이트, 레바논, 리비아, 모로코, 모리타니, 오만, 팔레스타인 해방기구, 카타르, 사","금융,경남,대중동,이란사태피해,2026,경남투자경제진흥원,중소기업육성자금,이란,특별자금,이차보전,경상남도,중소기업",융자,7053
1024,경상남도,김해의생명산업진흥원,경영,[경남] 김해시 2026년 창업기업 마케팅 역량강화 지원사업 디자인 멘토링 및 어워드 출품료 수혜기업 모집 공고,,,2026-04-06,https://www.bizinfo.go.kr/sii/siia/selectSIIA200Detail.do?pblancId=PBLN_000000000120418,예산 소진시까지,창업벤처,"김해시 관내 창업기업의 디자인 개선을 위한 전문가 멘토링 제공과 디자인어워드 출품을 지원하여 창업기업의 디자인 경쟁력 강화를 지원하고자 합니다. 디자인 혁신을 통해 성장하고자 하는 기업의 많은 참여를 바랍니다. ☞ 관내 창업 7년 이내 기업(단순 유통, 판매업 제외) ☞ 디자인 멘토링, 디자인어워드 출품작 멘토링 및 출품료 지원 ① 2026년 국내 우수디자인상품선정(GOOD DESIGN KOREA) 2차 심사료 - 1차 심사를 통과한 상품에 한함(1개사/700천원) ② 해외 디자인어워드 수상작 (1개사/최대 1,000천원)","창업,경영,경남,해외 디자인어워드,디자인 개선,디자인 혁신,2026,디자인어워드,우수디자인상품,김해시,김해의생명산업진흥원,경상남도,창업기업,멘토링",디자인/상품화/사업화,5215
1025,세종특별자치시,세종테크노파크,경영,[세종] 2026년 기술닥터제 지원사업 참여기업 모집 공고,,,2026-04-06,https://www.bizinfo.go.kr/sii/siia/selectSIIA200Detail.do?pblancId=PBLN_000000000120414,예산 소진시까지,중소기업,"세종테크노파크는 세종지역 내 기술ㆍ경영 등 기업애로사항 관련하여 중소기업 대상 기술닥터(전문가) 기업현장방문을 통한 맞춤형 컨설팅을 지원하오니 중소기업의 많은 관심과 참여를 바랍니다. ☞ 세종 내 소재한 중소기업으로 세종시 주력산업 및 전ㆍ후방 관련 기업 ※ 세종시 주력산업(의약바이오, 자동차(모빌리티), 전기ㆍ전자사업) ☞ 컨설팅(기업당 최대 7회 이내), 사업화 연계 지원 - 신청분야 : 기술사업화, 수출, 경영, 마케팅, AI활용 등 최대 2순위까지 신청 ※ 자세한 지원내용 공고문 참조","경영,세종,세종테크노파크,세종특별자치시,2026,컨설팅,중소기업,기술닥터,기술닥터제,전문가,의약바이오,자동차,모빌리티,전기,전자,사업화",컨설팅,5173
1026,보건복지부,한국노인인력개발원,인력,2026년 현장실습 훈련(시니어인턴십) 참여기업 모집 수정 공고,,,2026-04-06,https://www.bizinfo.go.kr/sii/siia/selectSIIA200Detail.do?pblancId=PBLN_000000000120411,예산 소진시까지,중소기업,"주식회사 에스테이트는 보건복지부, 한국노인인력개발원과 함께 만 60세 이상자의 고용촉진 및 기업지원의 일환으로 「2026년 현장실습 훈련(시니어인턴십) 사업」을 추진하고 있습니다. 이에 따라, 아래와 같이 모집 내용을 공고하오니 관심 있는 기업의 적극적인 참여를 부탁드립니다. ☞ 만 60세 이상 근로자를 고용할 의사가 있는 4대보험 가입 사업장 ※ 경비원, 미화, 요양보호사 및 간병인 , 방문판매원 등 단순 노무직 및 일부 직종 제외 ☞ 시니어인턴십 일반형 지원금 지원(최대 550만원) 지원 - 인턴지원금 : 입사일로부터 3개월간 ","인력,서울,부산,대구,인천,광주,대전,울산,세종,경기,강원,충북,충남,전북,전남,경북,경남,제주,2026,현장실습훈련,시니어인턴십,인턴지원금,한국노인인력개발원,고용촉진,시니어,채용지원금,인건비,보건복지부,에스테이트",국내일반인력,6556
1027,충청남도,충남콘텐츠진흥원,경영,2026년 TIPS 연계 민간투자 성과확산 인센티브 지원사업 모집 공고,,,2026-04-06,https://www.bizinfo.go.kr/sii/siia/selectSIIA200Detail.do?pblancId=PBLN_000000000120406,상시 접수,중소기업,"충남 천안 그린스타트업타운 입주기업에 대한 TIPS 운영사의 직접 투자(투자, TIPS 선정)를 지원하는 「2026 TIPS 연계 민간투자 성과확산 인센티브 지원」을 아래와 같이 추진하오니, 적극적인 관심과 신청 바랍니다. ☞ TIPS 민간 운영사면서 충남 천안 그린스타트업타운 회원(등록 예정)기관 ☞ 투자 금액 및 TIPS 유형별로 차등화된 인센티브 지원 ※ 자세한 지원내용 공고문 참조","경영,서울,부산,대구,인천,광주,대전,울산,세종,경기,강원,충북,충남,전북,전남,경북,경남,제주,투자금액,충남콘텐츠진흥원,2026,그린스타트업타운,천안,TIPS,인센티브,충청남도",디자인/상품화/사업화,5302
1028,경기도,시흥산업진흥원,수출,[경기] 시흥시 2026년 시흥산업진흥원 수출입 컨설팅 운영 공고,,,2026-04-03,https://www.bizinfo.go.kr/sii/siia/selectSIIA200Detail.do?pblancId=PBLN_000000000120389,예산 소진시까지,중소기업,"시흥시 관내 수출 기업 또는 수출을 준비하고 있는 내수 기업을 위해 시흥산업진흥원 무역 전문가의 수출입 종합 컨설팅 제공을 통한 시흥시 수출기업의 경쟁력 강화를 도모해드리는 사업입니다. ☞ 시흥시 소재 중소기업 ☞ 수출 관련 기업 애로 상담, 수출입 종합 컨설팅, 시흥산업진흥원 및 유관기관 수출지원 사업연계 지원","수출,경영,경기,2026,경기도,시흥산업진흥원,시흥시,중소기업,컨설팅,무역전문가,수출기업,애로상담,사업연계",수출정보제공,12002
1029,울산광역시,울산경제일자리진흥원,인력,[울산] 2026년 소상공인 고용보험료 지원사업 공고,2026-03-26,2026-12-10,2026-04-03,https://www.bizinfo.go.kr/sii/siia/selectSIIA200Detail.do?pblancId=PBLN_000000000120387,,소상공인,"울산광역시 소상공인 고용보험료 일부 지원을 통한 고용보험 가입 촉진으로 자영업자의 사회안전망 확충하기 위한「2026년 소상공인 고용보험료 지원사업」을 다음과 같이 공고합니다. ☞ ‘자영업자 고용보험’에 가입한 울산소재 소상공인 ☞ 고용보험료 납부액의 15%~30% 지원(1~2등급 : 15%, 3~7등급 : 30%) ※ 2026년 1월부터 납부한 고용보험료 소급 지원, 자부담 최소 5% 이상 - 신청일(고용보험 가입일)로부터 3년간 지원","인력,울산,2026,울산경제일자리진흥원,울산광역시,소상공인,고용보험료,고용보험,소상공인고용보험료",고용환경개선,11799
1030,울산광역시,울산경제일자리진흥원,인력,[울산] 2026년 자동차 부품업종 근로자 지역정착 지원사업 참여기업 모집 공고(지역ㆍ산업맞춤형 일자리지원 사업(자율계정)),,,2026-04-03,https://www.bizinfo.go.kr/sii/siia/selectSIIA200Detail.do?pblancId=PBLN_000000000120385,예산 소진시까지,중소기업,울산지역 자동차 부품업종 근로자 지역정착ㆍ장기근속 유도 및 안정적 고용 구조 강화를 위한 「자동차 부품업종 근로자 지역정착 지원사업의」 참여기업을 다음과 같이 모집하오니 많은 신청 바랍니다. ☞ 상시근로자 5인 이상 500인 이하인 울산 소재 자동차 부품 업종 기업 ☞ 4대보험료 지원 : 근로자 1인당 105만원(35만원×3개월) 지원,"인력,울산,2026,부품업종,울산경제일자리진흥원,지역정착,자동차,4대보험료,울산광역시",고용유지,10207
1031,기후에너지환경부,한국환경산업기술원,금융,2026년 3차 미래환경산업육성융자(오염방지시설자금) 지원사업 공고,2026-03-31,2026-10-30,2026-04-03,https://www.bizinfo.go.kr/sii/siia/selectSIIA200Detail.do?pblancId=PBLN_000000000120355,,중소기업,"「2026년 제3차 미래환경산업육성융자 (오염방지시설자금) 지원사업」계획을 다음과 같이 공고하오니, 본 사업 참여를 희망하는 기업은 지원 분야별 접수 일정에 맞추어 신청하여 주시기 바랍니다. ☞ 중소ㆍ중견 기업, 비영리 법인 ※ 중소ㆍ중견기업이 입주한 산업단지를 관리하는 비영리법인(제5조제1항에 따른 녹색전환 분야에 한함) ☞ 미래환경산업육성융자 시설 관련 융자금 지원 - (융자금 사용기간) 융자 예비승인일 ~ 180일까지 ※ 단, 승인액 200억 원 이상, 시설 설치기간 1년 이상인 융자사업은 차년도 하반기 내로 부여받을 수 있음","금융,서울,부산,대구,인천,광주,대전,울산,세종,경기,강원,충북,충남,전북,전남,경북,경남,제주,2026,미래환경산업,자금,융자,한국환경산업기술원,기후에너지환경부,오염방지시설자금,미래환경산업육성융자,중소기업,중견",융자,7103
1032,중소벤처기업부,기술보증기금,경영,2026년 기업승계 M&A 활성화를 위한 컨설팅 지원사업 시행계획 공고,,,2026-04-03,https://www.bizinfo.go.kr/sii/siia/selectSIIA200Detail.do?pblancId=PBLN_000000000120342,예산 소진시까지,중소기업,"2026년도 기업승계 M&A 활성화를 위한 컨설팅 지원사업 시행계획을 다음과 같이 공고하오니, 동 사업에 참여를 희망하는 기업은 공고 내용에 따라 신청하여 주시기 바랍니다. ☞ 기초컨설팅(M&A 교섭 대상이 없는 기업), 종합컨설팅(M&A 교섭 대상이 있는 기업) - 매도희망기업: 대표자 연령이 만 55세 이상 및 업력 만 5년 이상인 중소기업 - 매수희망기업: 중소기업 인수를 희망하는 중소기업 또는 개인 ※ 자세한 지원대상 공고문 참조 ☞ 기초컨설팅 : (매도희망기업) M&A 추진을 위한 기초자료 작성 등에 대한 컨설팅, (매수희","경영,서울,부산,대구,인천,광주,대전,울산,세종,경기,강원,충북,충남,전북,전남,경북,경남,제주,인수가격협상,인수대상탐색,2026,기업승계,기업가치평가,M&A,기술보증기금,컨설팅,중소벤처기업부,중소기업",컨설팅,6924
1033,경기도,한국섬유소재연구원,기술,[경기] 2026년 섬유분야 유해물질 시험분석 및 인증지원 공고,2026-03-23,2026-12-31,2026-04-03,https://www.bizinfo.go.kr/sii/siia/selectSIIA200Detail.do?pblancId=PBLN_000000000120340,,중소기업,도내 섬유기업의 시험수수료 지원을 통한 기업 비용부담 절감 및 제품 신뢰성 확보를 위한 솔루션을 제공 지원하는 사업입니다. ☞ 경기도 내 섬유 관련 중소기업ㆍ소기업 및 소상공인 ☞ 섬유ㆍ가죽ㆍ장신구 제품안전시험 수수료 지원(1기업 당 최대 3백만원) ※ 자세한 지원내용 공고문 참조,"기술,경기,제품안전시험,장신구,2026,가죽,시험수수료,한국섬유소재연구원,섬유,경기도,소기업,소상공인,중소기업",시험/인증,6940
1034,산업통상부,대구가톨릭대학교,경영,2026년 퍼스널케어 융합 얼라이언스 육성사업 상품경쟁력 강화 지원 사업 통합 공고,,,2026-04-03,https://www.bizinfo.go.kr/sii/siia/selectSIIA200Detail.do?pblancId=PBLN_000000000120334,세부사업별 상이,중소기업,"산업통상자원부, 경상북도, 경산시가 지원하는 「2026년도 퍼스널케어 융합 얼라이언스 육성사업」 상품 경쟁력 강화 지원 프로그램을 공고하오니, 참여를 희망하는 컨소시엄의 많은 관심과 신청 바랍니다. ☞ 경상북도 소재 퍼스널케어(헬스, 뷰티케어)분야 제조기업과 전국소재 디자인/ICT/서비스 및 유통 등 분야별 지원 기업(기관)의 컨소시엄 ☞ 퍼스널케어 상품경쟁력 강화 : 시제품 제작, 기술실증(PoC), 디자인ㆍ컨설팅 지원 - 제품, 어플리케이션 등의 기술개발, 기능개선, 성능향상을 위한 시제품 개발 지원 - 제품 출시전, 사용성/효","경영,서울,부산,대구,인천,광주,대전,울산,세종,경기,강원,충북,충남,전북,전남,경북,경남,제주,2026,대구가톨릭대학교,산업통상부,퍼스널케어,제조기업,디자인,ICT,서비스,유통,컨소시엄,시제품제작,기술실증,PoC,컨설팅,기술개발,기능개선,성능향상,상품검증,홍보자료,애로기술",디자인/상품화/사업화,5239
1035,전남광주통합특별시,전남광역새일센터,경영,[전남광주] 2026년 직장문화개선 컨설팅 참여 기업 모집 공고,,,2026-04-03,https://www.bizinfo.go.kr/sii/siia/selectSIIA200Detail.do?pblancId=PBLN_000000000120329,예산 소진시까지,여성기업,"여성 고용유지 및 건강한 직장문화 조성을 위한 인사노무 및 조직문화, 근로환경 개선 컨설팅 지원으로 「2026년 직장문화개선 컨설팅 참여 기업 모집」을 다음과 같이 공고하오니, 본 사업에 참여를 원하는 기업은 신청하여 주시기 바랍니다. ☞ 전남지역 상시근로자 5인 이상 기업 ☞ 전문 컨설턴트 3~5회 컨설팅 지원 - 인사노무: 채용 및 배치, 임금 및 보상, 평가 및 승진, 경력개발관리, 근로조건 관리, 법정 복리후생 규정 정비, 성희롱ㆍ괴롭힘 대응, 노사관계 관리 - 조직문화: 임산부 보호 및 출산 관련 제도, 자녀양육ㆍ가족돌봄 ","인력,경영,전남광주,전남광주통합특별시,전남광역새일센터,2026,비용지원,전문컨설턴트,인사노무,조직문화,복리후생,고용유지,노사관계,근로환경,가족친화인증,환경개선,컨설팅",컨설팅,6579
1036,산업통상부,충남경제진흥원,수출,[충남] 2026년 OK FTA 컨설팅 지원사업 참여기업 모집 공고,,,2026-04-02,https://www.bizinfo.go.kr/sii/siia/selectSIIA200Detail.do?pblancId=PBLN_000000000120323,상시 접수,중소기업,"충남경제진흥원(충남FTA통상진흥센터)에서는 도내 중소ㆍ중견기업의 원활한 FTA 활용 및 수출경쟁력 강화를 위하여 OK FTA 컨설팅을 지원하오니, 많은 신청 바랍니다. ☞ 대기업을 제외한 도내 소재 중소ㆍ중견기업 ☞ FTA 활용 및 원산지관리에 필요한 맞춤형 전문 컨설팅 제공 및 원산지 관리, 인증수출자 인증 취득 등 지원","수출,충남,2026,충남경제진흥원,산업통상부,중소기업,중견,충남FTA통상진흥센터,FTA활용,원산지관리,컨설팅,OKFTA,FTA",FTA활용/대응,5924
1037,전남광주통합특별시,광주경제진흥상생일자리재단,수출,[광주] 2026년 해외물류비 지원사업 참가업체 모집 공고,,,2026-04-02,https://www.bizinfo.go.kr/sii/siia/selectSIIA200Detail.do?pblancId=PBLN_000000000120318,예산 소진시까지,중소기업,"광주경제진흥상생일자리재단에서는 관내 수출 중소 제조업체를 대상으로 물류비 부담 경감 및 수출경쟁력 강화를 위해 「2026년 해외물류비 지원사업」에 참여할 업체를 아래와 같이 모집하오니 관심 있는 업체들의 많은 참여 바랍니다. ☞ 광주광역시 소재 전년도 수출실적 2,000만$ 이하 제조업체 ☞ 유형Ⅰ: 우정청과 연계한 국제특송(EMS 등) 지원(업체별 월 60만원 이내 지원) - 유형Ⅱ: 민간 물류업체 사용분에 대한 물류비 지원(업체별 100만원 이내 지원) ※ 자세한 지원내용 공고문 참조","수출,광주,2026,광주경제진흥상생일자리재단,광주광역시,중소기업,제조업체,해외물류비,국제특송,국외운송비,항공운임,전남광주,전남광주통합특별시",해외진출,7997
1038,기후에너지환경부,한국환경공단,기술,2026년 국가배터리순환클러스터실증화시설 사용자 모집 공고,,,2026-04-02,https://www.bizinfo.go.kr/sii/siia/selectSIIA200Detail.do?pblancId=PBLN_000000000120312,상시 접수,중소기업,"국가배터리순환클러스터의 인프라 활용을 통한 사용후 배터리 재사용, 재활용 산업 활성화 및 관련 기술의 연구ㆍ개발ㆍ실증을 지원하기 위하여 클러스터 내 실증화시설 사용자를 다음과 같이 모집합니다. ☞ 사용후 배터리 재사용, 재활용 등 관련 기술을 연구ㆍ개발하고자 하는 사업자, 단체 또는 기관 ☞ 시설 사용 기간 - 재사용 : 최소 1일(상한은 클러스터 일정에 따름) - 재활용(전처리) : 최소 1일(상한은 클러스터 일정에 따름) - 재활용(후처리) : 최소 1개월, 최대 12개월 ※ 자세한 지원내용 공고문 참조","기술,서울,부산,대구,인천,광주,대전,울산,세종,경기,강원,충북,충남,전북,전남,경북,경남,제주,2026,한국환경공단,기후에너지환경부,국가베터리순환클러스터,인프라,연구,개발,실증,실증화시설,재활용,재사용",기술인력/장비지원,6005
1039,경상북도,경상북도경제진흥원,수출,[경북] 2026년 미국 수출기업 컨설팅 지원 참가기업 모집 공고,,,2026-04-02,https://www.bizinfo.go.kr/sii/siia/selectSIIA200Detail.do?pblancId=PBLN_000000000120306,선착순 접수,중소기업,"경상북도와 (재)경상북도경제진흥원은 미국 수출기업 대상 전문 1:1 컨설팅, 교육 및 세미나를 지원하기 위해 도내 수출기업을 다음과 같이 모집하오니, 많은 참여 바랍니다. ☞ 미국 수출에 관심이 있는 도내 제조 또는 수출 기업(종합품목, 중소ㆍ중견기업) ※ 자세한 지원대상 공고문 참조 ☞ 대미 수출 관세 종합 1:1 컨설팅, 교육 및 세미나, 최신 뉴스ㆍ사례 상시 정보제공 지원","수출,경북,수출관세,2026,종합품목,미국,수출기업,경상북도경제진흥원,제조,컨설팅,경상북도,중견기업,중소기업",해외진출,5659
1040,강원특별자치도,한국무역보험공사 강원지사,수출,[강원] 2026년 수출 보험료 지원공고,,,2026-04-02,https://www.bizinfo.go.kr/sii/siia/selectSIIA200Detail.do?pblancId=PBLN_000000000120303,예산 소진시까지,중소기업,강원특별자치도 내 중소중견 수출기업이 무역보험 이용시 발생하는 수출보험료를 지원해드리는 사업입니다. ☞ 본사 또는 공장(OEM공장포함)이 강원특별자치도 내에 소재하는 기업 대상 ☞ 수출 중소ㆍ중견기업이 한국무역보험공사 상품(보험 및 보증) 이용 시 발생한 보험료 및 보증료를 기업당 최대 150만원 이내에서 전액 지원,"수출,강원,2026,한국무역보험공사 강원지사,강원특별자치도,중소기업,중견,한국무역보험공사,보험,수출보험료,보증,보증료,보험료",해외진출,6019
1041,중소벤처기업부,장애인기업종합지원센터,경영,2026년 장애인기업 공공판로(공공입찰ㆍMASㆍ이음장터ㆍ벤처나라ㆍ혁신장터) 컨설팅 지원사업 모집 공고,,,2026-04-02,https://www.bizinfo.go.kr/sii/siia/selectSIIA200Detail.do?pblancId=PBLN_000000000120282,상시 접수,장애인기업,"장애인기업종합지원센터는 장애인기업의 공공판로 확대를 위한 공공판로 컨설팅 지원기업을 아래와 같이 모집하오니 관심 있는 기업의 많은 참여 바랍니다. ☞ 장애인기업 확인서 보유기업 ※ 사업신청 및 지원 종료일까지 유효해야 함 ※ 세부 신청자격 공고문 참조 ☞ 공공입찰 컨설팅, 다수공급자계약(MAS) 컨설팅, 이음장터 컨설팅, 벤처나라 컨설팅, 혁신장터 컨설팅 지원","경영,서울,부산,대구,인천,광주,대전,울산,세종,경기,강원,충북,충남,전북,전남,경북,경남,제주,장애인기업종합지원센터,장애인기업,중소벤처기업부,2026,공공입찰,다수공급자계약,MAS,이음장터,벤처나라,혁신장터,컨설팅,공공판로,공공판로컨설팅",컨설팅,5610
1042,과학기술정보통신부,글로벌디지털혁신네트워크,수출,2026년 K-Global 해외진출 지원사업 참여기업 모집 공고,,,2026-04-02,https://www.bizinfo.go.kr/sii/siia/selectSIIA200Detail.do?pblancId=PBLN_000000000120275,예산 소진시까지,중소기업,"정보통신산업진흥원 및 글로벌디지털혁신네트워크에서는 2026년도 글로벌 시장 진출 및 성장을 위한 해외진출 지원사업 대상 기업을 아래와 같이 모집하오니 관심 있는 기업의 많은 참여 바랍니다. ☞ 기술 분야 : AI, ICT, 디지털 분야 제품ㆍ서비스 보유 기업 - 제품 및 서비스가 국내외 시장에 출시 및 영업활동(홍보, 광고, 판매) 중인 기업 - 기업공개(IPO) 전 단계의 비상장 및 국내 또는 국외 법인사업자 - 해외진출이 준비된 기업 (아래 1개 이상) ① 해외 IP 보유(특허, PCT, 상표 등) ② 해외 전시회ㆍ컨퍼런스 참여","수출,경영,서울,부산,대구,인천,광주,대전,울산,세종,경기,강원,충북,충남,전북,전남,경북,경남,제주,디지털 분야,2026,글로벌디지털혁신네트워크,비상장,법인사업자,ICT,해외진출,정보통신산업진흥원,과학기술정보통신부,AI",해외진출,9477
1043,강원특별자치도,기초자치단체,금융,[강원] 원주시 2026년 소상공인 경영안정자금 지원 사업 변경 공고,,,2026-04-01,https://www.bizinfo.go.kr/sii/siia/selectSIIA200Detail.do?pblancId=PBLN_000000000120268,예산 소진시까지,소상공인,"원주시 소상공인의 경영안정 지원을 위하여 「2026년 원주시 소상공인 경영안정자금 지원 사업」을 다음과 같이 공고합니다. ☞ 신청일 현재 사업장이 원주시에 소재하고, 2025. 12. 31.까지 그 소재지로 사업자 등록을 한 소상공인 ※ 자세한 신청자격 공고문 참조 ☞ 최대 연 3.0% 이차보전(업체당 5천만 원 이하 / 최대 3년 이내), 협약보증(업체당 5천만원 이내) 지원 ※ 자세한 지원내용 공고문 참조","금융,강원,2026,강원특별자치도,기초자치단체,원주시,소상공인,경영안정자금,이차보전,협약보증",융자,10890
1044,고용노동부,노사발전재단,기타,2026년 노사문화 우수기업 및 대상 선정 계획 공고,,,2026-04-01,https://www.bizinfo.go.kr/sii/siia/selectSIIA200Detail.do?pblancId=PBLN_000000000120262,세부사업별 상이,중소기업,"노사 파트너십을 통한 상생의 노사협력 및 사회적 책임을 모범적으로 실천하고 있는 기업을 선정ㆍ지원하여 상생 협력의 우수한 노사문화를 사회 저변으로 확산해 기업 및 국가 경쟁력 강화 하기 위해 「2026년 노사문화 우수기업 및 대상 선정 계획」을 다음과 같이 공고하오니, 본 사업에 참여를 원하는 기업은 신청하여 주시기 바랍니다. ☞ 사업 개시일로부터 년이 경과되고 결격사유에 해당되지 않는 모든 사업 또는 사업장 - '24~'26년 노사문화 우수기업으로 선정된 사업장 ☞ 선정 공고, 시상식 및 인증서ㆍ인증패 전수, 홍보 등 지원 ※ 자","경영,기타,서울,부산,대구,인천,광주,대전,울산,세종,경기,강원,충북,충남,전북,전남,경북,경남,제주,2026,고용노동부,노사발전재단,우수기업,노사문화,선정공고,시상식,인증서,인증패,홍보",제도,7714
1045,경기도,경기신용보증재단,금융,[경기] 2026년 1차 중소기업육성자금 융자지원계획 변경 공고,,,2026-04-01,https://www.bizinfo.go.kr/sii/siia/selectSIIA200Detail.do?pblancId=PBLN_000000000120252,예산 소진시까지,중소기업,"「경기도 중소기업육성기금 설치 및 운용 조례」 제14조의 규정에 따라 2026년도 중소기업육성자금 융자지원계획 변경을 다음과 같이 공고합니다. ☞ 경기도 소재 중소기업 ※ 자세한 지원대상 공고문 참조 ☞ 운전자금(일반기업 등, 출연우수시군, 수출형기업, 신성장혁신기업 등) 및 창경자금 지원 ※ 변경사항 중동 위기 대응 특별경영자금 600억원 신설 및 특별경영 예비자금 600억원 감액 ※ 자세한 지원내용 공고문 참조 ※ [경기] 2026년 중소기업육성자금 융자지원계획 변경 공고(경기도-IBK기업은행 협약) ( ☞바로가기 )","금융,경기,수출형기업자금,소상공인지원자금,2026,창업및경쟁력강화자금,중소기업육성자금,운전자금,이차보전,경기신용보증재단,일반자금,경기도,대출,융자",융자,14652
1046,전남광주통합특별시,광주광역시일가정양립지원본부,경영,[광주] 2026년 가족친화인증 지원 및 가족친화경영문화 확산을 위한 가족친화경영 컨설팅 참여 기업(관) 모집 공고,,,2026-04-01,https://www.bizinfo.go.kr/sii/siia/selectSIIA200Detail.do?pblancId=PBLN_000000000120250,예산 소진시까지,중소기업,"가족친화 경영문화를 확산하고 가족친화인증 획득을 지원하기 위하여「2026년 가족친화경영 컨설팅 지원 사업」의 참여 기업ㆍ기관을 아래와 같이 모집 공고하오니, 관심 있는 기업ㆍ기관의 많은 참여바랍니다. ☞ 가족친화경영(가족친화인증 준비)에 관심이 있는 관내 기업ㆍ기관 ☞ 전문 컨설턴트 현장 방문 맞춤형 무료 컨설팅 지원 - (가족친화인증 관련) 가족친화인증 전반에 대한 설명, 서류 및 현장 심사 대비 컨설팅 - (가족친화제도 설계) 업체 실정에 맞는 가족친화제도 도입ㆍ설계, 가족친화프로그램 연계 - (인사노무법규 확인) 인사 관련 법","경영,광주,2026,광주광역시일가정양립지원본부,광주광역시,가족친화,기업,가족친화경영,가족친화인증,컨설팅,전남광주,전남광주통합특별시",컨설팅,5771
1047,충청남도,한국무역보험공사,수출,[충남] 2026년 수출입보험료 및 바이어 신용조사 지원사업 공고,2026-03-24,2026-12-31,2026-04-01,https://www.bizinfo.go.kr/sii/siia/selectSIIA200Detail.do?pblancId=PBLN_000000000120246,,중소기업,"충청남도 중소ㆍ중견기업의 수출활력 제고 및 안정적인 수출여건 조성을 위한 ‘2026년도 수출입보험료 및 바이어 신용조사 지원사업’을 아래와 같이 공고합니다. ☞ 충남에 본사 또는 공장이 소재하고, 전년도 연간 총 수출액이 5천만불 미만인 중소ㆍ중견기업 ☞ 단기수출보험, 환변동보험(수출선물환 일반형), 수입보험, 수출신용보증, 바이어 신용조사 100% 지원","수출,경영,충남,수출선물환 일반형,바이어 신용조사,2026,수출입보험료,수입보험,한국무역보험공사,환변동보험,수출신용보증,단기수출보험,충청남도,중견기업,중소기업",해외진출,5820
1048,인천광역시,직접수행,금융,[인천] 2026년 2단계 희망 소상공인 경영안정자금 지원 사업 공고,,,2026-04-01,https://www.bizinfo.go.kr/sii/siia/selectSIIA200Detail.do?pblancId=PBLN_000000000120241,예산 소진시까지,소상공인,"소상공인기본법 제3조에 따라 「2026년 2단계 희망인천 소상공인 경영안정자금」지원 사업을 다음과 같이 공고합니다. ☞ 인천 소재 소상공인 ☞ 업체당 5천만원 이내 지원 - 융자기간 : 6년 - 이차보전 : (최초 1년간) 연 2.0%, (이후 2년간) 연 1.5% 인천시 지원 ※ 자세한 지원내용 공고문 참조","금융,인천,2026,경영안전자금,이차보전,인천광역시,직접수행,소상공인",융자,14823
1049,울산광역시,KOTRA울산지원본부,수출,[울산] 2026년 중소기업 해외지사화 사업 참가기업 모집 공고,,,2026-04-01,https://www.bizinfo.go.kr/sii/siia/selectSIIA200Detail.do?pblancId=PBLN_000000000120238,예산 소진시까지,중소기업,"울산광역시 중소기업의 해외 진출 및 수출 촉진을 위해 산업통상부 KOTRA 해외지사화 사업 참가비를 지원하는 「2026 울산광역시 중소기업 해외지사화 사업」을 안내하오니 관심 있는 기업의 많은 참여 바랍니다. ☞ 2026년 ‘KOTRA 해외지사화 사업(발전단계)’에 선정되어 서비스 협약 체결 및 참가비 납부를 완료한 울산 소재 중소기업 ☞ 해외지사화 참가비의 80% (기업당 300만원 한도, 최대 2개 지역) 지원 - 마케팅 및 수출지원","수출,울산,2026,울산광역시,KOTRA울산지원본부,중소기업,해외지사화,KOTRA해외지사화사업,발전단계,해외지사화참가비",해외진출,5761
1050,전남광주통합특별시,직접수행,금융,[광주] 2026년 청년창업특례보증 지원계획 공고,,,2026-04-01,https://www.bizinfo.go.kr/sii/siia/selectSIIA200Detail.do?pblancId=PBLN_000000000120234,예산 소진시까지,중소기업,"2026년도 청년창업특례보증 지원계획을 다음과 같이 공고합니다. ☞ 광주광역시 소재 청년 창업기업 ※ 만 39세 이하, 업력 7년 이내인 소기업ㆍ소상공인 ☞ 총 180억원(업체당 최대 50백만원) 지원 - 이자지원 : 3%p(1년간) ※ 자세한 지원내용 공고문 참조","금융,광주,2026,이자지원,광주광역시,창업기업,직접수행,소기업,소상공인,전남광주,전남광주통합특별시",융자,9000
1051,전남광주통합특별시,한국무역보험공사광주전남지사,금융,[전남] 2026년 중소기업 수출보험료 지원사업 신청 안내 변경 공고,,,2026-04-01,https://www.bizinfo.go.kr/sii/siia/selectSIIA200Detail.do?pblancId=PBLN_000000000120233,예산 소진시까지,중소기업,"전라남도에 소재하고 있는 수출중소기업의 수출거래상 발생할 수 있는 위험에 대비하기 위해 2026년 수출보험료 지원사업을 아래와 같이 변경 공고하오니 많은 신청 바랍니다. ☞ 도내 수출기업 및 수출대행기업(코스피 및 코스닥 상장기업 제외) ☞ 단기수출보험(단체, 개별), 환변동보험, 수출신용보증 지원 - (중동지역 수출기업) 기업당 6백만원 한도(단체보험의 경우 연간한도 제외) ※ 사우디아라비아, 아랍에미리트 등 (국가별 대륙 분류는 외교부 기준을 따름) - (그 외 수출기업) 기업당 5백만원 한도(단체보험의 경우 연간한도 제외) ※","금융,전남,2026,환변동보험,수출신용보증,수출대행,단기수출보험,수출보험료,수출보험,한국무역보험공사광주전남지사,전라남도,수출기업,수출대행기업,중동지역,전남광주,전남광주통합특별시",보험(수출+무역),6244
1052,산업통상부,한국소재부품장비투자기관협의회,기술,2026년 투자연계형 기술확보지원사업(기술검증지원) 참여기업 모집 공고,,,2026-04-01,https://www.bizinfo.go.kr/sii/siia/selectSIIA200Detail.do?pblancId=PBLN_000000000120219,상시 접수,중소기업,"산업통상부와 한국소재부품장비투자기관협의회(KITIA)는 2026년「투자연계형 기술확보지원사업(기술검증지원)」을 다음과 같이 공고하오니 참여 희망 기업은 관련 규정 및 절차에 따라 신청하여 주시기 바랍니다. ☞ 국내 중소ㆍ중견기업 ☞ 해외기업 정보제공ㆍ매칭지원 및 기술자산종합평가 지원 ① 신청기업의 수요를 기반으로 KITIA가 해외기업 정보를 조사하고,조사된 기업에 대한 협력의사 타진 지원 ② 법무, 회계, 특허, M&A 자문사 등 외부 자문기관 활용 등에 소요되는 전문가 활용비 최대 6천만원 지원","기술,경영,서울,부산,대구,인천,광주,대전,울산,세종,경기,강원,충북,충남,전북,전남,경북,경남,제주,기술검증지원,산업통상부,2026,기술확보지원사업,매칭지원,투자연계형,해외기업,기술자산종합평가,정보제공,한국소재부품장비투자기관협의회,중견기업,중소기업",기술사업화/이전/지도,6681
1053,고용노동부,한국표준협회,경영,2026년 산업ㆍ일자리전환 컨설팅 참여기업 모집 공고,,,2026-04-01,https://www.bizinfo.go.kr/sii/siia/selectSIIA200Detail.do?pblancId=PBLN_000000000120215,상시 접수,중소기업,"급변하는 산업환경에 대응하고 기업의 지속가능한 성장을 지원하기 위한「2026년 산업ㆍ일자리전환 컨설팅」참여기업을 모집합니다. ☞ 자동차, 석유화학, 철강 등 탄소배출 업종, 석탄화력발전소 폐쇄에 따른 산업전환 직면기업, AI도입, 공정자동화 등 디지털 전환 기업 등 (20인 이상 사업장) ☞ 맞춤형 무료 컨설팅, 지원사업 최적화 매칭, DX,ESG 1day 교육, 통합미디어 홍보지원, 산업전환 세미나 초청 지원","인력,경영,서울,부산,대구,인천,광주,대전,울산,세종,경기,강원,충북,충남,전북,전남,경북,경남,제주,세미나초청,최적화매칭,2026,AI도입,석유화학,철강,자동차,ESG,한국표준협회,디지털전환,DX,홍보지원,고용노동부,컨설팅",컨설팅,6182
1054,경기도,경기대진테크노파크,기술,[경기] 포천시 2026년 신소재개발 프로그램 지원사업 모집 공고,2026-03-18,2026-09-30,2026-03-31,https://www.bizinfo.go.kr/sii/siia/selectSIIA200Detail.do?pblancId=PBLN_000000000120201,,중소기업,"포천시 소재 섬유기업의 기술경쟁력 강화와 제품 경쟁력 향상을 위해 포천시와 경기대진테크노파크, 한국섬유소재연구원에서는「2026년 포천시 신소재개발 프로그램 지원사업」을 아래와 같이 모집 공고하오니, 섬유 관련 기업인들의 많은 관심과 참여 바랍니다. ☞ 포천시 소재(본사/공장) 섬유기업 및 관련기업 ① 섬유 컨버터, ② 섬유 제조기업, ③ 2차 섬유산업 관련기업(협력기업) 등 ☞ 기업 맞춤 및 친환경 제품 등 차별화&고부가가치 제품개발 지원 ① 기업의 기술력 및 설비를 활용한 기업 맞춤형 신제품 개발 지원 ② 친환경 소재 및 설비를 ","기술,경기,2026,경기도,경기대진테크노파크,포천시,섬유기업,한국섬유소재연구원,신소재,섬유,섬유관련기업,친환경 소재,시험분석",혼합(단독+공동),8759
1055,서울특별시,한국무역보험공사,수출,[서울] 2026년 수출보험ㆍ보증료 지원사업 수정 공고,,,2026-03-31,https://www.bizinfo.go.kr/sii/siia/selectSIIA200Detail.do?pblancId=PBLN_000000000120187,예산 소진시까지,중소기업,"서울특별시 중소기업 수출 지원을 위한 「2026년 수출보험ㆍ보증료 지원사업」을 다음과 같이 실시하오니, 지원이 필요한 기업은 다음 내용을 참고하시어 지원 신청하시기 바랍니다. ☞ 서울특별시 소재 전년도 수출실적 5천만 달러 이하 중소기업 ☞ 업체당 연간 3백만원 한도 내 지원 - 종목 : 수출보험 6종, 수출신용보증 6종, 환변동보험 1종, 문화산업보증 1종","금융,수출,서울,문화산업보증,2026,한국무역보험공사,환변동보험,수출신용보증,보증료,수출보험,서울특별시,중소기업",해외진출준비,8043
1056,경상남도,기초자치단체,수출,[경남] 창원시 2026년 수출물류비 지원사업 참여업체 모집 공고,,,2026-03-31,https://www.bizinfo.go.kr/sii/siia/selectSIIA200Detail.do?pblancId=PBLN_000000000120185,예산 소진시까지,중소기업,"창원시에서는 관내 수출 중소 제조업체를 대상으로 물류비 부담 경감 및 수출경쟁력 강화를 위해 「2026 창원시 수출물류비 지원사업」을 시행하오니 관심 있는 업체의 많은 참여 바랍니다. ☞ 창원시에 본사와 공장이 모두 소재하고 있는 중소 제조업체로 전년도 직수출실적 5,000만 불 이하인 업체 ☞ 항공 및 해상을 통한 수출품에 대한 물류비 지원(국외 운송비ㆍ하역비ㆍ창고비) - 업체별 최대 300만원 이내 지원 ※ 對 중동 수출물류비는 최대 500만원 이내","수출,경남,2026,경상남도,기초자치단체,창원시,제조업,수출품,물류비,운송비,하역비,창고비",해외진출,6096
1057,경기도,경기신용보증재단,금융,[경기] 2026년 중소기업육성자금 융자지원계획 변경 공고(경기도-IBK기업은행 협약),,,2026-03-31,https://www.bizinfo.go.kr/sii/siia/selectSIIA200Detail.do?pblancId=PBLN_000000000120177,예산 소진시까지,중소기업,「경기도 중소기업육성기금 설치 및 운용 조례」 제14조의 규정에 따라 2026년도 중소기업육성자금 융자지원계획 변경을 다음과 같이 공고합니다. ☞ 경기도-IBK기업은행 중소기업 동행지원 :「중소기업기본법」 제2조 규정에 따른 중소기업 - 경기도 창업기업 설비투자 특별지원 : 「중소기업기본법」 제2조 규정에 따른 창업 7년 이내 중소기업 ☞ 이차보전 지원 - 경기도-IBK기업은행 중소기업 동행지원 : (IBK기업은행) 최대 1.0%p 이내 보증료 지원 (보증기관) 0.2%p 보증료 지원 - 경기도 창업기업 설비투자 특별지원 : (IB,"금융,경기,2026,금리감면,IBK,설비투자,보증료,육성자금,융자지원,경기신용보증재단,창업기업,경기도,중소기업",융자,13729
1058,중소벤처기업부,소상공인시장진흥공단,금융,2026년 우리동네 크라우드펀딩 지원사업 크라우드펀딩 참여 소상공인 모집 공고,,,2026-03-31,https://www.bizinfo.go.kr/sii/siia/selectSIIA200Detail.do?pblancId=PBLN_000000000120174,예산 소진시까지,소상공인,"중소벤처기업부와 소상공인시장진흥공단은 크라우드펀딩을 통해 소상공인의 자금조달 지원을 위해 다음과 같이 「2026년 우리동네 크라우드펀딩 지원사업」의 참여 소상공인을 모집합니다. ☞ ｢소상공인기본법｣ 제2조에 따른 소상공인으로, 신청일 기준 정상적으로 영업 중인 소상공인 - (증권형) 업력 7년 이내 법인 소상공인(주식회사) - (리워드형) 펀딩 성공 후, 제품 발송이 가능한 소상공인 - (상권형) 지정상권 내 사업 영위 중인 소상공인 ☞ 대출형, 증권형, 리워드형, 리워드형(상권) 크라우드펀딩 지원 ※ 자세한 지원내용 공고문 참조","금융,서울,부산,대구,인천,광주,대전,울산,세종,경기,강원,충북,충남,전북,전남,경북,경남,제주,2026,소상공인시장진흥공단,중소벤처기업부,증권형,리워드형,상권형,크라우드펀딩,소상고인,자금조달,우리동네",펀드/투자,12015
1059,중소벤처기업부,대중소기업농어업협력재단,금융,2026년 중소기업 기술분쟁 소송보험 지원사업 공고,,,2026-03-31,https://www.bizinfo.go.kr/sii/siia/selectSIIA200Detail.do?pblancId=PBLN_000000000120170,예산 소진시까지,중소기업,"「중소기업 기술분쟁 소송보험 지원사업 을 다음과 같이 공고하오니, 동 사업에 참여하고자 하는 중소기업은 사업공고에 따라 신청하시기 바랍니다. ☞「중소기업기본법」제2조에 해당하는 중소기업 - 특허권, 임치기술, 실용신안권, 디자인권, 상표권을 보유한 국내 소재 중소기업 ☞ 연간 1회에 한하여, 기업 당 국내ㆍ외 보험상품 각각 1개만 지원 ※ 자세한 지원내용 공고문 참조","금융,서울,부산,대구,인천,광주,대전,울산,세종,경기,강원,충북,충남,전북,전남,경북,경남,제주,보험상품,2026,임치기술,실용신안권,디자인권,상표권,기술분쟁,대중소기업농어업협력재단,특허권,중소벤처기업부,중소기업",보험(수출+무역),5835
1060,제주특별자치도,제주특별자치도경제통상진흥원,인력,[제주] 2026년 소상공인 건강검진 지원사업 신청자 모집 공고,,,2026-03-31,https://www.bizinfo.go.kr/sii/siia/selectSIIA200Detail.do?pblancId=PBLN_000000000120166,예산 소진시까지,소상공인,"도내 소상공인의 건강한 복지 지원을 통한 삶의 질 증진을 위한 「소상공인 건강검진 지원」사업 신청을 희망하는 소상공인을 다음과 같이 모집합니다. ☞ 제주도내 소상공인 중 개업일로부터 3년 이상 사업을 영위중인 사업자 중, 최근 2개년 평균 매출액 80백만 원 미만인 소상공인 (공고 시작일 기준) ☞ 업체당 1인 한정 25만원 상당 지원","인력,제주,2026,제주특별자치도,제주특별자치도경제통상진흥원,소상공인,복지,건강검진,소상공인건강검진",고용유지,7648
1061,중소벤처기업부,한국중소벤처기업유통원,내수,2026년 중소기업제품 전용판매장(면세장) 참여기업 모집 공고,,,2026-03-31,https://www.bizinfo.go.kr/sii/siia/selectSIIA200Detail.do?pblancId=PBLN_000000000120164,상시 접수,중소기업,"우수 중소기업제품의 해외시장 진출 지원을 위한 「2026년 중소기업 제품전용판매장(면세장)」의 참여기업 모집을 아래와 같이 공고하오니, 중소기업의 많은 참여를 바랍니다. ☞ 「중소기업기본법」 제2조에 따른 중소기업 또는 「소상공인기본법」제2조에 따른 소상공인으로, 면세점에서 판매 가능한 B2C 제품을 생산(제조)하는 기업 - 인천국제공항 제2여객터미널 3층 출국장에 위치한 정책면세점에 신규 입점 하여 지원사업 참여를 희망하는 기업 ☞ 중소기업제품 전용면세점에서 국내외 방문객을 대상으로 홍보ㆍ마케팅, 인테리어 및 판매를 위한 공간ㆍ인","인력,내수,서울,부산,대구,인천,광주,대전,울산,세종,경기,강원,충북,충남,전북,전남,경북,경남,제주,한국중소벤처기업유통원,중소벤처기업부,2026,중소기업,소상공인,중소기업전용판매장,면세장,중소기업제품,중소기업제품전용면세점,면세점,전용면세점,홍보,마케팅,공간",오프라인,6827
1062,대구광역시,대구노동권익센터,경영,[대구] 2026년 찾아가는 노무서비스 지원(방문) 공고,,,2026-03-31,https://www.bizinfo.go.kr/sii/siia/selectSIIA200Detail.do?pblancId=PBLN_000000000120159,예산 소진시까지,중소기업,"대구노동권익센터는 시간적ㆍ인적 여건이 부족한 영세ㆍ소규모 사업장을 대상으로 노동법 위반을 예방하고, 현장 중심의 맞춤형 컨설팅을 지원하기 위해 찾아가는 노무서비스 지원 사업을 다음과 같이 공고합니다. ☞ 대구시 소재 50인 미만 사업장 ☞ 사업장별 1회 방문을 통한 맞춤형 인사ㆍ노무 컨설팅 지원 - 인사ㆍ노무 전반 점검 및 개선방안 제시 - 근로계약서, 임금명세서, 취업규칙 등 필수서식 정비 및 현장 실무 적용 지원 - 노동관계법 준수를 위한 사전 지도 및 노동분쟁 예방 상담 지원","경영,대구,사전지도,노동관계법,현장실무적용,2026,대구노동권익센터,임금명세서,취업규칙,개선방안,근로계약서,점검,노무,인사,대구광역시,컨설팅,상담",컨설팅,5468
1063,경기도,기초자치단체,금융,[경기] 양주시 2026년 중소기업 및 소상공인 운전자금 이차보전 지원 공고,,,2026-03-31,https://www.bizinfo.go.kr/sii/siia/selectSIIA200Detail.do?pblancId=PBLN_000000000120158,예산 소진시까지,중소기업,「양주시 중소기업 및 소상공인 운전자금 지원 조례」제5조의 규정에 따라 2026년 중소기업 및 소상공인 운전자금 이차보전 지원 계획을 다음과 같이 공고합니다. ☞ 신청일 현재 양주시에 소재한 중소기업기본법 제2조의 규정에 의한 중소기업으로 신청일 현재 공장등록을 필한 업체 - 양주시에 사업장을 두고 운영 중인 소상공인 - 기타 시장이 중소기업 및 소상공인 육성을 위하여 필요하다고 인정하는 기업 ☞ 중소기업 및 소상공인 운전자금 이자 중 1%~2% 지원,"금융,경기,2026,경기도,기초자치단체,양주시,중소기업,소상공인,운전자금,이차보전",융자,7940
1064,강원특별자치도,원주의료기기산업진흥원,수출,2026년 2차 국제의료기기전시회 참가기업 모집 통합 공고(인도네시아 Hospital Expoㆍ홍콩 Cosmoprof Asia),2026-03-17,2026-10-31,2026-03-30,https://www.bizinfo.go.kr/sii/siia/selectSIIA200Detail.do?pblancId=PBLN_000000000120145,,중소기업,"원주의료기기산업진흥원은 의료기기 기업의 해외 마케팅 지원을 위하여 아래 여섯 개의 국제의료기기전시회 공동관 참가기업을 아래와 같이 모집하오니 관심 있는 기업의 많은 참여 바랍니다. ☞ 인도네시아 Hospital Expo : 전국 의료기기 및 바이오 헬스케어 제조기업 - 홍콩 Cosmoprof Asia : 강원특별자치도 소재 의료기기 및 바이오 헬스케어 제조기업 ☞ 인도네시아 Hospital Expoㆍ홍콩 Cosmoprof Asia 참가 지원 - 부스조성 및 임차, 비품신청 등 주최측 서류제출 등 행정, 전시 1부스 지원","수출,서울,부산,대구,인천,광주,대전,울산,세종,경기,강원,충북,충남,전북,전남,경북,경남,제주,비품신청,원주의료기기산업진흥원,2026,부스지원,강원특별자치도,행정지원,국제의료기기전시회,홍콩,임차비,인도네시아,헬스케어,제조기업,의료기기,해외마케팅",시장개척,9582
1065,인천광역시,인천테크노파크,금융,[인천] 중동 수출 중소기업 긴급 경영안정자금 지원 공고,,,2026-03-30,https://www.bizinfo.go.kr/sii/siia/selectSIIA200Detail.do?pblancId=PBLN_000000000120138,예산 소진시까지,중소기업,"「인천광역시 중소기업경영안정자금 지원 및 운용 조례」 제6조에 의거 중동 정세 악화에 따른 중동 수출 중소기업 등의 금융부담 해소를 위한 '중동 수출 중소기업 긴급 경영안정자금 지원'을 다음과 같이 공고합니다. ☞ 인천광역시 경영안정자금 지원 업종 중 아래 요건을 충족하는 기업 - 신청일 기준 최근 1년 이내 중동 지역 수출실적이 있는 기업, 중동지역으로 수출 이력이 있는 기업과 거래 실적이 있는 기업 ※ 자세한 지원대상 공고문 참조 ☞ 은행 대출 운전자금의 이자차액보전 지원 - 지원 한도 : 업체당 5억원 이내(매출액의 1/3 이","금융,인천,2026,인천광역시,인천테크노파크,중동,경영안정자금,중소기업,수출중소기업,중동수출,긴급경영안정자금,이자차액,운전자금",융자,6911
1066,전남광주통합특별시,광주경제진흥상생일자리재단,경영,[광주] 2026년 하남산업단지 중소기업 보증료 지원사업 공고,,,2026-03-30,https://www.bizinfo.go.kr/sii/siia/selectSIIA200Detail.do?pblancId=PBLN_000000000120135,예산 소진시까지,중소기업,국제정세로 인해 어려움을 겪고 있는 평동산업단지 중소기업의 경영난 해소에 도움을 주기 위한 「하남산업단지 중소기업 보증료 지원사업」을 공고하오니 희망하는 업체는 제출서류를 첨부하여 신청하여 주시기 바랍니다. ☞ 광주광역시 하남산단 내 입주 중소 제조기업으로 2026년에 보증료를 납부한 기업 ※ 사업자등록증 업태가 제조업인 기업 / 공고일 이전납부 포함 ※ 자세한 지원대상 공고문 참조 ☞ 보증료의 30% 지원 (최대 1백만원 한도 내 지원),"경영,광주,중소기업보증료,2026,광주경제진흥상생일자리재단,보증료,광주광역시,제조업,중소기업,하남산업단지,전남광주,전남광주통합특별시",시설/입지지원,6839
1067,전남광주통합특별시,광주경제진흥상생일자리재단,경영,[광주] 2026년 평동산업단지 중소기업 보증료 지원사업 공고,,,2026-03-30,https://www.bizinfo.go.kr/sii/siia/selectSIIA200Detail.do?pblancId=PBLN_000000000120134,예산 소진시까지,중소기업,국제정세로 인해 어려움을 겪고 있는 평동산업단지 중소기업의 경영난 해소에 도움을 주기 위한 「평동산업단지 중소기업 보증료 지원사업」을 공고하오니 희망하는 업체는 제출서류를 첨부하여 신청하여 주시기 바랍니다. ☞ 광주광역시 평동산업단지 내 입주 중소 제조기업으로 2026년에 보증료를 납부한 기업 ※ 사업자등록증 업태가 제조업인 기업 / 공고일 이전납부 포함 ※ 자세한 지원대상 공고문 참조 ☞ 보증료의 30% 지원 (최대 1백만원 한도 내 지원),"경영,광주,2026,광주광역시,광주경제진흥상생일자리재단,평동산업단지,중소기업,보증료,중소기업보증료,제조업,전남광주,전남광주통합특별시",시설/입지지원,6705
1068,금융위원회,한국핀테크지원센터,기술,2026년 금융 테스트베드 참여기업 테스트비용 지원 공고,,,2026-03-30,https://www.bizinfo.go.kr/sii/siia/selectSIIA200Detail.do?pblancId=PBLN_000000000120123,예산 소진시까지,중소기업,"한국핀테크지원센터는 핀테크 기업이 금융 테스트베드를 통해 새롭고 혁신적인 아이디어를 시험할 수 있도록 테스트비용을 지원하오니 많은 신청 바랍니다. ☞ 중소기업확인서를 발급받은 기업이며, 아래 테스트베드 유형 중 1개 이상을 충족하는 기업 - 혁신금융서비스 지정기업이며, 테스트비용을 지원할 필요성이 인정되는 핀테크 기업 - 지정대리인 지정기업 중 금융회사와 위수탁계약을 체결하였으며, 테스트비용을 지원할 필요성이 인정되는 핀테크 기업 - 위탁테스트 참여기업 중 금융회사와 위수탁계약을 체결하였으며, 테스트비용을 지원할 필요성이 인정되는 ","기술,서울,부산,대구,인천,광주,대전,울산,세종,경기,강원,충북,충남,전북,전남,경북,경남,제주,2026,금융위원회,한국핀테크지원센터,핀테크기업,테스트베드,테스트비용,혁신금융서비스,지정대리인,위탁테스트,사업역량,운영전략,비용지원",시험/인증,6064
1069,중소벤처기업부,소상공인시장진흥공단,금융,2026년 소상공인 투자연계 지원사업 립스(LIPS) 프로그램 소상공인 모집 공고,,,2026-03-30,https://www.bizinfo.go.kr/sii/siia/selectSIIA200Detail.do?pblancId=PBLN_000000000120117,예산 소진시까지,소상공인,"민간투자와 연계하여 생활기반(비기술)의 창의적 아이템을 보유한 소상공인을 선도기업으로 성장 및 도약을 지원하는 「’26년도 립스(LIPS) 프로그램」사업 참여 소상공인을 다음과 같이 모집합니다. ☞ 중기부가 지정한 운영사로부터 先투자받은 유망 소상공인(업력 1년이상) ※ 자세한 지원대상 공고문 참조 ☞ 민간투자 연계형 매칭융자(LIPSⅠ), 혁신소상공인 투자연계지원(LIPSⅡ) 지원 - 민간투자 연계형 매칭융자(LIPSⅠ) : 민간운영사가 先투자 시 투자금의 최대 5배, 최대 5억원 한도 내 매칭융자(정책자금) 지원 - 혁신소상공인","금융,서울,부산,대구,인천,광주,대전,울산,세종,경기,강원,충북,충남,전북,전남,경북,경남,제주,2026,중소벤처기업부,소상공인시장진흥공단,민간투자,융자,투자연계,LIPS,투자,매칭융자,소상공인,초기투자액셀러레이터협회",펀드/투자,22299
1070,과학기술정보통신부,한국전파진흥협회,기술,중소기업 전파 공동엔지니어링랩 운영지원 사업 공고,,,2026-03-30,https://www.bizinfo.go.kr/sii/siia/selectSIIA200Detail.do?pblancId=PBLN_000000000120113,상시 접수,중소기업,"인력ㆍ기술력의 부족으로 어려움을 겪고 있는 전파ㆍ방송 분야 중소기업의 기술개발 지원을 통해 애로기술 해결 및 기술 경쟁력 강화를 도모해드리는 사업입니다. ☞ 전파ㆍ방송분야 제품 설계나 구현 등 기술적 어려움을 겪고 있는 모든 중소기업 및 대학창업자 등을 위주로 지원 - 창업단계에서 제품의 설계나 제품 구현 등 기술적 어려움을 겪고 있는 기업 - 실험실, 설계프로그램, 측정장비 등 설계 및 시험측정 시설이 필요한 기업 - 전파관련 분야의 애로사항으로 인해 전문가의 지원이 필요한 기업 ☞ 전파ㆍ방송분야 애로기술 해결을 위해 전문인력 활","기술,인력,서울,부산,대구,인천,광주,대전,울산,세종,경기,강원,충북,충남,전북,전남,경북,경남,제주,과학기술정보통신부,한국전파진흥협회,기술개발,중소기업,전파,방송,애로기술해결,전문인력활용,시험,측정,기술사업화,2026",기술사업화/이전/지도,6331
1071,전북특별자치도,전북특별자치도경제통상진흥원,경영,[전북] 2026년 중소기업종합지원시스템 컨설팅 참여 기업 모집 공고,,,2026-03-30,https://www.bizinfo.go.kr/sii/siia/selectSIIA200Detail.do?pblancId=PBLN_000000000120107,예산 소진시까지,중소기업,"전북특별자치도와 (재)전북특별자치도경제통상진흥원에서는 우리도 기업의 경영 현장에서 발생하는 애로를 해소하고 기업의 지속 성장과 경쟁력 강화를 위한 전문가 컨설팅을 상시 모집하오니 많은 관심과 참여 바랍니다. ☞ 도내 중소기업 ☞ 전문가 컨설팅 지원 - (기업) 연간 최대 회 컨설팅 신청 가능 - (컨설턴트) 연간 최대 12회 컨설팅 수행 가능, 대면 컨설팅 1회당 250,000원 지급","경영,전북,대면 컨설팅,전문가 컨설팅,2026,전북특별자치도,전북특별자치도경제통상진흥원,기업애로해소,컨설팅,중소기업",컨설팅,6547
1072,전북특별자치도,직접수행,금융,[전북] 2026년 중동분쟁 대응 수출입기업 긴급 경영안정자금 지원계획 변경 공고,,,2026-03-30,https://www.bizinfo.go.kr/sii/siia/selectSIIA200Detail.do?pblancId=PBLN_000000000120102,예산 소진시까지,중소기업,"「전북특별자치도 중소기업 육성기금 설치 및 운용 조례」 제11조에 따라 중동분쟁으로 어려움을 겪는 수출입기업의 금융부담 해소를 위해 2026년 전북특별자치도 중소기업 육성자금 긴급 경영안정자금 지원계획을 다음과 같이 공고합니다. ☞ 도내 소재 중소기업 중 중동 분쟁 등 외부 환경으로 피해가 있는 직ㆍ간접 수출입업체(업종무관) ☞ 지원한도 : 업체당 최고 2억원 - 이자차액보전 : 2.0% 지원 ※ 특례사항 : 심사평가 생략하고, 제출서류 확인으로 지원","금융,전북,특례사항,중동분쟁,2026,전북특별자치도,이자차액보전,육성자금,수출입기업,직접수행,중소기업",융자,6756
1073,과학기술정보통신부,한국데이터산업진흥원,기술,2026년 데이터 품질인증 지원사업 공고,,,2026-03-30,https://www.bizinfo.go.kr/sii/siia/selectSIIA200Detail.do?pblancId=PBLN_000000000120097,예산 소진시까지,중소기업,"과학기술정보통신부와 한국데이터산업진흥원은 기업이 생산ㆍ유통ㆍ활용하는 데이터의 품질인증을 지원하는「2026년 데이터 품질인증 지원사업」을 다음과 같이 공고합니다. ☞ 데이터를 생산ㆍ유통ㆍ활용하는 중소 및 초기 중견기업 ☞ 데이터 품질인증기관이 수행하는 인증 비용을 최대 1,150만원(VAT 제외) 지원, 기업의 자체 데이터 품질개선 수행을 위한 품질진단 결과보고서 지원","기술,서울,부산,대구,인천,광주,대전,울산,세종,경기,강원,충북,충남,전북,전남,경북,경남,제주,고품질 AI 모델,데이터 품질개선,데이터 품질인증,데이터 관리체계,AI 학습데이터,2026,비정형데이터,정형데이터,한국데이터산업진흥원,과학기술정보통신부,중견기업,중소기업",기술사업화/이전/지도,8062
1074,부산광역시,부산테크노파크,경영,[부산] 2026년 서비스융복합연구센터 데이터 기반 융복합 서비스 개발 컨설팅 지원 공고,,,2026-03-30,https://www.bizinfo.go.kr/sii/siia/selectSIIA200Detail.do?pblancId=PBLN_000000000120091,예산 소진시까지,중소기업,"부산광역시와 (재)부산테크노파크는 데이터 기반 융복합 신규서비스 개발 및 서비스 고도화 지원을 위한 컨설팅을 추진합니다. 이에, 역량있는 지역 기업(기관)의 많은 참여 바랍니다. ☞ 데이터 기반 신규 서비스 발굴 및 기존 서비스 고도화를 희망하는 지역 중소 상공 기업 및 예비창업자(업종 제한없음) - 서비스 분야에 상관없이 데이터를 활용할 수 있는 서비스 - 서비스에 데이터를 접목하고 싶으나 방법을 모르는 경우 - 현재 운영 중인 서비스와 데이터에 대해 전문가 검증이 필요한 경우 ☞ 데이터 기반 신규서비스 발굴 및 기존 서비스 고도","기술,경영,부산,상공기업,2026,서비스분야,부산테크노파크,데이터활용,고도화,예비창업자,부산광역시,컨설팅,중소기업",컨설팅,5945
1075,인천광역시,인천상공회의소,수출,[인천] 2026년 OK FTA 컨설팅 지원사업 신청 공고,2026-03-19,2026-09-30,2026-03-27,https://www.bizinfo.go.kr/sii/siia/selectSIIA200Detail.do?pblancId=PBLN_000000000120089,,중소기업,"인천상공회의소 인천FTA통상진흥센터는 산업통상부와 함께 FTA 활용을 통한 수출 경쟁력 강화를 위하여 다음과 같이「2026년 OK FTA 컨설팅 지원사업」을 실시하고자 하오니, 많은 신청 바랍니다. ☞ 인천 소재 중소ㆍ중견기업 ☞ FTA 활용 및 원산지관리에 필요한 맞춤형 컨설팅 지원 - 원산지증명서 발급, 품목별ㆍ업체별인증수출자 인증 취득(갱신), 원산지관리시스템 도입 등 지원","수출,인천,맞춤형 컨설팅,2026,FTA 활용,인증수출자,원산지관리시스템,원산지증명서,대한상공회의소,인증,인천광역시,인천상공회의소,컨설팅",FTA활용/대응,9734
1076,인천광역시,인천상공회의소,수출,[인천] 2026년 FTA 커스터마이징 컨설팅 참가업체 모집 공고,2026-03-19,2026-09-30,2026-03-27,https://www.bizinfo.go.kr/sii/siia/selectSIIA200Detail.do?pblancId=PBLN_000000000120088,,중소기업,"인천상공회의소 인천FTA통상진흥센터는 인천광역시와 함께 FTA 및 무역 지원을 통한 수출경쟁력 강화를 위하여 다음과 같이「2026년 FTA 커스터마이징 컨설팅」을 운영하고자 하오니, 많은 신청 바랍니다. ☞ 인천 소재 수출 중소ㆍ중견기업 ☞ 품목별 인증수출자 인증 및 선택형 무역 컨설팅 지원","수출,인천,품목별 원산지,원산지 사후검증,FTA 커스터마이징,2026,인천FTA통상진흥센터,무역서류,인증수출자,인천광역시,인천상공회의소,컨설팅,FTA",FTA활용/대응,8932
1077,과학기술정보통신부,한국데이터산업진흥원,기술,2026년 데이터 가치평가 지원사업 공고,,,2026-03-27,https://www.bizinfo.go.kr/sii/siia/selectSIIA200Detail.do?pblancId=PBLN_000000000120083,예산 소진시까지,중소기업,"과학기술정보통신부와 한국데이터산업진흥원은 기업이 보유한 데이터의 가치를 평가하여 금융, 거래 등에 활용할 수 있도록 지원하는「2026년 데이터 가치평가 지원사업」을 다음과 같이 공고합니다. ☞ 데이터를 보유한 중소 및 초기 중견기업 ☞ 데이터 가치평가기관이 수행하는 데이터 가치평가비용의 50%(최대 1,500만원, VAT 제외) 및 우대비율 최대 25% 가산 지원","기술,서울,부산,대구,인천,광주,대전,울산,세종,경기,강원,충북,충남,전북,전남,경북,경남,제주,2026,과학기술정보통신부,한국데이터산업진흥원,데이터,거래,가치평가,중소기업,중견기업,가치평가비용,우대비율",시험/인증,12099
1078,충청북도,직접수행,금융,[충북] 2026년 긴급 운전자금 융자(이차보전) 지원계획 공고,,,2026-03-27,https://www.bizinfo.go.kr/sii/siia/selectSIIA200Detail.do?pblancId=PBLN_000000000120062,예산 소진시까지,중소기업,"충청북도 중소기업육성기금 설치 및 운용 조례 제10조 및 같은 조례 시행규칙 제4조의 규정에 따라 「2026년도 충청북도 긴급 운전자금 융자(이차보전) 지원계획」을 다음과 같이 공고합니다. ☞ 충청북도에 사업장을 둔 「중소기업기본법」의 적용을 받는 중소기업으로서 지원업종 요건을 충족하면서, 아래 유형의 어느 하나에 해당되는 기업 - 지원업종(공통요건ㆍ필수충족) : 제조업, 서비스업, 폐기물처리 원료재생업 ㆍ 지원유형 : 중동지역 직ㆍ간접 수출ㆍ입 피해기업, 최근 1년 이내 100만$ 이상 수출실적(직수출)이 있는 중소기업, 일반화물","금융,충북,일반화물자동차운송업,2026,중동지역,폐기물처리원료재생업,중소기업육성기금,수출피해기업,이차보전,서비스업,충청북도,직접수행,제조업,융자",융자,7134
1079,고용노동부,한국표준협회,경영,2026년 일터혁신 상생컨설팅 지원사업 기업 모집 공고,,,2026-03-27,https://www.bizinfo.go.kr/sii/siia/selectSIIA200Detail.do?pblancId=PBLN_000000000120058,예산 소진시까지,중소기업,"노사 참여 기반의 일터혁신을 통해 근로 여건을 함께 개선하는 정부지원사업입니다. 전문 컨설턴트가 사업장을 방문해 맞춤형 컨설팅을 제공하며, 한국표준협회가 축척된 노하우로 실직적인 혁신 솔루션을 지원합니다. ☞ 일터혁신 필요성과 의지가 있는 20인 이상 사업장 ☞ 일터혁신 상생컨설팅 지원 - 진단 : 기초진단, 심층진단 - 컨설팅 : 자문컨설팅, 전문컨설팅(특화), 심화컨설팅(특화) ※ 자세한 지원내용 공고문 참조","인력,경영,서울,부산,대구,인천,광주,대전,울산,세종,경기,강원,충북,충남,전북,전남,경북,경남,제주,2026,고용노동부,일터혁신,상생컨설팅,한국표준협회,일터혁신상생컨설팅,자문컨설팅,전문컨설팅,심화컨설팅,컨설팅,진단,기초진단,심화진단,전문컨설턴트",컨설팅,6481
1080,대전광역시,대전일자리경제진흥원,금융,[대전] 2026년 중소유통업 시설투자 및 운전자금 융자지원계획 공고,,,2026-03-27,https://www.bizinfo.go.kr/sii/siia/selectSIIA200Detail.do?pblancId=PBLN_000000000120054,예산 소진시까지,중소기업,"대전광역시 중소기업육성기금조례 제10조의 규정에 의거 2026년도 중소유통업 시설투자 및 운전자금 융자지원계획을 다음과 같이 공고합니다. ☞ 대전 소재 유통업자(한국표준산업분류의 도ㆍ소매업(대상 업종 붙임3)) - 유통업자는 본사 또는 사업장이 관내 소재한 영업 6월 이상 업체 ☞ 운영자금, 시설개선자금 지원 - 운영자금 : 재료비, 인건비, 일반관리비 등 경상운영비 - 시설개선자금 : 점포시설개선, 전문상가 시설개선, 전문상가 건립, 공동창고 건립","금융,대전,대전일자리경제진흥원,대전광역시,2026,중소유통업,유통업자,시설개선자금,인건비,운영자금,재료비,일반관리비,경상운영비,점포시설개선,전문상가시설개선,전문상가건립,공동창고건립,전문상가,공동창고",융자,7832
1081,경상북도,경상북도경제진흥원,수출,[경북] 2026년 중소기업 통번역 지원사업 참가기업 모집 공고,,,2026-03-27,https://www.bizinfo.go.kr/sii/siia/selectSIIA200Detail.do?pblancId=PBLN_000000000120033,예산 소진시까지,중소기업,"경상북도와 경북경제진흥원은 도내 중소기업의 원활한 해외판로 개척을 지원하고자 「2026년 중소기업 통번역 지원사업」을 추진하오니 관심있는 기업에서는 많은 신청을 바랍니다. ☞ 본사 또는 공장이 도내 소재한 중소기업 ※ 광고ㆍ인쇄업 등 제외 ☞ 마케팅서신, 제품설명서, 회사소개서, 계약서, 수출입 관련 번역 및 통역 지원 - 지원한도 : 일반 기업 연간 1,000,000원 이내 / 경수협 기업 연간 1,500,000원 이내 - 지원언어 : 일반언어(영어, 중국어, 일본어) / 특수언어(일반언어 외(베트남어, 독일어, 러시아어, 중국어","수출,경북,2026,경상북도,경상북도경제진흥원,통번역,번역,영어,중국어,일본어,베트남어,독일어,러시아어,중국어번체,중소기업,통역",해외진출준비,5947
1082,경기도,경기도경제과학진흥원,수출,2026년 제29회 대한민국우수상품전시회(G-FAIR KOREA 2026) 참가기업 모집 공고,2026-03-16,2026-08-31,2026-03-27,https://www.bizinfo.go.kr/sii/siia/selectSIIA200Detail.do?pblancId=PBLN_000000000120032,,중소기업,"G-FAIR KOREA는 1999년부터 27년간 대한민국 중소기업의 국내외 판로개척을 지원해온 대표 중소기업 전문 전시회입니다. 제29회 G-FAIR KOREA 2026은 국내외 바이어 및 유통 MD 600명 이상이 참여하는 국내 최대 규모 수출 전문 전시회로, 중소기업의 판로 확대와 수출 활성화를 지원하고자 개최됩니다. 관심 있는 기업은 아래 내용을 참고하시어 많은 신청 바랍니다. ☞ 국내 소재 중소기업 - 전시품목 : 리빙, 푸드, 뷰티, 테크 등 종합 품목 ☞ G-FAIR KOREA 전시회 참가ㆍ운영 지원 (현장 홍보, 국내외","수출,내수,경영,서울,부산,대구,인천,광주,대전,울산,세종,경기,강원,충북,충남,전북,전남,경북,경남,제주,2026,국내전시,B2C,전시,B2B,동반성장,홍보,경기도경제과학진흥원,전시회,박람회,경기도,바이어,마케팅",해외진출준비,8759
1083,경기도,경기테크노파크,창업,[경기] 안산시 2026년 청년큐브 1:1 창업멘토링 지원 참여기업 모집 공고(청년창업인큐베이팅사업),,,2026-03-27,https://www.bizinfo.go.kr/sii/siia/selectSIIA200Detail.do?pblancId=PBLN_000000000120031,예산 소진시까지,창업벤처,"안산시와 경기테크노파크에서는 안산시 (예비)창업자와 청년큐브 입주기업(팀)의 성공적인 창업을 지원하기 위하여 선배 창업자 및 각 분야 전문가와의 멘토링을 지원하고자 하오니 많은 관심과 참여 바랍니다. ☞ 청년큐브 입주/졸업기업(초지, 예대, 한양, 월피) 및 관내 창업기업, 관내 대학 및 고등학교 예비창업자 등 관내 39세 이하 청년창업가 ※ 공고일 기준 39세 이하인 자(1986.3.19. 이후 출생자) ☞ 청년큐브 멘토링 총 4회 지원 - 멘토링 분야 : 중소기업, 컨설팅기관, VC, 투자기관, 정부기관, 대학교, 마케팅기업, ","창업,경영,경기,2026,경기도,경기테크노파크,멘토링,청년큐브,전문가,창업기업,예비차업자,청년창업가,만39세이하,청년큐브입주기업,청년큐브졸업기업",창업정보제공,6847
1084,경상남도,경남신용보증재단,금융,[경남] 2026년 소상공인 정책자금 운용계획 변경 공고,,,2026-03-27,https://www.bizinfo.go.kr/sii/siia/selectSIIA200Detail.do?pblancId=PBLN_000000000120023,예산 소진시까지,소상공인,"중동 위기에 따른 유가 급등으로 경영에 어려움을 겪고 있는 도내 육상운송 등 업종 소상공인의 경영 안정을 위하여 「2026년도 경상남도 소상공인 정책자금 운용계획」을 다음과 같이 변경 공고합니다. ☞ 경남 도내에 소재하고 있는 「소상공인기본법」 제2조에 따른 소상공인 - 도내 사업자 등록 후 영업 중인 소상공인 중 유가 급등에 따른 직접 피해가 우려되는 아래 업종 ※ 한국표준산업분류상 「육상운송 및 파이프라인 운송업(H49)」 및 「건설장비 운영업(F42600)」 다만, 택시운송업(H49231)은 제외 - 대표자 신용평점이 NICE","금융,경남,2026,긴급경영자금,육상운송,소상공인정책자금,경남신용보증재단,경상남도,소상공인",융자,12064
1085,식품의약품안전처,한국식품안전관리인증원,경영,2026년 식품안심업소 기술지원 사업 참여 업소 모집 공고,2026-03-18,2026-09-30,2026-03-26,https://www.bizinfo.go.kr/sii/siia/selectSIIA200Detail.do?pblancId=PBLN_000000000120010,,소상공인,"한국식품안전관리인증원에서는 식품의약품안전처로부터 식품안심업소 기술지원 업무를 위탁받아 수행하고 있습니다. 이와 관련하여 식품안심업소(음식점위생등급제)평가를 준비하는 업소를 대상으로 현장 맞춤형 기술지원을 아래와 같이 무상으로 실시하오니 많은 참여 부탁드립니다. ☞ 식품접객업 중 아래 요건에 해당하는 2,000개소 음식점 - 모범업소, 백년가게, 미슐랭ㆍ블루리본 등 음식점 - K-미식벨트, K-관광단지, K-관광마켓 소재 음식점 등 식품안심 구역 지정을 위한 음식점 - 영업장 면적 200㎡이하 음식점 - 배달음식점 또는 아파트 상가,","경영,서울,부산,대구,인천,광주,대전,울산,세종,경기,강원,충북,충남,전북,전남,경북,경남,제주,2026,한국식품안전관리인증원,식품안심업소,식품접객업,모범업소,백년가게,미슐랭,블루리본,미식벨트,관광단지,관광마켓,배달음식점,다중이용시설,교육,컨설팅,기술지원,관리일지,게시물,식품의약품안전처",컨설팅,8070
1086,전남광주통합특별시,광주광역시일가정양립지원본부,경영,[광주] 2026년 가족친화경영 컨설팅 참여 기업(관) 모집 공고(가족친화인증 지원 및 가족친화경영문화 확산),,,2026-03-26,https://www.bizinfo.go.kr/sii/siia/selectSIIA200Detail.do?pblancId=PBLN_000000000120009,예산 소진시까지,중소기업,"가족친화 경영문화를 확산하고 가족친화인증 획득을 지원하기 위하여 「2026년 가족친화경영 컨설팅 지원 사업」의 참여 기업ㆍ기관을 아래와 같이 모집 공고하오니, 관심 있는 기업ㆍ기관의 많은 참여바랍니다. ☞ 가족친화경영(가족친화인증 준비)에 관심이 있는 관내 기업ㆍ기관 ☞ 전문 컨설턴트 현장 방문 맞춤형 무료 컨설팅 지원 - (가족친화인증 관련) 가족친화인증 전반에 대한 설명, 서류 및 현장 심사 대비 컨설팅 - (가족친화제도 설계) 업체 실정에 맞는 가족친화제도 도입ㆍ설계, 가족친화프로그램 연계 - (인사노무법규 확인) 인사 관련 ","경영,광주,인사노무법규,현장심사,경영문화,2026,가족친화프로그램,취업규칙,광주광역시일가정양립지원본부,설계,현장방문,가족친화,가족친화인증,광주광역시,컨설팅,중소기업,전남광주,전남광주통합특별시",컨설팅,6900
1087,서울특별시,직접수행,경영,[서울] 2026년 노동환경개선컨설팅 사업 대상 모집 공고,,,2026-03-26,https://www.bizinfo.go.kr/sii/siia/selectSIIA200Detail.do?pblancId=PBLN_000000000120006,선착순 마감,중소기업,"서울시에서는 서울시 소재 사업장의 노동자의 노동권익을 보호 및 증진하기 위하여 다음과 같이 「2026년 서울시 노동환경개선컨설팅 사업」 대상을 모집합니다. ☞【市 유관 사업장】서울시 발주 10억원 미만 건설, 상시근로자 수 30인 미만 일반용역 사업장, 창업허브 입주기업(창업 7년 미만), 서울형 강소기업 -【민간 사업장】상시근로자 수 30인 미만 사업장 ※ 해당 요건 중 1개 이상 충족시 신청 가능 ☞ 컨설팅 내용 : 노무사 현장 방문ㆍ점검, 서류 확인, 사업주ㆍ노동자 개별 면담 ※ 자세한 지원내용 공고문 참조","경영,서울,2026,서울특별시,직접수행,노동권익,일반용역,창업허브,강소기업,중소기업,노무사,현장방문,현장점검,서류확인,개별면담",컨설팅,8567
1088,인천광역시,인천창조경제혁신센터,창업,2026년 인천창조경제혁신센터 창업-BuS 프로그램 참여기업 모집 공고,,,2026-03-26,https://www.bizinfo.go.kr/sii/siia/selectSIIA200Detail.do?pblancId=PBLN_000000000119999,상시 접수,창업벤처,"연중 상시 우수 스타트업 발굴 및 맞춤형 지원을 위한 '2026년도 인천창조경제혁신센터 창업-BuS(Build up Strategy for Start-ups) 프로그램' 참가 기업을 아래와 같이 모집합니다. 창업 기업들의 많은 참여 바랍니다 ☞ 초격차 분야 업력 7년 이내 창업기업(공고일 기준) ☞ 맞춤형 전문가 컨설팅(바우처 형태), 센터 직접 투자 및 외부 투자 유치, 내부 프로그램(TIPS, 대중견 OI프로그램 등) 연계 및 참여 우대, 전국 센터 연합 IR 참석 및 후속투자 기회 제공 등 지원","창업,서울,부산,대구,인천,광주,대전,울산,세종,경기,강원,충북,충남,전북,전남,경북,경남,제주,인천창조경제혁신센터,인천광역시,2026,창업기업,스타트업,창업7년이내,초격차분야,창업BuS,컨설팅,투자",사업화지원,7976
1089,충청남도,충남경제진흥원,경영,[충남] 2026년 비즈콜센터 컨설팅 지원사업 참여기업 모집 공고,,,2026-03-26,https://www.bizinfo.go.kr/sii/siia/selectSIIA200Detail.do?pblancId=PBLN_000000000119988,예산 소진시까지,중소기업,"충남 비즈콜센터는 도내 중소기업의 경영 및 기술애로 해결을 위해 분야별 전문가를 기업현장으로 파견하여 맞춤형 현장 컨설팅을 지원하고자 아래와 같이 참여기업을 모집합니다. ☞ 충남 도내 「중소기업기본법」제2조 및 시행령 제3조에 의한 중소기업 - 지원분야 : 지식재산권, 세무, 법무, 인사노무, 규격ㆍ인증, 경영 등 ☞ 중소기업 경영애로 해결, 맞춤형 컨설팅 지원","경영,충남,비즈콜센터,충청남도,충청남도경제진흥원,2026,중소기업,지식재산권,세무,법무,인사노무,규격,인증,컨설팅,경영애로해결,경영애로",컨설팅,5769
1090,경상북도,경북FTA통상진흥센터,수출,[경북] 2026년 FTA활용 지원사업 공고,,,2026-03-26,https://www.bizinfo.go.kr/sii/siia/selectSIIA200Detail.do?pblancId=PBLN_000000000119983,예산 소진시까지,중소기업,"산업통상부, 경상북도, 구미상공회의소가 운영하는 「경북FTA통상진흥센터」에서는 전문인력 부족으로 FTA 활용에 어려움을 겪고 있는 경북지역 수출입기업 및 수출물품 제조업체들을 위하여 다음과 같이 경북FTA활용 지원사업을 시행하오니 많은 신청 바랍니다. ☞ 경북 지역 내 중소기업 中 직ㆍ간접 수출 또는 수출 희망업체 ☞ 수출기업 맞춤ㆍ기업 원산지확인서ㆍFTA 무역서류 발급 지원ㆍ원산지인증수출자 등 컨설팅 지원 ※ 자세한 내용은 공고문 참조 ※ 경북FTA활용지원사업 전문가.xlsx 출처 바로가기 내 첨부파일 참조","수출,경북,무역서류발급,원산진확인서,2026,수출물품,경북FTA통상진흥센터,원산지인증수출자,구미상공회의소,수출업체,제조업체,컨설팅,경상북도,FTA",FTA활용/대응,5925
1091,전북특별자치도,전북특별자치도경제통상진흥원,경영,[전북] 2026년 새출발 재기지원 (휴ㆍ폐업 사업주형) 재기 지원(사업정리비 및 교육비) 모집 공고,,,2026-03-26,https://www.bizinfo.go.kr/sii/siia/selectSIIA200Detail.do?pblancId=PBLN_000000000119981,예산 소진시까지,소상공인,"새출발기금 채무조정 약정 대상 도내 소상공인의 안정적인 재기와 경제활동 복귀를 지원하기 위하여「2026년 새출발 재기지원사업(사업장 정리비 및 교육비 지원)」을 다음과 같이 공고합니다. ☞ 새출발기금 채무조정 약정을 체결한 휴업ㆍ폐업 상태인 도내 소상공인 ☞ 폐업 과정에서 발생하는 사업장 정리 관련 비용, 재취업ㆍ창업을 위한 재기 지원비용 최대 600만원","창업,경영,전북,새출발 재기지원,사업장 정리,2026,휴업,전북특별자치도,전북특별자치도경제통상진흥원,새출발기금,채무조정,교육비,폐업,소상공인",디자인/상품화/사업화,6825
1092,경상북도,경북FTA통상진흥센터,경영,[경북] 2026년 OK FTA 컨설팅 지원사업 모집 공고(경북FTA통상진흥센터),,,2026-03-26,https://www.bizinfo.go.kr/sii/siia/selectSIIA200Detail.do?pblancId=PBLN_000000000119978,예산 소진시까지,중소기업,"FTA활용 역량 강화를 위한 FTA 전문 컨설팅 지원을 위해 「2026년 OK FTA 컨설팅 지원사업」을 다음과 같이 공고하오니, 본 사업에 참여를 원하는 기업은 신청하여 주시기 바랍니다. ☞ 경북 소재 FTA 활용하고자 하는 국내 중소ㆍ중견기업 ☞ FTA 활용 및 원산지관리에 필요한 맞춤형 컨설팅 지원","경영,경북,2026,경북FTA통상진흥센터,컨설팅지원,원산지관리,FTA활용,경상북도,중견기업,FTA,중소기업,구미상공회의소",컨설팅,5811
1093,해양수산부,해양수산과학기술진흥원,기술,2026년 해양 연구 시설ㆍ장비 사용료 지원사업 모집 공고,,,2026-03-26,https://www.bizinfo.go.kr/sii/siia/selectSIIA200Detail.do?pblancId=PBLN_000000000119976,예산 소진시까지,중소기업,"「2026년 해양 연구 시설ㆍ장비 사용료 지원사업 모집」을 다음과 같이 공고하오니, 본 사업에 참여를 원하는 기업은 신청하여 주시기 바랍니다. ☞ 공동활용 대상 연구 시설ㆍ장비를 이용하고자 하는 연구자 ☞ 대상에 따라 연구시설 사용료 차등 지원 (1인당 천만 원 내 지원/연간) ※ 자세한 지원 내용 공고문 참조","기술,서울,부산,대구,인천,광주,대전,울산,세종,경기,강원,충북,충남,전북,전남,경북,경남,제주,2026,해양수산과학기술진흥원,해양수산부,해양연구,시설,장비,사용료지원,연구시설,연구자,중소기업,해양수산",기술인력/장비지원,5757
1094,전북특별자치도,전북특별자치도콘텐츠융합진흥원,인력,[전북] 2026년 게임인재 맞춤형 인턴십 지원사업 공고(전북 글로벌게임센터),,,2026-03-26,https://www.bizinfo.go.kr/sii/siia/selectSIIA200Detail.do?pblancId=PBLN_000000000119967,예산 소진시까지,중소기업,"전북특별자치도 콘텐츠융합진흥원에서 운영하는 전북글로벌게임센터에서 「2026 게임인재 맞춤형 인턴십 지원사업」에 참여할 기업을 아래와 같이 모집 하오니 많은 관심 바랍니다. ☞ 전북특별자치도 소재 게임콘텐츠 관련분야 ☞ 신규 인턴 인건비 지원 - 기업별 1명 우선배정하며, 기업당 최대 3명까지 지원가능 - 지역청년인재 채용 인턴 1인당 총 인건비 1,000만원, 최대 5개월 지원 ※ 월 지원금 200만원x3개월, 정규직 전환 시 200만원x2개월","인력,전북,2026,전북특별자치도콘텐츠융합진흥원,전북특별자치도,지역청년인재,인건비지원,인턴,정규직,게임콘텐츠, 인턴십,게임인재",고용환경개선,5841
1095,부산광역시,부산경영자총협회,인력,[부산] 기계ㆍ부품ㆍ철강산업 숙련기술자 고용안정 지원사업 참여 기업 및 참여자 모집 공고,,,2026-03-25,https://www.bizinfo.go.kr/sii/siia/selectSIIA200Detail.do?pblancId=PBLN_000000000119957,예산 소진시까지,중소기업,"부산경영자총협회에서는 고용노동부와 부산광역시가 지원하는 2026년 지역특화 일자리창출 지원사업의 일환으로 부산 기계ㆍ부품ㆍ철강산업 기업의 고용안정을 위한 채용장려금과 숙련기술자 근속 인센티브 등을 지원하는 「부산 기계ㆍ부품철강산업 숙련기술자 고용안정 지원사업」을 다음과 같이 공고합니다. ☞ 사업자등록증상 부산시에 소재한 고용안정이 필요한 기계ㆍ부품ㆍ철강산업 제조기업 중 우선지원 대상기업(상시근로자 100인 미만 우선 선정) ☞ 기계ㆍ부품ㆍ철강 제조기업 고용안정 컨설팅, 숙련기술자 이ㆍ전직 채용 장려금 지원(1인당 750만원), 숙 ","인력,부산,2026,부산광역시,부산경영자총협회,부품,철강산업,기계,숙련기술자,고용안정,고용노동부,제조업,컨설팅,채용장려금,인센티브",고용유지,8209
1096,부산광역시,부산경영자총협회,인력,[부산] 제조산업 산업전환을 통한 혁신성장 지원 사업 참여 기업 모집 공고,,,2026-03-25,https://www.bizinfo.go.kr/sii/siia/selectSIIA200Detail.do?pblancId=PBLN_000000000119953,예산 소진시까지,중소기업,부산경영자총협회에서는 고용노동부와 부산광역시가 지원하는 2026년 지역특화 일자리창출 지원사업의 일환으로 부산광역시 소재 기계ㆍ부품ㆍ철강ㆍ자동차 기업의 성장동력을 강화하고 양질의 일자리 창출을 지원하는 「부산 제조산업 산업전환을 통한 혁신성장 지원사업」을 다음과 같이 공고합니다. ☞ 사업자등록증상 부산시 소재 기계ㆍ부품ㆍ철강ㆍ자동차 업종 기업 - 한국표준산업분류표상의 분류 코드에 기준에 따른 제조업 (Ⅱ.지원 자격의 사업장 기준 참고) - 사업자등록증상 부산시에 소재한 5인 이상 중소ㆍ중견기업 - 공고일 이후(공고일 포함) 요건에 ,"인력,부산,2026,산업전환,부산경영자총협회,신규채용,철강,부품,자동차,중견,부산광역시,일자리창출,기계,중소기업",고용환경개선,8863
1097,부산광역시,부산경영자총협회,인력,[부산] 관광ㆍ마이스 그로우업(Grow-up) 지원사업 참여 기업 모집 공고,,,2026-03-25,https://www.bizinfo.go.kr/sii/siia/selectSIIA200Detail.do?pblancId=PBLN_000000000119951,예산 소진시까지,중소기업,"부산경영자총협회는 고용노동부와 부산광역시가 지원하는 2026년 지역특화 일자리창출 지원사업의 일환으로, 부산 지역 관광ㆍ마이스 기업의 경쟁력 강화와 근로자의 직무역량 향상을 연계하여 기업 성장과 양질의 일자리 창출의 선순환 구조를 구축하고자 「부산 관광ㆍ마이스 그로우업(Grow-up) 지원사업」을 다음과 같이 공고합니다. ☞ 사업자등록증상 부산 소재 관광ㆍ마이스 유관 기업 - 공고일 이후(공고일 포함) 요건에 부합하는 근로자를 채용하였거나 채용 예정인 기업 ☞ 신규 채용 1인당 8백만원 지원 (기업별 최대 24백만원) ※ 자세한 지","인력,부산,2026,부산광역시,부산경영자총협회,마이스,일자리창출지원사업,일자리창출,고용노동부,관광,신규채용",고용환경개선,8211
1098,충청남도,충남경제진흥원,수출,[충남] 2026년 FTA통상진흥센터 수출기업 현장 컨설팅 참여기업 모집 공고,2026-01-01,2026-11-30,2026-03-25,https://www.bizinfo.go.kr/sii/siia/selectSIIA200Detail.do?pblancId=PBLN_000000000119947,,중소기업,"도내 중소ㆍ중견기업의 FTA 활용 역량을 강화하고 수출 애로 해소를 위한 「2026년 충남FTA통상진흥센터 수출기업 현장 컨설팅 참여기업 모집공고」를 실시하오니, 관심 있는 기업의 많은 참여 바랍니다. ☞ 도내 본사 또는 공장을 소재한 중소ㆍ중견기업 ☞ 기업별 희망국가 및 수출단계에 따른 맞춤형 컨설팅 지원 ※ 기업별 5회 내외 방문 컨설팅 지원, 필요 시 추가 지원 가능","수출,충남,2026,충남경제진흥원,충청남도,중소기업,중견기업,FTA,애로해소,수출기업,컨설팅,전문인력,애로사항",해외진출준비,7443
1099,울산광역시,울산문화관광재단,경영,[울산] 2026년 지역관광기업 컨설팅 운영 사업 컨설팅 프로그램 운영 참여기업 모집 공고,,,2026-03-25,https://www.bizinfo.go.kr/sii/siia/selectSIIA200Detail.do?pblancId=PBLN_000000000119946,예산 소진시까지,중소기업,"울산문화관광재단에서는 관내 관광기업 및 예비창업자의 관광산업 활성화 및 경쟁력 강화를 위한 분야별 무료 전문 컨설팅 서비스를 제공하고자 합니다. 관내 관광기업 및 예비창업자의 많은 관심과 참여 부탁드립니다. ☞ 관내 관광기업 및 예비창업자 ☞ 정부, 홍보ㆍ마케팅ㆍ디지털 전환, 관광 상품ㆍ콘텐츠, 경영, 투자, 창업ㆍBM 등 지원 ※ 자세한 지원내용 공고문 참조","창업,경영,울산,2026,컨설팅서비스,울산문화관광재단,관광기업,관광상품,디지털전환,울산광역시,예비창업자,홍보,콘텐츠,마케팅",디자인/상품화/사업화,7301
1100,경기도,시흥산업진흥원,수출,[경기] 시흥시 2026년 해외지사화 활용 지원사업 참여기업 모집 공고,,,2026-03-25,https://www.bizinfo.go.kr/sii/siia/selectSIIA200Detail.do?pblancId=PBLN_000000000119941,예산 소진시까지,중소기업,"시흥시 관내 기업의 해외 네트워크를 현지 비즈니스 거점으로 활용하는 해외지사화 사업 참여 촉진으로 해외 진출 및 수출 확대를 도모하고자「2026년 해외지사화 활용 지원사업」참여기업을 다음과 같이 모집 공고합니다. ☞ 시흥시 소재 본사(지사) 또는 공장등록 기업 - `26년 OKTA(세계한인무역협회) 해외지사화 사업「진입단계」협약 체결 기업 - `25년 KOTRA(대한무역투자진흥공사) 해외지사화 사업「발전단계」협약 체결 완료 후, `26년 사업을 진행 중이거나 `26년 신규 협약 체결 기업 ☞ OKTA 및 KOTRA 해외지사화 사업 ","수출,경영,경기,해외 진출,2026,OKTA,세계한인무역협회,대한무역투자진흥공사,해외지사화,시흥시,시흥산업진흥원,경기도,KOTRA",해외진출준비,6318
1101,농림축산식품부,한국농업기술진흥원,기술,2026년 농식품 기술평가 지원사업 참여업체 모집 공고,,,2026-03-25,https://www.bizinfo.go.kr/sii/siia/selectSIIA200Detail.do?pblancId=PBLN_000000000119938,예산 소진시까지,창업벤처,"농식품 기술기반 벤처ㆍ창업기업의 기술사업화 촉진 및 기술이전ㆍ기술거래 활성화와 기술금융 연계를 통한 성장 기반을 마련하고자 농림축산식품부가 주최하고 한국농업기술진흥원이 주관하는 ‘농식품 기술평가 지원사업’의 참여업체를 다음과 같이 모집하오니, 관심 있는 업체의 많은 신청 바랍니다. ☞ 농식품분야 특허기술 및 품종보호권을 보유한 벤처ㆍ창업기업 ☞ 기술평가(기술가치평가, 기술력평가) 수수료 90% 지원(최대 1,350만원/건당) - 신청가능 권리 : 등록특허, 출원중특허, 전용실시권, 실용신안권, 품종보호권","기술,서울,부산,대구,인천,광주,대전,울산,세종,경기,강원,충북,충남,전북,전남,경북,경남,제주,2026,기술력평가,출원중특허,등록특허,품종보호권,전용실시권,실용신안권,농식품분야,특허기술,한국농업기술진흥원,기술가치평가,농림축산식품부,벤처기업,창업기업",시험/인증,7319
1102,지식재산처,한국발명진흥회,기술,2026년 IP담보대출연계 지식재산평가지원사업 공고,,,2026-03-25,https://www.bizinfo.go.kr/sii/siia/selectSIIA200Detail.do?pblancId=PBLN_000000000119919,예산 소진시까지,중소기업,"기업이 보유한 지식재산권(IP)의 가치평가를 통하여 지식재산권을 담보로 자금을 조달할 수 있도록 평가비용을 지원하는「2026년 IP담보대출연계 지식재산평가지원 사업」을 다음과 같이 공고합니다. ☞ 등록된 특허권을 보유하고 사업화하여 활용하고 있는 국내 등록된 사업자(개인사업자 및 법인사업자) - 중소기업기본법 제2조에 따른 중소기업 - 중견기업 성장촉진 및 경쟁력 강화에 관한 특별법 제2조에 따른 중견기업 ☞ IP담보대출 신청기업을 위해 발명 등의 평가기관이 수행하는 지식재산 가치평가 비용의 50% 지원 - 표준형 평가, 양식형 평","기술,서울,부산,대구,인천,광주,대전,울산,세종,경기,강원,충북,충남,전북,전남,경북,경남,제주,지방은행소액대출,재평가,양식형평가,표준형평가,지식재산처,2026,IP담보대출,지식재산평가,담보,특허권,한국발명진흥회,중견,지식재산권,중소기업",시험/인증,7293
1103,지식재산처,한국발명진흥회,기술,2026년 IP보증연계 지식재산평가 지원사업 공고,,,2026-03-25,https://www.bizinfo.go.kr/sii/siia/selectSIIA200Detail.do?pblancId=PBLN_000000000119918,예산 소진시까지,중소기업,기업이 보유한 지식재산(IP)의 가치를 평가하고 그 결과를 사업자금 보증ㆍ대출에 활용할 수 있도록 평가비용을 지원하는「2026년 IP보증연계지식재산평가 지원사업」을 다음과 같이 공고합니다. ☞ 공개된 출원 또는 등록된 특허권을 보유하고 사업화하여 활용하고 있는 국내 등록된 사업자(개인사업자 및 법인)로서 중소ㆍ중견기업 ☞ IP보증 신청기업을 위해 발명 등의 평가기관에서 수행하는 지식재산 가치평가 비용의 60% 지원,"기술,서울,부산,대구,인천,광주,대전,울산,세종,경기,강원,충북,충남,전북,전남,경북,경남,제주,IP보증,지식재산처,2026,평가비용,발명,출원,가치평가,특허권,한국발명진흥회,IP,지식재산",시험/인증,6856
1104,과학기술정보통신부,한국인터넷진흥원,기술,2026년 정보보호제품 신속확인 신규 제품 수수료 지원 사업 안내 공고,,,2026-03-25,https://www.bizinfo.go.kr/sii/siia/selectSIIA200Detail.do?pblancId=PBLN_000000000119910,예산 소진시까지,중소기업,한국인터넷진흥원은 신기술ㆍ융복합 정보보호제품의 보안 내재화 역량강화 및 적기에 시장 진출 지원을 위해「정보보호제품 신속확인제」를 운영하고 있습니다. 제도 활성화를 위해 국내 중소기업 신속확인 신규 제품 대상 지원을 실시하오니 관심있는 기업들의 많은 참여 바랍니다. ☞ ’26년 정보보호제품 신속확인서를 취득한 국내 정보보호 제품 개발 기업 - 중소기업(「중소기업기본법」제2조) - 국내 기업의 국산 제품 - 사업기간 內 신속확인서 발급 또는 심의 통과한 제품 ☞ 신속확인 보안점검 수수료의 최대 75%(제품당 최대 10백만원) 지원,"기술,서울,부산,대구,인천,광주,대전,울산,세종,경기,강원,충북,충남,전북,전남,경북,경남,제주,보안점검수수료,신속확인서,2026,융복합,정보보호제품,신기술,역량강화,한국인터넷진흥원,과학기술정보통신부",시험/인증,5986
1105,충청북도,충북과학기술혁신원,기술,[충북] 2026년 산업체 방사광가속기 활용 역량강화사업 산업체 방사광가속기 활용 프로그램 참여기업 모집 공고,,,2026-03-25,https://www.bizinfo.go.kr/sii/siia/selectSIIA200Detail.do?pblancId=PBLN_000000000119904,상시 접수,중소기업,"(재)충북과학기술혁신원은 산업체의 방사광가속기에 대한 관심과 이해도를 높이고 지역 전략산업의 경쟁력 강화를 마련하기 위해「산업체 방사광가속기 활용 지원프로그램」의 참여기업을 아래와 같이 모집하오니 많은 관심과 참여 바랍니다. ☞ 방사광가속기 활용에 관심 있는 충북 도내 본사, 공장, 연구소 중 개 이상 보유한 중소ㆍ중견기업 ☞ 산업체 방사광가속기 활용 역량향상을 위한 지원 프로그램 지원 - 방사광가속기 기초이해 도모를 위한 이론교육 지원 - 포항가속기연구소 시설답사, 전문가 특강 등 교육 지원 - 방사광가속기의 기본적인 이해도를 가","기술,경영,충북,전문가 특강,포항가속기연구소,2026,이론교육,방사광가속기,충북과학기술혁신원,충청북도,컨설팅,중견기업,중소기업",기술사업화/이전/지도,5666
1106,대구광역시,대구신용보증재단,금융,[대구] 2026년 중소기업경영안정자금 지원계획 변경 공고(이자지원),,,2026-03-24,https://www.bizinfo.go.kr/sii/siia/selectSIIA200Detail.do?pblancId=PBLN_000000000119892,예산 소진시까지,중소기업,"「대구광역시 중소기업경영안정자금 지원 및 운용조례」 제6조에 의거 2026년도 대구광역시 중소기업경영안정자금 지원계획을 다음과 같이 변경 공고합니다. ☞ 대구 내 운영중인 사업장(사업자등록증명원의 소재지)을 둔 중소기업, 소상공인, 중견기업 ☞ 중소기업경영안정자금 지원 - 일반창업기업 지원자금, 성장기업 지원자금, 수출기업 지원자금, 중견기업 지원자금, 소상공인 지원자금, 특별경영안정자금, 긴급경영안정자금 등 ※ 자세한 지원내용 공고문 참조","금융,대구,지역전략산업육성,2026,일반창업기업,중소기업경영안정자금,기술형창업기업,특별경영안정자금,긴급경영안정자금,지원자금,성장기업,유망창업기업,대구신용보증재단,경영안정자금,중견,수출기업,대구광역시,융자,소상공인,중소기업",융자,10211
1107,대구광역시,직접수행,내수,[대구] 2026년 식품제조업소 식품박람회 참가 지원 사업 참여업소 모집 공고,,,2026-03-24,https://www.bizinfo.go.kr/sii/siia/selectSIIA200Detail.do?pblancId=PBLN_000000000119891,예산 소진시까지,중소기업,지역 내 중소 식품제조업소의 제품 홍보와 판로개척을 위한「2026년 식품제조업소 식품박람회 참가 지원 사업」참여 업소를 다음과 같이 모집하오니 많은 참여 바랍니다. ☞ 신청일 기준 대구시 소재로 영업자 시작일로부터 1년 이상 경과된 식품제조가공업소로 전국 식품 박람회 참가를 희망하는 업소 ☞ 식품 관련 박람회 참가 부스비 지원 및 판로개척 기회 지원,"내수,대구,2026,식품제조가공,부스비,식품박람회,판로개척,대구광역시,박람회,직접수행",오프라인,8068
1108,제주특별자치도,직접수행,인력,[제주] 2026년 어업활동지원 사업 대상자 모집 공고,,,2026-03-24,https://www.bizinfo.go.kr/sii/siia/selectSIIA200Detail.do?pblancId=PBLN_000000000119881,예산 소진시까지,중소기업,"2026년도 해양수산 국고보조사업 시행지침에 의거 2026년도 어업 활동지원 사업 대상자를 아래와 같이 모집 공고합니다. ☞ 사고ㆍ질병, 교육, 임신 등으로 영어활동이 곤란한 어업인(수산업ㆍ어촌발전기본법 제3조 제3호에 따른 어업인으로 어업경영체 등록된 어업인) ☞ 어업활동을 대신할 대체인력 인건비 지원 (가구당 연간 30일 이내 지원) - 임신부 및 출산의 경우와 4대 중증질환일 경우 연간 60일 이내, 법정감염병 확진자 또는 격리자는 세대당 정부지침에서 정하는 격리기간에 한해 지원 ※ 자세한 지원내용 공고문 참조","인력,제주,질병,2026,사고,임신,어업활동,어업인,어업경영체,대체인력,인건비,제주특별자치도,직접수행,교육",고용유지,6769
1109,강원특별자치도,강원특별자치도경제진흥원,수출,[강원] 태백시 2026년 중소기업 해외물류비 지원사업 참가기업 모집 공고,,,2026-03-24,https://www.bizinfo.go.kr/sii/siia/selectSIIA200Detail.do?pblancId=PBLN_000000000119879,예산 소진시까지,중소기업,"태백시 폐광지역 내 수출 기업의 해외시장 판로 개척 및 수출비용 부담 완화를 위하여 추진하는 「2026년 태백시 중소기업 해외물류비 지원사업」 참가기업을 아래와 같이 모집하오니 많은 참여 바랍니다. ☞ 태백시 폐광지역진흥지구 내(본사 또는 공장) 중소 제조기업 ☞ 수출 목적 물류비(최대 7,000천원 한도, 소요비용의 90%) 지원","수출,강원,2026,강원특별자치도,강원특별자치도경제진흥원,태백시,물류비,수출물류비,중소기업,제조업,제조기업,해외물류비,폐광지역진흥지구",해외진출,6462
1110,경상북도,경북문화재단 콘텐츠진흥원,경영,[경북] 안동시 2026년 로케이션 제작지원 사업 공고,,,2026-03-24,https://www.bizinfo.go.kr/sii/siia/selectSIIA200Detail.do?pblancId=PBLN_000000000119851,예산 소진시까지,중소기업,"경북문화재단 콘텐츠진흥원에서는 지역 영상ㆍ영화산업 활성화를 위하여 아래와 같이 <안동 로케이션 제작지원>을 시행하오니, 영화, 드라마 등 영상 콘텐츠 제작사들의 많은 관심과 참여를 바랍니다. ☞ 안동에서 2회차 이상 촬영하는 국내 영상물(영화ㆍ드라마ㆍ예능ㆍ다큐) 제작사 - 영화, 드라마 제작업 등의 신고증을 보유한 제작 - 투자, 배급(방영)계약이 완료된 작품 - 국내 서비스 중인 플랫폼(방송사, OTT, 극장 등)에 방영 예정인 작품 ☞ 관내 소비액의 60% 이내 지원, 작품당 최대 5천만원 지급 가능 ※ 자세한 지원내용 공고문 ","경영,경북,영상 콘텐츠,2026,다큐,제작지원,경북문화재단 콘텐츠진흥원,예능,안동,로케이션,OTT,드라마,영상,플랫폼,영화,경상북도",디자인/상품화/사업화,5762
1111,고용노동부,종로여성인력개발센터,인력,[서울] 중구ㆍ종로구ㆍ동대문구 2026년 청년일자리도약장려금 사업 참여기업 모집 공고,,,2026-03-24,https://www.bizinfo.go.kr/sii/siia/selectSIIA200Detail.do?pblancId=PBLN_000000000119850,상시 접수,중소기업,"서울시 중구, 종로구, 동대문구 관할 운영기관 종로여성인력개발센터입니다. 기업과 청년의 동반 도약을 위해 정부가 지원하는 「26년 청년일자리도약장려금」 사업을 안내하오니, 많은 참여를 부탁드립니다. ☞ 서울시 종로구, 중구, 동대문구 소재 5인 이상 우선지원대상 기업 - 지식서비스산업, 문화콘텐츠산업, 벤처기업, 청년창업기업 등 1인 이상 ~ 5인 미만 가능 ☞ 청년 1인당 월 60만원, 연간 720만원 지원","인력,서울,여성중앙회,종로여성인력개발센터,2026,청년일자리도약장려금,동대문구,문화콘텐츠산업,종로구,중구,지식서비스산업,청년창업기업,고용노동부,벤처기업",고용유지,7290
1112,전남광주통합특별시,광주경제진흥상생일자리재단,금융,[광주] 2026년 상반기 구조고도화자금 지원 계획 공고,,,2026-03-23,https://www.bizinfo.go.kr/sii/siia/selectSIIA200Detail.do?pblancId=PBLN_000000000119836,예산 소진시까지,중소기업,"「광주광역시 중소기업육성기금 특별회계설치 및 운용조례」 제7조의 규정에 따라 2026년도 상반기 구조고도화자금 지원 계획을 다음과 같이 공고합니다. ☞ 공장 및 제조업장을 소유하거나 임차 중인 중소 제조업체, 제조업 관련 서비스업체 ☞ 구조고도화자금(창업지원사업, 경쟁력강화사업, 경영안정사업) 지원 - 창업지원사업(3년 거치, 5년 균분상환 / 지원 한도 10억원 / 시설자금) - 경쟁력강화사업(3년 거치, 5년 균분상환 / 지원 한도 10억원 / 시설자금) - 경영안정화사업(1년 거치, 2년 균분상환 / 지원 한도 3억원 / 운전","금융,경영,광주,2026,경쟁력강화사업,광주경제진흥상생일자리재단,구조고도화자금,창업지원사업,광주광역시,중소기업,제조업,서비스업,경영안정화사업,시설자금,운전자금,전남광주,전남광주통합특별시",융자,9732
1113,전남광주통합특별시,기술보증기금,금융,[광주] 2026년 벤처기업육성자금 지원계획 공고,,,2026-03-23,https://www.bizinfo.go.kr/sii/siia/selectSIIA200Detail.do?pblancId=PBLN_000000000119834,예산 소진시까지,창업벤처,"벤처기업 창업 촉진과 안정적 성장 등을 위한 2026년도 벤처기업육성자금의 지원 계획을 붙임과 같이 공고합니다. ☞ 광주 지역소재 법상 벤처기업, 창업 7년 이내 광(光) 관련기업 ☞ 업체 당 5억원(시설3, 운전2) 융자 지원 - 상환방법 : 2년 거치 일시상환 - 이자지원 : 2.3%p - 채권보전 : 기술보증기금의 보증서 - 대출금리 : 은행별 변동금리","금융,광주,2026,광주광역시,벤처기업,광관련기업,창업7년이내,벤처기업육성자금,융자,이자,기술보증기금,광주경제진흥상생일자리재단,전남광주,전남광주통합특별시",융자,9309
1114,전남광주통합특별시,기초자치단체,내수,[광주] 북구 2026년 온라인쇼핑몰(북소e몰) 입점 소상공인 모집 공고,,,2026-03-23,https://www.bizinfo.go.kr/sii/siia/selectSIIA200Detail.do?pblancId=PBLN_000000000119825,예산 소진시까지,소상공인,"소상공인의 온라인시장 진출을 지원하고 이용자의 편의를 제고하기 위해 북구 소상공인 온라인쇼핑몰 북소e몰에 입점할 소상공인을 아래와 같이 모집하오니, 관심 있는 분들의 많은 참여 바랍니다. ☞ 공고일(2026. 3. 3.) 기준 광주광역시 북구에 사업장(본사 또는 공장)이 있으며, 온라인 판매 가능 상품(식품, 가공품, 공산품 등)을 보유하였으며, 다음 자격을 1개 이상 충족하는 자 - 소상공인기본법 제2조에 따른 소상공인 - 전통시장및상점가육성을위한특별법 제2조제2의2호에 따른 골목형상점가 지정구역 내 사업자 ※ 자세한 지원대상 공","내수,경영,광주,북구,기초자치단체,광주광역시,소상공인,2026,온라인시장,온라인쇼핑몰,북구e몰,골목형상점가,프로모션,온라인,상품페이지,홍보,마케팅,컨설팅,전남광주,전남광주통합특별시",온라인,7451
1115,경상북도,구미전자정보기술원,경영,[경북] 구미시 2026년 시제품제작센터 수혜기업 모집 공고,,,2026-03-23,https://www.bizinfo.go.kr/sii/siia/selectSIIA200Detail.do?pblancId=PBLN_000000000119822,예산 소진시까지,중소기업,"구미시 시제품제작센터에서는 구미시 관내 중소ㆍ벤처기업의 시제품제작 지원을 위한 수혜기업을 아래와 같이 모집하오니 관심 있는 기업의 많은 신청 바랍니다. ☞ 구미시 소재 중소ㆍ벤처기업 ☞ 시제품 제작(600만원/연), 시제품 측정(300만원/연) 지원(기업당 최대 600만원/연) - 각종 가공기를 활용한 모형, 기능성 Mock-UP 제작 - 3D 프린터, 가공기 등을 활용한 시제품 제작 - 3차원 측정기를 활용한 시제품 측정(특성평가)","경영,경북,시제품제작센터,Mock-UP,2026,가공기,3D프린터,구미전자정보기술원,구미시,벤처기업,시제품제작,경상북도,중소기업",디자인/상품화/사업화,7941
1116,중소벤처기업부,광주창조경제혁신센터,창업,2026년 광주 창업BuS 프로그램 창업기업 모집 공고,,,2026-03-23,https://www.bizinfo.go.kr/sii/siia/selectSIIA200Detail.do?pblancId=PBLN_000000000119817,상시 접수,창업벤처,"광주창조경제혁신센터는 중소벤처기업부 및 창업진흥원과 지역 혁신 딥테크 스타트업 육성을 위한 스케일업 프로그램을 운영하고 있습니다. 이와 관련하여 「2026년 창업BuS 프로그램」에 참여할 창업기업을 선정하여 투자유치 지원을 위한 프로그램을 제공하고자 하오니 창업기업의 많은 신청 바랍니다. ☞ 초기ㆍ후속 투자유치를 희망하는 지역 내외 초격차분야 창업기업 ☞ 투자기업 발굴 및 투자유치 기회 제공을 위한 IR 데모데이 액셀러레이팅 프로그램, 후속연계 지원 ※ 자세한 지원내용 공고문 참조","기술,창업,서울,부산,대구,인천,광주,대전,울산,세종,경기,강원,충북,충남,전북,전남,경북,경남,제주,R&D사업연계,2026,창업BuS,전문가컨설팅,딥테크,IR데모데이,광주창조경제혁신센터,액셀러레이팅,스케일업,중소벤처기업부,창업진흥원,스타트업",사업화지원,7734
1117,경상남도,한국화학융합시험연구원,수출,[경남] 2026년 중국시장 안심수출 지원사업 공고,,,2026-03-23,https://www.bizinfo.go.kr/sii/siia/selectSIIA200Detail.do?pblancId=PBLN_000000000119809,예산 소진시까지,중소기업,"국가마다 표준이 상이하여 수출 전 제품성분 및 표기사항 변경, 해외공장 사전신고 등이 필수 요구되기 때문에 이에 도내 기업이 중국 수출 시, 제품이 중국 법령, 표준에 저촉돼 수출계약 파기, 판매정지, 과징금·퇴출 처분되는 경우가 없도록 수출 준비단계부터 안심 판로개척을 지원해드리는 사업입니다. ☞ 경상남도 소재 식품 및 화장품 기업 ☞ 식품ㆍ화장품 성분 사전검토, 식품 중국어 라벨(초안 작성), 중국해관(中 관세청) 수입식품 해외생산기업 등록, 식품 중국 상표등록 사전조사 지원","수출,경남,2026,경상남도,한국화학융합시험연구원,식품,화장품,식품기업,화장품기업,중국,중국시장,해외사무소",해외진출준비,7750
1118,중소벤처기업부,신용보증재단중앙회,금융,2026년 소상공인(법인사업자) 비즈플러스카드 지원사업 시행 공고,,,2026-03-23,https://www.bizinfo.go.kr/sii/siia/selectSIIA200Detail.do?pblancId=PBLN_000000000119802,예산 소진시까지,소상공인,"소상공인의 원활한 단기 운영자금 지원을 위한 「소상공인 비즈플러스카드 지원사업」 시행계획을 다음과 같이 공고합니다. ☞ NCB 595점 ~ 964점이고, 업력 6개월 이상이며, 매출액 기준을 충족하는 법인사업자(소상공인) ☞ 카드한도 소상공인당 최대 1,000만원 지원 - 사용기간 1년(최대 5년 이내 4년 연장 가능) ※ 자세한 지원내용 공고문 참조","금융,서울,부산,대구,인천,광주,대전,울산,세종,경기,강원,충북,충남,전북,전남,경북,경남,제주,신용보증재단중앙회,중소벤처기업부,2026,소상공인,법인사업자,비즈플러스카드,단기운영자금",보증,13414
1119,중소벤처기업부,신용보증재단중앙회,금융,2026년 소상공인(개인사업자) 비즈플러스카드 지원사업 시행 공고,,,2026-03-23,https://www.bizinfo.go.kr/sii/siia/selectSIIA200Detail.do?pblancId=PBLN_000000000119801,예산 소진시까지,소상공인,"소상공인의 원활한 단기 운영자금 지원을 위한 「소상공인 비즈플러스 카드 지원사업」 시행계획을 다음과 같이 공고합니다. ☞ NCB 595점 ~ 964점이고, 업력이 6개월 이상이며, 매출액 기준을 충족하는 개인사업자(소상공인) ☞ 카드한도 소상공인당 최대 1,000만원 지원 - 연회비 면제, 최대 6개월 무이자 할부, 발급 후 1년간 카드 이용금액의 3%(최대 10만원) 캐시백 - 사용기간 1년(최대 5년 이내 4년 연장 가능) ※ 자세한 지원내용 공고문 참조","금융,서울,부산,대구,인천,광주,대전,울산,세종,경기,강원,충북,충남,전북,전남,경북,경남,제주,단기운영자금,비즈플러스카드,2026,신용보증재단중앙회,운영자금,개인사업자,중소벤처기업부,소상공인",보증,28683
1120,고용노동부,한국경영혁신중소기업협회,인력,[서울] 2026년 청년일자리도약장려금 사업 참여기업 모집 공고,,,2026-03-20,https://www.bizinfo.go.kr/sii/siia/selectSIIA200Detail.do?pblancId=PBLN_000000000119795,상시 접수,중소기업,"사업주와 근로자를 지원하여 청년의 신규 일자리 창출을 통한 청년고용 활성화를 목적으로 「2026년 청년일자리 도약장려금」을 다음과 같이 안내하오니 많은 참여 바랍니다. ☞ 서울시 종로구, 중구, 동대문구 소재 기업 ※ 평균 고용보험 피보험자 수 5인 이상 우선지원대상 기업 ☞ 청년을 정규직 채용 후 6개월 이상 고용유지 시 채용일로부터 최대 12개월 지원금 지원 - 기준 피보험자 수의 50%까지 지원 가능함","인력,서울,2026,청년일자리도약장려금,동대문구,신규채용,종로구,중구,고용유지,청년일자리,한국경영혁신중소기업협회,고용노동부",고용유지,17596
1121,경기도,부천산업진흥원,내수,[경기] 부천시 2026년 공공배달앱 배달특급 개별 가맹점 홍보물 제작 지원 공고,,,2026-03-20,https://www.bizinfo.go.kr/sii/siia/selectSIIA200Detail.do?pblancId=PBLN_000000000119791,예산 소진시까지,중소기업,"부천시와 부천상권활성화센터는 부천지역 내 배달특급 가맹점 활성화를 위해 개별 가맹점 맞춤형 홍보물 제작 지원사업을 추진하고자 합니다. 이에 따라 본 사업에 참여할 가맹점을 모집하오니 적극적인 참여 바랍니다. ☞ 부천시 내 배달특급 가맹점 ☞ 개별 상점 맞춤형 홍보물 제작 지원(전단지, 스티커 등) - 상점당 최대 50만원 이내","내수,경영,경기,홍보물 제작,2026,배달특급,공공배달앱,전단지,스티커,홍보물,부천산업진흥원,부천시,경기도",홍보지원,11155
1122,중소벤처기업부,중소기업기술정보진흥원,기술,2026년 중소기업 기술혁신 지원사업(KOSBIR) 통합 공고,,,2026-03-20,https://www.bizinfo.go.kr/sii/siia/selectSIIA200Detail.do?pblancId=PBLN_000000000119764,세부사업별 상이,중소기업,중소기업의 신기술ㆍ신제품 개발 등 기술경쟁력 향상을 위하여 정부 및 공공기관에서 추진하고 있는 「2026년 중소기업 기술혁신 지원사업」을 다음과 같이 통합 공고합니다. ☞ 중소기업기본법 제2조의 규정에 의한 중소기업 등 ☞ 신기술ㆍ신제품 개발 등에 소요되는 기술개발 관련 비용 지원 ※ 중소기업 기술혁신 지원사업별 세부내용 상이 공고문 참조,"기술,서울,부산,대구,인천,광주,대전,울산,세종,경기,강원,충북,충남,전북,전남,경북,경남,제주,기술혁신지원사업,한국전력기술,기후에너지환경부,산업통상부,지식재산처,2026,한국수력원자력,한국가스공사,한국수자원공사,행정안전부,방위사업청,한국전력공사,신제품,신기술,한국도로공사,문화체육관광부,해양수산부,기술개발,중소기업기술정보진흥원,기상청,보건복지부,중소벤처기업부,중소기업",혼합(단독+공동),11793
1123,고용노동부,한국능률협회컨설팅,경영,2026년 일터혁신 상생컨설팅 지원사업 기업 모집 공고,2026-02-01,2026-11-30,2026-03-20,https://www.bizinfo.go.kr/sii/siia/selectSIIA200Detail.do?pblancId=PBLN_000000000119762,,중소기업,"한국능률협회컨설팅에서는 일터혁신 상생컨설팅을 희망하는 기업에 맞춤형 컨설팅을 지원하여 근로자의 전문성을 높이고, 일과 삶의 조화를 추구하며 기업의 경쟁력을 강화하기 위해「일터혁신 상생컨설팅 지원사업 기업 모집」을 다음과 같이 공고하오니, 본 사업에 참여를 원하는 기업은 신청하여 주시기 바랍니다. ☞ 고용보험에 가입하고, 일터혁신에 대한 필요성과 의지가 있는 20인 이상 사업장 ☞ 근로시간, 임금체계, 근로자참여 및 협력, 직장문화, 직무역량, 직무체계, 평가체계, 공정채용, 장년친화 등 컨설팅 지원 - 개선과제는 기업별 최대 2개 ","경영,서울,부산,대구,인천,광주,대전,울산,세종,경기,강원,충북,충남,전북,전남,경북,경남,제주,장년친화,평가체계,직무차계,근로자참여,2026,상생컨설팅,공정채용,한국능률협회컨설팅,직무역량,직장문화,근로시간,맞춤형,일터혁신,고용노동부,컨설팅",교육,7123
1124,중소벤처기업부,한국엔젤투자협회,창업,2026년 팁스(TIPS) 창업기업 지원계획 수정 공고,,,2026-03-20,https://www.bizinfo.go.kr/sii/siia/selectSIIA200Detail.do?pblancId=PBLN_000000000119754,추후 공지,중소기업,"「2026년 팁스(TIPS) 창업기업 지원계획」을 다음과 같이 수정 공고하오니, 프로그램에 참여를 희망하는 창업기업과 운영사는 참고하시기 바랍니다. ☞ (R&D일반트랙) 창업 7년 이내 기업 (신산업 분야기업은 10년 이내까지 인정) - (R&D딥테크트랙) 팁스(일반트랙)를 수행하여 ’완료‘판정을 받은 기업 - (팁스 비R&D 연계사업 창업사업화ㆍ해외마케팅) 2025년까지 팁스 R&D(일반ㆍ딥테크ㆍ글로벌 트랙) 사업의 협약을 완료한 공고 접수 마감일 기준 창업 7년 이내인 기업 ※ 자세한 지원대상 공고문 참조 ☞ 팁스 R&D 일반트","창업,서울,부산,대구,인천,광주,대전,울산,세종,경기,강원,충북,충남,전북,전남,경북,경남,제주,글로벌 트랙,창업 7년 이내,딥테크트랙,2026,일반트랙,TIPS,비R&D,한국엔젤투자협회,한국벤처캐피탈협회,팁스,창업기업,중소기업기술정보진흥원,중소벤처기업부,창업진흥원,해외마케팅,R&D,창업사업화",사업화지원,20015
1125,중소벤처기업부,한국중소벤처기업유통원,내수,2026년 소상공인 온라인판로 지원사업 참여기업 모집공고,,,2026-03-19,https://www.bizinfo.go.kr/sii/siia/selectSIIA200Detail.do?pblancId=PBLN_000000000119739,세부사업별 상이,소상공인,"소상공인의 온라인시장 지원을 위한「2026년 소상공인 온라인판로 지원사업」을 다음과 같이 공고하오니, 많은 참여를 바랍니다. ☞ 「소상공인기본법」 제2조에 따른 소상공인 ☞ 상품개선, 상세페이지 제작, 콘텐츠 제작, 온라인 쇼핑몰 판매 지원 및 유통 플랫폼 MD 상담회 등 지원 - 통합 신청(메뉴판) : 상품 개선, 상세페이지 제작, 콘텐츠 제작, 온라인 쇼핑몰 판매 지원, 라이브 커머스 제작ㆍ운영 지원, SNS 마케팅, 온라인 홍보, 물류 서비스 - 개별신청 : 유통플랫폼 MD 상담회, TV홈쇼핑 및 데이터홈쇼핑 입점 지원","내수,서울,부산,대구,인천,광주,대전,울산,세종,경기,강원,충북,충남,전북,전남,경북,경남,제주,2026,한국중소벤처기업유통원,중소벤처기업부,소상공인,상품개선,상세페이지,온라인쇼핑몰,유통플랫폼,MD,상담회,TV홈쇼핑,홈쇼핑,라이브커머스,SNS,마케팅,홍보,온라인판로",홍보지원,27511
1126,경기도,경기테크노파크,경영,[경기] 용인시 2026년 IP지원센터 운영 IP 컨설팅 통합 공고,,,2026-03-19,https://www.bizinfo.go.kr/sii/siia/selectSIIA200Detail.do?pblancId=PBLN_000000000119738,상시 접수,중소기업,용인시산업진흥원과 (재)경기테크노파크는 용인특례시 소재 중소기업의 성장 단계별 맞춤형 IP 지원을 통해 기술 경쟁력 제고 및 지식재산(IP) 역량 강화를 지원하고자 참여기업을 모집하오니 많은 신청 바랍니다. ☞ 용인특례시에 본사 또는 공장을 보유한 중소기업 ☞ 지식재산 역량 강화 및 IP 전략 수립 애로 해소를 위한 맞춤형 컨설팅 및 전략수립 지원 ※ 자세한 지원내용 공고문 참조,"경영,경기,2026,용인특례시,IP전략,역량강화,애로해소,경기테크노파크,경기도,컨설팅,지식재산",컨설팅,8553
1127,경기도,경기테크노파크,기술,[경기] 2026년 지식재산 보호강화 사업 통합 공고,,,2026-03-19,https://www.bizinfo.go.kr/sii/siia/selectSIIA200Detail.do?pblancId=PBLN_000000000119737,세부사업별 상이,중소기업,"경기도내 중소기업의 기술보호, 지식재산권 분쟁 애로를 지원하기 위해「2026년 지식재산 보호강화 사업」을 다음과 같이 시행하오니 중소기업의 많은 신청 바랍니다. ☞ 경기도 소재 중소ㆍ벤처기업 ☞ 기술보호데스크 일반상담, 심층상담, 소송비용 지원 ※ 자세한 지원내용 공고문 참조","기술,경영,경기,지식재산보호강화,기술보호데스크,경기지식재산센터,기술보호,소송비용,지식재산권분쟁,경기테크노파크,지식재산권,벤처기업,경기도,상담,중소기업,2026",기술정보제공,10318
1128,울산광역시,울산경제일자리진흥원,기술,[울산] 울주군 2026년 강소기업 육성 기술 혁신 지원사업 시행 공고,,,2026-03-19,https://www.bizinfo.go.kr/sii/siia/selectSIIA200Detail.do?pblancId=PBLN_000000000119733,예산 소진시까지,중소기업,"성장잠재력을 갖춘 우수 중소기업을 발굴, 지원하여 기술 혁신성 및 산업역량을 제고하기 위해 다음과 같이 강소기업 육성 기술 혁신 지원사업을 시행합니다. ☞ 울주군 소재 제조업 영위 중소기업 ☞ 지식재산권ㆍ인증 획득, 혁신기술 사업화, 혁신성장 컨설팅 등 지원 ※ 자세한 지원내용 공고문 참조","기술,울산,2026,울산경제일자리진흥원,울주군,혁신기술,공정개선,울산광역시,사업화,지식재산권,인증획득,시제품제작,컨설팅,제조업,3D프린팅",기술사업화/이전/지도,8991
1129,부산광역시,부산테크노파크,경영,[부산] 2026년 중소기업 빅데이터 분석 활용 지원사업 참가기업 모집 공고,,,2026-03-19,https://www.bizinfo.go.kr/sii/siia/selectSIIA200Detail.do?pblancId=PBLN_000000000119727,세부사업별 상이,중소기업,"(재)부산테크노파크는 부산광역시와 함께 「2026년 중소기업 빅데이터 분석ㆍ활용 지원사업」의 일환으로, 부산 지역 기업의 빅데이터 분석ㆍ활용 역량을 강화하고 데이터 기반 의사 결정을 확산하기 위해 기초 및 고도화 데이터 분석 컨설팅, 데이터 가치평가 지원을 위한 수요기업을 아래와 같이 모집하오니, 많은 관심과 신청 바랍니다. ☞ 부산광역시 소재 기업 ☞ 데이터분석 기초 및 고도화 컨설팅, 데이터 가치평가 지원 ※ 자세한 지원내용 공고문 참조","경영,부산,빅데이터 활용,빅데이터 분석,데이터 가치평가,2026,부산테크노파크,빅데이터,부산광역시,컨설팅,데이터분석,일대일매칭",컨설팅,8733
1130,충청북도,충청북도기업진흥원,인력,[충북] 2026년 소상공인 출산 지원사업 참여자 모집 공고,,,2026-03-19,https://www.bizinfo.go.kr/sii/siia/selectSIIA200Detail.do?pblancId=PBLN_000000000119719,예산 소진시까지,소상공인,"충북도내 소상공인의 출산 및 육아로 인해 경영에서 일시적으로 이탈하는 경우 대체인력 인건비를 지원함으로써 사업 지속성을 보장하고 일자리 창출 및 지역경제 활성화를 목적으로「2026년 소상공인 출산 지원사업」의 참여자를 모집하오니 많은 참여 바랍니다. ☞ 다음 각 항목을 충족하는 소상공인 - 거주지 및 사업장 주소지가 모두 충북일 것 - 사업신청일 기준, 만 2세 미만의 자녀가 있을 것 - 사업신청일 기준, 사업자등록증명원 상 개업일로부터 6개월 이상 영업 중일 것 - 직전 연도 매출액이 1천2백만원 이상 6억원 이하일 것 ☞ 대체인","금융,인력,충북,2026,출산지원,인건비지원,대체인력,충청북도,충청북도기업진흥원,일자리창출,소상공인",고용유지,8646
1131,기후에너지환경부,한국환경산업협회,인력,2026년 환경산업 분야 퇴직전문가 중소기업 기술지원 사업 참여기업 모집 공고,,,2026-03-19,https://www.bizinfo.go.kr/sii/siia/selectSIIA200Detail.do?pblancId=PBLN_000000000119706,예산 소진시까지,중소기업,"환경산업 분야 퇴직 전문인력의 숙련된 기술 노하우를 창업·중소기업에 맞춤형으로 전수해 환경기업의 경쟁력을 확보하도록 지원하는 ‘2026년 퇴직전문가 중소기업 기술지원’ 참여기업을 다음과 같이 모집합니다. ☞ 환경분야 퇴직전문가를 채용하여 기술지원을 받고자 하는 창업ㆍ중소 환경기업 - (전담형) 기존 사업 확대 또는 배출시설 개선을 희망하는 중소기업 - (선택형) 오염물질 배출업소의 환경시설을 진단하는 환경컨설팅회사 또는 환경전문공사업체 ※ 자세한 지원대상 공고문 참조 ☞ 기업당 최대 1인, 기업당 최대 10백만원 지원","기술,인력,서울,부산,대구,인천,광주,대전,울산,세종,경기,강원,충북,충남,전북,전남,경북,경남,제주,환경컨설팅회사,기후에너지환경부,2026,환경전문공사업체,퇴직전문가,퇴직전문인력,한국환경산업협회,기술지원,환경기업,창업기업,환경산업,중소기업",국내전문인력,6583
1132,서울특별시,서울시50플러스재단,인력,[서울] 2026년 시니어 인턴십(인건비 지원형ㆍ경상비 지원형) 기업 모집 공고,,,2026-03-19,https://www.bizinfo.go.kr/sii/siia/selectSIIA200Detail.do?pblancId=PBLN_000000000119698,예산 소진시까지,중소기업,"서울시니어일자리지원센터에서 '시니어 취업교육'을 통한 기업 맞춤 인재 양성을 도모하고자 서울 소재 60세 이상 시니어 인력 채용기업을 대상으로 인건비 및 경상비를 지원해드리는 사업입니다. ☞ 서울 소재, 상시근로자 수 5인 이상, 중소ㆍ중견기업, 4대보험 가입 사업장 - 60세 이상 시니어 인력 채용기업(근로계약 및 4대보험 가입 필수) ☞ 인건비 지원형(인턴 1인당 최대 550만원), 경상비 지원형(인턴 1인당 최대 400만원) 지원 - (인건비 지원형) 인턴십 지원 기간 중 해당 참여자에게 지급한 인건비(세전)에 한하여 기업이 ","인력,서울,시니어취업교육,시니어인력,서울시니어일자리지원센터,경상비,2026,60세이상,시니어인턴십,서울시50플러스재단,시니어,중견,인건비,서울특별시,중소기업",고용유지,9872
1133,산업통상부,대한무역투자진흥공사,수출,2026년 해외점포 미스터리쇼퍼 사업 참가기업 모집 공고,,,2026-03-19,https://www.bizinfo.go.kr/sii/siia/selectSIIA200Detail.do?pblancId=PBLN_000000000119694,상시 접수,중소기업,KOTRA에서는 우리 기업의 해외점포 관리 및 해외 경쟁사 조사를 위한「2026 해외점포 미스터리쇼퍼 사업」참가기업 모집을 다음과 같이 모집합니다. ☞ 해외점포를 운영하거나 경쟁브랜드 점포조사가 필요한 국내기업 ☞ 자사 점포 점검 : 기진출한 자사 해외점포 점검을 통해 현지 파트너사 운영실태 점검 및 해외점포 관리업무 효율성 제고 지원 - 경쟁사 점포 조사 : 경쟁사 점포분석을 통해 타깃시장 진출에 대한 타당성 검토 및 해외진출 전략수립 지원,"수출,서울,부산,대구,인천,광주,대전,울산,세종,경기,강원,충북,충남,전북,전남,경북,경남,제주,2026,미스터리쇼퍼,해외점포,대한무역투자진흥공사,산업통상자원부,KOTRA",해외진출,6557
1134,경기도,경기산학융합원,경영,[경기] 2026년 중소기업 R&D 기획ㆍ컨설팅 사업 모집 공고,,,2026-03-19,https://www.bizinfo.go.kr/sii/siia/selectSIIA200Detail.do?pblancId=PBLN_000000000119693,예산 소진시까지,중소기업,중소기업의 기업성장지원을 위하여 기업 수준에 맞는 정부 및 경기도 내 R&D과제를 수주할 수 있도록 사업계획서 작성 지원을 위한 2026년도 기업밀착형 산학융합촉진지원 계획을 다음과 같이 공고합니다. ☞ 시흥시 등 경기도 내 중소기업 ☞ 사업계획서 작성 지원 : 정부 및 지자체 R&Dㆍ기술(시제품제작 등) 분야 과제 사업계획서 작성에 필요한 전문가 활용비 지원,"기술,경영,경기,경기산학융합원,R&D기획,시제품제작,경기도,컨설팅,중소기업,2026,사업계획서,전문가활용비",컨설팅,11502
1135,중소벤처기업부,중소벤처기업진흥공단,수출,2026년 중동 특화 긴급 물류바우처 사업 참여기업 수정 공고,,,2026-03-19,https://www.bizinfo.go.kr/sii/siia/selectSIIA200Detail.do?pblancId=PBLN_000000000119692,예산 소진시까지,중소기업,중동 지역 정세 불안 및 글로벌 물류 차질로 인해 우리 수출 중소기업 물류 애로가 심화됨에 따라 중동 수출기업의 국제 운송 부담 완화 및 수출 지속성 확보를 지원하기 위하여「2026년도 중동 특화 긴급 물류바우처」참여기업 모집 계획을 다음과 같이 공고합니다. ☞ 신청 제외 대상에 해당되지 않는 「중소기업기본법」 제2조 및 시행령 제3조에 따른 중소기업 - (트랙1) ‘26년 2월 이 후 중동지역 국가로 물류 발송 기업이나 ’26년 이 후 중동지역으로 수출계약 체결 기업 - (트랙2) ‘26년도 일반 수출바우처 1차 선정기업으로 최근,"수출,서울,부산,대구,인천,광주,대전,울산,세종,경기,강원,충북,충남,전북,전남,경북,경남,제주,중동수출기업,2026,중동지역,물류서비스,국제운송,수출바우처,물류바우처,중동,중소벤처기업진흥공단,수출기업,중소벤처기업부,중소기업",해외진출,9090
1136,경기도,경기도일자리재단,인력,[경기] 2026년 베이비부머 라이트잡 모집 공고,,,2026-03-19,https://www.bizinfo.go.kr/sii/siia/selectSIIA200Detail.do?pblancId=PBLN_000000000119686,선착순 접수,중소기업,"경기도와 경기도일자리재단에서는 중장년 고용 활성화를 위하여 2026년「베이비부머 라이트잡」사업을 공고하오니 많은 관심 바랍니다. ☞ 경기도 소재 기업, 비영리 법인, 개인 사업자 등 ※ 본점이 경기도 외 지역이라도 분점, 지점, 대리점 등이 경기도 소재이면 인정 ☞ 근로자 1인당 월 40만원 사업자에 지원 ※ 자세한 지원내용 공고문 참조","금융,인력,경기,중장년 고용,비영리 법인,중장년고용,2026,라이트잡,베이비부머,교육훈련비,근로환경개선,경기도일자리재단,4대보험료,지원금,경기도,일자리",고용유지,8064
1137,고용노동부,한국경영혁신중소기업협회,경영,2026년 일터혁신상생컨설팅 참여기업 모집 공고,,,2026-03-18,https://www.bizinfo.go.kr/sii/siia/selectSIIA200Detail.do?pblancId=PBLN_000000000119677,상시 접수,중소기업,"본 수행기관은 인사노무 및 일터혁신 분야의 탁월한 전문성은 물론, 산업전반에 대한 깊은 이해도와 현장 노하우를 보유하고 있습니다. 산업 맞춤형 진단을 통해 귀사의 실정에 최적화된 실행 가능한 솔루션을 제공해 드립니다. 하단 네이버폼을 작성하여 제출해 주시면, 수행기관 담당자가 유선 연락 드리겠습니다. ☞ 일터혁신이 필요성과 의지가 있는 회원사 ※ 피보험자 20인 이상, 참여제한조건 확인 必 ☞ 기업 진단, 자문 컨설팅, 전문 컨설팅, 심화컨설팅 지원","인력,경영,서울,부산,대구,인천,광주,대전,울산,세종,경기,강원,충북,충남,전북,전남,경북,경남,제주,A&D 컨설팅,전문 컨설팅,자문 컨설팅,산업 맞춤형 진단,기업 진단,2026,인사노무,심화컨설팅,일터혁신,한국경영혁신중소기업협회,고용노동부,컨설팅",컨설팅,9064
1138,산업통상부,포항상공회의소,수출,[경북] 2026년 원산지확인서 제3자 확인 컨설팅 사업 모집 공고,,,2026-03-18,https://www.bizinfo.go.kr/sii/siia/selectSIIA200Detail.do?pblancId=PBLN_000000000119669,예산 소진시까지,중소기업,"산업통상자원부, 경상북도, 포항상공회의소가 운영하는 「경북동부 FTA 통상진흥센터」에서는 전문인력 부족으로 FTA 활용에 어려움을 겪고 있는 경북지역 수출입기업 및 수출물품 제조업체들을 위하여 다음과 같이 원산지확인서 제3자 확인 컨설팅 지원사업을 공고하오니 많은 신청 바랍니다. ☞ 경북 소재 중소기업 中 직ㆍ간접 수출 또는 수출 희망업체 ☞ 원산지확인서 제3자 확인 컨설팅(확인서 건당 50만원(업체당 HS코드 품목별 3건까지)) 지원","수출,경북,포항상공회의소,경상북도,중소기업,2026,산업통상부,경북동부FTA통상지원센터,컨설팅,원산지확인서,수출희망업체,수출입기업",FTA활용/대응,7195
1139,전남광주통합특별시,기초자치단체,내수,[전남] 목포시 2026년 골목형상점가 모집 공고,,,2026-03-18,https://www.bizinfo.go.kr/sii/siia/selectSIIA200Detail.do?pblancId=PBLN_000000000119668,상시 접수,소상공인,"「전통시장 및 상점가 육성을 위한 특별법」및「목포시 골목형상점가 지정에 관한 조례」에 따라 다음과 같이 골목형상점가를 모집하오니 관심있는 소상공인 여러분의 많은 참여 바랍니다. ☞ 상인조직이 결성되어 있는 목포시 소재 소상공인 공동체 ☞ 온누리상품권 가맹점 등록,「전통시장 및 상점가 육성을 위한 특별법」에 근거한 공모사업 참여 등 지원","내수,전남,2026,공모사업,온누리상품권,목포시,상점가,골목상권,전통시장,기초자치단체,전라남도,소상공인,전남광주,전남광주통합특별시",오프라인,8154
1140,산업통상부,포항상공회의소,수출,[경북] 2026년 FTA 맞춤형 컨설팅 지원사업 공고,,,2026-03-18,https://www.bizinfo.go.kr/sii/siia/selectSIIA200Detail.do?pblancId=PBLN_000000000119666,예산 소진시까지,중소기업,"산업통상자원부, 경상북도, 포항상공회의소가 운영하는「경북동부FTA통상진흥센터」에서는 전문인력 부족으로 FTA 활용에 어려움을 겪고 있는 경북지역 수출입기업 및 수출물품 제조업체들을 위하여 다음과 같이 FTA 맞춤형 컨설팅 지원사업을 시행하오니 많은 신청 바랍니다. ☞ 경북소재 중소기업 中 직ㆍ간접 수출 또는 수출 희망업체 ※ 자세한 지원대상 공고문 참조 ☞ FTA 맞춤형 컨설팅 (업체당 컨설팅 유형별 1건) 지원 - 원산지확인서 컨설팅, 수출기업 맞춤 컨설팅, 원산지인증수출자 컨설팅, 원산지 사후검증 컨설팅","수출,경영,경북,원산지사후검증,2026,경북동부FTA통상진흥센터,원산지인증수출자,원산지확인서,포항상공회의소,수출기업,컨설팅,산업통상자원부,FTA,중소기업,경상북도",FTA활용/대응,7136
1141,세종특별자치시,세종일자리경제진흥원,금융,[세종] 2026년 중소기업육성자금 지원계획 변경 공고,,,2026-03-18,https://www.bizinfo.go.kr/sii/siia/selectSIIA200Detail.do?pblancId=PBLN_000000000119636,예산 소진시까지,중소기업,"세종특별자치시 중소기업육성기금 운용 조례 제7조 및 같은 조례 시행규칙 제3조에 따른 2026년도 중소기업육성자금 지원계획을 다음과 같이 공고합니다. ☞ 세종특별자치시에 사업장을 둔 중소기업으로 「별표1」의 ‘업종별 세부지원대상’과 「별표2, 4」의 ‘자금별 지원조건’에 해당하는 기업 ☞ 창업자금, 경쟁력강화자금, 혁신형 자금, 기업회생자금, 경영안정자금 지원 ※ 자세한 지원내용 공고문 참조","금융,세종,2026,기업회생자금,세종일자리경제진흥원,혁신형자금,경쟁력강화자금,중소기업육성자금,경영안정자금,창업자금,세종특별자치시",융자,8520
1142,고용노동부,한국폴리텍대학 서울정수캠퍼스 산학협력단,인력,2026년 지역ㆍ산업 맞춤형 인력양성사업 무료교육 참여자 및 참여기업 모집 공고,2026-03-01,2026-12-31,2026-03-18,https://www.bizinfo.go.kr/sii/siia/selectSIIA200Detail.do?pblancId=PBLN_000000000119624,,중소기업,"고용보험에 가입된 중소기업(우선지원대상기업) 재직자 대상으로 ‘지역ㆍ산업 맞춤형 인력양성사업’ 무료교육 참여자 및 참여기업을 모집합니다. ☞ 고용보험에 가입된 중소기업(우선지원대상기업) 재직자 ※ 재직자가 소속된 중소기업이 신청하여 참여 가능 ☞ 100% 국비지원 무료교육, 교재 무료 제공, 중식비, AI 과정 ChatGPT Plus 1개월 구독료 등 지원","인력,서울,부산,대구,인천,광주,대전,울산,세종,경기,강원,충북,충남,전북,전남,경북,경남,제주,GPT Plus,한국폴리텍대학 서울정수캠퍼스 산학협력단,중식비지원,2026,교재무료,국비지원,직무교육,무료교육,재직자,고용노동부,소상공인",교육/훈련/연수,7498
1143,제주특별자치도,제주특별자치도경제통상진흥원,수출,[제주] 2026년 수출 초보기업 역량강화를 위한 자율선택형 해외진출 패키지 지원사업 모집 공고,,,2026-03-17,https://www.bizinfo.go.kr/sii/siia/selectSIIA200Detail.do?pblancId=PBLN_000000000119595,예산 소진시까지,중소기업,"수출역량진단 결과 초보기업을 대상으로 수출에 필요한 전 과정을 원스탑으로 지원하여 수출 활성화에 기여하기 위해 추진하는「2026년 자율선택형 해외진출 패키지 지원사업」 참가업체 모집을 공고합니다. ☞ 사업자등록증상 도내 본사나 공장을 소재한 제조업 또는 무역업에 해당하는 수출(희망) 중소기업 중 수출역량진단 결과 초보기업 ☞ 수출 통관 컨설팅, 수출상품 홍보물 제작, 외국어 상세페이지 제작 및 외국어 홈페이지 리뉴얼, 외국어 통번역 서비스, 온라인 마케팅, 해외규격인증 획득 지원 ※ 자세한 지원내용 공고문 참조","수출,제주,통관마케팅,2026,홈페이지리뉴얼,제주특별자치도경제통상진흥원,수출준비,수출초보기업,온라인마케팅,해외인증,해외진출,제주특별자치도,번역지원,해외마케팅",해외진출준비,7830
1144,제주특별자치도,제주특별자치도경제통상진흥원,수출,[제주] 2026년 해외 수출물류 네트워크 지원사업 참가업체 모집 공고,2026-02-11,2026-12-31,2026-03-17,https://www.bizinfo.go.kr/sii/siia/selectSIIA200Detail.do?pblancId=PBLN_000000000119589,,중소기업,"해외 수출에 어려움을 겪는 도내 기업의 수출 애로사항 해소 및 글로벌 시장 경쟁력 강화 도모를 위한 수출 관련 직간접 물류비 및 해외 창고료를 지원하고자「2026년 해외 수출물류 네트워크 지원사업」의 참가업체를 다음과 같이 모집 하오니 도내 기업의 많은 신청 바랍니다. ☞ 도내에 본사 또는 공장이 소재하고, 2026년도 국제물류비(직간접)가 발생한 도내 수출기업 ☞ 수출선적단계 물류비, 국제운임비, 해외물류네트워크사업기업부담금, 해외창고료, 국제특송비 등 지원","수출,경영,제주,2026,제주특별자치도,제주특별자치도경제통상진흥원,수출물류,수출기업,해외 수출,국제물류비,국제특송비,해외창고료,국제운임비,물류비,수출선적,해외물류",해외진출,7169
1145,제주특별자치도,KOTRA제주사무소,수출,[제주] 2026년 해외시장조사서비스 및 해외비지니스 출장 지원사업 참가업체 모집 공고,,,2026-03-17,https://www.bizinfo.go.kr/sii/siia/selectSIIA200Detail.do?pblancId=PBLN_000000000119588,예산 소진시까지,중소기업,"「2026년 해외시장조사서비스 및 해외비지니스출장지원사업 참가업체 모집」을 다음과 같이 공고하오니, 본 사업에 참여를 원하는 기업은 신청하여 주시기 바랍니다. ☞ 도내 본사나 공장이 소재하고 있는 수출(희망) 중소기업(수출역량진단 필수) ☞ 잠재 바이어 발굴, 취급기업ㆍ항목별 시장조사, 원부자재 공급선 조사, 거래선 관심도 조사, 거래 교신, 바이어 실태조사, 현지 매장 방문조사, 소비자 트랜드 설문조사, 샘플 테스트 조사, 바이어 구매성향 조사, 샘플 대리 전달, 대리 면담, 전시회 대리참관, 해외비지니스 출장 등 지원 ※ 자세한","수출,제주,수입관세율,2026,품질인증제도,KOTRA제주사무소,해외시장조사,해외출장,바이어발굴,제주특별자치도,수출지원,시장개척,해외마케팅,KOTRA",시장개척,7500
1146,제주특별자치도,제주특별자치도경제통상진흥원,수출,[제주] 2026년 제주-칭다오 노선 활성화 지원사업 모집 공고,2026-02-11,2026-12-31,2026-03-17,https://www.bizinfo.go.kr/sii/siia/selectSIIA200Detail.do?pblancId=PBLN_000000000119587,,중소기업,"제주특별자치도와 (재)제주경제통상진흥원은 제주-칭다오 정기 컨테이너 항로의 조기 정착 및 물동량 확보를 통해 도내 기업의 물류비 절감과 제주기업의 중국 시장 내 경쟁력을 도모하고자 다음과 같이「2026년 제주-칭다오 노선 활성화 지원사업」참여기업을 모집합니다. ☞ 제주發 칭다오 직항 화물선을 이용하여 물품을 수출하는 도내 수출중소기업, 무역업체 등 ☞ 제주-칭다오 노선을 이용한 제주상품 수출물량에 대한 인센티브 차등 지원 - 제주 수출기업 또는 무역업체에게 물량에 따른 정액 인센티브 지급(기업별 총액 500만원 한도) ※ 자세한 지","수출,경영,제주,컨테이너 항로,화물선,2026,제주기업,제주특별자치도경제통상진흥원,제주상품,물류비,인센티브,무역업체,수출기업,제주특별자치도",해외진출,7408
1147,전남광주통합특별시,광주테크노파크,기술,2026년 광주테크노파크 공동활용 연구시설ㆍ장비 사용 안내 공고,,,2026-03-17,https://www.bizinfo.go.kr/sii/siia/selectSIIA200Detail.do?pblancId=PBLN_000000000119584,상시 접수,중소기업,"광주테크노파크는 지역 중소기업의 기술개발 및 사업화를 지원하기 위하여 연구시설ㆍ장비 기반구축 사업을 통해 다양한 첨단 장비를 구축ㆍ운영하고 있습니다. 기업의 시험ㆍ분석 및 기술개발 수요에 대응하고 장비 공동활용을 활성화하기 위하여 다음과 같이 공동활용 연구시설ㆍ장비 사용을 안내하오니 관심 있는 기업 및 기관의 많은 신청 바랍니다. ☞ 중소기업 및 관련 기관(대학, 연구기관 등) ☞ 신뢰성 시험 지원 : 항온항습기, 고저온챔버, 대형챔버, IP 시험기, 열충격시험기 등 - 광응용 제품 시험 지원 : 적분구, 배광기, 분광계, 휘도계,","기술,서울,부산,대구,인천,광주,대전,울산,세종,경기,강원,충북,충남,전북,전남,경북,경남,제주,광응용제품시험,2026,시험지원,소재장비,애로기술지원,부품장비,생체의료,인증지원,기술자문,광주테크노파크,광주광역시",시험/인증,7104
1148,경상남도,김해의생명산업진흥원,내수,[경남] 김해시 2026년 김해온몰 입점기업 모집 공고,,,2026-03-17,https://www.bizinfo.go.kr/sii/siia/selectSIIA200Detail.do?pblancId=PBLN_000000000119572,상시 접수,중소기업,"김해의생명산업진흥원에서 「김해시 온라인 통합쇼핑몰(김해온몰)」에 입점할 업체를 다음과 같이 모집합니다. ☞ 김해시 소재의 합법적 통신판매 자격을 갖춘 사업자 ※ 단순 유통업 및 도소매업 제외 ※ 자세한 지원대상 공고문 참조 ☞ 수수료, 통합 관리사 시스템 제공, 판촉행사 및 이벤트, 홍보, 연계 사업 등 지원","내수,경영,경남,김해시,김해의생명산업진흥원,경상남도,2026,온라인,통합쇼핑몰,김해온몰,입점수수료,판촉행사,이벤트,홍보,입점,결제수수료",온라인,7358
1149,고용노동부,주식회사에스테이트,인력,2026년 미래내일 일경험 지원사업(인턴형) 참여기업 모집 공고,,,2026-03-17,https://www.bizinfo.go.kr/sii/siia/selectSIIA200Detail.do?pblancId=PBLN_000000000119571,예산 소진시까지,중소기업,"주식회사 에스테이트(운영기관)는 고용노동부, 대한상공회의소와 협력하여 인재를 필요로 하는 기업을 대상으로 인턴십 프로그램을 운영하고 있습니다. 이에 따라 「2026년 미래내일 일경험 지원사업(인턴형)」 참여기업 모집을 아래와 같이 안내드리오니 많은 관심과 참여 바랍니다. ☞ 고용보험 피보험자 10인 이상 기업, 공공기관, 지방공기업, 비영리단체, 비영리 법인 등 ※ 일경험 사업 참여 신청 직전 월말 기준. 다만, 고용보험 피보험자수 10인 미만의 기업이라도 다음의 기업은 참여 가능 ☞ 8주/10주 인턴형 프로그램 전액 지원 (주 2","인력,서울,부산,대구,인천,광주,대전,울산,세종,경기,강원,충북,충남,전북,전남,경북,경남,제주,주식회사에스테이트,일경험지원,2026,인턴형,멘토지원금,청년인턴,프로그램,대한상공회의소,고용노동부,청년",국내일반인력,8673
1150,농림축산식품부,농업정책보험금융원,창업,2026년 농식품 크라우드펀딩 지원사업 공고,2026-02-03,2026-12-31,2026-03-17,https://www.bizinfo.go.kr/sii/siia/selectSIIA200Detail.do?pblancId=PBLN_000000000119567,,창업벤처,"농업, 농촌, 식품 및 관련 분야 아이디어 혹은 기술력 등을 바탕으로 사업을 영위하는 창업 7년 이내 농식품 기업 또는 예비창업자를 대상으로 현장코칭, 컨설팅, 수수료 및 후속 등을 지원해드리는 사업입니다. ☞ 창업 7년 이내 농식품 기업 또는 예비창업자 ※ 자세한 지원대상 공고문 참조 ☞ 현장코칭, 컨설팅, 수수료(증권형, 후원형) 및 후속 지원 ※ 자세한 지원내용 공고문 참조","창업,경영,서울,부산,대구,인천,광주,대전,울산,세종,경기,강원,충북,충남,전북,전남,경북,경남,제주,농업정책보험금융원,농림축산식품부,2026,크라우드펀딩,펀딩,현장코칭,컨설팅,수수료,증권형,후원형,예비창업자ㅊ,창업기업,농식품기업,농식품,농업,농촌,식품,창업7년이내",사업화지원,8966
1151,보건복지부,한국문화산업협회,인력,2026년 현장실습훈련(시니어인턴십) 참여기업 모집 공고,,,2026-03-17,https://www.bizinfo.go.kr/sii/siia/selectSIIA200Detail.do?pblancId=PBLN_000000000119555,예산 소진시까지,중소기업,"「2026년 현장실습훈련(시니어인턴십) 참여기업 모집」을 다음과 같이 공고하오니, 본 사업에 참여를 원하는 기업은 신청하여 주시기 바랍니다. ☞ 참여기업 : 60세 이상 근로자를 고용할 의사가 있는 4대 보험 가입 사업장 - 참여자 : 60세 이상 고령자(생일지난 66년생부터) 2026년 기준 ☞ 일반형(1인당 최대 270만원), 세대통합형(1인당 300만원), 장기취업유지형(1인당 최대 280만원)","인력,서울,부산,대구,인천,광주,대전,울산,세종,경기,강원,충북,충남,전북,전남,경북,경남,제주,2026,보건복지부,한국문화산업협회,60세이상,인건비,장기취업유지,현장실습,시니어,인턴십",고용유지,7689
1152,전북특별자치도,전북테크노파크,기술,[전북] 2026년 에너지산업융복합단지 공동연구장비 활용 및 컨설팅 지원 수혜기업 모집 공고,,,2026-03-16,https://www.bizinfo.go.kr/sii/siia/selectSIIA200Detail.do?pblancId=PBLN_000000000119518,예산 소진시까지,중소기업,"새만금 에너지산업융복합단지 활성화를 위해 단지 내 에너지 관련 기업을 대상으로「2026년 에너지산업융복합단지 공동연구장비 활용 및 컨설팅 지원」을 추진하오니, 해당 사업에 참여를 원하는 기업은 절차에 따라 신청하여 주시기 바랍니다. ☞ 새만금 에너지산업융복합단지 내 에너지 관련 기업 - 본사업을 통해 旣지원받은 횟수가 2회 미만인 기업(0~1회 旣지원 받은 기업 가능/2회 旣지원 받은 기업 불가능) ☞ 공동연구장비 활용(건당 250만원 이내) 및 애로기술 컨설팅(기업당 최대 200만원 이내) 지원 - 전북테크노파크 보유 장비 대상 ","기술,경영,전북,공동연구장비,2026,애로기술컨설팅,공동연구장비활용,전북특별자치도,에너지산업융복합단지,애로기술,에너지,전북테크노파크,컨설팅",기술인력/장비지원,7183
1153,중소벤처기업부,한국벤처캐피탈협회,경영,2026년 M&A 활성화 지원사업 공고,,,2026-03-16,https://www.bizinfo.go.kr/sii/siia/selectSIIA200Detail.do?pblancId=PBLN_000000000119515,상시 접수,중소기업,"중소ㆍ벤처기업의 M&A 지원을 위한 2026년도 중소ㆍ벤처기업 ‘M&A 활성화 지원사업’을 다음과 같이 공고하오니, 동 사업에 참여하고자 하는 기업과 M&A 정보망 등록 M&A 자문기관은 아래 내용을 참고하시기 바랍니다. ☞ M&A 희망 중소ㆍ벤처기업 및 M&A 활성화 지원사업 등록 자문기관 등 ☞ M&A 비용지원, M&A 인식개선 사업 운영, 자문기관 등록ㆍ관리 및 M&A 정보망 운영 등 지원","경영,서울,부산,대구,인천,광주,대전,울산,세종,경기,강원,충북,충남,전북,전남,경북,경남,제주,M&A 활성화,2026,중소ㆍ벤처기업,한국벤처캐피탈협회,M&A,중소벤처기업부",컨설팅,8637
1154,과학기술정보통신부,한국방사선진흥협회,금융,2026년 방사선 기술 IP보증연계 지식재산평가 지원사업 공고,,,2026-03-16,https://www.bizinfo.go.kr/sii/siia/selectSIIA200Detail.do?pblancId=PBLN_000000000119499,예산 소진시까지,중소기업,"방사선 기업이 보유한 지식재산(IP)의 가치를 평가하고 그 결과를 사업자금 확보(보증ㆍ대출)에 활용할 수 있도록 평가비용을 지원하는「2026년 방사선 기술 IP보증연계 지식재산평가 지원사업」을 아래와 같이 공고합니다. ☞ 신청일 기준, 방사선 또는 방사성동위원소 분야 출원 특허 또는 등록된 특허권을 보유한 국내 등록된 사업자로서 다음의 어느 하나에 해당하는 자 - 「중소기업기본법 제2조」에 따른 중소기업 - 「중견기업 성장촉진 및 경쟁력 강화에 관한 특별법 제2조」에 따른 중견기업으로서 「중소기업기본법 제2조3항」에서 정한 기간이 ","금융,서울,부산,대구,인천,광주,대전,울산,세종,경기,강원,충북,충남,전북,전남,경북,경남,제주,방사성동위원소,한국방사선진흥협회,2026,평가비용,보증,출원,사업자금,방사선,특허권,과학기술정보통신부,대출,IP,지식재산",보증,6630
1155,고용노동부,대구경북고용복지연구원,인력,[경북ㆍ대구] 2026년 청년 일자리 도약장려금 공고,,,2026-03-16,https://www.bizinfo.go.kr/sii/siia/selectSIIA200Detail.do?pblancId=PBLN_000000000119493,예산 소진시까지,중소기업,"사업주와 근로자를 지원하여 청년의 신규 일자리 창출을 통한 청년고용 활성화를 위한 사업으로, 비수도권 소재 기업의 인력난 완화와 해당 기업에 취업한 청년에게는 일자리 창출 및 장기근속 지원을 목적으로 「2026년 청년 일자리 도약 장려금」을 다음과 같이 공고하오니, 본 사업에 참여를 원하는 기업은 신청하여 주시기 바랍니다. ☞ 참여기업 : 고용보험 피보험자 수 5인 이상 우선지원대상 ※ 관할구역 : 대구광역시 서구, 달서구, 달성군, 남구, 경상북도 칠곡군(석적 3공단 제외), 고령군, 성주군 - 청년 : 만 15세~34세 이하 정","인력,대구,경북,달성분원,경북 칠곡군,2026,우선지원대상,도약장려금,대구경북고용복지연구원,산업단지,달서구,고용유지,정규직,달성군,남구,서구,고용노동부",고용환경개선,9205
1156,고용노동부,주식회사국제커리어,인력,2026년 인재채움뱅크 대체인력 채용지원 참여 기업 모집 공고,2026-03-16,2026-12-31,2026-03-13,https://www.bizinfo.go.kr/sii/siia/selectSIIA200Detail.do?pblancId=PBLN_000000000119491,,중소기업,"출산ㆍ육아휴직, 육아기 근로시간 단축 등으로 발생하는 인력 공백을 해소하기 위해 구직자를 모집ㆍ관리하고 기업과 매칭하여 신속한 대체인력 채용을 지원하는 고용서비스 사업입니다. 기업의 안정적인 인력 운영을 돕고 구직자에게는 취업 기회를 제공하기 위해 맞춤형 인재 알선 및 채용지원 서비스를 제공합니다. ​☞ 출산휴가, 육아휴직, 육아기 근로시간 단축 등으로 대체인력 채용이 필요한 기업 - 일시적인 인력 공백으로 단기 또는 기간제 채용이 필요한 기업 - 채용을 희망하나 적합한 인재 채용에 어려움을 겪는 중소ㆍ중견기업 등 ☞ 기업 채용요건","인력,서울,부산,대구,인천,광주,대전,울산,세종,경기,강원,충북,충남,전북,전남,경북,경남,제주,구인난해결,취업성공,국제커리어,커리어성장,전남취업,광주취업,전남일자리,광주일자리,광주채용,전남채용,구직자지원,인재채움뱅크,주식회사국제커리어,2026,취업기회,일자리연계,채용정보,구인구직,청년취업,채용공고,대체인력,청년일자리,고용노동부",고용환경개선,13828
1157,고용노동부,주식회사국제커리어,인력,2026년 청년일자리도약장려금 참여기업 모집 공고,,,2026-03-13,https://www.bizinfo.go.kr/sii/siia/selectSIIA200Detail.do?pblancId=PBLN_000000000119490,예산 소진시까지,중소기업,"고용노동부에서 주관하는 ‘청년일자리도약장려금’ 사업을 운영하고 있습니다. ‘청년일자리도약장려금’ 사업이란, 기업에는 인건비 지원을 통한 사업주의 부담을 완화하고, 청년의 일자리 창출과 동시에 청년고용을 촉진하여 취업에 어려움을 겪는 청년의 취업을 촉진하고 장기 근속할 수 있도록 도움을 주는 사업입니다. 청년 신규 채용 혹은 채용계획이 있는 경우 본 사업을 적극적으로 활용하여 주시기 바랍니다. ☞ 5인 이상 우선지원대상 기업 - (수도권) 수도권(서울특별시, 인천광역시, 경기도)에 소재하는 기업이며 5인 이상 우선지원대상기업에서 취업","인력,서울,부산,대구,인천,광주,대전,울산,세종,경기,강원,충북,충남,전북,전남,경북,경남,제주,국제커리어센터,청년일자리정책,기업채용지원,2026지원사업,채용혜택,지원금신청방법,청년도약장려금,주식회사국제커리어,채용인센티브,2026,취업지원,청년지원금,일자리도약장려금,청년일자리도약장려금,기업지원금,재정지원,청년채용,정부지원금,청년고용,고용노동부,소상공인,중소기업",고용환경개선,21481
1158,고용노동부,주식회사국제커리어,인력,2026년 미래내일일경험사업(인턴형) 참여기업 모집 공고,,,2026-03-13,https://www.bizinfo.go.kr/sii/siia/selectSIIA200Detail.do?pblancId=PBLN_000000000119489,상시 접수,중소기업,"청년이 필요로 하는 다양한 일경험을 제공하며 직무탐색, 직무역량 강화 등을 지원함으로써 청년의 원활한 노동시장 진입과 성장기반을 마련하기 위한 제도입니다. ☞ 고용보험 피보험자 10인 이상 기업, 공공기관, 지방공기업, 비영리단체, 비영리법인 등 ※ 워크넷 가입(기업회원) 필수 ☞ 기업 지원금 청년 1인당 월 20만원 지원 - 기업 및 청년 지원금은 매월 단위로 정산하여 운영기관에서 직접 지급","인력,서울,부산,대구,인천,광주,대전,울산,세종,경기,강원,충북,충남,전북,전남,경북,경남,제주,주식회사국제커리어,미래내일일경험사업,2026,인턴형,기업지원금,고용노동부,청년,중견기업,중소기업",고용환경개선,14139
1159,경상남도,한국무역보험공사경남지사,금융,[경남] 진주시 2026년 중소기업 개별 수출보험료 지원사업 공고,,,2026-03-13,https://www.bizinfo.go.kr/sii/siia/selectSIIA200Detail.do?pblancId=PBLN_000000000119481,예산 소진시까지,중소기업,"관내 중소기업이 무역 거래 중 발생되는 각종 위험으로부터 보호받을 수 있도록 2026년 중소기업 개별 수출보험료 지원사업을 아래와 같이 공고합니다. ☞ 진주시에 본사 또는 지사(공장) 소재한 중소기업 ☞ 수출보험, 신용보증, 수입보험, 환변동보험 등 지원 (기업당 2,000천원)","금융,경남,플러스보험,일반수출거래,2026,한국무역보험공사경남지사,수입보험,한국무역보험공사,환변동보험,신용보증,수출보험,진주시,경상남도",보험(수출+무역),11151
1160,경기도,평택산업진흥원,기술,[경기] 평택시 2026년 장비 활용 지원사업 기업 모집 공고,,,2026-03-13,https://www.bizinfo.go.kr/sii/siia/selectSIIA200Detail.do?pblancId=PBLN_000000000119457,예산 소진시까지,중소기업,"평택산업진흥원은 관내 중소 제조기업의 기술개발 및 품질 향상을 지원하기 위하여 대학ㆍ연구기관ㆍ민간 등이 보유한 연구장비 사용에 소요되는 비용을 지원 하고자 「장비 활용 지원사업」을 시행하오니 많은 관심과 참여 바랍니다. ☞ 아래 사항에 모두 해당하는 평택 관내 중소기업 - 공고 마감일 기준 평택시 사업자등록 기업이며, 업태가 제조업인 기업 ※ 본사, 연구소, 등록공장 등 사업장 주소지 기준이며, 관내 지사만 소재한 경우는 지원 불가 - 「중소기업 기본법」 제2조(중소기업자의 범위)에 의한 중소기업 ☞ 기술개발 및 품질 향상을 위한 ","기술,경기,2026,평택산업진흥원,연구장비활용,평택시,연구장비,장비활용,경기도,기술개발,제조업,중소기업",기술인력/장비지원,7300
1161,경기도,평택산업진흥원,기술,[경기] 평택시 2026년 국내외 지식재산 권리화 지원사업 모집 공고,,,2026-03-13,https://www.bizinfo.go.kr/sii/siia/selectSIIA200Detail.do?pblancId=PBLN_000000000119454,예산 소진시까지,중소기업,"(재)평택산업진흥원은 관내 중소기업 대상으로「국내외 지식재산 권리화 지원사업」을 아래와 같이 공고하오니 지원을 희망하는 기업은 관련 절차에 따라 신청하여 주시기 바랍니다. 많은 관심과 참여 부탁드립니다. ☞ 본사 또는 등록공장, 연구소가 평택에 소재한「중소기업 기본법」제2조에 의한 중소기업(제조업) ☞ 국내외 지식재산권 출원, PCT 소요 비용 지원","기술,경기,2026,평택산업진흥원,경기도,중소기업,국내외,지식재산,권리화,제조업,PCT,국내 출원,해외 출원",시험/인증,7282
1162,충청북도,충청북도기업진흥원,수출,[충북] 2026년 국제특송(EMS) 해외물류비 지원사업 참여기업 모집 공고,,,2026-03-12,https://www.bizinfo.go.kr/sii/siia/selectSIIA200Detail.do?pblancId=PBLN_000000000119436,예산 소진시까지,중소기업,충청북도와 충북기업진흥원은 도내 중소중견기업의 사후마케팅 및 수출확대를 위하여 우체국에서 운영하는 국제특송(EMS) 해외물류비를 아래와 같이 지원하오니 적극 신청하시기 바랍니다. ☞ 충북에 본사 또는 공장이 소재하는 중소ㆍ중견기업(수출유망 제조업 또는 무역업) ☞ 국제특송 EMS 물류비용의 50% 지원 - 연 500만원 이내(월 50만원 한도) - 충청지방우정청 : 국제특송 EMS 물류비용 12% 할인 - 충북기업진흥원 : 우정청 12% 할인된 금액에서 50% 지원,"수출,충북,2026,충청북도,충청북도기업진흥원,중소기업,중견,무역업,제조업,국제특송,EMS,물류,국제특송비,해외물류비,우정청",해외진출,9040
1163,고용노동부,한국사회적기업진흥원,금융,2026년 (예비)사회적기업 이차보전 지원계획 공고,,,2026-03-12,https://www.bizinfo.go.kr/sii/siia/selectSIIA200Detail.do?pblancId=PBLN_000000000119434,예산 소진시까지,사회적기업,본 사업은 협약은행의 보증부 대출에 대해 진흥원의 이차보전 (이자 일부지원)을 통해 (예비)사회적기업의 금융 비용 부담을 완화하는 사업입니다. ☞ (예비)사회적기업 ☞ 운전자금 대출에 대해 이자차액 2.5%p 지원 ※ 자세한 지원내용 공고문 참조,"금융,서울,부산,대구,인천,광주,대전,울산,세종,경기,강원,충북,충남,전북,전남,경북,경남,제주,2026,한국사회적기업진흥원,고용노동부,예비사회적,사회적기업,신용보증부,대출,이차보전,운전자금,대출금리",융자,10899
1164,충청북도,충청북도기업진흥원,수출,[충북] 2026년 농식품 수출 인증ㆍ통관ㆍ검역 지원사업(해외지사화) 참여기업 모집 공고,2026-03-13,2026-08-31,2026-03-12,https://www.bizinfo.go.kr/sii/siia/selectSIIA200Detail.do?pblancId=PBLN_000000000119432,,중소기업,"2026년도 충청북도 농식품 수출 인증ㆍ통관ㆍ검역 지원사업(해외지사화) 참여업체를 모집하오니 많은 참여 바랍니다. ☞ 도내 본사를 둔 농식품 수출 농가 및 기업 - 지원조건 : 전년도 수출실적(직접+간적) 5만달러 이상 ☞ 코트라 해외지사화(1~6차) 서비스 이용료(최대 3,000천원) 지원","수출,충북,농식품 기업,2026,검역,수출인증,농가,통관,농식품,해외지사화,충청북도,충청북도기업진흥원,KOTRA",해외진출,8125
1165,대전광역시,대전일자리경제진흥원,수출,[대전] 2026년 우정청 국제특송비 지원사업 모집 공고,,,2026-03-12,https://www.bizinfo.go.kr/sii/siia/selectSIIA200Detail.do?pblancId=PBLN_000000000119421,예산 소진시까지,중소기업,"대전일자리경제진흥원에서는「2026 우정청 국제특송비 지원사업」을 통해 해외시장 개척과 수출경쟁력을 강화할 수 있도록 아래와 같이 참여기업을 모집하오니 많은 관심과 참여 바랍니다. ☞ 대전광역시에 본사 또는 공장이 소재한 중소기업 (단, 전년도 EMS를 통한 수출실적증빙 제출 필수) - 매 익월 5일 이내 상세목록 리스트 메일 제출 필수(접수: 우정청) ☞ 국제특송비(EMS 이용) 기업별 월 50만원, 연간 300만원 한도 내 지원 - 우정청 : 국제특송(EMS) 요금의 12% 기본할인 - 진흥원 : 할인이 적용된 우편요금의 50% ","수출,대전,우정청,국제특송비,EMS,대전일자리경제진흥원,해외시장개척,대전광역시,중소기업,2026,국제특송,우편",시장개척,7303
1166,대전광역시,한국무역보험공사 대전세종충남본부,금융,[대전] 2026년 수출보증보험료 지원사업 참가기업 모집 공고,,,2026-03-12,https://www.bizinfo.go.kr/sii/siia/selectSIIA200Detail.do?pblancId=PBLN_000000000119420,예산 소진시까지,중소기업,"관내 수출 중소기업의 수출대금 미회수 위험 해소를 통한 안정적인 수출여건 조성을 위하여 「2026년 수출보증보험료 지원사업」참가기업을 모집하고자 다음과 같이 공고합니다. ☞ 대전에 본사 또는 사업장이 있는 중소기업 ☞ 수출보증보험료 100%(업체당 연간 25만원) 지원 - 지원종목 : 단기수출보험(단체보험), 수출신용보증(선적전)","금융,수출,대전,2026,대전광역시,한국무역보험공사 대전세종충남본부,중소기업,수출대금,수출보증보험료,단기수출보험,단체보험,수출신용보증",보증,7684
1167,경상남도,경남무역,경영,[경남] 2026 중소기업 통ㆍ번역 지원사업 참가업체 모집 공고,,,2026-03-12,https://www.bizinfo.go.kr/sii/siia/selectSIIA200Detail.do?pblancId=PBLN_000000000119409,예산 소진시까지,중소기업,"외국어 능력이 부족한 도내 중소 기업들에 대한 통·번역 서비스 제공을 통하여 효율적인 수출상담 활동 전개 및 성과를 제고하고자 아래와 같이 「2026 중소기업 통ㆍ번역 지원사업」에 참가할 업체를 모집합니다. ☞ 도내 소재(본사 또는 공장) 중소기업 ☞ 수출과 연관된 각종 매뉴얼 및 홍보용 카탈로그, 바이어 현장 방문 등 통ㆍ번역 지원(업체당 100만원 한도)","경영,경남,홍보용 카탈로그,2026,매뉴얼,외국어,번역,통역,경남무역,경상남도,바이어",정보화지원,6899
1168,울산광역시,(주)좋은일자리,인력,[울산] 2026년 미래내일 일경험 인턴형 참여기업 모집 공고,,,2026-03-12,https://www.bizinfo.go.kr/sii/siia/selectSIIA200Detail.do?pblancId=PBLN_000000000119395,예산 소진시까지,중소기업,"「미래내일 일경험」사업은 채용 경향이 수시ㆍ경력직 중심으로 전환함에 따라 관심 직무에 대한 일경험이 부족한 미취업 청년에게 실무 중심의 다양한 일경험 기회를 제공, 원활한 노동시장 진입 촉진을 지원하는 사업입니다. ☞ 고용보험 피보험자 10인이상, 공공기관, 지방공기업, 비영리단체, 비영리법인 등 - 고용보험 피보험자수 10인 미만의 기업이라도 다음의 기업은 참여 가능 ①「벤처기업육성에 관한 특별조치법」에 따른 벤처기업 ②「기술혁신형 중소기업제도 운영규정」 및「경영혁신형 중소기업제도 운영규정」에 따른 중소기업 ③「사회적기업 육성법」","인력,울산,(주)좋은일자리,2026,울산광역시,청년,중소기업,일경험,미취업 청년",고용유지,9580
1169,과학기술정보통신부,글로벌디지털혁신네트워크,수출,2026년 DNA 융합 제품ㆍ서비스 해외진출 지원사업 참여기업 모집 공고,2026-03-10,2026-09-30,2026-03-12,https://www.bizinfo.go.kr/sii/siia/selectSIIA200Detail.do?pblancId=PBLN_000000000119394,,중소기업,"정보통신산업진흥원 및 글로벌디지털혁신네트워크에서는 AI 등 미래 디지털 혁신기술 분야 융합 제품ㆍ서비스 기업의 해외 조인트벤처 추진 및 운영 지원을 위한 「DNA 융합 제품ㆍ서비스 해외진출 지원」 참여기업을 아래와 같이 모집하오니 관심있는 기업의 많은 참여 바랍니다. ☞ 해외 현지 조인트벤처(JV) 설립을 위한 현지 파트너사를 보유하고 JV 설립을 추진 중이거나, JV 완료 후 사업 운영 중인 미래 디지털 혁신기술 분야 융합 제품ㆍ서비스 보유 중소기업 ☞ AI 등 미래 디지털 기술ㆍ산업 분야 국내외 기업 간 JV 설립 지원 및 해외","수출,서울,부산,대구,인천,광주,대전,울산,세종,경기,강원,충북,충남,전북,전남,경북,경남,제주,수익모델다각화,현지시장확대,합작구조설계,파트너 발굴,신규설립지원,후속성장지원,해외 JV,글로벌 네트워크,2026,GDIN,미래디지털기술,글로벌디지털혁신네트워크,검증,과학기술정보통신부,AI,중소기업",해외진출,6686
1170,전남광주통합특별시,전남테크노파크,경영,[전남] 2026년 소상공인 IP출원(상표출원) 지원사업 소상공인 수혜자 모집 공고,,,2026-03-11,https://www.bizinfo.go.kr/sii/siia/selectSIIA200Detail.do?pblancId=PBLN_000000000119375,예산 소진시까지,소상공인,"전남 소재 소상공인의 지식재산 피해를 예방하고 안정적인 성장을 위하여, 소상공인의 상호ㆍ브랜드 권리화를 지원하는 IP출원(상표출원) 지원 사업을 진행하오니 희망하는 소상공인은 아래에 따라 신청하여 주시기를 바랍니다. ☞「소상공인기본법」제2조에 따른 전남 소재 소상공인(사업자등록증 보유) ☞ 상표출원 지원","경영,전남,2026,상호,상표출원,브랜드,IP출원,전라남도,전남테크노파크,지식재산,소상공인,전남광주,전남광주통합특별시",디자인/상품화/사업화,7403
1171,인천광역시,인천창조경제혁신센터,경영,[인천] 2026년 신개념 세대융합 청년창업 지원 멘티 상시모집 공고,,,2026-03-11,https://www.bizinfo.go.kr/sii/siia/selectSIIA200Detail.do?pblancId=PBLN_000000000119373,예산 소진시까지,창업벤처,"중장년 전문가들의 경험과 노하우를 활용하여, 인천광역시 청년 창업가들이 기ㆍ술ㆍ창ㆍ업 과정에서 마주하는 어려움을 해결할 수 있도록 지원하는 이번 모집에 많은 참여바랍니다. ☞ 만 39세 이하(1987년 1월 1일 이후 출생)의 예비창업자(주민등록상 거주지가 인천) 또는 사업자등록증 기준 사업장 소재지가 인천인 3년 이내 창업자 ☞ 1:1 맞춤형 멘토링 : 기본 1회 (최대 3회 제공), 최대 1,000만원 사업화 지원 - 지원분야 : 창업ㆍ경영, 투자, 법률, 지식재산권, 세무ㆍ회계, 글로벌, 규제","경영,인천,세대융합,2026,멘티,규제,인천창조경제혁신센터,청년창업,법률,글로벌,예비창업자,투자,세무,회계,지식재산권,인천광역시",교육,11749
1172,서울특별시,직접수행,인력,[서울] 2026년 중소기업 워라밸 포인트제 참여기업 모집 공고,,,2026-03-11,https://www.bizinfo.go.kr/sii/siia/selectSIIA200Detail.do?pblancId=PBLN_000000000119364,연중 상시 모집,중소기업,"서울특별시는 「서울시 남녀고용평등과 일ㆍ생활 균형 지원에 관한 조례」에 따라 중소기업이 아이 키우기 좋은 기업으로 성장할 수 있도록 「서울시 중소기업 워라밸 포인트제」 사업을 추진하고, 참여기업을 다음과 같이 모집하오니 많은 신청 바랍니다. ☞「중소기업기본법」제2조에 따른 중소기업 중 본사, 주사무소 또는 사업장 중 어느 하나가 서울시에 소재한 기업 ☞ 양육친화 및 일ㆍ생활 균형 실적에 따른 인센티브 제공 지원 ※ 자세한 지원내용 공고문 참조","인력,서울,휴가급여,기업복지제도,서울시기업,중소기업복지,출산휴가,2026,근로자지원금,고용환경개선,육아휴직,인센티브,워라밸,서울특별시,직접수행",고용환경개선,10521
1173,서울특별시,서울시여성가족재단,인력,[서울] 2026년 아이 키우기 좋은 기업 지원사업 육아휴직ㆍ출산휴가 기업지원금 및 출산휴가급여 근로자지원금 신청 공고,2026-03-11,2026-12-31,2026-03-11,https://www.bizinfo.go.kr/sii/siia/selectSIIA200Detail.do?pblancId=PBLN_000000000119356,,중소기업,"서울특별시는 「서울특별시 남녀고용평등과 일ㆍ생활 균형 지원에 관한 조례」에 따라 중소기업이 아이 키우기 좋은 기업으로 성장할 수 있도록 지원하고 있습니다. 이에 육아휴직ㆍ출산휴가 기업지원금 및 출산휴가급여 근로자지원금 신청 공고 신청을 다음과 같이 공고하오니 많은 참여 바랍니다. ☞ 「중소기업기본법」 제2조에 따른 중소기업으로 본사, 주사무소 또는 사업장 중 하나 이상이 서울시에 소재한 기업 ☞ 육아휴직 기업지원금, 출산휴가 기업지원금, 출산휴가급여 근로자지원금 지원 - 육아휴직 기업지원금 : 3개월 이상 육아휴직을 사용한 후 복직","인력,서울,2026,서울특별시,서울시여성가족재단,육아휴직,중소기업,출산휴가,기업지원금",고용유지,11425
1174,경기도,기초자치단체,경영,[경기] 하남시 2026년 사회적경제기업 역량 강화 교육ㆍ컨설팅 신청기업 모집 공고,,,2026-03-10,https://www.bizinfo.go.kr/sii/siia/selectSIIA200Detail.do?pblancId=PBLN_000000000119332,예산 소진시까지,사회적기업,"「하남시 2026년 사회적경제기업 역량 강화 교육ㆍ컨설팅 신청기업 모집 공고」을 다음과 같이 공고하오니, 본 사업에 참여를 원하는 기업은 신청하여 주시기 바랍니다. ☞ 하남시 소재 사회적경제기업 - (예비)사회적기업, (사회적)협동조합, (예비)마을기업, 자활기업 ☞ 분야별 맞춤형 교육ㆍ컨설팅 지원","경영,경기,2026,인사노무,경영전략,사회적경제,자활기업,회계,기초자치단체,경기도,컨설팅,예비,마케팅,마을기업,교육,협동조합",컨설팅,10105
1175,농림축산식품부,한국농어촌공사,경영,2026년 농산업 수출활성화사업 맞춤형 컨설팅 참가기업 모집 공고,2026-03-03,2026-12-31,2026-03-10,https://www.bizinfo.go.kr/sii/siia/selectSIIA200Detail.do?pblancId=PBLN_000000000119324,,중소기업,"농기자재 관련 기업을 대상으로 기업별 수출 역량진단을 통해 수출에 필요한 맞춤형 컨설팅 지원해드리는 사업입니다. ☞ (개별)농기자재 8개 품목 수출(예정)업체 / (단체)농기자재 8개 품목 관련 운영기관 - 농기자재 8개 품목 : 농기계, 비료, 농약, 종자, 시설자재, 친환경농자재, 사료, 동물용의약품 ☞ 맞춤형 컨설팅(시장수요 분석, 경쟁력 진단, 진입장벽 대응, 잠재고객 조사) 지원 - 컨설팅 전문업체의 기업별 전담 컨설턴트를 통해 진행","수출,경영,서울,부산,대구,인천,광주,대전,울산,세종,경기,강원,충북,충남,전북,전남,경북,경남,제주,시장수요분석,농약ㅈ,2026,친환경농자재,시설자재,동물용의약품,비료,종자,농기자재,사료,한국농어촌공사,컨설턴트,농기계,농림축산식품부,컨설팅",컨설팅,6427
1176,세종특별자치시,직접수행,금융,[세종] 2026년 수출보증보험료 지원 사업 참가기업 모집 공고,,,2026-03-10,https://www.bizinfo.go.kr/sii/siia/selectSIIA200Detail.do?pblancId=PBLN_000000000119321,예산 소진시까지,중소기업,"관내 수출 중소기업의 수출대금 미회수 위험 해소를 통한 안정적인 수출여건 조성을 위하여「2026년도 수출보증보험료 지원사업」참가기업을 모집하고자 다음과 같이 공고합니다. ☞ 세종특별자치시에 본사 또는 사업장이 있는 중소기업체 ☞ 단기수출보험(단체보험), 단기수출보험(개별보험에 한함), 단기수출보험(중소중견Plus+), 환변동보험(수출선물환 일반형), 수출신용보증 (선적전, 선적후, 매입, 포괄매입), 수입보험 등 지원 ※ 자세한 지원내용 공고문 참조","금융,세종,온라인 다이렉트,세종기업,수출대금보호,수증보증,2026,수입보험,환변동보험,신용보증,단기수출보험,무역보험,보험,수출기업,세종특별자치시,직접수행",보험(수출+무역),8465
1177,고용노동부,노사발전재단,경영,2026년 일터혁신 상생컨설팅 지원사업 모집 공고,,,2026-03-10,https://www.bizinfo.go.kr/sii/siia/selectSIIA200Detail.do?pblancId=PBLN_000000000119316,상시 접수,중소기업,"일터혁신 상생컨설팅 지원사업이란 기업의 일하는 방식 개선과 합리적인 인사시스템 구축을 통해, 노동자의 근로여건 개선 및 기업 생산성 향상을 지원해드리는 사업으로 참여기업을 모집합니다. ☞ 일터혁신 필요성, 의지가 있는 근로자 수 20인 이상 사업장 ※ 자세한 지원대상 공고문 참조 ☞ 일터혁신 상생컨설팅(진단, 컨설팅) 지원 - 전문 컨설턴트가 기업에 방문하여 현황 진단 및 분석, 개선과제 도출 및 제도 설계, 이행지원 등 자율적 혁신 활동 촉진 지원 - 근로자 참여 촉진을 위해 100인 미만 기업에 120만원 한도 활동비 지원(전문","인력,경영,서울,부산,대구,인천,광주,대전,울산,세종,경기,강원,충북,충남,전북,전남,경북,경남,제주,일터혁신상생컨설팅,2026,노사,진단,근로자,일터혁신,노사발전재단,고용노동부,컨설팅",컨설팅,11704
1178,보건복지부,한국노인인력개발원,인력,2026년 현장실습 훈련(구 시니어인턴십) 지원사업 공고(위더스),,,2026-03-10,https://www.bizinfo.go.kr/sii/siia/selectSIIA200Detail.do?pblancId=PBLN_000000000119309,예산 소진시까지,중소기업,"만 60세 이상 근로자를 신규 채용하는 기업에 최대 550만원 인건비를 지원하는 현장실습훈련지원(구. 시니어인턴십) 사업의 참가기업을 모집합니다. ☞ 만 60세 이상 근로자를 고용할 의사가 있는 4대보험 가입 사업장 ☞ 시니어인턴십 일반형 지원금 지원(최대 550만원) 지원 - 인턴지원금 : 입사일로부터 3개월간 1인당 120만원 (월 급여의 50%, 최대 40만원 한도 내) 지원 - 채용지원금 : 인턴 종료 후 6개월 이상 계속고용계약 체결 시 3개월간 1인당 150만원 (월 급여의 50%, 최대 50만원 한도 내) 지원 - 장기","인력,서울,부산,대구,인천,광주,대전,울산,세종,경기,강원,충북,충남,전북,전남,경북,경남,제주,만60세이상근로자,2026,현장실습훈련,시니어인턴십,한국노인인력개발원,신규채용,인건비,보건복지부",국내일반인력,7362
1179,경상남도,기초자치단체,경영,[경남] 진주시 2026년 소규모 사업장 방지시설 설치 지원사업(사물인터넷(IoT) 측정기기 부착 지원) 신청 공고,,,2026-03-09,https://www.bizinfo.go.kr/sii/siia/selectSIIA200Detail.do?pblancId=PBLN_000000000119285,예산 소진시까지,소상공인,「대기환경보전법」제81조에 따라 미세먼지 등 대기환경개선을 위하여 추진하는 “소규모 사업장 대기오염방지시설 설치 지원사업-사물인터넷 측정기기 부착지원”을 아래와 같이 공고하오니 지원 희망자는 신청하여 주시기 바랍니다. ☞ 「중소기업기본법」 시행령 제3조제1항에 따른 중ㆍ소기업 ☞ 부착대상 방지시설에 해당하는 사물인터넷(IoT) 측정기기 기본 1세트의 60% 지원,"경영,경남,2026,사물인터넷측정기기,IoT,대기환경개선,진주시,사물인터넷,대기오염방지시설,기초자치단체,경상남도",시설/입지지원,8762
1180,전남광주통합특별시,광주상공회의소,경영,[광주] 2026년 공동안전관리자 지원사업 참여기업 모집 공고,,,2026-03-09,https://www.bizinfo.go.kr/sii/siia/selectSIIA200Detail.do?pblancId=PBLN_000000000119274,선착순 접수,중소기업,"광주상공회의소는 지역 중소기업 산재사고 감축 및 안전보건 관리체계 구축을 지원하기 위해 고용노동부 및 한국산업안전보건공단과 함께 2026년도 공동안전관리자 지원사업을 추진하고 있는바, 아래와 같이 참여기업을 추가 모집하오니 관심있는 기업의 많은 참여를 바랍니다. ☞ 광주 지역 5인~49인 중소기업(업종제한 없음) ☞ 공동안전관리자(광주상공회의소 소속 노무사)가 기업에 월 1회 이상 방문하여 컨설팅 및 안전보건 관리체계 구축 지원","경영,광주,한국산업안전관리공단,2026,공동안전관리자,상시상담,안전보건,광주상공회의소,고용노동부,광주광역시,컨설팅,중소기업,전남광주,전남광주통합특별시",디자인/상품화/사업화,7827
1181,인천광역시,인천테크노파크,기술,2026년 유니버설디자인리빙랩 제품 사용성조사 장비 공동활용 지원안내 공고,2026-03-06,2026-12-31,2026-03-09,https://www.bizinfo.go.kr/sii/siia/selectSIIA200Detail.do?pblancId=PBLN_000000000119272,,중소기업,"인천광역시 유니버설디자인리빙랩은 중소기업 및 연구기관에 개별 구축이 어려운 고가의 사용성조사 장비를 활용할 수 있도록「2026년 유니버설디자인리빙랩 제품 사용성조사 장비 공동활용 지원」을 아래와 같이 시행하오니 관심있는 기업 및 연구기관에 많은 참여 부탁드립니다. ☞ 전국 중소기업 및 기관, 대학 등 (사업자등록증 보유) ☞ 일정협의 및 시나리오 제공, 조사장비 및 실험환경 제공, 데이터 제공 지원","기술,서울,부산,대구,인천,광주,대전,울산,세종,경기,강원,충북,충남,전북,전남,경북,경남,제주,실험환경,조사장비,2026,사용성조사,기관,대학,인천테크노파크,인천광역시,중소기업",기술인력/장비지원,7298
1182,경상북도,경상북도경제진흥원,경영,[경북] 칠곡군 2026년 해외지사화(해외마케팅) 및 공동물류센터 지원사업 참여기업 모집 공고,,,2026-03-09,https://www.bizinfo.go.kr/sii/siia/selectSIIA200Detail.do?pblancId=PBLN_000000000119261,예산 소진시까지,중소기업,"칠곡군 소재 제조 중소기업의 해외 판로 개척 및 글로벌 경쟁력 강화 지원을 위해 「2026년 칠곡군 해외지사화 및 공동물류센터 지원사업」참여기업을 다음과 같이 공고하오니 기업의 많은 참여를 바랍니다. ☞ 칠곡군 소재 본사 또는 사업장이 있는 중소기업(제조업) ☞ KOTRA해외지사화 연회비, 해외공동물류센터 서비스 이용료 지원 (기업당 최대 600만원 지원)","경영,경북,이용료지원,2026,연회비,해외공동물류센터,대한무역투자진흥공사,해외지사화,경상북도경제진흥원,경상북도,KOTRA",시설/입지지원,7066
1183,충청남도,기초자치단체,경영,[충남] 아산시 2026년 음식점 위생등급제 컨설팅 참여업소 모집 공고,,,2026-03-09,https://www.bizinfo.go.kr/sii/siia/selectSIIA200Detail.do?pblancId=PBLN_000000000119260,선착순 접수,소상공인,"아산시에서는「식품위생법」제47조의2에 따라 음식점 위생등급 지정을 위한 「음식점 위생등급제 컨설팅 지원사업」 희망업소를 아래와 같이 모집하오니 많은 참여 바랍니다. ☞ 아산시에서 일반음식점, 휴게음식점, 제과점 영업신고 후 「음식점 위생등급제」지정을 희망하는 업소 - 식품위생법 시행규칙 제36조에 따른 시설기준 위반사항이 없는 업소 - 평가 준비 및 개선 사항을 적극 반영하고 실천할 수 있는 업소 - 기타 식품위생법 위법 사항이 없는 업소 ☞ 위생등급 전문컨설턴트 업체 무료 컨설팅 지원 - 「음식점 위생등급지정 및 운영관리 규정」에","경영,충남,2026,충청남도,기초자치단체,아산시,일반음식점,휴게음식점,제과점,컨설팅,음식점위생등급제,위생등급전문컨설턴트",컨설팅,6794
1184,전남광주통합특별시,직접수행,경영,[전남] 2026년 소상공인 디지털 전환 지원사업 신청ㆍ접수 공고,,,2026-03-09,https://www.bizinfo.go.kr/sii/siia/selectSIIA200Detail.do?pblancId=PBLN_000000000119255,예산 소진시까지,소상공인,"전라남도는 온라인 주문 등 디지털 전환이 가속됨에 따른 소상공인의 경쟁력을 제고하기 위해 스마트 기술기기 보급을 지원하고자 2026년 소상공인 디지털 전환 지원사업 참여를 희망하는 소상공인을 모집하오니 많은 신청 바랍니다. ☞ 「소상공인 보호 및 지원에 관한 법률」에 따른 소상공인으로, 신청일 기준 정상적으로 영업 중인 연매출액 10억원 이하 사업자 ☞ 스마트기술 기기 도입 시 최대 100만원 지원 - 지원기기 : 스마트 기술 목록 中 자율 선택(스마트오더, 웨이팅보드, 무인판매기, 키오스크, 테이블오더 등)","경영,전남,2026,전라남도,직접수행,소상공인,스마트기술기기,디지털전환,스마트오더,웨이팅보드,무인판매기,키오스크,테이블오더,전남광주,전남광주통합특별시",시설/입지지원,12390
1185,전북특별자치도,전북특별자치도경제통상진흥원,인력,[전북] 2026년 육아휴직 대체인력 근로자 지원사업 모집 공고,,,2026-03-09,https://www.bizinfo.go.kr/sii/siia/selectSIIA200Detail.do?pblancId=PBLN_000000000119253,예산 소진시까지,중소기업,전북특별자치도 중소기업 육아휴직 활성화를 위한 대체인력 근로자 지원사업을 아래와 같이 공고하오니 도내 근로자들의 많은 참여 바랍니다. ☞ 고용노동부 육아휴직 대체인력 지원금을 지원받는 우선지원대상기업 사업장에 육아휴직 대체인력으로 채용된 근로자 ☞ 고용노동부 육아휴직 대체인력 지원금을 지원받는 우선지원대상기업 사업장에 근무하는 육아휴직 대체근로자에게 최대 200만원 지원 - 기업당 근로자 수 제한 없음 - 대상기간은 대체인력으로 근무한 기간에 한정,"인력,경영,전북,2026,전북특별자치도,전북특별자치도경제통상진흥원,근로자,대체인력,육아휴직,중소기업",고용유지,11135
1186,울산광역시,(주)위더스,인력,[울산] 2026년 고용노동부 청년일자리도약장려금사업 참여기업 모집 공고,,,2026-03-09,https://www.bizinfo.go.kr/sii/siia/selectSIIA200Detail.do?pblancId=PBLN_000000000119240,예산 소진시까지,중소기업,"고용노동부는 청년의 신규일자리 창출을 통한 청년 고용 활성화를 위하여 사업주와 근로자를 지원하는「청년일자리도약장려금」사업을 아래와 같이 시행하고 있습니다. ☞ 사업 참여 직전 1년간 월말기준 평균 고용보험 피보험자수 5인이상 우선지원대상 기업 or 산업단지 입주 중견기업 ☞ 청년을 정규직 채용 후 6개월 이상 고용유지시 기업지원금 (월 60만원 최대 1년간 720만원), 청년장기근속인센티브 (기업지원금 1회차 지급시 6, 12, 18, 24개월 차 각 120만원 최대 480만원) 지원","인력,울산,신규일자리,(주)위더스,청년 고용,2026,5인이상,청년일자리도약장려금,울산광역시,기업,고용노동부,청년,중견기업",고용유지,8668
1187,금융위원회,KDB산업은행,금융,2026년 한국산업은행 온렌딩 대출 제도 안내,2026-03-06,2026-12-31,2026-03-09,https://www.bizinfo.go.kr/sii/siia/selectSIIA200Detail.do?pblancId=PBLN_000000000119239,,중소기업,"온렌딩대출은 한국산업은행이 중소ㆍ중견기업을위하여 중개금융기관(은행 및 여신전문금융회사)에 자금을 공급하고 중개금융기관이 대상기업을 선정하여 대출을 실행하는 정책자금입니다. ☞ 국내 중소ㆍ중견기업 대상 ☞ 시설자금(최장10년), 운영자금(최장3년), 리스자금(최대 5년)의 장기간 대출 및 낮은 금리 지원","금융,서울,부산,대구,인천,광주,대전,울산,세종,경기,강원,충북,충남,전북,전남,경북,경남,제주,온렌딩대출,중개금융기관,2026,리스자금,한국산업은행,금리,온렌딩,운영자금,정책자금,금융위원회,중견,시설자금,KDB산업은행,대출,중소기업",융자,14951
1188,부산광역시,부산정보산업진흥원,기술,[부산] 2026년 AI실증지원센터 고성능 컴퓨터(HPC) 이용 지원사업 모집 공고,2026-03-06,2026-12-31,2026-03-09,https://www.bizinfo.go.kr/sii/siia/selectSIIA200Detail.do?pblancId=PBLN_000000000119235,,중소기업,"부산AI실증지원센터는 AI 기술 실증 인프라 지원을 위해 고성능 컴퓨터 확보가 어려운 부산 AI 기업ㆍ개발자 등을 대상으로 본 지원사업을 추진하오니 많은 관심과 참여 바랍니다. ☞ 부산 소재 AI솔루션 보유 기업, 스타트업, AI개발사(자), 대학원생 등 ☞ AI학습모델 개발실 내 비치된 고성능 컴퓨터 무상 이용, 네트워크 회선 1Gbps 연결 지원 ※ 자세한 지원내용 공고문 참조","기술,부산,장비예약,고성능 컴퓨터,학습모델,2026,부산AI실증지원센터,진흥원,CPU,부산정보산업진흥원,부산광역시,AI",기술인력/장비지원,8813
1189,과학기술정보통신부,국가연구안전관리본부,기타,2026년 안전관리 우수연구실 인증제 시행 공고,2026-03-05,2026-09-30,2026-03-09,https://www.bizinfo.go.kr/sii/siia/selectSIIA200Detail.do?pblancId=PBLN_000000000119234,,중소기업,"「안전관리 우수연구실 인증제 운영에 관한 규정(과학기술정보통신부고시 제2021-107호)」제6조에 따라 2026년도 안전관리 우수연구실 인증제 시행 계획을 아래와 같이 공고하오니 관심 있는 연구실의 많은 참여 바랍니다. ☞ 연구실 안전환경 조성에 관한 법률 대상 연구실 중 안전관리 우수연구실로 인증 또는 재인증을 받으려는 연구실 ※ 재인증은 규정 제14조제2항에 따라 인증 유효기간의 만료일 60일 전까지 신청 ☞ 안전관리 우수연국실 인증ㆍ재인증 신청, 컨설팅(필요시) 지원 ※ 자세한 지원내용 공고문 참조","기타,서울,부산,대구,인천,광주,대전,울산,세종,경기,강원,충북,충남,전북,전남,경북,경남,제주,기술지도지원,2026,안전환경,재인증,우수연구실,컨설팅지원,국가연구안전관리본부,과학기술정보통신부,인증",제도,7645
1190,제주특별자치도,직접수행,경영,[제주] 2026년 청정임산물 생산기반 지원사업 재공고,,,2026-03-06,https://www.bizinfo.go.kr/sii/siia/selectSIIA200Detail.do?pblancId=PBLN_000000000119212,예산 소진시까지,중소기업,"「제주특별자치도 지방보조금 관리 조례」제14조 제1항에 따라 2026년 청정임산물 생산기반 지원계획을 다음과 같이 재공고합니다. ☞ 공고일 현재 제주특별자치도에 주소를 두고 있는「임업 및 산촌 진흥촉진에 관한 법률 시행규칙」 제7조제1항「별표2」“임산물소득원의 지원 대상품목”을 재배하고 있는 생산자(임업인) 또는 생산자단체와 임산물의 선별ㆍ가공ㆍ유통ㆍ상품화를 하고자 하는 생산자 또는 생산자단체 ☞ 임산물 재배ㆍ생산 기계ㆍ장비 지원(1인 1대 보조금 10,809천원 범위내)","경영,제주,레일형 운반기,수액살균기,동력분무기,자동전지가위,비료살포기,예취기,퇴비발효기,오토바이,4륜구동,굴착기,임산물 유통,임산물 가공,파쇄기,2026,선별기,동력운반차,고소작업대,청정임산물,파종기,이식기,임업,생산자단체,생산자,임업인,장비,임산물,제주특별자치도,기계,직접수행",시설/입지지원,7691
1191,충청남도,기초자치단체,경영,[충남] 아산시 2026년 해외마케팅 지원사업 참가기업 모집 공고,,,2026-03-06,https://www.bizinfo.go.kr/sii/siia/selectSIIA200Detail.do?pblancId=PBLN_000000000119206,예산 소진시까지,중소기업,"우리 시 중소기업의 수출역량 강화 및 해외시장 진출 지원을 위한 「2026년 아산시 해외마케팅 지원사업」에 참가할 기업을 모집하오니, 관심 있는 기업의 많은 참여를 바랍니다. ☞ 전년도 수출실적 2,000만 달러 이하인 아산시 소재 중소기업 ☞ 외국어 카탈로그ㆍ홈페이지 제작비, 외국어 통ㆍ번역, 기업ㆍ제품 홍보영상 등 동영상 제작비 지원(기업당 400만원 한도)","경영,충남,2026,동영상,홍보영상,홈페이지,번역,통역,카탈로그,아산시,기초자치단체,충청남도,해외마케팅,중소기업",디자인/상품화/사업화,7307
1192,중소벤처기업부,중소기업기술정보진흥원,인력,2026년 중소기업 연구인력 현장맞춤형 양성지원 사업 시행계획 공고,,,2026-03-06,https://www.bizinfo.go.kr/sii/siia/selectSIIA200Detail.do?pblancId=PBLN_000000000119201,선착순 접수,중소기업,"우수한 연구인력에 의한 중소기업 주도의 선순환적 혁신 강화를 위해 「2026년 중소기업 연구인력 현장맞춤형 양성지원 사업」을 다음과 같이 공고하오니, 동 사업에 참여하고자 하는 중소기업 및 연구인력(구직자)는 사업 안내에 따라 신청하시기 바랍니다. ☞ 중소기업 기본법 제 2조에 따른 중소기업으로, 기업부설연구소 또는 연구개발전담부서를 보유한 중소기업 ☞ 중소기업 연구인력 현장맞춤형 양성지원 연구개발비 기업당 최대 1,720만원/년 지원 - (level 1) 중소기업-연구인력 매칭 연계 지원 - (level 2) 예비연구자 양성과정 ","기술,인력,서울,부산,대구,인천,광주,대전,울산,세종,경기,강원,충북,충남,전북,전남,경북,경남,제주,신진연구자,예비연구자,전북대학교연구인력혁신센터,2026,전북대학교,연구인력,중소기업기술정보진흥원,중소벤처기업부",국내전문인력,11250
1193,충청북도,충청북도기업진흥원,수출,[충북] 2026년 수출기업 수출24(해외시장조사) 및 지사화 지원 참가기업 모집 공고,,,2026-03-06,https://www.bizinfo.go.kr/sii/siia/selectSIIA200Detail.do?pblancId=PBLN_000000000119198,상시 접수,중소기업,"충청북도와 충청북도기업진흥원에서는 도내 수출 유망기업의 해외시장진입 및 현지 안착을 위하여 「2026년 수출기업 수출24 글로벌 대행(해외시장조사) 및 지사화 지원사업」을 아래와 같이 추진합니다. 본 사업에 참여를 희망하는 도내 기업 여러분의 많은 관심과 적극적인 참여를 바랍니다. ☞ 충북지역에 사업장(본사, 공장, 연구소)을 보유한 바이오 원료 및 의약품 관련 중소ㆍ중견기업 - 공고일 기준, KOTRA 수출24(해외시장조사) 및 지사화 사업 협약 및 신청 완료한 기업 ※ 자세한 지원대상 공고문 참조 ☞ 해외지사화, 해외시장조사(업","수출,충북,2026,바이오원료,수출24,수출24글로벌대행서비스,해외시장조사,의약품,중견,해외지사화,충청북도,충청북도기업진흥원,KOTRA,중소기업,바이오중소기업,중견기업",해외진출준비,7269
1194,전남광주통합특별시,광주광역시일가정양립지원본부,인력,[광주] 2026년 직장문화 개선 컨설팅 참여 기업ㆍ기관 신청 안내 공고,,,2026-03-06,https://www.bizinfo.go.kr/sii/siia/selectSIIA200Detail.do?pblancId=PBLN_000000000119193,선착순 접수,중소기업,"광주광역시일가정 양립지원본부에서는 관내 컨설팅을 희망하는 중소사업장을 대상으로 「2026년 직장문화 개선 컨설팅 참여 기업ㆍ기관 모집」을 다음과 같이 공고하오니, 본 사업에 참여를 원하는 기업은 신청하여 주시기 바랍니다. ☞ 관내 컨설팅을 희망하는 중소사업장(5인 이상~300인 이하) - 구인기업, 여성친화일촌기업, 25년 기업체 수요조사 발굴기업 등 ※ 자세한 지원대상 공고문 참조 ☞ 전문가(공인노무사) 현장 방문 1:1: 컨설팅 지원 (개소당 3회(1회 2시간) 컨설팅 지원)","인력,광주,재해보상,입금,2026,가족친화문화조성,보상체계,취업규칙,광주광역시일가정양립지원본부,복리후생,애로사항,근로환경,광주광역시,전남광주,전남광주통합특별시",작업환경개선,6894
1195,충청북도,충북과학기술혁신원,경영,[충북] 2026년 소부장 지원 전문가 스테이션 운영사업 기술애로 지원 모집 공고,,,2026-03-06,https://www.bizinfo.go.kr/sii/siia/selectSIIA200Detail.do?pblancId=PBLN_000000000119181,선착순 접수,중소기업,"충북과학기술혁신원은 소재ㆍ부품ㆍ장비 분야 중소ㆍ중견기업을 대상으로 R&D, 기술사업화, 품질/공정 등 기술애로를 지원하고자 아래와 같이 공고하오니 관심있는 기업의 많은 신청을 바랍니다. ☞ 충북 내 소재한 소부장 분야 기업 본사, 지사, 공장, 연구소 등 ☞ 기술애로신청서(붙임) 제출한 기업을 대상으로 충북 과기원 전문가 Pool 인력 또는 기업 추천 전문가가 신청기업에 현장 코칭 및 자문 지원(최대 1백만원)","경영,충북,2026,충청북도,충북과학기술혁신원,소재,부품,장비,중소기업,중견기업,기술사업화,기술애로,품질,공정",컨설팅,6770
1196,중소벤처기업부,강원창조경제혁신센터,창업,2026년 강원창조경제혁신센터 창업-BuS 프로그램 강원브릿지 화요IR 참여기업 모집 공고,,,2026-03-05,https://www.bizinfo.go.kr/sii/siia/selectSIIA200Detail.do?pblancId=PBLN_000000000119170,상시 접수,창업벤처,"(재)강원창조경제혁신센터에서는 유망 혁신 창업기업의 연중 상시 발굴과 맞춤형 성장 지원을 위한 창업-BuS(Build up Strategy for Start-ups)프로그램「강원브릿지 화요IR」참여기업을 아래와 같이 모집하오니 창업기업들의 많은 참여바랍니다. ☞ 업력 7년 이내 초격차 분야 창업기업 - 중점분야: 바이오ㆍ헬스 / AIㆍ빅데이터 - 강원 7대 전략산업 우대 : 바이오ㆍ헬스, 반도체, 미래에너지, 미래모빌리티, 방위산업, 기후테크, 푸드테크 ☞ 강원센터 직간접투자 연계검토, 후속 투자 및 TIPS 추천, 강원센터 엑셀러","기술,창업,서울,부산,대구,인천,광주,대전,울산,세종,경기,강원,충북,충남,전북,전남,경북,경남,제주,창업-BuS,강원브릿지,2026,기후테크,미래에너지,푸드테크,미래모빌리티,방위산업,헬스,반도체,강원창조경제혁신센터,에너지,로봇,빅데이터,창업기업,바이오,친환경,AI,중소벤처기업부,창업7년이내",사업화지원,8228
1197,전북특별자치도,전북특별자치도경제통상진흥원,인력,[전북] 2026년 초등학부모 10시 출근제 도입 중소기업 지원 사업 참여기업 모집 공고,2026-03-04,2026-10-23,2026-03-05,https://www.bizinfo.go.kr/sii/siia/selectSIIA200Detail.do?pblancId=PBLN_000000000119158,,중소기업,"2026년도 전북특별자치도 초등학부모 10시 출근제 도입 중소기업 지원 사업을 아래와 같이 공고하오니 도내 중소기업의 많은 참여 바랍니다. ☞ 10시 출근제(1시간 단축근로)를 도입하는 50인 미만 도내 중소 제조업체 ☞ 초등 1~6학년 자녀를 둔 초등학부모 직원 대상 10시 출근제(임금 삭감 없는 1시간 단축근로)를 도입하는 50인 미만 도내 중소 제조업체에 지원금 지원 - 근로자 1인당 최대 120만원, 기업당 연간 최대 3명까지 지원금 지원","인력,경영,전북,10시 출근제,2026,초등학부모,전북특별자치도,전북특별자치도경제통상진흥원,제조업체,중소기업",고용환경개선,9588
1198,전북특별자치도,전북특별자치도경제통상진흥원,경영,[전북] 2026년 폐업 소상공인 사업정리 지원사업 공고,,,2026-03-05,https://www.bizinfo.go.kr/sii/siia/selectSIIA200Detail.do?pblancId=PBLN_000000000119155,예산 소진시까지,소상공인,전북특별자치도경제통상진흥원은 폐업 소상공인의 안정적 사업정리를 돕고자 본 지원사업을 시행하오니 관심있는 분들의 많은 참여 바랍니다. ☞ 2022년 1월 이후 폐업한 소상공인 - 임대차계약으로 사업장을 운영하고 사업자등록증상 업체 소재지가 전북특별자치도이어야 함 ☞ 폐업 시 소요되는 사업정리비용(폐업신고 및 철거ㆍ원상복구) 지원(최대 2백만원),"경영,전북,2026,전북특별자치도,전북특별자치도경제통상진흥원,폐업,소상공인,사업정리,임대차계약,사업정리비용,철거,원상복구",시설/입지지원,9065
1199,경상북도,포항테크노파크,내수,[경북] 2026년 블루바이오기업 연구개발 및 산업화 지원사업(마케팅지원) 변경 모집 공고,,,2026-03-05,https://www.bizinfo.go.kr/sii/siia/selectSIIA200Detail.do?pblancId=PBLN_000000000119154,상시 접수,중소기업,"「경상북도 해양바이오산업 육성 및 지원에 관한 조례」에 따라 지역 블루바이오산업의 기술고도화 및 성장지원을 촉진하기 위한 「블루바이오기업 연구개발 및 산업화 지원사업」을 다음과 같이 안내해 드립니다. ☞ 접수 마감일 기준, 사업자등록증상 경북 도 內 본사ㆍ연구소ㆍ공장 보유기업 ※ 공동 연구ㆍ개발 기관의 경우, 접수 마감일 기준 사업자등록증 상 경북도 內 본사ㆍ연구소ㆍ공장을 보유한 기관으로 함 ☞ 마케팅(부스 임차료, 장치비, 홍보비, 통역비) 기업당 최대 2백만원 한도 내 지원","수출,내수,경북,블루바이오산업,블루바이오기업,2026,포항테크노파크,경상북도,마케팅,부스임차료,장치비,홍보비,통역",홍보지원,7236
1200,고용노동부,스탭스,인력,2026년 청년일자리 도약장려금 참여기업 모집 공고,,,2026-03-05,https://www.bizinfo.go.kr/sii/siia/selectSIIA200Detail.do?pblancId=PBLN_000000000119137,예산 소진시까지,중소기업,"스탭스(주)는 고용노동부에서 주관하는 ‘청년일자리도약장려금’ 사업을 운영하고 있습니다. ‘청년일자리도약장려금’ 사업이란, 기업에는 인건비 지원을 통한 사업주의 부담을 완화하고, 청년의 일자리 창출과 동시에 청년고용을 촉진하여 취업에 어려움을 겪는 청년의 취업을 촉진하고 장기 근속할 수 있도록 도움을 주는 사업입니다. 청년 신규 채용 혹은 채용계획이 있는 경우 본 사업을 적극적으로 활용하여 주시기 바랍니다. ☞ (수도권) 5인 이상 우선지원대상기업 / (비수도권) 5인 이상 우선지원대상기업, 산업단지 입주 중견기업 ※ 수도권 : 서울","인력,서울,부산,대구,인천,광주,대전,울산,세종,경기,강원,충북,충남,전북,전남,경북,경남,제주,스탭스,2026,취업애로청년,청년일자리도약장려금,도약장려금,신규채용,청년채용,청년일자리,인건비,고용노동부,청년,일자리",고용유지,10749
1201,중소벤처기업부,중소기업중앙회,경영,2026년 중소기업 승계자문 프로그램 공고,,,2026-03-05,https://www.bizinfo.go.kr/sii/siia/selectSIIA200Detail.do?pblancId=PBLN_000000000119131,상시 접수,중소기업,"중소기업중앙회에서 승계 진행(희망) 중소기업을 대상으로「중소기업 승계자문 프로그램」을 다음과 같이 공고하오니, 본 사업에 참여를 원하는 기업은 신청하여 주시기 바랍니다. ☞ 승계 진행(희망) 중소기업 ☞ 가업승계 관련 세무ㆍ법률 상담, 주식가치 평가 및 사업무관자산 비율에 따른 세부담액 추정 등 상담 지원","경영,서울,부산,대구,인천,광주,대전,울산,세종,경기,강원,충북,충남,전북,전남,경북,경남,제주,볍률,승계진행,2026,승계자문,현장상담,자문위원,가업승계,프로그램,중소기업중앙회,세무,중소벤처기업부,중소기업",교육,7420
1202,전북특별자치도,전북대학교산학협력단,기술,2026년 의료기기 분야 기술지도 지원사업 공고(메카노바이오활성소재 혁신의료기기 실증 기반구축),,,2026-03-05,https://www.bizinfo.go.kr/sii/siia/selectSIIA200Detail.do?pblancId=PBLN_000000000119124,예산 소진시까지,중소기업,"전북대학교 혁신의료기기 비임상센터에서는 산업통상자원부, 전북특별자치도 및 전주시의 지원으로 추진되는「산업혁신기반구축사업」의 일환으로 2026년도 의료기기 분야 기술지도 지원사업을 다음과 같이 공고하오니, 의료기기 전ㆍ후방 산업군에 해당하는 중소ㆍ중견기업의 많은 관심과 적극적인 참여를 바랍니다. ☞ 의료기기 전ㆍ후방 산업군에 해당하는 전국의 중소ㆍ중견기업 ☞ 관련분야 시장 및 기술동향 조사, 기술지도 전문가 컨설팅, 기술지도 센터 컨설팅 지원 ※ 자세한 지원내용 공고문 참조","기술,서울,부산,대구,인천,광주,대전,울산,세종,경기,강원,충북,충남,전북,전남,경북,경남,제주,비임상센터,2026,전북특별자치도,혁신의료기기,기반구축,전담인력,전북대학교산학협력단,메카노바이오활성소재,전문가컨설팅,전후방,실증,기술지도,전국,의료기기",기술사업화/이전/지도,9138
1203,전남광주통합특별시,전남테크노파크,창업,[전남] 2026년 IP(지식재산) 디딤돌 프로그램 (권리화 지원사업) 지원대상 모집 공고,,,2026-03-04,https://www.bizinfo.go.kr/sii/siia/selectSIIA200Detail.do?pblancId=PBLN_000000000119107,예산 소진시까지,창업벤처,"전남테크노파크 전남지식재산센터에서는 지역민의 아이디어를 통해 창업생태계 구축을 위한 「2026년도 IP디딤돌 프로그램」을 운영하오니, 창의적 아이디어를 보유한 개인 및 예비창업자들의 많은 관심과 참여바랍니다. ☞ 사업자 등록을 하지 않은 예비창업자 ※ 전남도민만 지원이 가능하나 아래 조건 충족시 타 지역민도 예외적으로 지원가능 - 전남지식재산센터에서 주관한 IP창업Zone 수료생 - 전남 지역 소재 학교 재학생 - 타기관 창업지원사업 선정자(지자체ㆍ유관기관의 융자 및 R&D 지원 등)로서 전남 지역에서 창업 예정인 자(단, 명확한 ","기술,창업,전남,2026,전라남도,전남테크노파크,예비창업자,IP디딤돌프로그램,IP,지식재산,권리화,컨설팅,특허출원,멘토링,창업멘토링,전남광주,전남광주통합특별시",사업화지원,8439
1204,강원특별자치도,강원특별자치도경제진흥원,내수,[강원] 2026년 강원특별자치도-현대백화점 공동 특판행사 참가기업 모집 공고,,,2026-03-04,https://www.bizinfo.go.kr/sii/siia/selectSIIA200Detail.do?pblancId=PBLN_000000000119106,모집 마감시,중소기업,"도내 식품분야 및 특산물 기업의 제품 경쟁력 제고 및 판로 개척, 나아가 지역 경제 활성화를 위하여 「2026년 강원특별자치도-현대백화점 공동 특판 행사」에 참가할 기업을 모집하오니 많은 지원바랍니다. ☞ 도내 소재 식품 직접 생산ㆍ제조ㆍ가공(즉석식품제조가공업 포함) 중소기업/소상공인 ☞ 현대백화점(현대 프리미엄 아울렛) 식품관 팝업 기획전 입점 지원(7일 내외 운영), 현대백화점 內 팝업기획전 판매 공간 및 매대 렌탈/설치비용 지원(최대 50%), 매대 구성 VMD 및 디자인 연출 제작 지원, 기업부담 백화점 판매수수료 우대","내수,강원,2026,강원특별자치도경제진흥원,강원특별자치도,현대백화점,공동 특판,식품,식품 생산,식품 가공,식품 제조,즉석식품,중소기업,소상공인,현대 프리미엄 아울렛,식품관,팝업",오프라인,7189
1205,충청북도,충청북도기업진흥원,수출,[충북] 2026년 농식품 수출 인증ㆍ통관ㆍ검역 지원 모집 공고,,,2026-03-04,https://www.bizinfo.go.kr/sii/siia/selectSIIA200Detail.do?pblancId=PBLN_000000000119103,예산 소진시까지,중소기업,"2026년도 충청북도 농식품 수출 인증ㆍ통관ㆍ검역 지원사업 참여업체를 모집하오니 많은 관심 바랍니다. ☞ 충북 도내 본사를 둔 농식품 수출 농가 및 기업 ☞ 농식품 수출통관ㆍ검역 및 해외인증 소요 비용(최대 5,000천원) 지원","수출,충북,2026,검역,농식품수출,통관,농식품,해외인증,인증,충청북도,충청북도기업진흥원",해외진출준비,6405
1206,충청남도,충남신용보증재단,경영,[충남] 2026년 보증기업 위기극복 패키지 지원사업 모집 공고,,,2026-03-04,https://www.bizinfo.go.kr/sii/siia/selectSIIA200Detail.do?pblancId=PBLN_000000000119095,선착순 접수,중소기업,"충남신용보증재단의 보증서를 이용 중인 외식업 사업자 중 매출 감소로 어려움을 겪고 계시는 분들을 대상으로 맞춤형 패키지 지원을 제공하기 위해 아래와 같이 모집합니다. ☞ 충남신용보증재단의 보증서를 이용중인 외식업종 영위 사업자 중 매출이 감소한 사업자(기준 대비 매출액이 감소한 경우) ※ 자세한 지원대상 공고문 참조 ☞ 맞춤형 패키지(컨설팅, 교육, 신용보증) 지원 - 컨설팅 : 최대 4회 지원(레시피 개발, SNS마케팅, 노무, 세무 등) - 교육 : 최소 1회 수강 필수(스마트·디지털 및 역량강화 교육) - 신용보증 : 최대 5","금융,경영,충남,2026,충청남도,충남신용보증재단,외식업,외식업사업자,컨설팅,교육,신용보증",컨설팅,7830
1207,인천광역시,인천테크노파크,기술,[인천] 2026년 파브(PAV) 부품 시험ㆍ인증 지원사업 참여기업 모집 공고,,,2026-03-04,https://www.bizinfo.go.kr/sii/siia/selectSIIA200Detail.do?pblancId=PBLN_000000000119093,예산 소진시까지,중소기업,인천테크노파크 파브센터에서는 인천 파브산업 육성을 위해 지역 중소 기업을 대상으로「파브 부품 시험ㆍ인증 지원」사업을 다음과 같이 공고하오니 많은 참여 바랍니다. ☞ 인천 내 파브 관련기술 보유기업 - 공고일 기준 인천 내 본사ㆍ지사ㆍ기업 연구소 소재 기업 ☞ 파브 관련 시험ㆍ인증 비용의 최대 80% 지원,"금융,기술,수출,인천,비행관련,비용지원,파브산업,HW,시험,SW,인천테크노파크,인증,인천광역시,중소기업,2026",시험/인증,6620
1208,충청북도,충북지식재산센터,기술,[충북] 2026년 소상공인 IP출원(상표출원) 지원 사업 소상공인 수혜자 모집 공고,,,2026-03-04,https://www.bizinfo.go.kr/sii/siia/selectSIIA200Detail.do?pblancId=PBLN_000000000119083,예산 소진시까지,소상공인,"소상공인의 지식재산 피해를 예방하고 안정적 성장을 위하여, 소상공인의 상호ㆍ브랜드 권리화를 지원하는 IP출원(상표출원) 지원 사업을 진행하오니 희망하는 소상공인은 아래에 따라 신청하여 주시기를 바랍니다. ☞「소상공인기본법」제2조에 따른 소상공인(사업자등록증 보유) ☞ 상표출원 지원","기술,경영,충북,2026,충청북도,충북지식재산센터,소상공인,상호,브랜드,상표출원,IP출원",시험/인증,7797
1209,산업통상부,한국자동차연구원,기술,2026년 자동차용 반도체 기능안전ㆍ신뢰성 산업혁신기반구축사업 기업지원 모집 공고,,,2026-03-04,https://www.bizinfo.go.kr/sii/siia/selectSIIA200Detail.do?pblancId=PBLN_000000000119064,상시 접수,중소기업,"산업통산자원부「자동차용 반도체 기능안전ㆍ신뢰성 산업혁신기반구축」과 관련하여 자동차용 반도체 및 전장 모듈 기업의 제품 경쟁력 확보와 기술력 제고를 위해 기능안전(ISO 26262 – Functional Safety) 평가 및 개선에 대한 기술지원을 추진 하고자 합니다. 이에 수혜기업을 아래와 같이 모집하오니, 많은 신청 바랍니다. ☞ 자동차용 반도체 설계 및 개발하는 국내 기업 - 자동차 OEM 및 Tier-1, Tier-2 공급망에 반도체를 공급하는 팹리스 기업 - 자동차용 반도체 관련 기능안전 평가가 필수적인 기업(ADAS, E","기술,서울,부산,대구,인천,광주,대전,울산,세종,경기,강원,충북,충남,전북,전남,경북,경남,제주,자동차용 반도체,AI반도체연구센터,AI자율주행기술연구소,산업통상부,2026,기능안전,한국자동차연구원,기술지원",기술인력/장비지원,6993
1210,인천광역시,직접수행,금융,[인천] 2026년 중소기업 환경개선자금 이자지원 계획 공고,,,2026-03-03,https://www.bizinfo.go.kr/sii/siia/selectSIIA200Detail.do?pblancId=PBLN_000000000119052,예산 소진시까지,중소기업,「인천광역시 기업환경시설 개선을 위한 지원조례」제5조 규정에 의거「2026년도 인천광역시 기업환경시설자금 융자금 이자지원 계획」을 다음과 같이 공고합니다. ☞ 인천광역시에 소재하는 아래의 중소기업자로 - 대기(악취ㆍVOC포함)오염방지시설을 설치하려는 자 - 수질오염방지시설을 설치하려는 자 - 대기ㆍ수질 측정기기를 설치하려는 자 ☞ 기업별 환경개선시설 융자금(2억원이내) 발생이자 지원,"금융,인천,2026,인천광역시,직접수행,기업환경시설자금,융자,이자지원,대기오염방지시설,수질오염방지시설,환경개선시설",융자,9383
1211,중소벤처기업부,대전창조경제혁신센터,창업,2026년 Startup:D 창업 BuS 참가자 사전 모집 공고(대전창조경제혁신센터),,,2026-03-03,https://www.bizinfo.go.kr/sii/siia/selectSIIA200Detail.do?pblancId=PBLN_000000000119051,상시 접수,창업벤처,"대전창조경제혁신센터 는 연중 상시 공공기술ㆍ우주항공ㆍ로봇ㆍAI 등 유망 스타트업을 상시 발굴하여, 초기 투자부터 TIPS, 후속투자 까지 신속하게 연결하는「2026 년 Startup:D 창업 BuS(Build up Strategy for Startups」프로그램을 운영합니다. ☞ 예비창업자 또는 7 년 이내 창업자 ☞ 기업 IR (Open Window, Open Stage), 액셀러레이팅 (Build-UP, SET-UP), 멘토링, 대전센터 투자검토 ( 직접 · 연계 투자유치 지원 ), 후속투자 (Scale-UP 및 연합 IR 참여","창업,서울,부산,대구,인천,광주,대전,울산,세종,경기,강원,충북,충남,전북,전남,경북,경남,제주,2026,우주항공,초기투자,후속투자,공공기술,TIPS,대전창조경제혁신센터,액셀러레이팅,예비창업자,창업자,로봇,투자유치,AI,대전광역시,중소벤처기업부,스타트업",예비창업자지원,11561
1212,경상남도,기초자치단체,경영,[경남] 진주시 우주항공청 이주직원 가족 소상공인 창업 지원사업 공고,2026-02-27,2026-10-30,2026-03-03,https://www.bizinfo.go.kr/sii/siia/selectSIIA200Detail.do?pblancId=PBLN_000000000119050,,소상공인,"우주항공청 이주직원의 안정적인 조기 안착 및 가족동반 이주를 유도하기 위한「우주항공청 이주직원 가족 소상공인 창업 지원사업」을 다음과 같이 공고합니다. ☞ 2년 이상 계속하여 타 시군구에 거주하다 우주항공청 개청 월 이후 진주시로 이주하여 6개월 이상 거주한(주민등록 기준) 동반 이주가족 중 진주시에 신규 창업한 소상공인 ☞ 창업간접비 또는 인건비 중 1개 선택 지원 - 창업간접비 : 월 최대 100만 원 - 인건비 : 진주시 관내 주민 채용 인건비, 월 최대 100만 원","경영,경남,이주직원 가족,이주직원,2026,창업간접비,우주항공청,진주시,인건비,기초자치단체,경상남도,소상공인",시설/입지지원,7252
1213,충청북도,충청북도기업진흥원,경영,[충북] 2026년 충청북도기업애로지원센터 기업애로 SOS자문단 참여기업 모집 공고,,,2026-03-03,https://www.bizinfo.go.kr/sii/siia/selectSIIA200Detail.do?pblancId=PBLN_000000000119047,예산 소진시까지,중소기업,"기업현장에서 발생하는 각종 애로사항을 전문가 상담으로 기업부담을 최소화하고 기업하기 좋은 환경을 조성하고자 아래와 같이 기업애로 SOS자문 서비스를 운영하오니 관심 있는 기업의 많은 참여를 바랍니다. ☞ 경영ㆍ기술 상 애로가 있는 도내 중소기업(중기업+소기업) ☞ 충청북도기업애로지원센터 자문위원 활용 법률, 세무, 수출 회계, 노무 등 1:1 매칭 무료상담 및 문제 해결 지원","경영,충북,전문가 상담,2026,충청북도기업애로지원센터,자문위원,노무,애로사항,법률,세무,회계,충청북도,충청북도기업진흥원,중소기업",컨설팅,6936
1214,강원특별자치도,강원특별자치도경제진흥원,경영,[강원] 2026년 소상공인 IP창출지원 상표출원 지원사업 소상공인 수혜자 모집 공고,,,2026-03-03,https://www.bizinfo.go.kr/sii/siia/selectSIIA200Detail.do?pblancId=PBLN_000000000119045,예산 소진시까지,소상공인,"소상공인의 지식재산 피해를 예방하고 안정적 성장을 위하여, 소상공인의 상호·브랜드 권리화를 지원하는 IP출원(상표출원) 지원 사업을 진행하오니 희망하는 소상공인은 아래에 따라 신청하여 주시기를 바랍니다. ☞「소상공인기본법」제2조에 따른 도내 13개 시군 소재 소상공인(사업자등록증 보유) ※ 자세한 지원대상 공고문 참조 ☞ 상표출원 최대 2건 지원 ※ 자세한 지원내용 공고문 참조","경영,강원,상호권리화,브랜드권리화,안정적성장,2026,강원특별자치도경제진흥원,강원특별자치도,창출지원,상호,상표출원,IP,지식재산,소상공인",디자인/상품화/사업화,8805
1215,인천광역시,기초자치단체,내수,[인천] 청년 동행가맹점 모집 공고,,,2026-03-03,https://www.bizinfo.go.kr/sii/siia/selectSIIA200Detail.do?pblancId=PBLN_000000000119044,상시 접수,중소기업,"우리구 지역 청년 대상 실질적 혜택제공으로 ‘청년센터 서구1939’와 함께 청년정책에 기여하고자 하는「청년 동행가맹점」을 다음과 같이 모집하오니 많은 관심과 참여 바랍니다. ☞ 청년센터 멤버십 카드 소지자 대상 자체 할인 또는 추가 혜택 제공으로 청년정책에 기여하고 싶은 기업 ☞ 청년센터 서구1939 홈페이지 및 청년센터 공간 내 동행가맹점 홍보, 청년 동행가맹점 지정 표시(스티커ㆍ안내문 등) 제공, 우수가맹점 대상 연말 청년정책 유공 표창 수여 지원","내수,경영,인천,서구1939,동행가맹점,우수가맹점,동행가맹점 지정,인천서구,2026,청년센터,청년정책,기초자치단체,인천광역시",홍보지원,7067
1216,강원특별자치도,강원특별자치도경제진흥원,수출,[강원] 2026년 베트남 초기 진출기업 마중물 지원사업 모집 수정 공고,,,2026-03-03,https://www.bizinfo.go.kr/sii/siia/selectSIIA200Detail.do?pblancId=PBLN_000000000119043,예산 소진시까지,중소기업,"베트남 호치민에 위치한 강원특별자치도 베트남본부에서는 도내 중소 제조기업의 베트남 시장 진출 및 판로 개척을 위해 베트남 초기 진출 기업을 대상으로 지원사업을 추진하고 있습니다. 베트남 시장 진출을 희망하시는 기업의 많은 신청 부탁드립니다. ☞ 강원특별자치도에 본사 또는 공장을 둔 중소 제조기업 - 디지털헬스케어(건강기능식품 포함), 스마트 농업 자재, 뷰티, 소비재 등 ☞ 도내 기업 우수제품 샘플 구입, 베트남 현지 소비자 반응 조사 및 홍보ㆍ마케팅 지원 ※ 자세한 지원내용 공고문 참조","수출,강원,초기진출,진출기업,2026,전시제품,강원특별자치도경제진흥원,강원특별자치도,호치민,판로개척,제조기업,전시회,박람회,베트남,소비재,뷰티, 스마트 농업 자재,디지털헬스케어,건강기능식품,시장 진출,판로 개척",해외진출준비,7474
1217,울산광역시,창업일자리연구원,내수,[울산] 울주군 2026년 사회적경제 온라인 판로지원사업 참여기업 모집 안내 공고,,,2026-03-03,https://www.bizinfo.go.kr/sii/siia/selectSIIA200Detail.do?pblancId=PBLN_000000000119038,선착순 접수,사회적기업,"창업일자리연구원에서는 울주군 사회적경제기업의 브랜드 및 제품 인지도를 높이고, 온라인 판로 인프라를 구축하여 안정적인 판매증진에 기여하기 위하여「2026년 울주군 사회적경제 온라인 판로지원사업」의 참가업체를 모집합니다. ☞ 울주군 소재의 사회적기업 ☞ 디자인, 콘텐츠 제작, 언론ㆍ홍보 지원 ※ 자세한 지원내용 공고문 참조","내수,울산,브랜드인지도,2026,판로지원사업,제품인지도,창업일자리연구원,인프라구축,상세페이지제작,울주군,판매증진,사회적경제,울산광역시,온라인",홍보지원,6895
1218,과학기술정보통신부,한국생명공학연구원,경영,2026년 연구실 안전관리 컨설팅 지원사업 공고,2026-03-23,2026-10-30,2026-03-03,https://www.bizinfo.go.kr/sii/siia/selectSIIA200Detail.do?pblancId=PBLN_000000000119026,,중소기업,과학기술정보통신부에서는 과학기술분야 연구실의 안전한 연구환경 조성을 위하여「연구실 안전환경 조성에 관한 법률」적용기관을 대상으로 안전관리 컨설팅(교육ㆍ면담ㆍ지도 등)을 지원하고 있습니다. 이에「2026년도 연구실 안전관리 컨설팅 지원사업」을 아래와 같이 공고하오니 관심 있는 기관의 많은 참여 바랍니다. ☞ 안전관리체계 구축 컨설팅 : 소규모(연구활동종사자 10~49인) 기업부설연구소 및 연구개발전담부서 - 고압가스 안전관리 컨설팅 : 고압가스 취급 연구실 및 부속시설 - 화학물질 안전관리 컨설팅 : 유해화학물질 취급 연구실 및 부속,"기술,인력,경영,서울,부산,대구,인천,광주,대전,울산,세종,경기,강원,충북,충남,전북,전남,경북,경남,제주,안전관리 우수연구실,화학물질 안전관리,고압가스 안전관리,안전관리 컨설팅,연구환경,2026,안전관리체계,안전환경,과학기술,한국생명공학연구원,과학기술정보통신부",컨설팅,7433
1219,전남광주통합특별시,광주광역시일가정양립지원본부,인력,[광주] 임산부 직장생활 패키지 용품 지원 사업 공고(임산부 직장 친화 환경 조성),,,2026-03-03,https://www.bizinfo.go.kr/sii/siia/selectSIIA200Detail.do?pblancId=PBLN_000000000119025,예산 소진시까지,중소기업,"중소사업장에서 근무하는 임산부 직원의 마음 편한 근무환경 조성을 위한 직장생활 패키지 용품 지원사업을 다음과 같이 공고합니다. ☞ 광주광역시 소재 임산부가 근무하는 중소사업장 - 공고일 현재 기준 광주시 소재 300인미만 사업장ㆍ기관ㆍ기업 (임산부도 광주 거주자여야 함) - `26년 현재 임산부 직장맘이 근무하고 있는 사업장 (임신개월에 상관없이 지원, 단, 출산휴가까지 1개월이 남아있어야 함) - 본사가 타 지역에 있을 경우 광주사업장 고용인원이 300인 미만이면 기업 - 광주광역시 관내 성평등가족부 가족친화인증 기관ㆍ기업(300","인력,광주,친화환경,2026,용품지원,광주광역시일가정양립지원본부,직장생활,임산부,근무환경,일가정양립지원본부,광주광역시,패키지,전남광주,전남광주통합특별시",고용환경개선,6886
1220,서울특별시,서울신용보증재단,경영,[서울] 2026년 새 길 여는 폐업지원 사업 모집 공고,,,2026-03-03,https://www.bizinfo.go.kr/sii/siia/selectSIIA200Detail.do?pblancId=PBLN_000000000119017,예산 소진시까지,소상공인,"폐업은 하고 싶은데, 절차나 방법 때문에 고민 중이신가요? 마땅한 일자리를 찾지 못할까 폐업을 망설이시나요? 사장님, 혼자 고민하지 마세요. 폐업 예정 소상공인에게 사업정리 컨설팅ㆍ역량 강화 교육부터 비용지원과 전직을 위한 유관기관 프로그램 연계 안내 및 관리까지, 재도전의 모든 과정에 동행합니다. ☞ 폐업 예정인 사업자 중 아래 ①, ②, ③번 사항을 모두 충족하는 소상공인 ① 사업자등록증상 사업장 소재지가 서울이며, 신청일 현재 사업자 등록을 유지 중인 점포형 소상공인 ② 신청일 현재 사업자등록증 상 개업연월일로부터 6개월 이상","경영,서울,점포형 소상공인,마인드 셋,2026,사업정리,솔루션,서울신용보증재단,폐업,서울특별시,컨설팅,소상공인",컨설팅,13819
1221,인천광역시,인천테크노파크,경영,[인천] 2026년 중소기업 연구조직 설립 지원사업 모집 공고,,,2026-03-03,https://www.bizinfo.go.kr/sii/siia/selectSIIA200Detail.do?pblancId=PBLN_000000000119011,선순 마감,중소기업,"인천테크노파크는 중소기업의 지속가능한 연구개발 수행체계 구축 지원을 위해 「인천 중소기업 연구조직 설립 지원사업」을 추진 중에 있습니다. 아래와 같이 지원 희망 기업을 모집하오니 기업부설연구소 또는 연구전담부서 설립 희망 기업의 많은 참여 바랍니다. ☞ 공고일 기준 연구개발 조직 미설립한 인천 중소기업 - (신규설립) 지원기간 이내 연구조직 설립인증 취득 기업 - (재설립) 과거에 기업 연구조직 인증을 받았으나 자체 사정으로 연구조직 자격을 상실한 기업 중, 자격상실 후 1년 이상 경과하고 대상 기간(2026. 2. 26. ~) 이","기술,경영,인천,2026,인천광역시,인천테크노파크,중소기업,연구조직,연구조직 설립,컨설팅,연구전담부서,기업부설연구소",컨설팅,7193
1222,인천광역시,인천테크노파크,기술,[인천] 2026년 연구장비 공동활용 지원사업 모집 공고,,,2026-03-03,https://www.bizinfo.go.kr/sii/siia/selectSIIA200Detail.do?pblancId=PBLN_000000000119010,예산 소진시까지,중소기업,"인천테크노파크는 인천 내 중소기업의 R&D 기술 경쟁력 강화와 사업화 가속화 촉진을 위한「인천 연구장비 공동활용 지원사업」을 추진하고 있습니다. 아래와 같이 참여기업을 모집하오니, 많은 신청 바랍니다. ☞ 본사(또는 공장, 연구소)의 소재지가 인천인「중소기업기본법」에 따른 중소기업에 해당하는 기업 ☞ 인천테크노파크ㆍ극지연구소ㆍ한국생산기술연구원 연구장비 사용료(기술서비스 포함) 지원","기술,인천,연구장비 사용료 지원,극지연구소,2026,연구장비,기술서비스,한국생산기술연구원,인천테크노파크,인천광역시,중소기업",기술인력/장비지원,6875
1223,중소벤처기업부,대중소기업농어업협력재단,기술,2026년 중소기업 기술침해 손해액 산정 지원사업 공고,,,2026-02-27,https://www.bizinfo.go.kr/sii/siia/selectSIIA200Detail.do?pblancId=PBLN_000000000118974,예산 소진시까지,중소기업,"「2026년 중소기업 기술침해 손해액 산정 지원사업」과 관련하여 다음과 같이 공고하오니, 동 사업에 참여하고자 하는 중소기업은 사업공고에 따라 신청하여 주시기 바랍니다. ☞ 「중소기업기본법」제2조에 해당하는 중소기업 ※ 자세한 지원대상 공고문 참조 ☞ 전문기관(기술보증기금 중앙기술평가원)ㆍ전문가 연계를 통한 손해액 산정 및 산정 수수료의 50%~90% 지원 - 지원유형① : 손해액 산정 수수료의 50%~90% 지원 - 지원유형② : 법원에서 피해기업으로 확인된 경우 손해액 산정 수수료의 100% 지원(부가세 별도 부담) ※ 자세한 ","기술,경영,서울,부산,대구,인천,광주,대전,울산,세종,경기,강원,충북,충남,전북,전남,경북,경남,제주,중재,손해액,조정,기술침해,수수료지원,분쟁조정,기술분쟁,대중소기업농어업협력재단,기술보증기금,중소벤처기업부,중소기업,2026",기술사업화/이전/지도,7635
1224,경기도,경기테크노파크,창업,[경기] 2026년 기술이전 창업지원사업 필요기술 발굴지원 공고,2026-02-13,2026-12-31,2026-02-26,https://www.bizinfo.go.kr/sii/siia/selectSIIA200Detail.do?pblancId=PBLN_000000000118943,,창업벤처,"경기도와 경기테크노파크는 우수한 기술을 기반으로 기술이전 창업 및 사업화를 촉진하기 위한 기술이전창업지원 사업을 시행하고자 하오니 많은 관심과 신청바랍니다. ☞ 필요기술 발굴을 희망하는 경기도내 창업 7년 이내 창업기업 및 필요기술 발굴을 희망하는 경기도내 창업예정자 ※ 자세한 지원대상 공고문 참조 ☞ 기술 발굴 및 매칭, 협약관련 컨설팅 등 기술이전 관련 및 사업화 연계 지원","기술,창업,경기,기술 발굴,연계 지원,협약관련,2026,기술이전창업지원,발굴,매칭,경기테크노파크,기술이전,경기도,컨설팅",사업화지원,12511
1225,강원특별자치도,강원특별자치도경제진흥원,인력,[강원] 2026년 직장문화ㆍ환경개선지원사업 참여기업 모집 공고,,,2026-02-26,https://www.bizinfo.go.kr/sii/siia/selectSIIA200Detail.do?pblancId=PBLN_000000000118927,예산 소진시까지,중소기업,"(재)강원특별자치도경제진흥원(강원광역여성새로일하기센터)에서는 도내 기업의 여성 고용유지 지원 및 일ㆍ생활 균형 문화 정착을 위한 2026년 경력단절예방사업「직장문화ㆍ환경개선 지원사업」을 아래와 같이 안내드리오니 도내 기업의 많은 관심과 참여 바랍니다. ☞ 도내 가족친화 및 일ㆍ생활 균형을 실천하는 기업 ※ 자세한 지원대상 공고문 참조 ☞ 찾아가는 기업 컨설팅, 기업 교육ㆍ워크숍, 청년 특화 프로그램, 기업 환경개선 지원 ※ 자세한 지원내용 공고문 참조","인력,경영,강원,2026,강원특별자치도경제진흥원,강원특별자치도,기업 컨설팅,교육,워크숍,청년특화,환경개선",작업환경개선,7031
1226,경상남도,기초자치단체,금융,[경남] 진주시 2026년 창업기업 신용보증수수료 지원사업 공고,,,2026-02-26,https://www.bizinfo.go.kr/sii/siia/selectSIIA200Detail.do?pblancId=PBLN_000000000118917,예산 소진시까지,창업벤처,2026년 창업기업 신용보증수수료 지원사업을 다음과 같이 공고합니다. ☞ 공고일 기준 창업 7년 이내 중소기업으로 진주시 소재 본사 또는 주사무소와 공장등록을 필한 제조업체(한국표준산업분류기준) ☞ 창업 중소기업의 기업자금 융자담보를 위한 신용보증수수료 지원 - 2026년 납부한 보증수수료의 50%(업체당 최대 2백만원),"금융,창업,경남,2026,융자담보,신용보증수수료,보증수수료,진주시,기초자치단체,경상남도,창업기업",보증,8292
1227,경기도,기초자치단체,경영,[경기] 화성시 2026년 동탄 소공인복합지원센터 인프라 지원사업(장비ㆍ시설) 모집공고,2026-02-02,2026-12-31,2026-02-26,https://www.bizinfo.go.kr/sii/siia/selectSIIA200Detail.do?pblancId=PBLN_000000000118912,,소상공인,"화성산업진흥원에서는 소공인 산업생태계를 활성화하기 위해「2026년 동탄 소공인복합지원센터 장비ㆍ시설 지원사업」을 진행하고자 합니다. 이에 관심 있는 관내 기업들의 많은 관심과 신청 바랍니다. ☞ 「도시형소공인 지원에 관한 특별법」에 의거한 도시형 소공인인 기업, 화성시 소공인 집적지구(화성시 전역) 주요 업종[참조]을 영위 중인 기업 ※ 도시형 소공인: ① 상시 근로자 수 10인 미만의 소상공인이면서, ② 한국표준산업분류 상 중분류 기준 ’제조업‘을 주된 사업으로 영위하는 기업 - 화성시 내 본사 또는 공장 또는 연구소가 위치한 기","경영,경기,2026,소공인복합지원센터,동탄,도시형소공인,화성시,소공인,기초자치단체,경기도,산업생태계,집적지구,제조업",시설/입지지원,7798
1228,전남광주통합특별시,전라남도청,경영,[전남] 2026년 건설공사 하도급대금 지급 보증수수료 지원사업 공고,2026-02-25,2026-10-30,2026-02-26,https://www.bizinfo.go.kr/sii/siia/selectSIIA200Detail.do?pblancId=PBLN_000000000118906,,중소기업,"글로벌 경기 침체와 건설 원자재 가격 상승, 투자심리 위축 등 복합 경제 위기 속에서 지역 건설업 보호를 위해 「2026년 전라남도 건설공사 하도급대금 지급 보증수수료 지원사업」을 아래와 같이 공고합니다. ☞ 전남도 내 건설현장을 둔 민간발주 공사 수급인(원도급사) ※ 자세한 지원대상 공고문 참조 ☞ 하도급대금 지급보증서 발급 수수료 50~100%지원 ※ 자세한 지원내용 공고문 참조","경영,전남,하수급인,지급보증서,원도급사,민간발주,2026,건설공사,하도급대금,보증수수료,전라남도청,공사,전라남도,전남광주,전남광주통합특별시",디자인/상품화/사업화,7815
1229,경기도,기초자치단체,경영,[경기] 2026년 식품진흥기금 식품위생업소 융자사업 수정 공고,,,2026-02-26,https://www.bizinfo.go.kr/sii/siia/selectSIIA200Detail.do?pblancId=PBLN_000000000118891,예산 소진시까지,중소기업,"「경기도 식품진흥기금 설치 및 운용 조례」 제12조에 따라 2026년 식품진흥기금 식품위생업소 융자사업 계획을 다음과 같이 공고하오니 많은 관심 바랍니다. ☞ 「식품위생법」 제37조 의한 식품제조ㆍ가공업, 식품접객업소 ☞ 시설개선 자금 및 운영자금 융자지원 ※ 자세한 지원내용 공고문 참조","경영,경기,2026,식품위생업소,식품접객업소,식품진흥기금,운영자금,식품제조,식품가공,시설개선,기초자치단체,경기도,융자",시설/입지지원,9329
1230,인천광역시,인천신용보증재단,금융,[인천] 2026년 소공인 경영안정 및 성장지원을 위한 소공인 지원 특례보증 지원사업 공고,,,2026-02-25,https://www.bizinfo.go.kr/sii/siia/selectSIIA200Detail.do?pblancId=PBLN_000000000118881,예산 소진시까지,소상공인,"소상공인기본법 제3조에 따라 소공인의 경영안정과 성장지원을 위한 「2026년 인천광역시 소공인 지원 특례보증 지원사업」을 다음과 같이 공고합니다. ☞ 인천광역시 소재 상시 근로자 10인 미만으로 제조업을 영위하고 있는 소공인 ※ 동일인이 다수사업자 겸영 시 중복지원 불가 ☞ 융자한도 2억원 이내, 융자기간 1년(1년 단위 5년까지 연장가능) 또는 5년(1년 거치 4년 매월분할상환), 이차보전 연 1.5% 지원 (최초 3년간, 인천광역시 지원), 보증료율 연 0.8% 지원 ※ 이차보전 3년 이후부터는 이차보전 없이 신청 소공인 이자 ","금융,인천,2026,특례보증,인천신용보증재단,보증,이차보전,인천광역시,융자,소상공인,제조업,소공인",보증,12308
1231,인천광역시,인천신용보증재단,금융,[인천] 2026년 지역 내 소상공인 고용창출 확대를 위한 일자리 창출 특례보증 지원사업 공고,,,2026-02-25,https://www.bizinfo.go.kr/sii/siia/selectSIIA200Detail.do?pblancId=PBLN_000000000118880,예산 소진시까지,소상공인,소상공인기본법 제3조에 따라 소상공인의 고용 여력 제고 및 지역 내 일자리 창출 지원을 위한 「2026년 일자리 창출 특례보증 지원사업」을 다음과 같이 공고합니다. ☞ 인천광역시에 사업장을 둔 소상공인 - 최근 1년 이내 신규인력 고용 또는 유지 기업 - 신규 창업 3년 이내 기업 - 제대군인 고용 우수기업 등 인증 받은 기업(제대군인 지원에 관한 법률에 따른 고용우수 인증기업) - 인천시 일자리 창출 우수기업으로 선정된 기업 - 인천시 일하기 좋은 뿌리기업으로 선정된 기업 - 지역건설산업 유공자 표창을 받은 기업 또는 대표가 영위,"금융,인천,2026,인천광역시,인천신용보증재단,특례보증,일자리창출,일자리창출특례보증,소상공인,보증,융자,이차보전",보증,9165
1232,인천광역시,인천신용보증재단,금융,[인천] 2026년 청년 창업가 육성 및 지원을 위한 청년창업 특례보증 지원사업 공고,,,2026-02-25,https://www.bizinfo.go.kr/sii/siia/selectSIIA200Detail.do?pblancId=PBLN_000000000118879,예산 소진시까지,소상공인,"소상공인기본법 제3조에 따라 청년 소상공인 육성을 위한 「2026년 인천광역시 청년창업 특례보증 지원사업」을 다음과 같이 공고합니다. ☞ 인천광역시에 사업장을 둔 39세 이하 소상공인(창업 후 5년 이내인 기업에 한함) ※ 주민등록번호 기준 생년월일이 1986년 1월 1일 이후인 자 ☞ 융자한도 최대 3천만원 이내, 융자기간 5년(1년 거치 4년 매월분할상환), 이차보전 연 1.5%(최초 3년간, 인천광역시 지원), 보증료율 연 0.8% 지원","금융,인천,2026,청년창업특례보증,창업5년이내,특례보증,인천신용보증재단,보증,청년창업,이차보전,인천광역시,융자,소상공인",보증,13267
1233,고용노동부,한국노인인력개발원,인력,2026년 현장실습 훈련(시니어인턴십) 지원사업 공고(지에스씨넷),,,2026-02-25,https://www.bizinfo.go.kr/sii/siia/selectSIIA200Detail.do?pblancId=PBLN_000000000118876,예산 소진시까지,중소기업,"60세 이상자의 고용촉진을 위해 기업에 인건비를 지원하여 계속 고용을 유도하는 사업입니다. ☞ 60세 이상 근로자를 고용할 의사가 있는 4대보험 가입 사업장 ☞ 인건비(일반형 1인당 최대 270만원, 세대통합형 1인당 최대 300만원, 장기취업유지형 1인당 최대 280만원) 지원 ※ 자세한 지원내용 공고문 참조","인력,서울,부산,대구,인천,광주,대전,울산,세종,경기,강원,충북,충남,전북,전남,경북,경남,제주,2026,한국노인인력개발원,고용노동부,인건비,시니어,시니어인턴십,60세이상근로자,현장실습훈련",고용유지,8485
1234,부산광역시,한국생산기술연구원,경영,[부산] 2026년 전문연구기관 지원 참여기업 모집 공고,2026-02-25,2026-10-31,2026-02-25,https://www.bizinfo.go.kr/sii/siia/selectSIIA200Detail.do?pblancId=PBLN_000000000118875,,중소기업,"부산지역 에너지산업융복합단지 활성화 및 지역 에너지산업 생태계 활성화를 하고자 ‘전문연구기관 지원(부산)’ 사업의 참여기업 모집을 아래와 같이 시행함을 알려드리오니, 본 사업에 지원을 희망하는 부산지역 에너지산업융복합 단지에 소재한 중소․중견기업의 많은 참여를 바랍니다. ☞ 부산지역 내 에너지산업융복합단지에 소재한 중소ㆍ중견기업으로써 원자력 에너지를 포함한 에너지 산업 관련 전ㆍ후방 중소ㆍ중견기업 - 에너지산업 관련 전분야 (원자력, 수소, 이차전지 등 에너지산업 전후방 전분야) ☞ 애로기술 기술자문, 기술교육, 기술교류회, 세미나","기술,경영,부산,원자력 에너지,2026,에너지산업융복합단지,이차전지,수소,한국생산기술연구원,원자력,부산광역시,중견기업,중소기업",시설/입지지원,7552
1235,경상남도,KOTRA경남지원본부,수출,[경남] 진주시 2026년 해외지사화 지원사업 참여업체 모집 공고,,,2026-02-25,https://www.bizinfo.go.kr/sii/siia/selectSIIA200Detail.do?pblancId=PBLN_000000000118864,예산 소진시까지,중소기업,"관내 수출 중소기업의 해외시장개척능력 및 수출 활성화에 기여하고자「2026년 진주시 해외지사화 지원사업」을 아래와 같이 추가 모집 공고 합니다. ☞ 진주시 소재 수출 희망 중소기업 ☞ 수출성약, 전시 상담회 참가, 물류통관 자문, 출장, 기존 거래선 관리, 인허가 취득, 브랜드 홍보, 현지 법인설립 지원 - 기업별 300만원 한도, 1개사 1개 해외무역관 지원","수출,경남,기존거래선,2026,KOTRA경남지원본부,물류통관,수출희망중소기업,브랜드홍보,해외무역관,수출성약,출장,진주시,전시상담회,자문,인허가,홍보,경상남도,전시회,바이어,상담,중소기업",해외진출준비,6756
1236,경상남도,경남창조경제혁신센터,창업,2026년 경남 수도권 투자유치 거점센터 데모데이ㆍ멘토링 데이 참기기업 모집 공고,,,2026-02-25,https://www.bizinfo.go.kr/sii/siia/selectSIIA200Detail.do?pblancId=PBLN_000000000118858,상시 접수,창업벤처,"수도권 투자자와의 1:1 매칭부터 비즈니스모델 고도화까지 경남 스타트업의 성공적인 수도권 진출과 투자유치를 위해 경남 수도권 투자유치 거점센터 데모데이, 멘토링데이 참가기업을 모집합니다. ☞ 수도권 진출 및 투자유치 희망 경상남도 소재 업력 7년 이내 스타트업, 본사/지점/사업장을 경상남도에 이전/설립 예정인 타지역 기업, 요건을 충족하는 지역의 예비창업자(팀) ※ 초격차 분야 : 시스템반도체, 바이오ㆍ헬스, 미래모빌리티, 친환경ㆍ에너지, 로봇, 빅데이터ㆍAI, 사이버보안ㆍ네트워크, 우주항공ㆍ해양, 차세대원전, 양자기술 ☞ 상시 I","창업,경영,서울,부산,대구,인천,광주,대전,울산,세종,경기,강원,충북,충남,전북,전남,경북,경남,제주,비즈니스모델고도화,2026,차세대원전,우주항공,투자자,피칭,투자상담,미래모빌리티,양자기술,사이버보안,1:1매칭,헬스,경남창조경제혁신센터,시스템반도체,네트워크,예비창업자,에너지,로봇,빅데이터,창업7년이내,경상남도,바이오,친환경,해양,AI,스타트업,멘토링",사업화지원,9726
1237,경상남도,한국전자기술연구원,경영,[경남] 사천시ㆍ진주시 2026년 디지털전환(DX) 컨설팅 및 인력양성 지원 사업 수요기업 모집 공고,,,2026-02-24,https://www.bizinfo.go.kr/sii/siia/selectSIIA200Detail.do?pblancId=PBLN_000000000118806,상시 접수,중소기업,"한국전자기술연구원은 「사천 스마트그린산단 스마트제조 고급인력 양성 사업」의 일환으로 경남 사천·진주 산단 내 제조기업 대상 디지털전환(DX) 컨설팅 및 전문인력양성 교육을 다음과 같이 공고하오니, 지원을 희망하는 기업은 공고문에 기재된 요령에 따라 신청하여 주시기 바랍니다. ☞ 경남 사천ㆍ진주 국가산업단지 내 우주ㆍ항공ㆍ방산 분야 중소ㆍ중견 제조기업 ※ (사천) 일반 제1ㆍ2, 사남농공, 종포일반, 항공국가(사천)산업단지 ※ (진주) 정촌일반, 뿌리일반, 진주상평일반, 항공국가(진주)산업단지 ☞ 제조 공정 전주기 디지털 전환(DX)","인력,경영,경남,2026,경상남도,한국전자기술연구원,우주,항공,방산,중소기업,중견,제조기업,사천시,진주시,국가산업단지,디지털전환,DX,컨설팅,전문인력양성교육,교육",컨설팅,8208
1238,경상남도,한국무역협회경남지역본부,수출,[경남] 2026년 수출물류비 지원사업 참여업체 모집 공고,,,2026-02-24,https://www.bizinfo.go.kr/sii/siia/selectSIIA200Detail.do?pblancId=PBLN_000000000118804,예산 소진시까지,중소기업,"경상남도는 도내 수출 중소 제조업체를 대상으로 물류비 부담 경감 및 수출경쟁력 강화를 위해 「2026 경상남도 수출물류비 지원사업」을 시행하오니 관심 있는 업체의 많은 참여 바랍니다. ☞ 도내 본사 및 공장을 둔 중 중소 제조업체로 2025년 직수출실적 5,000만 불 이하인 업체 ☞ 항공 및 해상을 통한 수출품에 대한 물류비(업체별 최대 200만원 한도) 지원 - 수출을 위한 국외 운송비(해상, 항공운임, 샘플운송비, 해외 내륙 운송료), 국외 하역비 및 창고비 - 2026년 수출신고필증을 득한 건에 한하여 지급 (2026년 1월","수출,경남,2026,경상남도,한국무역협회경남지역본부,제조업,중소기업,수출물류비,운송비,항공,해상",해외진출,8460
1239,중소벤처기업부,중소벤처기업진흥공단,금융,2026년 중소기업 K-뷰티론 정책자금 지원계획 공고,,,2026-02-24,https://www.bizinfo.go.kr/sii/siia/selectSIIA200Detail.do?pblancId=PBLN_000000000118786,예산 소진시까지,중소기업,"「중소기업진흥에 관한 법률」제66조 및 제67조에 따른 “2026년 중소기업 K-뷰티론 정책자금 지원계획”을 다음과 같이 공고합니다. ☞ 「중소기업기본법」 제2조에 따른 중소기업으로, 발주(추천)서 (붙임1) 또는 발주 증빙서류를 보유한 발주기업 - 신청일 기준, 주된 업종이 화장품 제조 등과 연관이 없고, 수주기업과 기존 거래이력이 없더라도 K-뷰티론 신청 가능 ☞ 기업 당 연간 3억원 이내 지원 - 발주(추천)서ㆍ발주 증빙 서류당 150백만원 이내, 기업당 연간 2회 신청 가능 ※ 자세한 지원내용 공고문 참조","금융,서울,부산,대구,인천,광주,대전,울산,세종,경기,강원,충북,충남,전북,전남,경북,경남,제주,2026,K뷰티론,혁신성장지원자금,창업기반지원자금,중소벤처기업진흥공단,정책자금,대출,중소벤처기업부",융자,21274
1240,충청북도,기초자치단체,경영,2026년 충주시 단체관광객 유치여행사 인센티브제 운영 수정 공고,,,2026-02-24,https://www.bizinfo.go.kr/sii/siia/selectSIIA200Detail.do?pblancId=PBLN_000000000118778,예산 소진시까지,중소기업,충주시에서는 관광객 유치 증대 및 관광산업 발전과 지역 경제 활성화를 위해 국내ㆍ외 단체관광객 유치 여행사에 대한 인센티브 지원계획을 다음과 같이 수정 공고합니다. ☞ 여행업 등록을 필한 여행사 ※ 관광진흥법 제3조 및 제4조의 규정에 의한 여행업 등록을 필한 여행 업체로 우리 시에 단체관광객을 유치한 여행사 ☞ 단체관광객 유치 시 인센티브 지원 ※ 자세한 지원내용 공고문 참조,"경영,서울,부산,대구,인천,광주,대전,울산,세종,경기,강원,충북,충남,전북,전남,경북,경남,제주,2026,충청북도,기초자치단체,충주시,단체관광객,관광산업,인센티브,여행업,여행사",디자인/상품화/사업화,6732
1241,농림축산식품부,한국농수산식품유통공사,기술,2026년 한국농수산식품유통공사(aT) 안전성 검사비 지원사업 공고,,,2026-02-23,https://www.bizinfo.go.kr/sii/siia/selectSIIA200Detail.do?pblancId=PBLN_000000000118752,예산 소진시까지,중소기업,"aT에서는 우리 수출 농식품의 안전성 확보를 위하여 안전성 검사비(잔류농약ㆍ식품위생)지원사업을 추진하오니, 관심 있는 업체의 많은 신청 바랍니다. ☞ 농식품 수출업체 및 수출농가(법인) ☞ 잔류농약 및 식품위생 검사비 지원(업체당 연간 80백만원) - 지원품목 : 국내산 신선 농축산물, 주원료 50% 이상 국산인 가공식품","기술,경영,서울,부산,대구,인천,광주,대전,울산,세종,경기,강원,충북,충남,전북,전남,경북,경남,제주,검사성적서,2026,농식품수출업체,식품위생,잔류농약,농가,검사비,지원,한국농수산식품유통공사,농림축산식품부,농축산물,가공식품",시험/인증,9462
1242,경상남도,중소기업기술혁신협회,기술,[경남] 진주시 2026년 중소기업 국내외 인증수수료 지원사업 공고,,,2026-02-23,https://www.bizinfo.go.kr/sii/siia/selectSIIA200Detail.do?pblancId=PBLN_000000000118750,예산 소진시까지,중소기업,관내 기술력을 가진 중소기업의 초기 판로개척을 지원하고 중소기업 경쟁력 강화로 지역경기 활성화를 위해 중소기업 국내외 인증수수료 지원 사업을 아래와 같이 공고합니다. ☞ 공고일 현재 진주시에 본사와 공장을 둔 중소기업 (중소기업기본법 제2조에 의한 기업으로 공장등록을 마친 기업) ☞ 당해년도 인증 신규 취득 및 갱신에 소요된 인증 수수료 지원 - 해외 규격인증 : 기업당 최대 300만원 / 국내 인증 : 기업당 최대 100만원,"기술,경남,중소기업기술혁신협회경남지회,2026,중소기업기술혁신협회,신규취득,인증수수료,이노비즈협회,국내인증,갱신,진주시,해외규격인증,기초자치단체,경상남도,중소기업",시험/인증,8305
1243,제주특별자치도,제주특별자치도관광협회,경영,[제주] 관광사업체 대상 국내 현지 방문 판촉 영업 활동 지원 사업 공고,,,2026-02-23,https://www.bizinfo.go.kr/sii/siia/selectSIIA200Detail.do?pblancId=PBLN_000000000118744,예산 소진시까지,중소기업,"제주특별자치도와 제주특별자치도관광협회에서는 제주관광 활성화를 위한「도내 관광사업체 대상 국내 현지 방문 판촉/영업 활동」지원 사업을 추진하오니 많은 관심과 신청 바랍니다. ☞ 제주 도내 본점 및 영업점을 둔 여행업체 및 관광 관련 사업체 ☞ 항공료(또는 승선료), 숙박비 업체당 1,000천원 지원(1회 최대 500천원)","경영,제주,2026,제주특별자치도관광협회,제주특별자치도,관광사업체,여행업체,관광 관련,방문 판촉,영업 활동",시설/입지지원,6931
1244,중소벤처기업부,경북창조경제혁신센터,창업,2026년 창업-BuS at 경북 참여기업 모집 공고,,,2026-02-23,https://www.bizinfo.go.kr/sii/siia/selectSIIA200Detail.do?pblancId=PBLN_000000000118729,상시 접수,창업벤처,"경북창조경제혁신센터에서는 유망 혁신 스타트업의 연중 상시 발굴과 맞춤형 성장 지원을 위한「창업-BuS at 경북」Tech Drive IR참여기업을 다음과 같이 모집하오니 관심있는 기업의 많은 참여를 바랍니다. ☞ 초격차 10대 분야에 해당되는 창업 후 7년 이내 기업 - 지원분야 : 초격차 10대 분야 - 중점분야(우대) : AIㆍ빅데이터, 바이오ㆍ헬스, 친환경ㆍ에너지, 로봇 ☞ 기업진단 액셀러레이팅, 센터 투자 및 TIPS 추천, 컨설팅 및 멘토링 등 지원","금융,창업,경영,서울,부산,대구,인천,광주,대전,울산,세종,경기,강원,충북,충남,전북,전남,경북,경남,제주,초격차10대분야,창업-BuS,2026,TIPS,헬스,액셀러레이팅,경북창조경제혁신센터,에너지,투자,로봇,빅데이터,창업7년이내,바이오,친환경,컨설팅,AI,중소벤처기업부,경상북도,스타트업,멘토링",사업화지원,8190
1245,경상남도,기초자치단체,수출,[경남] 진주시 2026년 특허기술 해외 출원ㆍ등록 비용 지원사업 공고,,,2026-02-20,https://www.bizinfo.go.kr/sii/siia/selectSIIA200Detail.do?pblancId=PBLN_000000000118682,예산 소진시까지,중소기업,"관내 중소기업의 특허기술 해외 출원ㆍ등록비 지원을 통한 기업의 지식재산권 경쟁력을 강화시키고자 다음과 같이 「2026년 특허기술 해외 출원ㆍ등록 비용 지원사업」을 다음과 같이 공고합니다. ☞ 공고일 현재 중소기업기본법 제2조에 따른 중소기업으로 진주시에 주된 사무소를두고 공장 등록을 필한 제조업체 ※ 단, 공장미등록 제조업체 중 공장건축면적이 500㎡미만이고 건축물대장의 용도가 ‘공장’ 또는 ‘제조업소’인 기업 가능 ☞ 국내에 특허 등록한 기술 중 해외시장 진출을 위해 2025. 1. 1. 이후 외국 특허청에 권리 “등록”을 한 경","기술,수출,경남,외국특허청,2026,해외등록,해외시장진출,등록,출원,해외출원,진주시,특허기술,지식재산권,기초자치단체,경상남도,제조업,중소기업",해외진출준비,8871
1246,경상남도,기초자치단체,기술,[경남] 진주시 2026년 산업재산권 권리화 지원 사업 공고,,,2026-02-20,https://www.bizinfo.go.kr/sii/siia/selectSIIA200Detail.do?pblancId=PBLN_000000000118681,예산 소진시까지,중소기업,"산업재산권 출원ㆍ등록 비용을 지원하여 기업의 신기술 개발 견인 및 기업의 경쟁력 강화를 통해 고용창출과 지역경제 활성화를 도모하고자 「2026년 산업재산권 권리화 지원 사업」을 다음과 같이 공고합니다. ☞ 산업재산권 등록일부터 공고일 현재까지 본사 및 사업장이 진주시 관내 소재 중소기업 및 주소가 진주시로 되어 있는 개인발명가 ☞ 2025. 1. 1. 이후 지식재산처에 등록된 산업재산권(특허, 실용신안, 디자인, 상표) 출원ㆍ등록 비용 일부 지원 - 중소기업은 분야별 2건, 개인발명가는 분야별 1건 이내 지원 - 특허 1,000천 ","기술,경남,2026,개인발명가,산업재산권,등록,출원,진주시,실용신안,상표,디자인,기초자치단체,경상남도,특허,중소기업",시험/인증,8806
1247,인천광역시,인천테크노파크,인력,[인천] 2026년 채용연계형 뿌리기업 근로환경 혁신 지원사업(환경개선) 모집 공고(지역산업맞춤형 일자리지원 사업),,,2026-02-20,https://www.bizinfo.go.kr/sii/siia/selectSIIA200Detail.do?pblancId=PBLN_000000000118679,예산 소진시까지,중소기업,"인천광역시와 인천테크노파크는 뿌리산업 분야 신규 채용과 연계한 근로자 정주여건 조성 및 근로환경 개선을 위한 「채용연계형 뿌리기업 근로환경 혁신 지원사업(환경개선)」을 시행하오니 많은 관심과 참여를 바랍니다. ☞ 인천광역시에 소재한「중소기업기본법」제2조에 명시된 ‘중소기업’ 또는「중견기업 성장촉진 및 경쟁력 강화에 따른 특별법」 제25조에 따른 ‘중견기업’으로서,「뿌리산업 진흥과 첨단화에 관한 법률 제3조」또는 인천테크노파크「인천 뿌리기업 인정 분류코드」에 명시된 뿌리기업 ☞ 신규 채용 근로자 1인당 700만원(21백만원 내, 최대","인력,인천,근곡결계질환에방시설,위험공정개선,작업장안전확보,2026,채용연계형,신규채용근로자,근로환경개선,뿌리기업,중견,환경개선,인천테크노파크,인천광역시,중소기업",작업환경개선,8506
1248,경기도,경기도경제과학진흥원,경영,[경기] 2026년 규제샌드박스 지원사업 맞춤형 컨설팅 참여기업 모집 공고,,,2026-02-20,https://www.bizinfo.go.kr/sii/siia/selectSIIA200Detail.do?pblancId=PBLN_000000000118674,예산 소진시까지,중소기업,"경기도와 경기도경제과학진흥원에서는 경기도 중소기업의 규제샌드박스 활용을 독려하고 도내 혁신성장을 지원하기 위해 규제샌드박스 컨설팅부터 신청서 작성까지 지원하는 “규제샌드박스 맞춤형 컨설팅” 참여 희망 기업을 모집하오니 본 사업에 참여하고자 하는 도내 중소기업, 창업/스타트업 기업의 많은 신청 바랍니다. ☞ 도내 중소기업, 창업/스타트업 중 규제샌드박스 제도 이용희망기업 ※ 본사, 사업장(공장), 기업부설연구소 포함 ☞ 신속확인(처리)제도 신청서 작성지도, 임시허가ㆍ실증특례 신청서 작성 지도, 재도전 지원, 전문 컨설팅 등 지원","경영,경기,2026,경기도,경기도경제과학진흥원,규제샌드박스,중소기업,컨설팅,창업기업,스타트업,맞춤형컨설팅",컨설팅,8791
1249,울산광역시,울산상공회의소,창업,2026년 울산 IP(지식재산) 디딤돌 프로그램 지원사업 공고,,,2026-02-20,https://www.bizinfo.go.kr/sii/siia/selectSIIA200Detail.do?pblancId=PBLN_000000000118665,예산 소진시까지,창업벤처,"울산지식재산센터는 울산시 예비창업자의 사업화 가능한 우수아이디어를 발굴하여 창업을 육성하고 지역경제 활성화를 도모하기 위해 「2026년도 IP(지식재산) 디딤돌 프로그램 지원사업」을 시행하오니 많은 관심과 참여 바랍니다. ☞ 울산시에 주소를 둔 사업자등록을 하지 않은 예비창업자 ※ 타 지역민 경우, 기 창업자의 경우 신청 가능 자격 조건 공고문 참조 ☞ 아이디어 상담, IP(지식재산)창업교육, 아이디어 권리화(특허출원), 아이디어 형상화, 창업 컨설팅, IP(지식재산) 후속 지원","창업,서울,부산,대구,인천,광주,대전,울산,세종,경기,강원,충북,충남,전북,전남,경북,경남,제주,2026,울산광역시,울산상공회의소,예비창업자,사업화,IP,지식재산,아이디어,디딤돌프로그램,디딤돌,창업교육,권리화,특허출원,컨설팅,울산지식재산센터",예비창업자지원,9596
1250,충청북도,충북테크노파크,기술,[충북] 지능형첨단부품산업의 디지털전환 거점 구축 사업 오픈랩 AI 개발플랫폼 활용 지원 수혜기업 모집 공고,,,2026-02-19,https://www.bizinfo.go.kr/sii/siia/selectSIIA200Detail.do?pblancId=PBLN_000000000118617,상시 접수,중소기업,"2026년도 산업통상자원부와 충청북도가 지원하는 오픈랩 AI 개발플랫폼 활용 지원 사업을 안내하오니, 해당 프로그램 참여를 희망하는 충북지역 중소ㆍ중견 기업의 많은 신청 바랍니다. ☞ 인공지능 연구ㆍ개발 관련 기업 - 클러스터 내 지역특화산업 관련 기업 우선 대상 ※ 별첨1 <지능형첨단부품산업의 범위> KSIC Code 참조 ☞ 인공지능(AI) 연구개발을 위한 GPU 서버 및 데이터 라벨링 환경 지원 ※ 자세한 지원내용 공고문 참조","기술,경영,충북,2026,충청북도,충북테크노파크,지능형첨단부품산업,디지털전환,오픈랩,AI,개발플랫폼",기술사업화/이전/지도,8653
1251,경상남도,직접수행,금융,[경남] 2026년 식품진흥기금 융자금 지원계획 공고,,,2026-02-19,https://www.bizinfo.go.kr/sii/siia/selectSIIA200Detail.do?pblancId=PBLN_000000000118586,예산 소진시까지,중소기업,"「경상남도 식품진흥기금 설치 및 운용 조례」 제4조(융자계획)에 따라 2026년도 경상남도 식품진흥기금 ‘시설개선’ 융자금 지원계획을 다음과 같이 공고합니다. ☞ HACCP 지정업소 또는 적용 희망업소, 식품제조ㆍ가공업소, 식품위생검사기관, 식품접객업소 ☞ 식품진흥기금 융자금(총 소요액의 80% 이내) 지원 ※ 자세한 지원내용 공고문 참조","금융,경남,2026, HACCP,식품제조가공업소,식품위생검사기관,식품접객업소,식품진흥기금,경상남도,직접수행,융자금",융자,8849
1252,중소벤처기업부,한국중소벤처기업유통원,내수,2026년 디지털커머스 전문기관(소담스퀘어 in 광주) 모집 공고,2026-02-09,2026-12-31,2026-02-13,https://www.bizinfo.go.kr/sii/siia/selectSIIA200Detail.do?pblancId=PBLN_000000000118556,,소상공인,"소상공인 디지털 콘텐츠 제작 및 온라인시장 진출을 위해 필요한 장비ㆍ시설을 구축하고 전문인력, 사업지원 등을 통한 소상공인 디지털 전환 촉진을 위한 사업입니다. ☞ 소상공인 ☞ 라이브&V커머스 제작, 디지털 전환 기초 역량강화, 디지털 콘텐츠 제작&홍보, 온라인 플랫폼 입점 지원, 디지털 커머스 역량 강화 교육, 현장 라이브커머스 등 지원","내수,서울,부산,대구,인천,광주,대전,울산,세종,경기,강원,충북,충남,전북,전남,경북,경남,제주,2026,한국중소벤처기업유통원,중소벤처기업부,디지털커머스,소담스퀘어,디지털전환,역량강화,온라인플랫폼,입점,역량강화교육",홍보지원,12810
1253,기후에너지환경부,한국에너지공단,경영,2026년 중소ㆍ중견 에너지효율 혁신 선도 프로젝트 선도기업 모집 공고,,,2026-02-13,https://www.bizinfo.go.kr/sii/siia/selectSIIA200Detail.do?pblancId=PBLN_000000000118530,선착순 접수,중소기업,"기후에너지환경부와 한국에너지공단에서는 산업체의 에너지 저소비ㆍ고효율 구조 전환을 지원하기 위한 「중소ㆍ중견 에너지 효율혁신 선도 프로젝트」의 선도기업을 다음과 같이 모집합니다. ☞ ‘25년도 기준 에너지사용량이 300toe 이상이면서 선도기업 사업 참여 이력이 없는 중소ㆍ중견기업 ☞ 기업의 사업 참여 신청 및 기준 충족 여부 검토를 통해 선도기업 지정 후 에너지 효율 투자 주기별 인센티브 지원 - 선도기업 지정, 진단, 투자, 관리 지원 ※ 자세한 지원내용 공고문 참조","경영,기타,서울,부산,대구,인천,광주,대전,울산,세종,경기,강원,충북,충남,전북,전남,경북,경남,제주,에너지 효율,저소비,기후에너지환경부,2026,고효율,선도기업,한국에너지공단,에너지,중견기업,중소기업",디자인/상품화/사업화,8592
1254,농림축산식품부,한국농수산식품유통공사,수출,2026년 농식품 현지화지원사업(라벨링 현지화) 신청 공고,,,2026-02-13,https://www.bizinfo.go.kr/sii/siia/selectSIIA200Detail.do?pblancId=PBLN_000000000118529,예산 소진시까지,중소기업,"한국농수산식품유통공사에서 한국 농식품 수출(예정)업체를 대상으로 라벨링 현지화를 지원해드리는 사업입니다. ☞ 한국 농식품 수출(예정)업체 ※ 대기업(상호출자제한기업집단 및 공시대상기업집단) 제외(단, 한시적 중견기업 및 농협은 지원가능) - 지원품목 : 한국 농식품(농ㆍ임ㆍ축산물 및 기타 가공식품) ☞ 사전검토 자문, 라벨링 견본 제작 자문 지원 - 연간 현지화지원 세부 지원분야 합산하여 수출업체별 50백만원 한도 내 지원 ※ 자세한 지원내용 및 지원국가 공고문 참조","수출,서울,부산,대구,인천,광주,대전,울산,세종,경기,강원,충북,충남,전북,전남,경북,경남,제주,라벨링견본,기타가공식품,한국농식품,2026,사전검토,라벨링,농산물,축산물,자문,임산물,현지화,한국농수산식품유통공사,농림축산식품부",해외진출준비,7928
1255,농림축산식품부,한국농수산식품유통공사,수출,2026년 농식품 현지화지원사업(수입등록ㆍ검사) 신청 공고,,,2026-02-13,https://www.bizinfo.go.kr/sii/siia/selectSIIA200Detail.do?pblancId=PBLN_000000000118527,예산 소진시까지,중소기업,"한국농수산식품유통공사에서 한국농식품 수출(예정)업체를 대상으로 현지화 수입등록ㆍ검사를 지원해드리는 사업입니다. ☞ 한국 농식품 수출(예정)업체 ※ 대기업(상호출자제한기업집단 및 공시대상기업집단) 제외(단, 한시적 중견기업 및 농협은 지원가능) ※ 벤처, 창업, 사회적 경제 기업 우대(선수위 지원) - 지원품목 : 한국 농식품(농ㆍ임ㆍ축산물 및 기타 가공식품) ☞ 수입등록, 식품검사 지원 - 연간 현지화지원 세부 지원분야 합산하여 수출업체별 50백만원 한도 내 지원 ※ 자세한 지원내용 및 지원국가 공고문 참조","수출,서울,부산,대구,인천,광주,대전,울산,세종,경기,강원,충북,충남,전북,전남,경북,경남,제주,기타가공식품,한국농식품,2026,식품검사,수입등록,농산물,축산물,임산물,농식품,현지화,한국농수산식품유통공사,농림축산식품부",해외진출준비,7675
1256,농림축산식품부,한국농수산식품유통공사,수출,2026년 농식품 현지화지원사업(현지 전문기관 자문) 신청 공고,,,2026-02-13,https://www.bizinfo.go.kr/sii/siia/selectSIIA200Detail.do?pblancId=PBLN_000000000118524,예산 소진시까지,중소기업,"한국농수산식품유통공사에서 한국 농식품 수출(예정)업체를 대상으로 현지화 현지 전문기관 자문을 지원해드리는 지원사업입니다. ☞ 한국 농식품 수출(예정)업체 ※ 대기업(상호출자제한기업집단 및 공시대상기업집단) 제외(단, 한시적 중견기업 및 농협은 지원가능) - 지원품목 : 한국 농식품(농ㆍ임ㆍ축산물 및 기타 가공식품) ☞ 일반자문, 특수자문 지원 - 연간 현지화지원 세부 지원분야 합산하여 지원한도 수출업체별 50백만원 이내 지원 ※ 자세한 지원내용 및 지원국가 공고문 참조","수출,서울,부산,대구,인천,광주,대전,울산,세종,경기,강원,충북,충남,전북,전남,경북,경남,제주,기타가공식품,특수자문,일반자문,한국농식품,현지전문기관자문,2026,현지화지원,농산물,축산물,임산물,농식품,현지화,한국농수산식품유통공사,농림축산식품부",해외진출준비,7193
1257,문화체육관광부,한국관광공사,인력,2026년 근로자 휴가지원사업 모집 공고,,,2026-02-12,https://www.bizinfo.go.kr/sii/siia/selectSIIA200Detail.do?pblancId=PBLN_000000000118496,예산 소진시까지,중소기업,"직장 내 자유로운 휴가문화 조성과 국내여행 활성화를 위하여 정부와 기업이 함께 근로자의 국내여행경비(휴가비)를 지원하는 ‘2026년 근로자 휴가지원사업’을 아래와 같이 시행하오니 많은 관심과 참여 바랍니다. ☞ 중견기업, 중소기업, 소상공인, 비영리민간단체, 사회복지법인ㆍ시설 근로자 ☞ 참여증서 발급, 정부인증제도 평가 가점 부여 등 실적 인정 지원 - 우수참여기업 : 정부포상, 우수사례집 발간, 기업홍보 등 ※ 자세한 내용 공고문 참조","인력,서울,부산,대구,인천,광주,대전,울산,세종,경기,강원,충북,충남,전북,전남,경북,경남,제주,국내여행경비,참여증서,실적인정,2026,휴가비,근로자휴가지원,정부포상,가점,근로자,한국관광공사,문화체육관광부,홍보,소상공인,중견기업,중견",고용유지,30502
1258,중소벤처기업부,대중소기업농어업협력재단,기술,2026년 중소기업 기술보호 지원사업 통합 공고,,,2026-02-12,https://www.bizinfo.go.kr/sii/siia/selectSIIA200Detail.do?pblancId=PBLN_000000000118494,추후 공지,중소기업,"중소기업의 기술침해 사전예방 및 신속한 피해구제로 기술보호역량수준을 강화하기 위해 중소벤처기업부에서 추진하고 있는「2026년중소기업기술보호지원사업」 시행계획을다음과 같이 공고합니다. ☞ 「중소기업기본법」제2조 및 시행령제3조에 따른 중소기업 등 ※ 세부사업별 지원대상 상이 (공고문 참조) ☞ 기술보호 바우처, 중소기업 기술침해 손해액 산정 지원, 기술보호 정책보험, 기술자료 임치제도, 기술유출방지 시스템구축사업 등 지원 ※ 자세한 내용 공고문 참조","금융,기술,수출,경영,서울,부산,대구,인천,광주,대전,울산,세종,경기,강원,충북,충남,전북,전남,경북,경남,제주,기술분쟁조정,기술유출방지시스템구축,중소기업기술보호,2026,사전예방,기술보호바우처,디지털포렌식,기술침해,임치제도,기술지킴서비스,정책보험,대중소기업농어업협력재단,중소벤처기업부",기술사업화/이전/지도,13838
1259,부산광역시,부산경제진흥원,기술,[부산] 2026년 중소기업 ISO 인증 지원사업 모집 공고,2026-01-29,2026-12-24,2026-02-12,https://www.bizinfo.go.kr/sii/siia/selectSIIA200Detail.do?pblancId=PBLN_000000000118467,,중소기업,"부산경제진흥원에서는 경영인증평가원과 협력하여 부산지역 중소기업의 국제 표준 인증 지원을 통한 대외 경쟁력 강화를 위하여「2026 중소기업 ISO 인증 지원사업」모집 공고를 다음과 같이 안내하오니 많은 신청 바랍니다. ☞ 부산시 소재 중소기업 및 소상공인 ☞ 국제표준화기구(ISO)의 품질경영, 환경경영, 안전보건경영 인증 취득 및 인증 심사원 양성과정 교육 지원","기술,경영,부산,2026,국제표준화기구,ISO,품질경영시스템,환경경영시스템,안전보건경영시스템,인증취득,부산경제진흥원,부산광역시,인증",시험/인증,10646
1260,경상남도,직접수행,인력,[경남] 2026년 창업기업 신규고용인력 보조금 지원계획 공고,,,2026-02-12,https://www.bizinfo.go.kr/sii/siia/selectSIIA200Detail.do?pblancId=PBLN_000000000118445,예산 소진시까지,창업벤처,"2026년도 경상남도 창업기업 신규고용인력 보조금 지원계획을 다음과 같이 공고합니다. ☞ 공고일 현재, 경상남도 내(본점, 연구소 경남소재)에서 창업 7년 이내인 중소ㆍ벤처기업 - 지원업종 : 제조업, 제조업 관련 지식기반 서비스업, 정보통신업 ☞ 선정된 고용인원 1인당 300만원 이내 지원","인력,창업,경남,2026,신규고용인력,신규고용,보조금,정보통신업,지식기반서비스업,벤처기업,경상남도,창업기업,직접수행,제조업,중소기업",고용환경개선,11101
1261,중소벤처기업부,창업진흥원,기타,민간기업 분야 우수인재 특별귀화 추천 신청 모집 공고,,,2026-02-11,https://www.bizinfo.go.kr/sii/siia/selectSIIA200Detail.do?pblancId=PBLN_000000000118430,상시 접수,중소기업,"한국경제에 기여할 글로벌 우수 인재를 발굴하여 유치하기 위하여 다음과 같이 민간기업 분야의 특별귀화 추천 신청자를 모집합니다. ☞ 특별귀화 희망자로서 분야별 특별귀화 기본요건을 충족한 자 ☞ 과학ㆍ경제ㆍ문화ㆍ체육 분야등에서 우수한 능력을 보유한 사람으로서 대한민국의 국익에 기여할 것으로 인정되는 사람에게 대한민국 국적을 부여하고, 외국 국적 포기 대신 복수국적을 허용(법무부) ※ 자세한 내용 공고문 참조","인력,기타,서울,부산,대구,인천,광주,대전,울산,세종,경기,강원,충북,충남,전북,전남,경북,경남,제주,특별귀화,2026,민간기업,우수인재,중소벤처기업부,창업진흥원",제도,7777
1262,서울특별시,직접수행,경영,[서울] 2026년 위험성평가 컨설팅 사업 대상 모집 공고,,,2026-02-10,https://www.bizinfo.go.kr/sii/siia/selectSIIA200Detail.do?pblancId=PBLN_000000000118398,선착순 접수,중소기업,"서울시에서는 50인 미만 소규모 사업장의 안전사고 예방 및 중대재해처벌법 대응ㆍ이해를 높이기 위하여 다음과 같이「서울시 위험성평가 컨설팅 사업」 대상을 모집합니다. ☞ 서울 소재 상시근로자 50인 미만 사업장 ☞ 사업장 안전전문가가 대상 사업장에 현장 방문하여 위험성평가 무료 컨설팅지원(기본 1회, 요청시 최대 3회)","인력,경영,서울,안전사고 예방,소규모 사업장,2026,안전전문가,중대재해처벌법,위험성평가,기초자치단체,서울특별시,컨설팅,직접수행,소상공인",컨설팅,9989
1263,경기도,경기테크노파크,기술,[경기] 2026년 기술닥터사업 공고,,,2026-02-10,https://www.bizinfo.go.kr/sii/siia/selectSIIA200Detail.do?pblancId=PBLN_000000000118395,예산 소진시까지,중소기업,"중소기업의 기술 애로를 단계별로 해결 지원하는 「2026년 경기도 기술닥터사업」을 다음과 같이 공고합니다. ☞ 본사 또는 공장이 경기도에 소재한 중소 제조기업 등 ※ 지원단계별 지원대상이 상이하므로 공고문 참조 ☞ 현장애로기술지원, 중기애로기술지원, 상용화지원, 단계별검증지원 ※ 자세한 지원내용 공고문 참조","기술,경영,경기,2026,기술닥터사업,단계별검증,사업화검증,기술검증,중기애로,상용화,현장애로,기술닥터,기술애로,경기테크노파크,사업화,제조기업,경기도,중소기업",기술사업화/이전/지도,15381
1264,경상남도,직접수행,인력,[경남] 2026년 기업 채용연계 청년일자리 지원사업 참여기업 모집 공고,,,2026-02-10,https://www.bizinfo.go.kr/sii/siia/selectSIIA200Detail.do?pblancId=PBLN_000000000118394,예산 소진시까지,중소기업,"경상남도에서는 청년일자리 사업 참여기업을 대상으로 기업이 필요로 하는 맞춤형 인력양성과 청년 취업 지원을 위해 금년도 참여기업을 아래와 같이 모집하오니, 관심 있는 기업의 많은 참여 바랍니다. ☞ 지정 청년 일자리 사업 참여 기업 ☞ 매 2년간 인증(2년마다 재인증 평가 후 계속 지원), 채용장려금, 근속장려금, 환경개선금, 문화복지금 등 지원 ※ 자세한 지원내용 공고문 참조","인력,경남,청년일자리사업참여기업,문화복지금,2026,환경개선금,청년일자리사업,근속장려금,채용장려금,경상남도,인증,직접수행",고용환경개선,14028
1265,울산광역시,(주)좋은일자리,인력,[울산] 2026년 청년일자리도약장려금 기업 모집 공고,2026-01-26,2026-12-31,2026-02-10,https://www.bizinfo.go.kr/sii/siia/selectSIIA200Detail.do?pblancId=PBLN_000000000118393,,중소기업,고용노동부는 청년의 신규일자리 창출을 통한 청년 고용 활성화를 위하여 사업주와 근로자를 지원하는 「청년일자리도약장려금」사업을 아래와 같이 시행하고 있습니다. ☞ 청년을 채용한 비수도권 내 5인 이상 우선지원 대상기업 및 산단지역의 중견기업 ☞ 신규 채용 청년 1인당 최대 720만원(월 60만원x12개월) 지원,"인력,울산,산단지역,(주)좋은일자리,2026,청년일자리도약장려금,울산광역시,중견기업,산단지역중견기업,중견,인건비,신규채용",국내일반인력,9971
1266,서울특별시,서울시50플러스재단,인력,[서울ㆍ인천ㆍ경기] 2026년 중장년 경력 인재 지원(직무체험형) 참여기업 모집 공고,,,2026-02-10,https://www.bizinfo.go.kr/sii/siia/selectSIIA200Detail.do?pblancId=PBLN_000000000118386,예산 소진시까지,중소기업,"서울시50플러스재단은 경험과 전문성이 있는 중장년의 경력전환과 지속가능한 일자리를 지원하기 위해「중장년 경력 인재 지원(직무체험형)」사업을 추진, 기업 및 기관에 중장년의 경험과 역량을 활용할 수 있는 기회를 제공하고 있습니다. 이에「중장년 경력 인재 지원(직무체험형)」사업에 참여할 기업을 아래와 같이 모집하오니 많은 관심과 참여 바랍니다. ☞ 수도권(서울시, 인천시, 경기도) 소재 기업 중 상시근로자 수(고용보험 피보험자수 기준) 1인 이상이며, 4대보험 사업장 성립 신고가 된 기업 및 기관 ☞ 활동비 월 690,890원(월 57","인력,서울,인천,경기,보험강비,4대보험사업장,2026,직무체험형,인재,활동비,서울시50플러스재단,중장년,서울특별시,교육",국내일반인력,11095
1267,전남광주통합특별시,전라남도중소기업일자리경제진흥원,수출,[전남] 2026년 공산품 수출 중소기업 글로벌 경쟁력 강화 긴급지원 사업 대상 모집 공고,,,2026-02-10,https://www.bizinfo.go.kr/sii/siia/selectSIIA200Detail.do?pblancId=PBLN_000000000118381,매월 10일 18:00까지,중소기업,"美 트럼프 2기 관세정책 등으로 인한 공산품 수출 중소기업의 경영 악화 해소를 위해 「2026 공산품 수출 중소기업 글로벌 경쟁력 강화 긴급지원 사업」을 아래와 같이 공고하니 많은 신청 바랍니다. ☞ 선적일 기준으로 2026. 2. 1.부터 1만불 이상 수출한 기업 - 전남산 공산품을 직수출하는 도내 중소기업 ☞ 기업당 월 1백만원, 연 5백만원 한도 지원 - 전남산 공산품 직수출 실적 1만불(선적기준) 당 월 1백만원","수출,전남,2026,전라남도중소기업일자리경제진흥원,전라남도,공산품,수출중소기업,글로벌경쟁력,전남광주,전남광주통합특별시",해외진출,7128
1268,전북특별자치도,기초자치단체,금융,[전북] 2026년 식품진흥기금 융자지원 사업 공고,,,2026-02-10,https://www.bizinfo.go.kr/sii/siia/selectSIIA200Detail.do?pblancId=PBLN_000000000118377,예산 소진시까지,중소기업,"식품위생법 제89조(식품진흥기금)및 전북특별자치도 식품진흥기금 설치 및 운용 조례 따라 2026년도 식품진흥기금 융자지원사업을 다음과 같이 공고합니다. ☞ 전북특별자치도 관내에서 식품위생영업을 하는 자 중 시설개선을 목적으로 기금을 사용할 자 - 모범ㆍ향토음식점으로 지정된 자 중 육성기금을 필요로 하는 자 ☞ 영업장 시설개선자금, HACCP 시설자금, 육성자금, 화장실 시설개선자금 지원 ※ 자세한 지원내용 공고문 참조","금융,전북,2026,전북특별자치도,기초자치단체,식품진흥기금,융자,식품위생영업,음식점,시설개선자금,HACCP시설자금,육성자금",융자,9486
1269,경기도,부천산업진흥원,기술,[경기] 부천시 2026년 유해물질 시험분석 수수료 지원 사업 참여 기업 모집 공고,,,2026-02-10,https://www.bizinfo.go.kr/sii/siia/selectSIIA200Detail.do?pblancId=PBLN_000000000118361,예산 소진시까지,중소기업,"부천시와 부천산업진흥원은 국내외 유해물질 규제에 대응하여 지역 중소기업의 제품 신뢰성 확보 및 경쟁력 강화를 위한「2026년 유해물질 시험분석 수수료 지원 사업」을 추진하오니, 관련 기업의 적극적인 참여를 바랍니다. ☞ 본사 또는 공장이 부천시에 소재한 중소기업(제조업) ☞ 유해물질 시험분석 수수료 기업당 지원금 합계 100만원 이내(연간) 지원","기술,수출,경기,2026,유해물질,수수료,시험분석,부천산업진흥원,부천시,경기도,제조업,중소기업,KOLAS,ISO,IEC,시험분석수수료",시험/인증,7118
1270,중소벤처기업부,장애인기업종합지원센터,창업,2026년 장애인 창업 컨설팅지원 대상자 모집 공고,,,2026-02-10,https://www.bizinfo.go.kr/sii/siia/selectSIIA200Detail.do?pblancId=PBLN_000000000118350,예산 소진시까지,장애인기업,"장애인의 창업단계별 차별화된 내용의 1:1 심층 상담을 통하여 성공적 창업을 지원하고자 아래와 같이 2026년 장애인 창업 컨설팅 대상자를 모집하오니, 많은 관심과 참여 바랍니다. ☞ 장애인 예비창업자, 재기창업자, 3년 미만 초기창업자 - 예비창업자 : 모집 공고일 기준 창업을 준비하는 자로서, 사업자 등록하지 않은 자 또는 모집공고일 전일(26년 2월 8일) 까지 폐업한 자 - 재기창업자 : 기존 사업을 폐업하거나 양도하고, 새로운 업종으로 전환하여 재창업하려는 자 - 초기창업자 : 「중소기업창업지원법」제2조제10호에 따른 사업","창업,서울,부산,대구,인천,광주,대전,울산,세종,경기,강원,충북,충남,전북,전남,경북,경남,제주,2026,재기창업자,맞춤형컨설팅,장애인창업,장애인기업종합지원센터,초기창업자,예비창업자,장애인,컨설팅,중소벤처기업부,상담",사업화지원,8443
1271,경기도,기초자치단체,금융,[경기] 광명시 2026년 소규모 유통업 육성자금 지원 공고,,,2026-02-09,https://www.bizinfo.go.kr/sii/siia/selectSIIA200Detail.do?pblancId=PBLN_000000000118345,예산 소진시까지,중소기업,「광명시 중소기업육성기금 설치 및 운용 조례」제11조에 따라 광명시 소재 제조업체의 경영안정 및 경쟁력 강화를 지원하기 위해 2026년 광명시 중소기업 육성자금 지원계획을 다음과 같이 공고합니다. ☞ 신청일 현재 광명시에 소재한 업체로「한국표준산업분류」상 도매 및 소매업(G45~47)에 해당하는 유통업체 중 다음 조건을 충족하는 업체 - 사업자등록을 마친 점포 중 매장면적이 300㎡ 이하인 점포 - 소규모 점포의 운영(운전자금)에 직접 소요되는 자금이 필요한 사업자 ☞ 대출금리 중 2%에 대한 이자차액 보전 지원 - 점포당 한도 5,"금융,경기,2026,정보통신산업,육성자금,소규모,지식산업,광명시,도매업,유통업,소매업,융자지원,기초자치단체,경기도,중소기업,소규모점포,이자차액,운영자금,소규모유통업체,소규모유통업",융자,8261
1272,경기도,경기신용보증재단,금융,[경기] 광명시 2026년 중소기업 특례보증 지원계획 공고,,,2026-02-09,https://www.bizinfo.go.kr/sii/siia/selectSIIA200Detail.do?pblancId=PBLN_000000000118341,예산 소진시까지,중소기업,"광명시 소재 중소기업 중 담보 부족 및 보증 한도 초과로 신용보증서 발급이 어려운 관내 중소기업 지원을 위한 2026년 광명시 중소기업 특례보증 지원계획을 다음과 같이 공고합니다. ☞ 광명시 관내 중소기업 ☞ 보증한도 업체당 3억원 이내, 보증기간 3~4년 지원","금융,경기,2026,특례보증,광명시,경기신용보증재단,경기도,중소기업,기초자치단체,신용보증서",보증,8501
1273,경기도,기초자치단체,금융,[경기] 광명시 2026년 중소기업 육성자금(제조업ㆍ지식산업ㆍ정보통신산업) 지원계획 공고,,,2026-02-09,https://www.bizinfo.go.kr/sii/siia/selectSIIA200Detail.do?pblancId=PBLN_000000000118336,예산 소진시까지,중소기업,"「광명시 중소기업육성기금 설치 및 운용 조례」제11조에 따라 광명시 소재 제조업체의 경영안정 및 경쟁력 강화를 지원하기 위해 2026년 광명시 중소기업 육성자금 지원계획을 다음과 같이 공고합니다. ☞ 관내 제조업, 지식산업, 정보통신산업 중소기업 ※ 자세한 지원대상 공고문 참조 ☞ 대출금리 중 2%에 대한 이자차액 보전 지원 - 업체당 최대 3억원 이내(전년도 매출액 1/3 범위 내)","금융,경기,2026,정보통신산업,육성자금,지식산업,광명시,융자지원,경기도,제조업,중소기업,기초자치단체,중소기업육성기금,중소기업육성자금",융자,9385
1274,농림축산식품부,한국식품산업클러스터진흥원,기술,2026년 소스개발 및 생산지원 사업 공고,,,2026-02-09,https://www.bizinfo.go.kr/sii/siia/selectSIIA200Detail.do?pblancId=PBLN_000000000118318,예산 소진시까지,중소기업,"진흥원 소스산업화센터는 국내 식품기업의 기술 경쟁력 강화를 지원하고자 「2026년도 소스개발 및 생산지원 사업」을 아래와 같이 공고하오니 관심있는 기업의 많은 참여 바랍니다. ☞ 식품 관련 기업(국가식품클러스터 입주(분양·벤처)기업, 소스센터 회원사, 청년기업, 디지털식품정보플랫폼 가입기업 등) ☞ 장비사용 수수료 할인(기업별 누적 최대 20백만원) 지원","기술,경영,서울,부산,대구,인천,광주,대전,울산,세종,경기,강원,충북,충남,전북,전남,경북,경남,제주,2026,장비사용수수료,식품관련기업,소스개발,국가식품클러스터입주기업,소스센터회원사,청년기업,디지털식품정보플랫폼가입기업,농림축산식품부,한국식품산업클러스터진흥원",기술인력/장비지원,8576
1275,기후에너지환경부,한국환경산업기술원,경영,2026년 환경기업 해외 진출 전문 컨설팅 지원사업 상시 모집 공고,,,2026-02-09,https://www.bizinfo.go.kr/sii/siia/selectSIIA200Detail.do?pblancId=PBLN_000000000118301,예산 소진시까지,중소기업,"2026년도 ‘환경기업 해외 진출 전문 컨설팅 지원사업’ 모집계획을 다음과 같이 공고하오니, 본 사업 참여를 희망하는 환경산업체는 신청하여 주시기 바랍니다. ☞ 해외 진출 시 발생하는 애로사항 해소를 위하여 수출·수주 분야 전문 컨설팅을 원하는 중소ㆍ중견 환경기업으로 ’25년도 본사업에 참여하지 아니한 기업 ☞ 자문 지원 범위(별첨 1)에 따라 해당 분야 자문기업을 통한 컨설팅 지원 - 신청기업 당 연간 최대 1,200만 원","경영,서울,부산,대구,인천,광주,대전,울산,세종,경기,강원,충북,충남,전북,전남,경북,경남,제주,2026,기후에너지환경부,한국환경산업기술원,컨설팅,환경기업,해외진출,자문",컨설팅,8179
1276,울산광역시,울산청년지원센터,경영,[울산] 청년 사업가 네트워크 1939(일구삼구) 상시 모집 공고,2026-02-05,2026-12-31,2026-02-06,https://www.bizinfo.go.kr/sii/siia/selectSIIA200Detail.do?pblancId=PBLN_000000000118296,,중소기업,"울산 청년들이 함께 만들어가는 청년 문화를 위해 청년을 위한 혜택을 제공하고 혜택을 받는 울산 청년 사업가 네트워크 1939(일구삼구)를 모집합니다. ☞ 할인, 체험 등 연계 해택 제공 가능한 울산 소상공인, 스타트업 등 19~39세 청년 사업가 ☞ 청년센터와 공식 파트너 인증, 홍보연계, 창업 교육ㆍ멘토링ㆍ네트워킹 지원","경영,기타,울산,공식파트너인증,울산청년지원센터,2026,청년사업가,창업교육,울산광역시,네트워킹,홍보,청년,스타트업,멘토링,소상공인",교육,9644
1277,경상북도,경상북도경제진흥원,내수,[경북] 영주시 2026년 공공배달앱 활성화 지원사업 참여업체 모집 공고(기본배달료 지원),2026-02-05,2026-09-30,2026-02-06,https://www.bizinfo.go.kr/sii/siia/selectSIIA200Detail.do?pblancId=PBLN_000000000118294,,중소기업,"영주시와 (재)경상북도경제진흥원은「영주시 소상공인 지원에 관한 조례 제8조」에 의거 배달료 부담으로 어려움을 겪고 있는 공공배달앱 가맹점 배달료 지원을 통해 가맹점의 경영안정을 도모하고자「영주시 공공배달앱 활성화 지원사업」참여업체를 다음과 같이 모집하오니, 많은 참여 바랍니다. ☞ 사업자등록증 소재지가 영주시이고, 경북 공공배달앱「먹깨비」가맹점 - 먹깨비 내 기본배달료 0원 설정 또는 동의 업체 ☞ 기본배달료 3,500원 지원(업체당 한도 42만원)","내수,경영,경북,기본배달료,2026,공공배달앱,영주시,경상북도경제진흥원,경상북도,먹깨비,배달료,소상공인",오프라인,8700
1278,전남광주통합특별시,광주정보문화산업진흥원,경영,2026년 실감콘텐츠 스튜디오 프로젝트 현물지원기업 모집 공고,2026-02-02,2026-12-01,2026-02-06,https://www.bizinfo.go.kr/sii/siia/selectSIIA200Detail.do?pblancId=PBLN_000000000118285,,중소기업,"실감콘텐츠 제작 스튜디오 시설ㆍ장비의 현물지원을 통한 실감콘텐츠 제작 지원을 위한 사업입니다. ☞ 실감콘텐츠 제작기업(또는 고유번호증을 보유한 단체 단위) - VR, XR, Stage, LED, Wall, MR 페이셜캡쳐 초토그래메트리 기반 기술을 활용한 콘텐츠 제작기업 ☞ 광주실감콘텐츠큐브(GCC) VX스튜디오 및 MR스튜디오 지원 ※ 자세한 지원내용 공고문 참조","경영,서울,부산,대구,인천,광주,대전,울산,세종,경기,강원,충북,충남,전북,전남,경북,경남,제주,Wall,Stage,2026,GCC,VX,광주실감콘텐츠큐브,현물,LED,광주정보문화산업진흥원,프로젝트,실감콘텐츠,VR,XR,스튜디오,광주광역시",시설/입지지원,8372
1279,경상북도,경상북도경제진흥원,기술,[경북] 2026년 중소벤처기업 지식재산권 및 해외인증 지원사업 참가기업 모집 공고,,,2026-02-05,https://www.bizinfo.go.kr/sii/siia/selectSIIA200Detail.do?pblancId=PBLN_000000000118245,예산 소진시까지,중소기업,경상북도와 경북경제진흥원에서는 도내 중소ㆍ벤처기업의 기술 경쟁력 향상과 대ㆍ내외 신뢰성 확보를 위해「2026년 중소벤처기업 지식재산권 및 해외인증 지원」사업의 참여기업을 다음과 같이 모집하오니 많은 참여 바랍니다. ☞ 도내 중소ㆍ벤처기업 ☞ 지식재산권 출원 및 해외인증 획득 비용 지원(기업당 최대 500만원) ※ 자세한 지원내용 공고문 참조,"기술,수출,경영,경북,2026,해외인증,지식재산권,경상북도경제진흥원,벤처기업,인증획득,경상북도,중소기업",시험/인증,8994
1280,서울특별시,서울시50플러스재단,인력,[서울] 2026년 중장년 경력 인재 지원(채용형) 참여기업 모집 공고,,,2026-02-05,https://www.bizinfo.go.kr/sii/siia/selectSIIA200Detail.do?pblancId=PBLN_000000000118237,예산 소진시까지,중소기업,"서울시50플러스재단은 경험과 경력을 보유한 중장년의 일자리 창출과 고용 기회 확대를 위해「중장년 경력 인재 지원(채용형)」사업을 추진하고 있습니다. 중장년 채용 수요가 있는 기업을 대상으로, 중장년의 경험과 역량을 현장에서 활용할 수 있도록 지원하오니 중장년 채용을 희망하는 기업의 많은 관심과 참여 바랍니다. ☞ 서울시 소재 기업 중 상시근로자수(고용보험 피보험자 기준) 5인 이상이며, 4대보험에 가입된 기업체(사업장)으로서, 40~64세 서울시민을 신규 채용한 기업 ☞ 중장년 채용에 대한 고용안정화를 위해, 아래에 해당하는 비용을","인력,서울,2026,상시근로자,근로자,서울시50플러스재단,중장년,인건비,서울특별시,고용,신규채용",국내일반인력,11902
1281,경기도,성남산업진흥원,창업,[경기] 성남시 2026년 창업기업 상시 멘토링 참여자(멘티) 모집 공고,,,2026-02-05,https://www.bizinfo.go.kr/sii/siia/selectSIIA200Detail.do?pblancId=PBLN_000000000118229,예산 소진시까지,창업벤처,"성남시 예비창업자/창업기업의 애로사항 해결을 지원하고자「상시 멘토링」프로그램을 운영하오니 많은 신청과 참여 바랍니다. ☞ 성남시에 거주하는 예비창업자 및 창업 7년 이내 성남시 소재 기업 ※ IT, SW 등 기술을 기반으로 한 기술창업에 한하여 지원 가능 ☞ 성남산업진흥원 전문위원 Pool을 활용한 기업별 1:1 멘토링 지원 - 경영일반, 마케팅, 법률, 특허, 투자유치 등 분야, 회당 2시간 내외 / 기업당 멘토링 3회 이내","창업,경기,2026,경영일반,법률,예비창업자,성남산업진흥원,창업기업,투자유치,경기도,마케팅,멘토링,특허",사업화지원,9339
1282,산업통상부,대한무역투자진흥공사,경영,2026년 방산 멘토링사업 참여기업 모집 공고,2026-02-04,2026-12-31,2026-02-05,https://www.bizinfo.go.kr/sii/siia/selectSIIA200Detail.do?pblancId=PBLN_000000000118226,,중소기업,"방산물자교역지원센터는 국내 방산 수출 강소기업 육성을 위한 '방산 지사화 사업'참여기업을 아래와 같이 모집하오니 관심 있는 중소ㆍ중견기업들의 많은 참여 바랍니다. ☞ 한국방위산업진흥회 (준)회원사 + 국방혁신기업100 지정사 (83개사) + GVC30지정사 + 지자체TP 방산기업 ☞ 방산 특화 수출마케팅 서비스, 방산 수출전문위원 멘토링 서비스, 홍보 동영상 제작 및 디지털 로드쇼 지원","기술,수출,내수,경영,서울,부산,대구,인천,광주,대전,울산,세종,경기,강원,충북,충남,전북,전남,경북,경남,제주,산업통상부,2026,무기,방산수출,방산,방위,대한무역투자진흥공사,중견기업,멘토링,중소기업",컨설팅,7166
1283,경기도,경기대진테크노파크,기술,[경기] 2026년 가구디자인창작공간운영사업 경기가구창작스튜디오 공동장비 활용 지원 참여기업 모집 공고,,,2026-02-04,https://www.bizinfo.go.kr/sii/siia/selectSIIA200Detail.do?pblancId=PBLN_000000000118213,상시 접수,소상공인,"경기대진테크노파크는 창업공간 및 장비 구축의 어려움을 겪는 가구 제조기업(소공인)을 지원하고자 「2026년 경기가구창작스튜디오 장비 활용 지원」 참여기업 모집을 진행합니다. 공동 기계 작업장 및 목공 기계·장비 사용을 희망하시는 가구 제조기업(소공인)의 많은 관심과 참여를 부탁드립니다. ☞ 경기도내 가구 제조 소공인 등 (단, 기계장비 사용 숙련자) ☞ 시제품 제작에 필요한 목공 기계ㆍ장비 사용 기회 제공","기술,경기,2026,경기가구창작스튜디오,가구창작스튜디오,목공,가구,장비,경기대진테크노파크,소공인,시제품제작,경기도,기계,제조업,가구제조기업",기술인력/장비지원,8741
1284,해양수산부,한국수산무역협회,금융,2026년 리스크안전망 구축 지원업체 모집 공고,,,2026-02-04,https://www.bizinfo.go.kr/sii/siia/selectSIIA200Detail.do?pblancId=PBLN_000000000118210,예산 소진시까지,중소기업,"우리 수산물의 경쟁력 향상을 위해 2026년 리스크안전망 구축 지원업체를 아래와 같이 모집하오니 관심 있는 업체의 많은 신청 바랍니다. ☞ 수산물 수출입 업체(중소ㆍ중견기업) ☞ 업체당 최대 70,000천원 (구축비용의 90~100%) 지원 - 단체보험, 환변동보험, 수출보험, 수입보험, 신용보증","금융,수출,서울,부산,대구,인천,광주,대전,울산,세종,경기,강원,충북,충남,전북,전남,경북,경남,제주,2026,수입보험,환변동보험,신용보증,리스크안전망,한국수산무역협회,수출보험,단체보험,중견,수산물,해양수산부,중소기업",보험(수출+무역),7379
1285,중소벤처기업부,중소기업기술정보진흥원,인력,2026년 중소기업 연구인력지원사업 공고,,,2026-02-04,https://www.bizinfo.go.kr/sii/siia/selectSIIA200Detail.do?pblancId=PBLN_000000000118209,세부사업별 상이,중소기업,"「2026년 중소기업 연구인력지원사업 시행계획」을 다음과 같이 공고하오니, 동 사업에 참여하고자 하는 중소기업은 사업 안내에 따라 신청하시기 바랍니다. ☞ 「중소기업기본법」제2조에 따른 중소기업으로, 기업부설연구소 또는 연구개발전담부서를 보유한 중소기업 등 ※ 지원사업별 지원대상이 상이하므로 자세한 지원대상 공고문 참조 ☞ 신진 연구인력 채용지원, 고경력 연구인력 채용지원, 공공연 연구인력 파견지원, 연구인력 현장맞춤형 양성지원 ※ 지원사업별 지원내용이 상이하므로 자세한 지원내용 공고문 참조","인력,서울,부산,대구,인천,광주,대전,울산,세종,경기,강원,충북,충남,전북,전남,경북,경남,제주,2026,연구개발전담부서,연구인력,기업부설연구소,중소기업기술정보진흥원,중소벤처기업부,중소기업",국내전문인력,28424
1286,인천광역시,직접수행,금융,[인천] 2026년 농어촌진흥기금 융자지원 사업계획 공고,2026-02-10,2026-09-30,2026-02-04,https://www.bizinfo.go.kr/sii/siia/selectSIIA200Detail.do?pblancId=PBLN_000000000118207,,중소기업,농어업 생산구조개선과 우수농수산물 생산기반을 구축하여 농어업의 경쟁력 제고 도모를 위한 2026년 농어촌진흥기금 융자지원 사업계획을 공고합니다. ☞ 인천광역시 관내 농ㆍ어업인 및 생산자단체 ☞ 자금별 융자 대출에 따른 이자차액 보전(대출금리 중 3.0%) 지원 ※ 자세한 지원내용 공고문 참조,"금융,인천,2026,우수농수산물,농어업인,생산자단체,농어촌진흥기금,인천광역시,직접수행,융자",융자,7498
1287,중소벤처기업부,한국여성경제인협회,경영,2026년 여성기업 육성사업 공고,,,2026-02-04,https://www.bizinfo.go.kr/sii/siia/selectSIIA200Detail.do?pblancId=PBLN_000000000118204,세부사업별 상이,여성기업,"여성창업 활성화와 여성기업 경쟁력 강화를 위한 「2026년 여성기업 육성사업」을 다음과 같이 공고합니다. ☞ 여성 (예비)창업자 및「중소기업기본법」상 중소기업인 중 여성기업 ※ 지원사업별 지원대상이 상이하므로 자세한 지원대상 공고문 참조 ☞ 펨테크 산업 육성, 여성창업 보육센터 운영, 여성창업 액셀러레이팅, 여성기업 경영애로 지원, 여성기업 판로역량 강화 지원, 여성기업 제품 공공구매 확대 지원, 여성기업 맞춤형 인력 매칭, 미래여성경제인 육성, 여성CEO비즈니스아카데미, 전국 여성 CEO 경영연수 지원 ※ 지원사업별 지원내용이 상","금융,수출,내수,창업,경영,서울,부산,대구,인천,광주,대전,울산,세종,경기,강원,충북,충남,전북,전남,경북,경남,제주,2026,여성기업종합지원센터,한국여성경제인협회,육성,여성창업,여성기업,중소벤처기업부,중소기업,예비창업자,창업자,펨테크",디자인/상품화/사업화,26140
1288,전남광주통합특별시,직접수행,금융,[광주] 2026년 식품진흥기금 융자지원계획 공고,,,2026-02-04,https://www.bizinfo.go.kr/sii/siia/selectSIIA200Detail.do?pblancId=PBLN_000000000118203,예산 소진시까지,중소기업,"식품위생법 제89조(식품진흥기금) 제3항 제1호 및 광주광역시 식품진흥기금관리ㆍ운용조례 제13조(융자계획의 공고)에 따라 2026년도 식품진흥기금 융자지원 계획을 다음과 같이 공고합니다. ☞ 융자신청일 현재 광주광역시 내에서 식품위생법에 의한 영업 신고(허가,등록)를 하고 있는 자로서 위생관리 시설을 개선ㆍ확충 하려는 자 ☞ 시설개선자금 1천만원~1억원 이내 및 육성자금 1천만원 지원 ※ 자세한 지원내용 공고문 참조","금융,광주,2026,업소,시설개선자금,식품진흥기금,육성자금,식품제조,시설개선,광주광역시,직접수행,전남광주,전남광주통합특별시",융자,8187
1289,인천광역시,직접수행,금융,[인천] 2026년 식품진흥기금 융자사업 공고,,,2026-02-04,https://www.bizinfo.go.kr/sii/siia/selectSIIA200Detail.do?pblancId=PBLN_000000000118191,예산 소진시까지,중소기업,"식품위생업소의 위생 수준 향상을 위한 2026년 인천광역시 식품진흥기금 융자사업을 다음과 같이 공고합니다. ☞ 인천 소재 음식점 및 업소 - 육성자금 : 모범음식점, 위생등급제 지정업소 - 시설개선자금 : 식품제조ㆍ가공업소, 식품접객업소(유흥ㆍ단란 제외) ☞ (육성자금) 업소당 2천만원 이내 / (시설개선자금) 업소당 1천만원～2억원 이내 지원","금융,인천,2026,모범음식점,식품접객업소,식품제조가공업소,식품진흥기금,인천광역시,직접수행",융자,7819
1290,경기도,경기신용보증재단,금융,[경기] 2026년 사회적경제조직 특례보증 및 이차보전 지원 사업 공고,,,2026-02-04,https://www.bizinfo.go.kr/sii/siia/selectSIIA200Detail.do?pblancId=PBLN_000000000118182,예산 소진시까지,사회적기업,"「경기도 사회적경제 기본조례」 제12조(특례보증)에 따라 경기도 사회적경제조직 특례보증 및 이차보전금 지원계획을 다음과 같이 공고합니다. ☞ 사업장이 도내에 소재하는 기업 중 다음 중 하나에 해당하는 영리기업인 경우,다만, 비영리사업자 가능으로 표시된 경우 비영리사업자도 지원할 수 있음 - 「사회적기업 육성법」 제2조에 의한 사회적기업(비영리사업자 가능) -「경기도 사회적경제 기본조례」 제2조에 의한 예비사회적기업 -「협동조합기본법」 제2조에 의한 협동조합(비영리사업자 가능) -「경기도 사회적경제 기본조례」 제2조에 의한 마을기업 ","금융,경기,2026,비영리사업자,소비자생활협동조합,소셜벤처기업,특례보증,사회적경제조직,사회적경제,이차보전,자활기업,경기신용보증재단,경기도,예비사회적기업,마을기업,협동조합,사회적기업",융자,9731
1291,전남광주통합특별시,광주경제진흥상생일자리재단,금융,[광주] 2026년 중소유통업구조개선자금 지원계획 공고,,,2026-02-03,https://www.bizinfo.go.kr/sii/siia/selectSIIA200Detail.do?pblancId=PBLN_000000000118134,예산 소진시까지,중소기업,"「광주광역시 중소기업육성기금 특별회계설치 및 운용조례」 제7조에 따라 2026년도 광주광역시 중소유통업구조개선자금 지원 계획을 다음과 같이 공고합니다. ☞ 통계청의 한국표준산업분류표 상 도매 및 소매업종을 영위하고, 광주광역시 관내에 사업자 등록을 한 후 6개월 이상 영업 중인 중소유통업체 ☞ 시설개선자금(지원한도 2억원 이하, 3년거치 5년균분상환), 운전자금(지원한도 1억원 이하,1년거치 2년균분상환) 지원","금융,광주,2026,중소유통업구조개선자금,중소유통업체,광주경제진흥상생일자리재단,시설개선자금,중소기업육성기금,중소유통업,운전자금,광주광역시,전남광주,전남광주통합특별시",융자,8190
1292,경상북도,경북IT융합산업기술원,기술,[경북] 2026년 화장품산업 경쟁력 강화사업(성분 분석ㆍ검증 시험인증) 모집공고,2026-01-29,2026-10-30,2026-02-03,https://www.bizinfo.go.kr/sii/siia/selectSIIA200Detail.do?pblancId=PBLN_000000000118133,,중소기업,"뷰티산업 활성화와 기업의 성장을 위해, 경상북도와 경산시가 지원하는「2026년도 화장품산업 경쟁력 강화사업」 모집 공고를 다음과 같이 진행하오니 관련 기업의 많은 참여 바랍니다. ☞ 경북지역 內 본사, 공장, 연구소 등 1개 이상 소재한 화장품 기업 ☞ 성분 분석/검증 시험인증 기업당 최대 80만원 이내 지원","기술,경북,2026,성분분석,화장품산업,경북IT융합산업기술원,분석,시험인증,뷰티산업,검증,인증,화장품,경상북도",시험/인증,8456
1293,전남광주통합특별시,광주경제진흥상생일자리재단,금융,[광주] 2026년 상반기 일반경영안정자금 지원 공고,,,2026-02-03,https://www.bizinfo.go.kr/sii/siia/selectSIIA200Detail.do?pblancId=PBLN_000000000118131,예산 소진시까지,중소기업,"「광주광역시 중소기업육성기금 특별회계설치 및 운용조례」 제7조의 규정에 따라 2026년도 상반기 일반경영안정자금 지원 계획을 다음과 같이 공고합니다. ☞ 광주광역시 내 중소 제조업체 및 제조업 관련 서비스업체, 지식서비스업체 등 ☞ 지원 한도액 업체당 3억원 이내 일반경영안정자금 지원 ※ 프리(PRE)-명품강소기업, 명품강소기업, 일자리우수기업, 우수중소기업인, 광주형일자리기업, 산업안전보건우수기업 : 업체당 5억원 이내 - 상환 조건 : 2년거치 일시상환 - 대출 금리 : 취급은행과 신청업체 간 협의하여 적용 - 이차 보전율 : ","금융,광주,2026,광주경제진흥상생일자리재단,일반경영안정자금,중소기업육성기금,광주광역시,중소기업,제조업,서비스업,지식서비스업,전남광주,전남광주통합특별시",융자,10261
1294,울산광역시,직접수행,경영,[울산] 2026년 이전ㆍ창업기업(기술강소기업) 특별보조금 지원사업 공고,,,2026-02-03,https://www.bizinfo.go.kr/sii/siia/selectSIIA200Detail.do?pblancId=PBLN_000000000118122,예산 소진시까지,중소기업,"기술력이 뛰어난 기술강소기업에 대한 특별보조금 지원으로 울산 유치(이전) 및 창업을 촉진하여 일자리를 창출하고 지역경제 활성화에 기여하고자 하오니 많은 신청바랍니다. ☞ 상시고용인원 10인 이상인 신청일 현재 기준 3년이 지나지 않은 이전ㆍ창업 기업 중 다음 중 어느 하나에 해당하는 기업 - 기술혁신형 중소기업 또는 경영혁신형 중소기업(이노비즈, 메인비즈), 기업부설연구소, 벤처기업 등 ※ 자세한 지원대상 공고문 참조 ☞ 입지보조금, 장비보조금, 고용보조금 지원 - (입지보조금) 산업단지 또는 개별입지의 정상분양가, 정상지가, 정상","인력,창업,경영,울산,이전창업,2026,장비보조금,입지보조금,특별보조금,특별지원,고용보조금,이전,기술강소기업,울산광역시,벤처기업,기업부설연구소,직접수행,중소기업",시설/입지지원,8271
1295,서울특별시,기초자치단체,경영,[서울] 은평구 2026년 소규모 자영업자 LED간판 설치 지원사업 공고,,,2026-02-03,https://www.bizinfo.go.kr/sii/siia/selectSIIA200Detail.do?pblancId=PBLN_000000000118108,예산 소진시까지,소상공인,불법간판을 정비하고 규정에 맞는 간판설치를 유도하여 도시미관 개선에 기여하기 위한 「2026년 소규모 자영업자 LED간판 설치 지원사업」을 다음과 같이 공고하니 많은 참여 바랍니다. ☞ 다음을 모두 충족하는 은평구 관내에 사업장이 등록된 소규모 자영업자 - 면적 기준 : 99㎡ 미만 - 은평구에 등록된 옥외광고업체를 선정해 간판 설치하는 사업자 - 2025. 1. 1. 이후 은평구에서 간판 교체 지원받은 내역이 없는 사업자 ☞ 영업장 면적 99㎡(30평) 미만 신규 및 기존 자영업자에게 에너지 절약형 LED벽면이용간판(입체형 또는 ,"경영,서울,2026,간판설치,옥외광고,간판,은평구,소규모,자영업자,기초자치단체,서울특별시,소상공인",시설/입지지원,9573
1296,성평등가족부,서울광역여성새로일하기센터,인력,[서울] 2026년 조직문화 더하기+ 컨설팅 참여 기업 모집 공고,,,2026-02-02,https://www.bizinfo.go.kr/sii/siia/selectSIIA200Detail.do?pblancId=PBLN_000000000118099,예산 소진시까지,중소기업,"조직문화 더하기+ 컨설팅은 기업의 가족친화경영과 근로자의 일ㆍ가정ㆍ삶의 조화를 위한 기업 맞춤형 컨설팅을 지원합니다. ☞ 서울소재 기업 ☞ 조직문화 더하기+ 컨설팅(취업규칙, 복무지침 등 검토, 가족친화인증 지표 확인, 건강한 조직문화 만들기 교육, HRD 프로그램) 지원","인력,경영,서울,팀빌딩워크숍,성평등가족부,2026,근로자교육,근로자역량강화,HRD지원,조직소통,가족친화직장교육,무료지원사업,갈등관리,그룹코칭,조직문화,직장문화,서울광역여성새로일하기센터,협업,문제해결,고용유지,기업지원,일생활균형,가족친화경영,워라밸,가족친화인증,컨설팅,셀프리더십",작업환경개선,8761
1297,서울특별시,기초자치단체,금융,[서울] 서초구 2026년 중소기업육성기금 융자지원 계획 공고,,,2026-02-02,https://www.bizinfo.go.kr/sii/siia/selectSIIA200Detail.do?pblancId=PBLN_000000000118098,예산 소진시까지,중소기업,"고물가, 고금리로 인해 자금난에 처한 관내 중소기업의 경영안정을 도모하고 지역경제를 활성화하고자「2026년 서초구 중소기업육성기금 융자지원 계획」을 다음과 같이 공고합니다. ☞ 신청일 현재 서초구에 주사무소(본점)를 둔 중소기업 또는 서초구에 공장등록 된 제조업체 ☞ 시설자금, 운전자금, 기술개발자금 업체당 5천만원 이내(융자금리 연 0.8%) 지원","금융,서울,2026,기술개발자금,중소기업육성기금,서초구,운전자금,시설자금,제조업체,기초자치단체,서울특별시,융자",융자,11674
1298,서울특별시,기초자치단체,금융,[서울] 관악구 2026년 상반기 중소기업육성기금 융자지원 계획 공고,,,2026-02-02,https://www.bizinfo.go.kr/sii/siia/selectSIIA200Detail.do?pblancId=PBLN_000000000118094,예산 소진시까지,중소기업,"「서울특별시 관악구 중소기업육성기금 설치 및 운용 조례」 제7조 및 제8조에 따라 관악구 중소기업육성기금 융자지원 계획을 아래와 같이 공고합니다. ☞ 관악구에 사업장을 두고 사업자등록한 지 6개월 경과한 관내 중소기업자 및 소상공인 ☞ 중소기업 1억원 이내, 소상공인 5천만원 이내 융자 지원","금융,서울,2026,중소기업육성기금,관악구,융자지원,서울특별시,소상공인,중소기업,기초자치단체",융자,8606
1299,서울특별시,기초자치단체,금융,[서울] 서초구 2026년 시중은행 협력자금 대출이자 지원 계획 공고,,,2026-02-02,https://www.bizinfo.go.kr/sii/siia/selectSIIA200Detail.do?pblancId=PBLN_000000000118093,예산 소진시까지,중소기업,"고물가, 고금리로 어려움을 겪고 있는 관내 중소기업의 경영안정을 도모하고 지역경제를 활성화를 위해「2026년 서초구 시중은행 협력자금 대출이자 지원계획」을 다음과 같이 공고합니다. ☞ 신청일 현재 서초구에 주사무소(본점)를 둔 중소기업 또는 서초구에 공장등록 된 제조업체 ☞ 대출금리 3% 이내 지원(업체 부담 금리 최소 1.5%) - 운전자금 업체당 2억원 이내","금융,서울,2026,대출금리,서초구,운전자금,기초자치단체,서울특별시,제조업,중소기업",융자,8971
1300,부산광역시,기초자치단체,인력,[부산] 영도구 2026년 어업활동지원 사업 신청 공고,,,2026-02-02,https://www.bizinfo.go.kr/sii/siia/selectSIIA200Detail.do?pblancId=PBLN_000000000118088,예산 소진시까지,중소기업,"사고ㆍ질병, 교육, 임신 등으로 어업활동이 곤란한 어업인에게 어업활동을 유지할 수 있도록 어업을 대신할 인력 채용 비용 지원하는 2026년도 어업활동지원 사업 신청 안내(이용자 및 대체인력자 대상) 사항을 다음과 같이 공고합니다. ☞ 사고ㆍ질병, 교육, 임신 등으로 영어활동이 곤란한 어업인 - 수산업ㆍ어촌발전기본법 제3조 제3호에 따른 어업인으로 어업경영체에 등록된 어업인 ☞ 영어를 대행한 대체인력에게 1일 120,000원(국고 60,000원) 이내 지원","인력,경영,부산,어업활동지원,2026,영도구,어업인,어업경영체,대체인력,부산광역시,기초자치단체",국내일반인력,6556
1301,대구광역시,대구신용보증재단,금융,[대구] 2026년 동구 소상공인 경영안정자금 지원사업 공고,,,2026-02-02,https://www.bizinfo.go.kr/sii/siia/selectSIIA200Detail.do?pblancId=PBLN_000000000118067,예산 소진시까지,소상공인,"동구 소재 소상공인의 경영 안정을 돕고자 「2026년 대구광역시 동구 소상공인 경영안정자금 지원사업」을 다음과 같이 공고합니다. ☞ 동구에 3개월 이상 영업 중인 소상공인 ☞ 대출한도 기업당 3천만원 이내, 이차보전 2년 간 대출이자 2% 지원","금융,대구,2026,대구신용보증재단,경영안정자금,동구,이차보전,대구광역시,대출,소상공인",융자,11176
1302,대구광역시,대구신용보증재단,금융,[대구] 달성군 2026년 소상공인 경영안정자금 지원사업 공고,,,2026-02-02,https://www.bizinfo.go.kr/sii/siia/selectSIIA200Detail.do?pblancId=PBLN_000000000118064,예산 소진시까지,소상공인,"「대구광역시 달성군 소상공인 지원에 관한 조례」에 따라 경기침체와 고금리로 경영에 어려움을 겪고 있는 소상공인들에게 특례보증을 통한 경영안정자금 대출 및 이자 지원을 위한 「2026년 소상공인 경영안정자금 지원사업」을 아래와 같이 공고합니다. ☞ 사업장 주소가 달성군에 있고 관할 세무서에 사업자등록을 하고 영업행위를 하는 소상공인 ☞ 특례보증(같은 기업당 한도 7천만원), 이차보전 2년간 대출이자 중 2% 지원","금융,대구,2026,특례보증,대구신용보증재단,경영안정자금,달성군,대출이자,이차보전,대구광역시,기초자치단체",융자,10580
1303,중소벤처기업부,중소벤처기업진흥공단,인력,2026년 기업인력애로센터 활용 취업지원 사업 구인기업 및 구직자 모집 공고,,,2026-01-30,https://www.bizinfo.go.kr/sii/siia/selectSIIA200Detail.do?pblancId=PBLN_000000000118037,상시 접수,중소기업,"구인애로 중소기업과 취업에 어려움이 있는 구직자를 대상으로 일자리 매칭을 지원하기 위해, “기업인력애로센터 활용 취업 지원 사업”에 참여할 구인기업 및 구직자를 아래와 같이 모집합니다. ☞ 중소기업기본법 제2조 및 시행령 제3조에 따른 중소기업으로 구인 의사가 있으나 인력 채용에 애로가 있는 기업 ※ 자세한 지원대상 공고문 참조 ☞ 전문상담사의 1:1 구인 컨설팅, 구인공고 작성 및 게시, 인재추천 및 매칭, 정책연계 서비스 제공 등 지원","인력,서울,부산,대구,인천,광주,대전,울산,세종,경기,강원,충북,충남,전북,전남,경북,경남,제주,구인 컨설팅,2026,기업인력애로센터,인재추천,인재매칭,구직자,구인기업,구인,중소벤처기업진흥공단,중소벤처기업부,중소기업",인력정보제공,8701
1304,중소벤처기업부,중소벤처기업진흥공단,인력,2026년 중소벤처기업부 숙련기능인력(E-7-4) 전환추천 공고,,,2026-01-30,https://www.bizinfo.go.kr/sii/siia/selectSIIA200Detail.do?pblancId=PBLN_000000000118054,상시 접수,중소기업,"중소벤처기업부는 최근 10년간 4년 이상 E-9, E-10 등의 자격으로 국내 제조 중소기업에서 근무 중인 외국인이 숙련기능인력 점수제 비자로 체류자격을 전환할 수 있도록 지원하는 숙련기능인력(E-7-4) 전환추천을 다음과 같이 공고합니다. ☞ 신청 외국인 산업재해보상보험 가입한 제조업종 국내 중소기업, 근로자 ※ 자세한 지원대상 공고문 참조 ☞ 법무부가 확대ㆍ할당한 중기부 추천 쿼터에 따라 숙련기능인력(E-7-4) 전환추천 지원","인력,서울,부산,대구,인천,광주,대전,울산,세종,경기,강원,충북,충남,전북,전남,경북,경남,제주,2026,중소벤처기업부,중소벤처기업진흥공단,중소기업,제조업,산업재해보상보험,외국인,숙련기능인력,비자",해외인력,9414
1305,중소벤처기업부,중소벤처기업진흥공단,인력,2026년 중소벤처기업부 외국전문인력(E-7-1) 고용추천 공고,,,2026-01-30,https://www.bizinfo.go.kr/sii/siia/selectSIIA200Detail.do?pblancId=PBLN_000000000118049,상시 접수,중소기업,"중소벤처기업부는 국내 중소기업과의 계약에 따라 중기부 고용추천 27개 직종에 종사하려는 외국인 유학생이 전문인력 특정활동 비자를 발급받을 수 있도록 지원하는 외국전문인력(E-7-1) 고용추천을 다음과 같이 공고합니다. ☞ 국내 중소기업, 외국인 유학생 - 외국인 유학생 : (전문학사) 국내 전문대학 졸업(예정) 전문학사 학위 소지자(D-2, D-10) / (학사이상) 국내 대학 졸업(예정) 학사이상 학위 소지자(D-2, D-10) ※ 자세한 지원대상 공고문 참조 ☞ 국내 중소기업과의 계약에 따라 중기부 고용추천 27개 직종에 종사하","인력,서울,부산,대구,인천,광주,대전,울산,세종,경기,강원,충북,충남,전북,전남,경북,경남,제주,2026,중소벤처기업부,중소벤처기업진흥공단,외국전문인력,고용추천,중소기업,비자,유학생,외국인유학생",해외인력,8867
1306,충청북도,청주상공회의소,인력,[충북] 청주시 2026년 도시근로자 지원사업 참여기업 모집 공고,,,2026-01-30,https://www.bizinfo.go.kr/sii/siia/selectSIIA200Detail.do?pblancId=PBLN_000000000118047,예산 소진시까지,중소기업,"청주시(청주상공회의소)가 주관하는 「2026년 충북형 도시근로자 지원사업」 에 참여할 청주시 소재 중소ㆍ중견기업(제조업 외 5개 업종) 또는 사회복지 시설 또는 사회적경제기업을 아래와 같이 모집합니다. ☞ 청주 소재 중소ㆍ중견기업 (제조업, 숙박업, 음식점업 및 주점업, 스포츠클럽운영업, 소화물 전문 운송업, 보관 및 창고업) ☞ 관내 또는 인접 시도에 주소지를 둔 20세 ~ 75세 이하 단시간 근로자 신규채용 시 인건비 일부(최저시급의 40%, 1일 4시간) 지원","인력,충북,2026,도시근로자,신규채용,청주시,청주상공회의소,인건비,충청북도,중소기업,중견기업,제조업,숙박업,음식점업,주점업,스포트클럽,운송업,보관및창고업",고용환경개선,9488
1307,충청북도,신용보증기금,금융,[충북] 2026년 사회적기업 육성자금 이차보전금 지원계획 공고,,,2026-01-30,https://www.bizinfo.go.kr/sii/siia/selectSIIA200Detail.do?pblancId=PBLN_000000000118033,예산 소진시까지,사회적기업,"「사회적기업육성법」제11조,「충청북도 사회적기업 육성지원에 관한 조례」제6조에 따라 사회적기업 또는 예비사회적기업 육성자금 이차보전금 지원계획을 다음과 같이 공고합니다. ☞ 도내 소재 사회적기업 또는 예비사회적기업 ☞ 기업 운영 및 시설자금 대출에 대한 이자차액(2.5%) 지원 - 업체당 1억원 이내, 최대 5년 지원(인증3, 예비2)","금융,충북,이차보저금,2026,이자차액,육성자금,신용보증기금,시설자금,충청북도,예비사회적기업,사회적기업",융자,7724
1308,전북특별자치도,직접수행,경영,2026년 전북특별자치도 관광객 유치 여행사 보상금 지급 공고,,,2026-01-30,https://www.bizinfo.go.kr/sii/siia/selectSIIA200Detail.do?pblancId=PBLN_000000000118032,상시 접수,중소기업,"「전북특별자치도 관광진흥에 관한 조례」에 의거 전북특별자치도 관광객 유치 활성화를 위한 「관광객 유치 여행사 보상금 지급 계획」을 다음과 같이 공고합니다. ☞ 관광진흥법 제3조 및 같은 법 시행령 제2조제1항에 의한 여행업 등록업체 ☞ 단체 관광객 숙박비, 문화체험비, 차량임차비 등 지원","경영,전북,보상금,문화체험비,2026,전북특별자치도,관광객유치,차량임차비,숙박비,여행사,여행업,직접수행",디자인/상품화/사업화,8169
1309,전남광주통합특별시,한국무역협회광주전남지역본부,수출,[전남] 2026년 개별바이어 초청 수출상담회 지원사업 신청 공고,2026-01-27,2026-11-27,2026-01-30,https://www.bizinfo.go.kr/sii/siia/selectSIIA200Detail.do?pblancId=PBLN_000000000118028,,중소기업,"전라남도에서는 구매력이 검증된 해외 바이어 초청을 통해 기업 현장 방문 및 대면 수출 상담을 지원하고, 실질적인 수출계약 성과 창출을 위해 「2026년 개별바이어 초청 수출상담회 지원사업」을 시행하오니 많은 관심과 신청 바랍니다. ☞ 도내 수출 중소기업 ☞ 국내외 항공료 및 교통비, 숙박비, 통역비 등 지원 - 기업당 바이어 2인 이내, 최대 2백만 원 / 기업당 지원횟수 최대 2회 지원","수출,내수,전남,2026,개별바이어,교통비,초청,통역비,숙박비,항공료,한국무역협회광주전남지역본부,통역,수출상담회,전라남도,바이어,전남광주,전남광주통합특별시",해외진출준비,7830
1310,부산광역시,부산테크노파크,기술,2026년 KOLAS 공인 제품인증 서비스 바우처 지원사업 참가 희망기업 모집 공고,,,2026-01-30,https://www.bizinfo.go.kr/sii/siia/selectSIIA200Detail.do?pblancId=PBLN_000000000118027,예산 소진시까지,중소기업,"KOLAS 공인 제품인증기관(KPC033)인 (재)부산테크노파크에서는 우수한 품질의 신발 완제품에 대한 인증서비스 지원을 통해 국내 신발기업의 시장 보호 및 완제품 품질 성능 향상을 위한 “KOLAS 공인 제품인증 서비스 바우처 지원사업” 을 추진합니다. 이에 본 사업에 참가를 희망하는 기업의 많은 관심과 참여 부탁드립니다. ☞ 신발기업 ☞ KOLAS 공인 제품인증 시 발생하는 수수료 지원 - 샘플링수수료, 인증수수료, 인증서발급수수료, 인증서발급수수료, 시험수수료, 마크제작비용 무상","기술,서울,부산,대구,인천,광주,대전,울산,세종,경기,강원,충북,충남,전북,전남,경북,경남,제주,KOLAS ,2026,부산테크노파크,신발기업,수수료,제품인증,부산광역시,바우처,인증서,인증,샘플링,시험,마크제작비,수수료 지원,신발",시험/인증,8178
1311,부산광역시,부산테크노파크,경영,2026년 이동 생체역학 성능평가 지원사업 참가 희망 모집 공고,,,2026-01-30,https://www.bizinfo.go.kr/sii/siia/selectSIIA200Detail.do?pblancId=PBLN_000000000118025,예산 소진시까지,중소기업,부산테크노파크에서는 신발관련 산/학/연 방문을 통한 생체역학 성능평가 데모시연 및 교육을 통해 기능성 신발 개발 활성화를 도모하고자 “이동 생체역학 성능평가 지원사업” 을 추진합니다. 이에 본 사업에 참가를 희망하는 산/학/연의 많은 관심과 참여 부탁드립니다. ☞ 참가희망 신발관련 산/학/연 ☞ 개별 방문을 통한 생체역학 성능평가 데모시연 및 교육 지원,"경영,서울,부산,대구,인천,광주,대전,울산,세종,경기,강원,충북,충남,전북,전남,경북,경남,제주,2026,이동생체역학,데모시연,부산테크노파크,성능평가,신발,부산광역시,교육,산학연,교육 지원,신발 관련",교육,6680
1312,인천광역시,인천테크노파크,금융,[인천] 2026년 중소기업육성자금 지원계획 공고,,,2026-01-30,https://www.bizinfo.go.kr/sii/siia/selectSIIA200Detail.do?pblancId=PBLN_000000000118017,예산 소진시까지,중소기업,"「인천광역시 중소기업경영안정자금 지원 및 운용조례」 제6조및 「인천광역시 중소기업 육성기금 설치 및 운용조례」 제13조의 규정에 의거 2026년도 인천광역시 중소기업육성자금지원계획을 다음과 같이 공고합니다. ☞ 인천소재 제조업 또는 제조업관련업 중소기업 등 ※ 자금별 지원대상 상이, 공고문 참조 ☞ 경영안정자금(이자차액보전, 매출채권보험 보험료, 협약보증), 구조고도화자금(기계ㆍ공장 지원확보 자금, 벤처창업자금, 에너지효율화자금, 재해기업자금) 지원 ※ 자금별 지원한도 등 상이, 공고문 참조","금융,인천,기금융자,구조구도화,매출채권보험보험료,2026,매출채권보험,이자차액보전,이자차액,협약보증,경영안정자금,보험료,운전자금,기술보증기금,신용보증기금,인천테크노파크,인천광역시,융자",융자,10926
1313,경상남도,직접수행,금융,[경남] 2026년 농어촌진흥기금 농산물 가격안정자금 융자시행계획 공고,2026-02-02,2026-12-31,2026-01-30,https://www.bizinfo.go.kr/sii/siia/selectSIIA200Detail.do?pblancId=PBLN_000000000118014,,중소기업,"「경상남도 농어촌진흥기금 설치 및 운용 조례」제11조의 규정에 의하여 경상남도 소재 농업인, 농업관련 법인, 생산자단체에 대한 농어촌진흥기금 가격안정자금 융자시행계획을 다음과 같이 공고합니다. ☞ 도내 생산 농산물을 수매ㆍ저장하고자 하는 도내 거주하는 농업인 및 도내 주된 사무소를 둔 농업 관련 법인ㆍ생산자단체 - 대상품목 : 도내 생산 농산물(마늘, 양파, 녹차, 단감 등) ☞ 운영자금 융자 지원(연리 1.0%, 청년농업인 0.8%) - 지원한도 개인 50백만원, 법인 70백만원 지원","금융,경영,경남,단감,농업관련,2026,양파,녹차,마늘,생산자단체,운영자금,농업법인,농산물,농업,농업인,경상남도,직접수행,융자,농어촌진흥기금",융자,8071
1314,경기도,경기신용보증재단,금융,[경기] 용인시 2026년 중소기업 특례보증 지원계획 공고,,,2026-01-30,https://www.bizinfo.go.kr/sii/siia/selectSIIA200Detail.do?pblancId=PBLN_000000000117995,예산 소진시까지,중소기업,"「용인시 중소기업의 육성 및 지원에 관한 조례」제5조에 따른 2026년 용인시 중소기업 특례보증 지원계획을 다음과 같이 공고합니다. ☞ 「중소기업기본법」 제2조에 따른 중소기업으로, 용인시 관내에 주된 사무소(본사) 또는 사업장을 둔 기업 ☞ 기업당 최대 3억원 운전자금 지원","금융,경기,2026,경기신용보증재단,경기도,운전자금,특례보증,용인시",보증,9163
1315,과학기술정보통신부,국가연구시설장비진흥센터,기술,2026년 나눔장비 이전지원사업 모집 공고,,,2026-01-29,https://www.bizinfo.go.kr/sii/siia/selectSIIA200Detail.do?pblancId=PBLN_000000000117992,예산 소진시까지,중소기업,"국가R&D로 구축한 연구장비의 활용 촉진 및 투자 효율성 제고를 위해 2026년 나눔장비(유휴ㆍ저활용장비) 이전지원사업을 아래와 같이 공고하오니 많은 참여 바랍니다. ☞ 지방자치단체, 공공기관, 교육기관, 연구기관, 국가보훈단체, 연구개발 또는 국산 장비개발 관련 중소기업 등 ☞ 연구장비 이전ㆍ설치에 소요되는 비용 장비 당 취득금액의 20% 이내(최대 6천만원) 지원","기술,서울,부산,대구,인천,광주,대전,울산,세종,경기,강원,충북,충남,전북,전남,경북,경남,제주,전활용장비,나눔장비이전,나눔장비,2026,국가연구시설장비진흥센터,장비개발,이전,연구장비,설치,과학기술정보통신부,중소기업",기술인력/장비지원,10905
1316,중소벤처기업부,중소기업기술정보진흥원,경영,2026년 스마트공장 수준확인 사업 공고,,,2026-01-29,https://www.bizinfo.go.kr/sii/siia/selectSIIA200Detail.do?pblancId=PBLN_000000000118006,예산 소진시까지,중소기업,「2026년도 스마트공장 수준확인 사업」의 지원계획을 다음과 같이 공고합니다. ☞ 국내 중소ㆍ중견기업 ※ 공고문 참조 ☞ 스마트화 수준확인 및 고도화 전략 제공 지원 - (스마트화 수준확인) 기업이 제조수준에 대하여 인식 할 수 있도록 기업 스마트화 수준확인 및 수준확인서 제공 - (고도화 전략 제공) 기업이 스마트공장 구축 및 고도화 방향 결정에 활용 할 수 있도록 심사보고서 제공,"기술,경영,서울,부산,대구,인천,광주,대전,울산,세종,경기,강원,충북,충남,전북,전남,경북,경남,제주,심사보고서,스마트화수준확인,수준확인서,고도화전략,2026,수준확인,스마트제조혁신협회,구축,대한상공회의소,중견,스마트공장,중소기업기술정보진흥원,중소벤처기업부,중소기업",시설/입지지원,12594
1317,경기도,용인시산업진흥원,인력,[경기] 용인시 2026년 다통해 서포터즈(시민 통번역 서포터즈) 지원사업 공고,,,2026-01-29,https://www.bizinfo.go.kr/sii/siia/selectSIIA200Detail.do?pblancId=PBLN_000000000118003,예산 소진시까지,중소기업,용인시에서는 외국어에 능통한 시민들을 통번역 서포터즈로 선발하여 통번역이 필요한 중소기업을 지원하고 있습니다. 수출과 관련하여 외국어 통번역이 필요한 용인시 중소기업을 기다립니다. ☞ 본점 또는 공장 소재지가 용인시인 중소기업 ☞ 서포터즈 통ㆍ번역 지원 ※ 자세한 지원내용 본문 참조,"인력,수출,경영,경기,2026,해외시장진출,용인시산업진흥원,용인시,번역,서포터즈,통역,해외바이어,경기도,중소기업,통번역",국내일반인력,7556
1318,세종특별자치시,직접수행,경영,2026년 세종특별자치시 단체관광객 유치 여행사 인센티브 지원사업 계획 공고,,,2026-01-29,https://www.bizinfo.go.kr/sii/siia/selectSIIA200Detail.do?pblancId=PBLN_000000000117958,예산 소진시까지,중소기업,세종특별자치시에서 단체관광객 유치를 통한 지역 관광 활성화를 위하여 “2026년 세종특별자치시 단체관광객 유치 여행사 인센티브 지원사업 계획”을 다음과 같이 공고하오니 많은 관심과 참여 바랍니다. ☞ 「관광진흥법」제3조 및 제4조에 따른 여행업 등록을 필한 여행업체 ☞ 단체관광객 유치 시 지급기준에 따라 인센티브 지원,"경영,서울,부산,대구,인천,광주,대전,울산,세종,경기,강원,충북,충남,전북,전남,경북,경남,제주,2026,외국인관광객,관광지,단체관광객,숙박,관광객,여행사,여행업체,인센티브,세종특별자치시,직접수행",디자인/상품화/사업화,7884
1319,방송미디어통신위원회,한국방송광고진흥공사,내수,2026년 방송광고비 할인지원사업 모집 공고,,,2026-01-29,https://www.bizinfo.go.kr/sii/siia/selectSIIA200Detail.do?pblancId=PBLN_000000000117985,상시 접수,중소기업,"KOBACO에서는 1998년부터 25년간 혁신형 중소기업 방송광고비 지원사업을 운영하여, 2024년까지 4,414개 중소기업에 8,723억 원을 지원하였습니다. ☞ 벤처기업, 이노비즈, 메인비즈 등 중 하나 이상의 확인서를 보유한 기업 중 최근 6개월간 지상파 전국권 방송광고 집행이 없는 기업 ※ 자세한 지원대상 출처 바로가기 링크 참조 ☞ 정상가 기준 70% 할인가로 판매 or 정상가 구매+보너스 250% 지급 지원","내수,서울,부산,대구,인천,광주,대전,울산,세종,경기,강원,충북,충남,전북,전남,경북,경남,제주,2026,방송미디어통신위원회,한국방송광고진흥공사,방송광고비,할인,방송과옥,벤처기업,이노비즈,메인비즈,녹색인증중소기업,하이서울기업,글로벌IP스타기업,지식재산경영인증기업,사회적기업,소셜벤처기업",홍보지원,9720
1320,중소벤처기업부,제주창조경제혁신센터,창업,2026년 제주창조경제혁신센터 창업-BuS 프로그램(W-JOIN) 참여기업 모집 공고,,,2026-01-29,https://www.bizinfo.go.kr/sii/siia/selectSIIA200Detail.do?pblancId=PBLN_000000000117984,예산 소진시까지,창업벤처,"(재)제주창조경제혁신센터 창업-BuS 프로그램은 직접 투자, TIPS 추천 검토, 투자 네트워크 연계를 통해 기업의 성공적인 스케일업을 지원합니다. 기술ㆍ서비스 고도화 및 체계적인 투자 유치 지원을 희망하는 유망 스타트업을 아래와 같이 모집합니다. ☞ 예비창업자 또는 창업 7년 이내 스타트업 - (중점분야) 우주ㆍ항공, 해양, 친환경ㆍ에너지, AIㆍ빅데이터 ※ 중점분야 이외에도 우수한 역량을 가진 스타트업은 지원 가능 ☞ 창업-BuS DB 등록 및 맞춤형 액셀러레이팅 지원 - 제주센터 직접투자 검토, 후속투자 연계 등 기회 제공(인","창업,경영,서울,부산,대구,인천,광주,대전,울산,세종,경기,강원,충북,충남,전북,전남,경북,경남,제주,2026,제주창조경제혁신센터,우주,항공,액셀러레이팅,예비창업자,에너지,빅데이터,친환경,해양,AI,중소벤처기업부,스타트업",사업화지원,13138
1321,고용노동부,한국능률협회,인력,2026년 미래내일 일경험 참여기업 모집 공고,,,2026-01-29,https://www.bizinfo.go.kr/sii/siia/selectSIIA200Detail.do?pblancId=PBLN_000000000117956,상시 접수,중소기업,"2023년부터 시행된 고용노동부 주력 사업으로, 청년들에게는 적성과 능력에 맞는 일자리를 찾을 수 있도록 하고 기업에게는 현장 실무능력을 갖춘 유능한 인재를 채용하는 기회를 제공하는 사업입니다. 2026년 미래내일 일경험 프로젝트형 참여 수요조사를 진행하오니, 참여 의사가 있는 기업 담당자분께서는 구글폼 응답과 서류 제출을 부탁드립니다. ☞ 고용보험 피보험자 10인 이상 기업 ※ 벤처기업, 이노비즈, 메인비즈, 사회적기업은 10인 미만이라도 참여 가능 ☞ 우수 인재 확보 및 인건비(프로젝트형 4주 5만원) 지원","인력,서울,부산,대구,인천,광주,대전,울산,세종,경기,강원,충북,충남,전북,전남,경북,경남,제주,2026,미래내일일경험,미래내일,프로젝트형,한국능률협회,대한상공회의소,메인비즈,이노비즈,인건비,고용노동부,벤처기업,사회적기업",국내일반인력,12528
1322,산업통상부,대한무역투자진흥공사,수출,2026년 1:1 무료 수출컨설팅(이동코트라) 공고,,,2026-01-29,https://www.bizinfo.go.kr/sii/siia/selectSIIA200Detail.do?pblancId=PBLN_000000000117953,상시 접수,중소기업,"수출 및 수출 준비 단계에서 어려움을 겪고 있는 전국 중소ㆍ중견기업을 수출전문위원이 직접 방문하여 무료로 맞춤형 1:1 컨설팅을 제공하는 서비스입니다 ☞ 전국 중소ㆍ중견기업 ☞ 연중 유ㆍ무선 또는 무료 현장 컨설팅 지원 ※ 기업 소재지별 수출전문위원이 유선상담 후, 기업 맞춤형 무료 방문 상담 실시 예정","수출,경영,서울,부산,대구,인천,광주,대전,울산,세종,경기,강원,충북,충남,전북,전남,경북,경남,제주,산업통상부,2026,무료상담,수출전문가,수출전문위원,대한무역투자진흥공사,중견,수출컨설팅,컨설팅,상담,중소기업",해외진출준비,8139
1323,인천광역시,인천신용보증재단,금융,[인천] 중구 2026년 소상공인 (특례)협약보증 지원 사업 공고,,,2026-01-29,https://www.bizinfo.go.kr/sii/siia/selectSIIA200Detail.do?pblancId=PBLN_000000000117950,예산 소진시까지,소상공인,"「2026년도 인천광역시 중구 소상공인 협약보증 지원 사업」을 다음과 같이 공고합니다. ☞ 인천광역시 중구 소재 사업장을 소유한 소상공인 ☞ 융자한도 총 보증금액 1억 원 이내 지원 - 대출금리 및 이차보전 : 개인신용도에 따라 다름, 區 2.5%(최초 3년간) 이차보전","금융,인천,2026,시설개선자금,대출금리,협약보증,중구,특례보증,이차보전,경영자금,인천광역시,융자,소상공인,인천신용보증재단",융자,9713
1324,인천광역시,인천신용보증재단,금융,[인천] 중구 2026년 소상공인 특례보증 지원 사업 공고,,,2026-01-29,https://www.bizinfo.go.kr/sii/siia/selectSIIA200Detail.do?pblancId=PBLN_000000000117979,예산 소진시까지,소상공인,"「2026년도 인천광역시 중구 소상공인 특례보증 지원사업」을 다음과 같이 공고합니다. ☞ 「소상공인기본법 제2조」규정에 의한 인천광역시 중구 소재 사업장을 소유한 소상공인 ☞ 시설개선자금(3천만 원 이내), 경영자금(2천만 원 이내) 융자 지원","금융,인천,2026,시설개선자금,대출금리,중구,특례보증,인천신용보증재단,이차보전,경영자금,인천광역시,융자,소상공인",융자,10436
1325,전남광주통합특별시,기초자치단체,경영,[광주] 서구 2026년 소상공인 카드수수료 지원 사업 공고,,,2026-01-29,https://www.bizinfo.go.kr/sii/siia/selectSIIA200Detail.do?pblancId=PBLN_000000000117948,예산 소진시까지,소상공인,소상공인기본법 제23조(경영안정의 지원) 및 서구 소상공인 지원 등에 관한 조례 제4조(소상공인에 대한 경영안정지원)에 의거하여 관내 소상공인들의 경영부담 완화를 위한「서구 소상공인 카드수수료 지원 사업」을 다음과 같이 공고합니다. ☞ 2025년 연매출액 2억원 이하(부가세포함) 관내 소상공인 ☞ 2025년도 카드매출액의 0.4% 지원(최대 300천원),"금융,경영,광주,2026,카드수수료,경영안정,서구,기초자치단체,광주광역시,전남광주,전남광주통합특별시",디자인/상품화/사업화,9781
1326,인천광역시,기초자치단체,수출,[인천] 부평구 2026년 중소기업 무료번역 지원사업 공고,,,2026-01-29,https://www.bizinfo.go.kr/sii/siia/selectSIIA200Detail.do?pblancId=PBLN_000000000117973,예산 소진시까지,중소기업,"외국어 전문 인력 부족 등 언어장벽으로 해외시장 판로 개척에 어려움을 겪고 있는 관내 중소기업을 지원하고자 「2026년 부평구 중소기업 무료번역 지원사업」을 다음과 같이 공고합니다. ☞ 「중소기업기본법」제2조에 의한 중소기업으로 신청일 현재 부평구에 본사 또는 공장등록을 필한 제조업 ☞ 회사 소개 및 제품(기술)소개서, 카탈로그, 견적서, 계약서, 제품 매뉴얼, 서류, 기타 각종 무역 관련 서신 등 번역비(업체별 400천원 이내) 지원","수출,경영,인천,서신,무료번역,2026,매뉴얼,소개서,견적서,외국어,카탈로그,계약서,무역,부평구,기초자치단체,인천광역시,제조업,중소기업,번역",해외진출준비,6857
1327,대전광역시,대전신용보증재단,금융,[대전] 중구 2026년 소상공인 특례보증 지원사업 공고,,,2026-01-29,https://www.bizinfo.go.kr/sii/siia/selectSIIA200Detail.do?pblancId=PBLN_000000000117972,예산 소진시까지,소상공인,고물가ㆍ고금리 등 경영위기 악화 및 경기침체로 인한 소상공인의 경영애로 해소 및 정상화를 도모하고자 2026년 대전광역시 중구 소상공인 특례보증 지원사업을 아래와 같이 공고합니다. ☞ 대전광역시 중구에 사업장을 두고 3개월 이상 영업 중이며 신용평점이 일정기준 이상인 소상공인 ☞ 보증(대출)한도 업체당 최대 3천만원 이내 지원 ※ 자세한 지원내용 공고문 참조,"금융,대전,2026,경영정상화,경영애로해소,중구,특례보증,창업기업,대전광역시,융자,소상공인,대전신용보증재단",융자,10078
1328,울산광역시,기초자치단체,경영,2026년 울산 북구 단체관광객 유치 인센티브 지원 공고,,,2026-01-28,https://www.bizinfo.go.kr/sii/siia/selectSIIA200Detail.do?pblancId=PBLN_000000000117971,예산 소진시까지,중소기업,"우리 구에서는 관광홍보 마케팅의 경쟁력을 확보해 단체 관광객 유치증대에 기여한 여행사에 대한 인센티브제를 다음과 같이 운영하오니, 여행업체의 많은 참여를 바랍니다. ☞ 「관광진흥법」제3조 및 제4조제1항에 따른 여행업체 ☞ 단체관광객 유치 인센티브 지원 - 지원분야 : 당일관광, 숙박관광, 체험관광, 홍보비 ※ 자세한 지원내용 공고문 참조","경영,서울,부산,대구,인천,광주,대전,울산,세종,경기,강원,충북,충남,전북,전남,경북,경남,제주,인센티브 지급,관광객 유치증대,2026,체험관광,숙박관광,당일관광,관광홍보,홍보비,관광객,여행사,여행업체,인센티브,울산광역시,기초자치단체",디자인/상품화/사업화,8050
1329,경기도,기초자치단체,금융,[경기] 수원시 2026년 중소기업육성자금 융자지원 계획 공고,,,2026-01-28,https://www.bizinfo.go.kr/sii/siia/selectSIIA200Detail.do?pblancId=PBLN_000000000117967,예산 소진시까지,중소기업,"수원시 중소기업의 경영안정 및 지역경제 활성화를 위한 2026년 수원시 중소기업육성자금 융자지원 계획을 다음과 같이 공고합니다. ☞ 본사나 사업장이 수원시에 소재(등록)한 중소기업 - 제조업, 지식기반산업, 문화산업, 사회적기업 ※ 자세한 지원대상 공고문 참조 ☞ 운전자금(융자한도 5천만원~5억원), 시설자금(융자한도 5억원~7억원) 지원 ※ 자세한 지원내용 공고문 참조","금융,경기,2026,이자차액,중소기업육성자금,경영안정,육성자금,융자지원,기초자치단체,경기도,대출,융자,중소기업,제조업,지식기반산업,문화산업,사회적기업,운전자금,시설자금",융자,11548
1330,경기도,기초자치단체,금융,[경기] 수원시 2026년 중소기업 동행지원 사업계획 공고,,,2026-01-28,https://www.bizinfo.go.kr/sii/siia/selectSIIA200Detail.do?pblancId=PBLN_000000000117965,예산 소진시까지,중소기업,수원시 중소기업의 금융비용 부담을 완화하고 경영안정을 도모하고자 2025년 수원시 중소기업 동행지원 사업계획을 다음과 같이 공고합니다. ☞ 본사나 사업장이 수원시에 소재한 중소기업 ☞ 신용 또는 기술보증 연계 자금지원 및 이자ㆍ보증수수료 지원 ※ 자세한 지원내용 공고문 참조,"금융,경기,2026,동행지원,이자지원,보증수수료,신용보증,수원시,경영안정,수수료,경기도,중소기업,기초자치단체,보증료",융자,9548
1331,경기도,경기신용보증재단,금융,[경기] 수원시 2026년 중소기업 특례보증 지원계획 공고,,,2026-01-28,https://www.bizinfo.go.kr/sii/siia/selectSIIA200Detail.do?pblancId=PBLN_000000000117945,예산 소진시까지,중소기업,수원시 소재 중소기업의 경영안정 및 경쟁력 향상을 지원하기 위하여 2026년 중소기업 특례보증 지원계획을 다음과 같이 공고합니다. ☞ 「중소기업기본법」 제2조 규정에 의한 수원시 소재 중소기업 ☞ 중소기업 특례보증 (업체당 3억원 이내) 지원 ※ 자세한 지원내용 공고문 참조,"금융,경기,중소기업 특례보증,2026,수원시,경영안정,특례보증,경기신용보증재단,경기도,중소기업,기초자치단체",보증,9537
1332,경기도,경기신용보증재단,금융,[경기] 수원시 2026년 소상공인 특례보증 및 수수료 지원 계획 공고,,,2026-01-28,https://www.bizinfo.go.kr/sii/siia/selectSIIA200Detail.do?pblancId=PBLN_000000000117964,예산 소진시까지,소상공인,관내 소상공인의 경영안정 도모를 위한 2026년 수원시 소상공인 특례보증 및 수수료 지원 계획을 다음과 같이 공고합니다. ☞ (소상공인 특례보증) 수원시 관내에 사업장을 두고 사업자등록일로부터 2개월이 경과한 소상공인 - (소상공인 특례보증 수수료) 수원시 소상공인 특례보증 신청자 ☞ 특례보증(업체당 최대 5천만원) 및 특례보증 수수료(업체당 최대 50만원까지) 지원 ※ 자세한 지원내용 공고문 참조,"금융,경기,소상공인 특례보증,2026,특례보증수수료,수원시,특례보증,수수료,경기신용보증재단,경기도,소상공인,기초자치단체",보증,10972
1333,경상남도,창원산업진흥원,경영,[경남] 창원시 2026년 창원기업지원단 현장애로컨설팅 지원사업 공고(단기컨설팅),,,2026-01-28,https://www.bizinfo.go.kr/sii/siia/selectSIIA200Detail.do?pblancId=PBLN_000000000117943,예산 소진시까지,중소기업,"창원시 관내 중소기업의 현장애로를 효율적으로 발굴 및 해소를 위하여 「2026년 창원기업지원단 현장애로컨설팅 지원사업」 공고를 다음과 같이 실시하오니, 관심 있는 기업의 많은 참여 바랍니다. ☞ 창원시에 본사 또는 공장이 소재한 제조 중소기업 ☞ 현장애로컨설팅 최대 3회 이내(기업당 최대 900천원/단기컨설팅) 지원","금융,기술,경영,경남,창원산업진흥원,경상남도,2026,단기컨설팅,컨설팅,현장애로컨설팅,중소기업,제조업,전문가,현장애로",컨설팅,7906
1334,경상남도,창원산업진흥원,기술,[경남] 창원시 2026년 지식재산진흥 지원사업 기업 모집 공고,,,2026-01-28,https://www.bizinfo.go.kr/sii/siia/selectSIIA200Detail.do?pblancId=PBLN_000000000117942,예산 소진시까지,중소기업,"창원시 중소기업의 기초 기술경쟁력 증대를 위한 지식재산권 확보를 위해 「2026년 지식재산진흥 지원사업」기업 모집 공고를 다음과 같이 실시 하오니 관심 있는 기업의 많은 참여 바랍니다. ☞ 창원시 본사 소재 중소기업 (제조업, 소프트웨어 개발업) ☞ 국내권리화, 선행기술조사 수수료 지원 - 국내권리화 : 특허(기술, 소프트웨어 등) 및 디자인 출원 지원 - 선행기술조사 : 선행기술 특허조회 및 비교분석 등 지원","기술,경남,소프트웨어개발업,지식재산진흥,비교분석,특허조회,선행기술조사,디자인출원,소프트웨어,창원산업진흥원,창원시,경상남도,국내권리화,제조업,특허,2026",기술사업화/이전/지도,8688
1335,경기도,경기신용보증재단,금융,[경기] 안양시 2026년 소상공인 육성 특례보증 지원계획 공고,,,2026-01-28,https://www.bizinfo.go.kr/sii/siia/selectSIIA200Detail.do?pblancId=PBLN_000000000117920,예산 소진시까지,소상공인,안양시 소재 소상공인에 대한 2026년도 특례보증 지원계획을 다음과 같이 공고합니다. ☞ 신청일 기준 사업자등록일로부터 3개월 이상 경과한 안양시 관내에 소재한 소상공인 ☞ 업체당 최고 5천만원 이내 특례보증 융자 지원,"금융,경기,2026,특례보증,안양시,경기신용보증재단,경기도,융자,소상공인",보증,10931
1336,경기도,기초자치단체,금융,[경기] 안양시 2026년 소상공인 이자차액 보전금 지원계획 공고,,,2026-01-28,https://www.bizinfo.go.kr/sii/siia/selectSIIA200Detail.do?pblancId=PBLN_000000000117918,예산 소진시까지,소상공인,"안양시 소재 소상공인에 대한 2026년도 소상공인 이자차액 보전금 지원계획을 다음과 같이 공고합니다. ☞ 안양시 관내에 사업장을 두고 신용도가 낮아 담보대출이 어려운 소상공인으로, 경기신용보증재단 보증서 발급을 받아 협약 금융기관으로부터 대출을 받은 자 ☞ 업체당 최고 2,000만원 이내 대출 지원","금융,경기,2026,이자차액,안양시,경기도,소상공인,기초자치단체,대출,자금,담보대출,경기신용보증재단",융자,9124
1337,제주특별자치도,제주특별자치도관광협회,경영,[제주] 2026년 국내ㆍ외 관광객 유치 환영행사 지원 공고,,,2026-01-28,https://www.bizinfo.go.kr/sii/siia/selectSIIA200Detail.do?pblancId=PBLN_000000000117939,예산 소진시까지,중소기업,"제주특별자치도와 제주특별자치도관광협회에서는 제주를 찾는 국내ㆍ국외관광단체 관광관련 유관기관ㆍ 단체 대상으로 국내ㆍ외 관광객 유치 환영행사를 다음과 같이 지원하오니 업무에 적극 활용하시기 바랍니다. ☞ 제주도 내 관광업체 및 관광 관련 기관ㆍ단체ㆍ기업체 - 국내ㆍ외 10인 이상 단체를 유치한 관광업체 - 관광객 유치와 관련된 기관, 단체, 기업체 ☞ 국내ㆍ외 관광객 유치 증진을 위한 환영행사(환영 현수막 및 말인형꽃다발) 지원 - 1회 한도 100,000원, 업체당 3회 이내 지원","경영,제주,환영행사,관광객 유치,2026,관광관련,기업체,유관기관,관광업체,제주특별자치도관광협회,단체,기관,제주특별자치도",디자인/상품화/사업화,7773
1338,중소벤처기업부,소상공인시장진흥공단,경영,소상공인 경영안정 바우처 지원사업 시행 공고,,,2026-01-28,https://www.bizinfo.go.kr/sii/siia/selectSIIA200Detail.do?pblancId=PBLN_000000000117908,예산 소진시까지,소상공인,"소상공인의 경영부담 완화를 위한 「소상공인 경영안정 바우처 지원사업」 시행계획을 다음과 같이 공고합니다. ☞ '25년 연 매출액 0원 초과 1억 400만원 미만이며, 영업중인 소상공인 ☞ 소상공인 1개사당 25만원 한도로 바우처 사용 지원 - 바우처 사용처 : 공과금, 4대 보험료, 차량연료비, 전통시장 화재공제료","경영,서울,부산,대구,인천,광주,대전,울산,세종,경기,강원,충북,충남,전북,전남,경북,경남,제주,2026,중소벤처기업부,소상공인시장진흥공단,소상공인,바우처,경영안정,경영안정바우처,공과금,4대보험료,차량연료비,전통시장화재공제료",디자인/상품화/사업화,187425
1339,제주특별자치도,직접수행,금융,[제주] 2026년 식품진흥기금 융자지원 계획 공고,,,2026-01-28,https://www.bizinfo.go.kr/sii/siia/selectSIIA200Detail.do?pblancId=PBLN_000000000117935,예산 소진시까지,중소기업,"「제주특별자치도 식품진흥기금 조례 시행규칙」제2조 규정에 따라 아래와 같이 2026년도 제주특별자치도 식품진흥기금 융자지원 계획을 공고합니다. ☞ 제주특별자치도 내 식품접객업소 및 식품제조가공업소 등 ☞ 시설개선자금, 운영(육성)자금 융자 지원(연 1%, 1년 거치, 3년 균등분할 상환)","금융,경영,제주,2026,시설개선자금,식품접객업소,식품제조가공업소,식품진흥기금,운영자금,육성자금,융자지원,제주특별자치도,직접수행,융자",융자,7968
1340,중소벤처기업부,한국중소벤처기업유통원,내수,2026년 중소기업 마케팅지원사업 통합 공고,,,2026-01-27,https://www.bizinfo.go.kr/sii/siia/selectSIIA200Detail.do?pblancId=PBLN_000000000117928,추후 공지,중소기업,"중소기업의 판로개척 지원을 위한 ‘2026년도 마케팅지원사업’을 다음과 같이 공고합니다. ☞ 「중소기업기본법」 제2조의 규정에 의한 중소기업 ☞ 온라인판로 종합지원, 오프라인 판로(팝업매장 및 기획전, 구매상담회), 중소기업제품전용판매장, 마케팅 역량 강화 매칭 지원 ※ 세부사업별 상이, 공고문 참조","내수,서울,부산,대구,인천,광주,대전,울산,세종,경기,강원,충북,충남,전북,전남,경북,경남,제주,오프라인판로,2026,한국중소벤처기업유통원,팝업매장,전용판매장,e커머스,온라인판로,판로,오프라인,기획전,입점,구매상담회,판로지원,홍보,홈쇼핑,컨설팅,중소벤처기업부,마케팅,중소기업,온라인",홍보지원,38799
1341,보건복지부,경북고용성장지원센터,인력,2026년 현장실습 훈련 지원사업(시니어 인턴십) 기업모집 공고,,,2026-01-27,https://www.bizinfo.go.kr/sii/siia/selectSIIA200Detail.do?pblancId=PBLN_000000000117902,예산 소진시까지,중소기업,"현장실습 훈련(시니어 인턴십)이란, 만 60세 이상자의 취업지원을 위해 기업에 인건비를 지원하며 신규 및 계속 고용을 유도하는 사업입니다. ☞ 60세 이상 근로자를 고용 할 의사가 있는 4대 보험 가입 사업장 ☞ 시니어인턴십 채용지원금 지원 - 일반형(인턴지원금) : 입사일로부터 3개월당 1인당 월 급여의 50%지원(월 최대 40만원 한도 내, 최대 3개월) - 일반형(채용지원금) : 인턴종류 후 6개월 이상 계속고용계약 체결 시, 3개월간 1인당 월 급여의 50% 지원(월 최대 50만원 한도 내, 최대 3개월) - 세대통합형 : ","인력,서울,부산,대구,인천,광주,대전,울산,세종,경기,강원,충북,충남,전북,전남,경북,경남,제주,2026,보건복지부,경북고용성장지원센터,시니어인턴십,시니어,인건비,채용지원금,인턴지원금,현장실습훈련,한국노인인력개발원",국내일반인력,8717
1342,제주특별자치도,직접수행,인력,[제주] 2026년 일자리창출 소상공인 사회보험료 지원사업 참여기업 모집 공고,,,2026-01-27,https://www.bizinfo.go.kr/sii/siia/selectSIIA200Detail.do?pblancId=PBLN_000000000117879,예산 소진시까지,소상공인,"「제주특별자치도 일자리 창출 지원에 관한 조례」 제6조 및 제13조,「제주특별자치도 소상공인 지원 등에 관한 조례」 제4조에 따라 일자리창출 소상공인 사회보험료 지원사업 참여기업을 아래와 같이 모집 공고합니다. ☞ 근로복지공단 및 국민연금공단 두루누리 사회보험료 지원사업에 참여하여 지원금(고용보험, 국민연금 동시 지원)을 받고 있는 제주특별자치도 소재 노동자 10인 미만 기업 ☞ 신규 채용한 노동자에 대한 두루누리 사회보험료 지원금 외 사업주 실 부담 사회보험료 전액 지원","인력,경영,제주,2026,국민연금공단,두루누리,근로복지공단,고용보험,국민연금,제주특별자치도,사회보험료,직접수행,소상공인,일자리창출,10인미만기업",고용유지,9609
1343,대구광역시,대구문화예술진흥원,경영,대구광역시 내국인 단체 관광객 유치 인센티브 지원 공고,,,2026-01-27,https://www.bizinfo.go.kr/sii/siia/selectSIIA200Detail.do?pblancId=PBLN_000000000117893,예산 소진시까지,중소기업,"대구광역시 내국인 단체 관광객 유치를 통한 지역 관광 활성화를 위하여 “2026년도 내국인 관광객 유치 인센티브 지원계획”을 다음과 같이 공고하오니 많은 관심과 참여 바랍니다. ☞ 관광진흥법 제4조 및 같은 법 시행령 제2조의 규정에 따른 종합여행업, 국내외여행업, 국내여행업 등록업체 - 그 외 대구시가 필요하다고 판단되는 관광사업체 ☞ 단체관광 상품운영 지원(1개 여행사별 연간 3천만원 한도 내 지원) ※ 자세한 지원내용 공고문 참조","경영,서울,부산,대구,인천,광주,대전,울산,세종,경기,강원,충북,충남,전북,전남,경북,경남,제주,국내외여행업,2026,종합여행업,대구문화예술진흥원,상품운영,유치,관광객,단체관광,인센티브,대구광역시",디자인/상품화/사업화,7840
1344,고용노동부,청주상공회의소,인력,[충북] 2026년 청년일자리도약장려금 사업 참여기업 모집 공고,2026-01-26,2026-12-31,2026-01-27,https://www.bizinfo.go.kr/sii/siia/selectSIIA200Detail.do?pblancId=PBLN_000000000117891,,중소기업,"청주상공회의소에서는 고용노동부와 함께 우선지원 대상기업에 청년 채용 시 인건비를 지원하는 「2026청년일자리도약장려금 사업」을 시행하여 비수도권 기업의 인력난 완화와 청년의 안정적인 일자리 정착을 지원하고자 하오니, 많은 관심과 참여를 바랍니다. ☞ 충청북도 청주시, 진천군, 증평군, 괴산군, 보은군, 옥천군, 영동군 내 만 15세~34세 청년 정규직 채용 및 6개월 이상 고용 유지 기업 ※ 자세한 지원대상 공고문 참조 ☞ 청년 1인당 1년 최대 720만원 지원 - 지원한도 기업별 기준 피보험자수의 50%","인력,경영,충북,2026,고용노동부,청주상공회의소,청년일자리도약장려금,청년신규채용,정규직채용,고용유지,청주시,진천군,증평군,괴산군,보은군,옥천군,영동군",고용유지,9803
1345,부산광역시,기초자치단체,인력,[부산] 사상구 2026년 어업활동지원 사업 신청 공고,,,2026-01-27,https://www.bizinfo.go.kr/sii/siia/selectSIIA200Detail.do?pblancId=PBLN_000000000117890,예산 소진시까지,소상공인,"「수산업ㆍ어촌 발전 기본법」 제26조, 「농어업인 삶의 질 향상 및 농어촌지역 개발촉진에 관한 특별법」 제12조 및 제15조, 「여성농어업인 육성법」 제11조의2에 따라 2026년도 어업활동지원 사업 신청안내(이용자 및 대체인력자 대상) 사항을 다음과 같이 공고합니다. ☞ 사업지원 대상자격을 갖춘 어업경영체(신청인 : 어업경영체에 등록된 경영주)로 경영주 및 경영주 외 어업인인 자 - 사고ㆍ질병, 교육, 임신 등으로 영어활동이 곤란한 어업인 ☞ 영어를 대행한 대체인력에게 1일 120,000원(국고 60,000원) 이내 지원 ※ 자세","인력,부산,어업활동지원,2026,어촌,어업인,어업경영체,사상구,수산업,부산광역시,기초자치단체",고용환경개선,6490
1346,제주특별자치도,직접수행,경영,[제주] 2026년 소상공인 고용보험료 지원 사업 공고,2026-01-26,2026-12-31,2026-01-27,https://www.bizinfo.go.kr/sii/siia/selectSIIA200Detail.do?pblancId=PBLN_000000000117889,,소상공인,소상공인 자영업자의 고용보험 가입 활성화 및 사회안전망 제도권 편입 촉진을 위해 아래와 같이 '2026년 소상공인 고용보험료 지원사업'에 대해 안내드리오니 많은 소상공인들이 신청할 수 있도록 홍보 바랍니다. ☞ 사업장 소재지가 제주특별자치도이고 '자영업자 고용보험'에 가입한 소상공인(사업주) ☞ 납부한 고용보험료의 15%~20% (지원기간 최대 5년(60개월)까지) 지원,"인력,경영,제주,자영업자고용보험,2026,고용보험,사업주,고용보험료,자영업자,제주특별자치도,직접수행,소상공인",디자인/상품화/사업화,10785
1347,식품의약품안전처,한국식품산업클러스터진흥원,기술,2026년 고령친화식품 사용성평가 참여기업 모집 공고,,,2026-01-26,https://www.bizinfo.go.kr/sii/siia/selectSIIA200Detail.do?pblancId=PBLN_000000000117839,차수별 상이,중소기업,한국식품산업클러스터진흥원은 고령친화산업진흥법 제10조에 따라 고령친화식품산업 활성화 지원을 위하여 고령친화산업지원센터로부터 ‘고령친화식품 사용성평가 운영기관’으로 지정받아 「고령친화우수식품 사용성평가 참여기업 모집」을 다음과 같이 공고 하오니 관심있는 기업의 많은 참여 부탁드립니다. ☞ 고령친화식품 사용성평가 희망 기업 ☞ 고령친화우수식품 지정제도 활성화를 위한 사용성평가 수행 지원,"기술,경영,서울,부산,대구,인천,광주,대전,울산,세종,경기,강원,충북,충남,전북,전남,경북,경남,제주,2026,고령친화,식품산업,고령,고령친화우수식품,사용성평가,고령친화식품,한국식품산업클러스터진흥원,식품의약품안전처",시험/인증,7922
1348,전남광주통합특별시,직접수행,기타,[전남] 2026년 청년기업 인증 계획 공고,,,2026-01-26,https://www.bizinfo.go.kr/sii/siia/selectSIIA200Detail.do?pblancId=PBLN_000000000117800,상시 접수,중소기업,「전라남도 청년기업 육성 및 지원 조례」제7조에 따라 전라남도 청년기업의 활동을 적극적으로 지원하여 청년인구 유출을 막고 ‘청년들이 기업하기 좋은 전남’ 조성을 위해 2026년도 전라남도 청년기업 인증 계획을 다음과 같이 공고합니다. ☞ 다음의 요건을 모두 충족하는 기업 ① 전라남도에 소재할 것 ② 중소기업기본법 제2조제1항제1호에 따른 기업일 것 ③ 18세 이상 45세 이하의 청년이 대표로서 경영할 것 (2008~1980년생) ☞ 인증일로부터 3년간 인증기업 지정 지원(3년마다 재인증) - 융자금 한도 상향 및 이자지원 우대 - ,"기타,전남,전남소재, 인증기업 지정,2026,기업홍보,청년기업,청년,인증,전라남도,직접수행,전남광주,전남광주통합특별시",제도,10563
1349,경상북도,경북테크노파크,기술,[경북] 2026년 중소기업 정부기술개발공모사업 선정지원 참여기업 모집 공고,,,2026-01-23,https://www.bizinfo.go.kr/sii/siia/selectSIIA200Detail.do?pblancId=PBLN_000000000117794,상시 접수,중소기업,"지역기업의 기술력 향상과 정부기술개발 사업의 선정률 제고를 위해 경상북도와 (재)경북테크노파크가 추진하는 「2026년 경북 중소기업 정부기술개발 공모사업 선정지원」의 참여기업을 다음과 같이 모집하오니, 많은 관심과 참여 바랍니다. ☞ 사업신청일 기준 경북 소재 중소기업(사업자등록증 본사기준) ☞ 중앙부처 또는 지자체의 2026년에 공고 및 시행되는 「정부 기술개발(R&D)사업」의 경북 중소기업 선정률 제고를 위한 기술개발 사업 대응 역량 강화를 지원 - 과제발굴 컨설팅, 기획 컨설팅, 발표평가, 모의발표 평가, 재도전, 차년도 R&","기술,경영,경북,2026,경상북도,경북테크노파크,기술개발,정부기술개발,컨설팅,평가,공모사업선정,지원프로그램",기술사업화/이전/지도,11184
1350,인천광역시,인천신용보증재단,금융,[인천] 2026년 희망인천 특례보증 1단계 공고,,,2026-01-23,https://www.bizinfo.go.kr/sii/siia/selectSIIA200Detail.do?pblancId=PBLN_000000000117791,예산 소진시까지,소상공인,"인천지역 소상공인의 경영안정을 지원하고 민생경제 회복과 성장을 위해 인천신용보증재단에서 2026년 희망인천 특례보증(1단계)를 아래와 같이 시행합니다. ☞ (인천광역시 소재) 소기업ㆍ소상공인 (홈플러스 폐점 피해기업 등 포함) ☞ 특례보증(업체당 5천만원 이내) 지원 - 보증기간 : 6년 (1년 거치 5년 분할 상환) - 이자지원 : 최초 1년 간 연 2% 지원, 이후 2년 간 1.5% 이자 지원 (총 3년간 지원)","금융,인천,2026,이자,특례보증,인천신용보증재단,보증,인천광역시,소기업,소상공인",보증,13908
1351,제주특별자치도,기초자치단체,경영,[제주] 제주시 2026년 1인 소상공인 출산급여 지원 사업 공고,,,2026-01-23,https://www.bizinfo.go.kr/sii/siia/selectSIIA200Detail.do?pblancId=PBLN_000000000117805,예산 소진시까지,소상공인,제주시에서는 소득활동을 하는 소상공인의 출산 후 소득단절에 대해 경제적 부담 완화 및 안정적인 사업 환경 조성을 지원하고자 1인 소상공인 출산급여 지원 사업을 아래와 같이 공고하오니 제주시 소상공인 여러분의 많은 신청바랍니다. ☞ 당해연도 출산한 제주도 내 1인 여성 소상공인 ※ 자세한 지원대상 공고문 참조 ☞ 출산급여(월 30만원 × 3개월(총 90만원)) 지원,"금융,경영,제주,출산급여,소득단절,2026,여성소상공인,1인소상공인,제주시,제주특별자치도,기초자치단체,소상공인",시설/입지지원,9752
1352,경상북도,국방기술진흥연구소,수출,[경북] 2026년 경북ㆍ구미 방산혁신클러스터 판로개척 지원사업 공고,,,2026-01-23,https://www.bizinfo.go.kr/sii/siia/selectSIIA200Detail.do?pblancId=PBLN_000000000117782,상시 접수,중소기업,"국방 유무인복합체계 생태계 기반구축을 통한 국방 중소ㆍ벤처기업 성장 및 방위산업 활성화를 위해 추진하는 경북ㆍ구미 방산혁신클러스터 「판로개척 지원사업」 지원을 안내하오니, 해당 지원을 희망하는 경북ㆍ구미 지역의 중소ㆍ벤처기업의 많은 신청 바랍니다. ☞ 국내ㆍ외 국방 관련 박람회 참가하는 경북ㆍ구미지역 내에 소재(본사, 연구소, 공장, 지사 중 1)한 중소ㆍ벤처기업 ☞ 박람회 참가기업 경영지원(국내 박람회 회당 1,000만원 한도 / 국외 박람회 회당 2,000만원 한도) - 박람회 기업 참가비, 부스 임차료, 전시제품 편도 운송료,","수출,내수,경영,경북,국방 유무인복합체계,2026,홍보물제작비,방산혁신클러스터,통역비,참가비,운송료,구미,부스임차료,국방기술진흥연구소,판로개척,박람회,경상북도,중소기업,벤처기업",시장개척,8712
1353,경상북도,경북테크노파크,기술,[경북] 국방기술 민간이전 사업 참여기업 모집 공고(경북ㆍ구미 방산혁신클러스터),,,2026-01-23,https://www.bizinfo.go.kr/sii/siia/selectSIIA200Detail.do?pblancId=PBLN_000000000117781,예산 소진시까지,중소기업,"국방 유무인복합체계 국방기술 적용 확대를 위한「국방 기술 민간이전 사업」참여기업 모집을 다음과 같이 공고하오니 경북 지역 기업의 많은 신청 바랍니다. ☞ 공고일 기준 경북지역 본사(또는 공장) 소재 중소ㆍ벤처기업 중 방위산업으로 진입을 희망하는 기업 또는 방위산업 영위기업 - 국방 관련 연구소 보유 기술을 적용하고자 하는 기업 - 유무인복합체계 관련 기술을 적용하고자 하는 기업 ☞ 국방기술이전 지원(지원기업별 40,000천원 이내) - 국방 관련 연구소의 기술을 경북소재 기업에 이전, 유무인복합체계 관련 기술","기술,경북,민간이전,국방기술이전,유무인복합체계분야,2026,방산혁신클러스터,방위산업,국방,경상북도,경북테크노파크,중소기업,벤처기업,기술이전",기술사업화/이전/지도,7635
1354,서울특별시,서울시 강동가죽제조지원센터,기술,[서울] 가죽ㆍ패션산업 소공인 장비 임대지원사업 공고,2026-01-20,2026-11-30,2026-01-23,https://www.bizinfo.go.kr/sii/siia/selectSIIA200Detail.do?pblancId=PBLN_000000000117774,,중소기업,"서울시 강동가죽제조지원센터에서 서울시 소재의 가죽제품 제조업체를 대상으로 가죽ㆍ패션 산업 활성화를 위하여 가죽제품 제조장비 임대지원사업 참여사를 모집하오니 많은 관심 부탁드립니다. ☞ 서울시 소재의 가죽, 패션 제품 제조 및 생산 업체 ☞ 가죽제품 제조장비 무상 임대, 가죽제품 제조장비 사용법 및 관리법 교육, 장비를 활용한 제품 제작 및 사업 컨설팅 지원 ① 멜로우라이트 회전말뚝장비(KW-505AR) : 가죽제품 입체봉제용 하이포스트 회전말뚝 ② 썬스타 말뚝미싱(KM-818) : 가죽제품 입체 봉제용 하이포스트 특종미싱 ③ 아쿠모","기술,경영,서울,서울시 강동가죽제조지원센터,2026,사업컨설팅,가죽,제조장비,임대,제품,패션,서울특별시,미싱,장비,컨설팅,제품제작,교육,무상임대,소공인,가죽제품",기술인력/장비지원,8590
1355,전남광주통합특별시,전라남도관광재단,경영,2026년 전라남도 외래관광객 유치 여행사 대상 인센티브 지원 공고,,,2026-01-22,https://www.bizinfo.go.kr/sii/siia/selectSIIA200Detail.do?pblancId=PBLN_000000000117770,예산 소진시까지,중소기업,전라남도 외래관광객 유치 확대와 및 부정기ㆍ정기노선 활용을 통한 무안국제공항 및 크루즈항 활성화를 도모하고자 “2026 외래관광객 유치 여행사 대상 인센티브 지원계획”을 다음과 같이 공고합니다. ☞「관광진흥법」 제4조 및 시행령 제2조에 따른 업체 ☞ 외국인 관광객 유치 업체 지원기준에 따라 인센티브 지원 ※ 자세한 지원내용 공고문 참조,"내수,경영,서울,부산,대구,인천,광주,대전,울산,세종,경기,강원,충북,충남,전북,전남,경북,경남,제주,전남여행,외국인 관광객,2026,무안국제공항,외래관광객,전라남도관광재단,크루즈,외국인,관광객,여행사,인센티브,전라남도",디자인/상품화/사업화,8282
1356,울산광역시,직접수행,금융,[울산] 2026년 식품진흥기금 융자사업 시행 공고,,,2026-01-22,https://www.bizinfo.go.kr/sii/siia/selectSIIA200Detail.do?pblancId=PBLN_000000000117768,예산 소진시까지,중소기업,"「울산광역시 식품진흥기금조례」 제5조(융자사업)의 규정에 따라 2026년도 울산광역시 식품진흥기금 융자지원사업을 다음과 같이 공고합니다. ☞ 울산광역시 내 위생관리시설을 개선ㆍ확충하고자 하거나 영업에 필요한 기계, 설비 등을 설치ㆍ보유하고자 하는 영업자 ☞ 위생시설 개선이 필요한 영업자 대상 저금리 융자지원 - 식품안전관리인증기준(HACCP) 적용업소 : 2억원 이내 - 식품제조ㆍ가공업소, 즉석판매제조ㆍ가공업소 : 1억원 이내 - 식품접객업소 : 5천만원 이내(화장실만 개선하는 경우는 1천만원 이내)","금융,울산,2026,울산광역시,직접수행,위생관리시설,제조가공업,접객업,융자,저금리,위생시설개선,위생시설,식품안전관리인증,HACCP,식품제조,식품가공",융자,7851
1357,충청남도,충남경제진흥원,금융,[충남] 2026년 중소기업육성자금 융자 지원계획 공고,,,2026-01-22,https://www.bizinfo.go.kr/sii/siia/selectSIIA200Detail.do?pblancId=PBLN_000000000117751,예산 소진시까지,중소기업,"「충청남도 중소기업육성기금 설치 및 운용 조례」 제20조 및 같은 조례 시행규칙 제4조의 규정에 따라 2026년도 충청남도 중소기업육성자금 융자 지원계획을 다음과 같이 공고합니다. ☞ 충청남도에 사업장이 소재하는 중소기업 및 소상공인 ※ 자금별 지원대상 상이, 자세한 사항 공고문 참조 ☞ 중소기업육성자금 융자 지원 - 창업 및 경쟁력 강화 자금, 혁신형 자금, 재난지원자금, 회생기업 경영안정자금, 제조업 경영안정자금, 기술혁신형 경영안정자금, ESG 경영안정자금, 중소기업 보증자금, 우대금리자금 ※ 자금별 융자한도 및 자세한 사항 ","금융,충남,2026,충남경제진흥원,중소기업육성자금,경영안정자금,충남신용보증재단,충청남도,융자,소상공인,중소기업",융자,11591
1358,대전광역시,대전일자리경제진흥원,인력,[대전] 2026년 소상공인 인건비 지원사업 공고,2026-01-21,2026-11-30,2026-01-22,https://www.bizinfo.go.kr/sii/siia/selectSIIA200Detail.do?pblancId=PBLN_000000000117737,,소상공인,"소상공인의 고정비용 부담을 완화하고 일자리 창출을 위해「2026년 소상공인 인건비 지원사업」의 지원대상자(소상공인)을 다음과 같이 모집합니다. ☞ 대전 소재 소상공인으로, ‘26.1.1.~9.10. 기간 내에 18세 이상(2008.1.1.이전 출생자) 근로자를 신규 채용한 사업주 - 고용을 3개월 이상 유지하고 현장점검을 완료한 업체 ☞ 근로자 1인당 150만원 (50만원×3개월) 인건비 지원","인력,대전,2026,대전광역시,대전일자리경제진흥원,인건비,근로자,일자리창출,신규채용",고용환경개선,17576
1359,보건복지부,한국노인인력개발원,인력,2026년 시니어 취업지원(취업알선형) 참여기업 모집 공고,,,2026-01-22,https://www.bizinfo.go.kr/sii/siia/selectSIIA200Detail.do?pblancId=PBLN_000000000117736,예산 소진시까지,중소기업,"주식회사 에스테이트는 보건복지부, 한국노인인력개발원과 함께 만 60세 이상자의 고용 촉진 및 기업 지원의 일환으로 「2026년 시니어 취업 지원(취업알선형) 사업」을 추진하고 있습니다. 이에 따라, 아래와 같이 모집 내용을 공고하오니 관심 있는 기업의 적극적인 참여를 부탁드립니다. ☞ 만 60세 이상 채용 의사가 있는 4대보험 가입 사업장 (경비ㆍ미화ㆍ요양보호사 등 가능) ☞ 만 60세 이상 무료 취업 알선, 6개월 이상 고용시 취업인센티브 지원","인력,서울,부산,대구,인천,광주,대전,울산,세종,경기,강원,충북,충남,전북,전남,경북,경남,제주,한국노인인력개발원,보건복지부,2026,시니어취업,시니어,취업알선,인센티브,취업인센티브",국내일반인력,9312
1360,경기도,기초자치단체,경영,[경기] 김포시 2026년 음식점 위생등급 지정업소 종합청소비 지원사업 참여업소 모집 공고,2026-01-07,2026-12-12,2026-01-22,https://www.bizinfo.go.kr/sii/siia/selectSIIA200Detail.do?pblancId=PBLN_000000000117730,,소상공인,"김포시에서는 「식품위생법 」 제47조의 2에 의거 음식점 위생등급 지정업소를 대상으로 ‘2026년 음식점 위생등급제 지정업소 종합청소비 지원사업’ 참여업소를 아래와 같이 모집하오니 관심있는 업소는 신청하여 주시기 바랍니다. ☞ 신청일 기준 위생등급제 지정 후 1년 경과한 일반ㆍ휴게음식점 ☞ 1개 업소당 최대 70만원 이내(연 1회) 지원 - 주방시설(닥트, 후드, 환풍기, 제빙기 등) 청소비 - 주방, 객석, 객실의 바닥, 벽 등 청소비","경영,경기,2026,경기도,기초자치단체,음식점,김포시,위생등급지정업소,종합청소비,주방시설,휴게음식점,일반음식점,위생",컨설팅,8089
1361,경기도,경기신용보증재단,금융,[경기] 화성시 2026년 중소기업 특례보증 지원계획 공고,,,2026-01-22,https://www.bizinfo.go.kr/sii/siia/selectSIIA200Detail.do?pblancId=PBLN_000000000117728,예산 소진시까지,중소기업,"「화성시 기업지원 및 기업활동 촉진 등에 관한 조례」제5조에 따라 2026년도 화성시 중소기업 특례보증 지원계획을 다음과 같이 공고합니다. ☞ 「중소기업기본법」제2조에 따른 중소기업으로, 사업자등록일로부터 1년 이상 경과한 관내 중소기업 ☞ 기업당 최대 3억원 이내 보증지원(최장 5년)","금융,경기,기업지원,운전자금,화성시,경기도,융자,중소기업,2026,경기신용보증재단,특례보증",융자,13837
1362,전북특별자치도,전북지식재산센터,수출,[전북] 2026년 글로벌 IP스타기업 육성 해외등록비용지원사업 모집 공고,,,2026-01-22,https://www.bizinfo.go.kr/sii/siia/selectSIIA200Detail.do?pblancId=PBLN_000000000117727,예산 소진시까지,중소기업,"2026년도 글로벌 IP스타기업 육성 해외등록비용 지원사업을 다음과 같이 공고하오니, 동 사업에 참여를 원하는 기업은 신청하여 주시기 바랍니다. ☞ 전북 글로벌 IP스타기업 ☞ 해외등록비용지원(특허, 상표, 디자인) - 해외 특허, 상표, 디자인 분야의 등록에 소요되는 비용 중 일부를 지원하며, 전북지식재산센터 컨설턴트의 컨설팅 병행 제공 지원","기술,수출,경영,전북,글로벌 IP스타기업,글로벌 IP,해외 특허,2026,전북특별자치도,해외등록,IP스타기업,전북지식재산센터,PCT,상표,디자인,컨설팅,특허",해외진출,7153
1363,경기도,기초자치단체,금융,[경기] 포천시 2026년 중소기업 육성자금 융자지원 (이자차액 보전) 계획 공고,,,2026-01-21,https://www.bizinfo.go.kr/sii/siia/selectSIIA200Detail.do?pblancId=PBLN_000000000117711,예산 소진시까지,중소기업,"경제적 어려움을 겪고 있는 포천시 제조업체에 육성자금 융자지원을 통해 안정적인 경영활동을 도모하고 기업경쟁력을 강화하기 위한 2026년 포천시 중소기업 육성자금 융자지원(이자차액 보전) 계획을 다음과 같이 공고합니다. ☞ 「중소기업기본법」 제2조에 따른 중소기업으로 신청일 현재 포천시에 본사와 공장이 모두 소재하는 제조 중소기업 ☞ 협약 은행에서 받은 대출액 이자의 1.5% ~ 4.5% 이자지원(이자 차액 보전) - 운전자금(인건비, 원부자재 구입 등), 시설설비 구입비 등 업체당 2억원 이내(상환방법 3년 이내)","금융,경기,시설설비구입비,2026,이자차액보전,중소기업육성자금,운전자금,포천시,기초자치단체,경기도,대출,융자,중소기업",융자,9033
1364,경기도,기초자치단체,내수,[경기] 여주시 2026년 국내ㆍ외 박람회 및 전시회 참가(개최) 지원사업 공고,,,2026-01-21,https://www.bizinfo.go.kr/sii/siia/selectSIIA200Detail.do?pblancId=PBLN_000000000117708,예산 소진시까지,중소기업,"여주도자기 도자산업 활성화 및 홍보를 위한 「2026년 국내ㆍ외 박람회 및 전시회 참가(개최) 지원사업」을 다음과 같이 공고합니다. ☞ 여주시 소재 도예 업체 ※ 사업자등록증 기준(업태 : 제조, 종목 : 도자기) ☞ 국내ㆍ외 축제 및 전시ㆍ박람회 참가(개최)(900,000원 한도 내, 사업자별 2회에 한함), 부스비, 홍보비, 운송비, 항공권 등 지원","수출,내수,경기,2026,경기도,기초자치단체,여주시,도예,도자기,도자산업,박람회,전시회,부스비,홍보비,운송비,항공권,국내,해외",오프라인,8545
1365,충청북도,충북지식재산센터,수출,[충북] 2026년 글로벌 IP스타기업 육성 해외출원비용 지원사업 모집 공고,,,2026-01-21,https://www.bizinfo.go.kr/sii/siia/selectSIIA200Detail.do?pblancId=PBLN_000000000117722,예산 소진시까지,창업벤처,"2026년도 글로벌 IP스타기업 육성 해외출원비용 지원사업을 다음과 같이 공고하오니, 동 사업에 참여를 원하는 기업은 신청하여 주시기 바랍니다. ☞ 글로벌 IP스타기업 ☞ 해외 특허, 상표, 디자인 출원에 소요되는 비용 중 일부를 지원하며, 지역지식재산센터 컨설턴트의 컨설팅 병행 지원 - 글로벌 IP 스타기업 육성 사업을 합산하여 최대 7,000만원 이내 지원","기술,수출,충북,글로벌 IP스타기업,디자인 출원,글로벌 IP,해외 특허,2026,상표,컨설팅,충청북도,충북지식재산센터,특허,브랜드,디자인,해외출원,특수국,PCT,미국,유럽,중국,일본,마드리드,헤이그",해외진출,8019
1366,충청북도,충북지식재산센터,수출,[충북] 2026년 글로벌 IP스타기업 육성 해외OA비용지원사업 모집 공고,2026-01-19,2026-12-31,2026-01-21,https://www.bizinfo.go.kr/sii/siia/selectSIIA200Detail.do?pblancId=PBLN_000000000117705,,중소기업,"2026년도 글로벌 IP스타기업 육성 해외OA비용 지원사업을 다음과 같이 공고하오니, 동 사업에 참여를 원하는 기업은 신청하여 주시기 바랍니다. ☞ 글로벌 IP스타기업 ☞ 해외출원 중인 건이 IP기반 해외진출지원기업 지위에서 중간사건(OA) 처리 된 경우 일부 소요 비용 지원 - 글로벌 IP스타기업 육성 사업을 합산하여 최대 7,000만원 이내 지원","기술,수출,충북,글로벌 IP스타기업,해외 특허,2026,해외OA비용,OA,해외출원,해외진출,컨설팅,충청북도,충북지식재산센터,미국,유럽,중국,일본,특수국,해외OA",해외진출,7091
1367,충청북도,충북지식재산센터,수출,[충북] 2026년 글로벌 IP스타기업 육성 해외등록비용 지원사업 모집 공고,,,2026-01-21,https://www.bizinfo.go.kr/sii/siia/selectSIIA200Detail.do?pblancId=PBLN_000000000117702,예산 소진시까지,중소기업,"2026년도 글로벌 IP스타기업 육성 해외등록비용 지원사업을 다음과 같이 공고하오니, 동 사업에 참여를 원하는 기업은 신청하여 주시기 바랍니다. ☞ 글로벌 IP스타기업 ☞ 해외출원 중인 건이 IP기반 해외진출지원기업 지위에서 등록된 경우 일부 소요 비용 지원 - 글로벌 IP스타기업 육성 사업을 합산하여 최대 7,000만원 이내 지원","기술,수출,충북,글로벌 IP스타기업,2026,충청북도,충북지식재산센터,해외등록비용,IP,미국,유럽,해외진출지원기업",해외진출,7205
1368,중소벤처기업부,공영홈쇼핑,내수,[대구ㆍ경북ㆍ전북] 2026년 지역상생협력관 지역 상품 발굴 코칭ㆍ상담 사업 공고,2026-01-13,2026-12-31,2026-01-21,https://www.bizinfo.go.kr/sii/siia/selectSIIA200Detail.do?pblancId=PBLN_000000000117698,,중소기업,"지역 중소ㆍ소상공인의 판로지원 확대를 위해 대구ㆍ경북 및 전북지방중소벤처기업청과 협력하여 상시 지역 우수 제품 발굴 체계 구축을 위한 사업입니다. ☞ 대구ㆍ경북ㆍ전북 지역 중기업, 소기업, 소상공인 ① 공산품 및 농축수산물의 가공품 한정 (1차 식품 제외) ② 당사와 거래이력 없는 신규 협력사 (벤더 상품 제외) ☞ 상품 진단 및 시장성 최적화 및 상품성 향상 코칭 지원 ※ 자세한 지원내용 공고문 참조","내수,경영,대구,전북,경북,복지향상,판매지원,동반성장몰,중기업,쇼핑몰,기획전,판로개척,중소벤처기업부,소기업,소상공인,2026,공영홈쇼핑",온라인,7365
1369,중소벤처기업부,한국중소벤처기업유통원,내수,2026년 동반성장몰(K전략품목ㆍ시범구매ㆍ상생협력 한정) 지원사업 공고,2026-01-01,2026-12-31,2026-01-21,https://www.bizinfo.go.kr/sii/siia/selectSIIA200Detail.do?pblancId=PBLN_000000000117697,,중소기업,"동반성장몰을 통한 K전략품목/시범구매제품/상생협력제품 판로지원 연계 및 홍보지원을 위한 사업입니다. ☞ 중기업, 소기업, 소상공인 ☞ 동반성장몰을 통한 K전략품목/시범구매제품/상생협력제품 판로지원 연계 및 홍보지원 - 우수 중소기업 제품을 동반성장몰(대기업, 공공기관 등이 도입)을 통해 판매할 수 있도록 지원 - 월별 도입기관 맞춤형 기획전 상시 운영","내수,경영,기타,서울,부산,대구,인천,광주,대전,울산,세종,경기,강원,충북,충남,전북,전남,경북,경남,제주,2026,한국중소벤처기업유통원,동반성장몰,판매,중기업,홍보지원,판로지원,중소벤처기업부,소기업,소상공인",홍보지원,9461
1370,중소벤처기업부,한국중소벤처기업유통원,내수,2026년 동반성장몰 지원사업 공고,2026-01-05,2026-12-31,2026-01-21,https://www.bizinfo.go.kr/sii/siia/selectSIIA200Detail.do?pblancId=PBLN_000000000117696,,중소기업,"우수 중소기업 제품을 동반성장몰(대기업, 공공기관 등이 도입)을 통해 판매할 수 있도록 동반성장몰 구매실적을 통해 공공기관과 대중소기업의 동반성장지수, 중소기업 제품 구매실적, 사회적기업 제품 구매실적 등의 각종 실적인정 및 월별 도입기관 맞춤형 기획전 상시 운영을 지원해 드리는 사업입니다. ☞ 중ㆍ소기업, 소상공인 ☞ 우수 중소기업 제품을 동반성장몰(대기업, 공공기관 등이 도입)을 통해 판매할 수 있도록 지원 - 동반성장몰 구매실적을 통해 공공기관과 대중소기업의 동반성장지수, 중소기업 제품 구매실적, 사회적기업 제품 구매실적 등의","내수,경영,서울,부산,대구,인천,광주,대전,울산,세종,경기,강원,충북,충남,전북,전남,경북,경남,제주,2026,한국중소벤처기업유통원,복지향상,판매지원,동반성장몰,중기업,쇼핑몰,기획전,판로개척,중소벤처기업부,소기업,소상공인,중소기업",온라인,10968
1371,전북특별자치도,전북테크노파크,수출,[전북] 2026년 글로벌 IP스타기업 육성 해외OA비용지원사업 모집공고,,,2026-01-21,https://www.bizinfo.go.kr/sii/siia/selectSIIA200Detail.do?pblancId=PBLN_000000000117679,예산 소진시까지,중소기업,"2026년도 글로벌 IP스타기업 육성 해외OA비용지원사업을 다음과 같이 공고하오니, 동 사업에 참여를 원하는 기업은 신청하여 주시기 바랍니다. ☞ 전북 글로벌 IP스타기업 ※ 해외OA 특허사무소가 협력기관 풀(Pool)에 반드시 등록되어 있어야 함 ☞ 해외 특허, 상표, 디자인 분야의 중간사건(OA) 대응에 소요되는 비용 중 일부를 지원하며, 전북지식재산센터 컨설턴트의 컨설팅 병행 지원","기술,수출,경영,전북,해외 특허,전북 글로벌 IP스타기업,2026,전북지식재산센터,컨설팅,전북특별자치도,전북테크노파크,해외OA,해외OA비용,IP스타기업,글로벌IP,미국,유럽,중국,일본,특수국,특허,상표,디자인",해외진출,6855
1372,중소벤처기업부,소상공인시장진흥공단,경영,2026년 희망리턴패키지 원스톱폐업지원 소상공인 모집 공고,,,2026-01-21,https://www.bizinfo.go.kr/sii/siia/selectSIIA200Detail.do?pblancId=PBLN_000000000117676,세부사업별 상이,소상공인,"소상공인의 신속ㆍ안전한 폐업 및 폐업부담 경감을 위한 2026년 「희망리턴패키지 원스톱폐업지원」사업을 다음과 같이 공고합니다. ☞ 폐업(예정) 소상공인 ☞ 폐업에 필요한 사업 정리 컨설팅, 점포 철거비, 법률자문, 채무조정 지원","경영,서울,부산,대구,인천,광주,대전,울산,세종,경기,강원,충북,충남,전북,전남,경북,경남,제주,점포철거비,2026,폐업예정소상공인,폐업소상공인,채무조정,희망리턴패키지,사업정리컨설팅,소상공인시장진흥공단,폐업,법률자문,중소벤처기업부,소상공인",시설/입지지원,29874
1373,중소벤처기업부,소상공인시장진흥공단,인력,2026년 희망리턴패키지 특화취업지원 소상공인 모집 수정 공고,,,2026-01-21,https://www.bizinfo.go.kr/sii/siia/selectSIIA200Detail.do?pblancId=PBLN_000000000117673,예산 소진시까지,소상공인,"소상공인의 임금근로자 전환을 지원하기 위한 2026년「희망리턴패키지 특화취업지원」사업을 다음과 같이 공고합니다. ☞ 취업 의사가 있는 폐업(예정) 소상공인(만 15세 이상~만 69세 이하) ☞ 취업 교육(기초+심화) 및 심리회복 프로그램, 전직장려수당(최대 100만원), 국민취업지원제도 참여 연계 등 지원","인력,서울,부산,대구,인천,광주,대전,울산,세종,경기,강원,충북,충남,전북,전남,경북,경남,제주,심리회복,2026,국민취업지원제도,폐업예정소상공인,폐업소상공인,희망리턴패키지,전직장려수당,소상공인시장진흥공단,중소벤처기업부,교육,소상공인",교육/훈련/연수,25563
1374,인천광역시,기초자치단체,기술,[인천] 서구 2026년 제품인증획득 지원사업 신청 공고,,,2026-01-21,https://www.bizinfo.go.kr/sii/siia/selectSIIA200Detail.do?pblancId=PBLN_000000000117671,예산 소진시까지,중소기업,"인천광역시서구에서는 기술 및 품질경쟁력이 우수한 중소기업을 대상으로 「제품인증획득 지원사업」을 시행하오니 아래사항을 참고하여 신청해 주시기 바랍니다. ☞ 2026년에 제품인증을 획득한 서구지역 관내 공장이 있는 중소제조기업 ※ 서구지역 (법정동) : 시천동, 검암동, 경서동, 공촌동, 연희동, 심곡동, 청라동, 가정동, 신현동, 원창동, 석남동, 가좌동 ☞ 제품인증획득에 소요된 수수료, 시험비 및 컨설팅비 등 기업당 300 ~ 500만원 범위내 지원","기술,수출,인천,검단,제품인증획득,수수료,시험비,기술인증,서구,기초자치단체,인증,인천광역시,컨설팅,제조업,중소기업,2026",시험/인증,8774
1375,인천광역시,기초자치단체,기술,[인천] 서구(검단지역) 2026년 제품인증획득 지원사업 신청 공고,,,2026-01-21,https://www.bizinfo.go.kr/sii/siia/selectSIIA200Detail.do?pblancId=PBLN_000000000117688,예산 소진시까지,중소기업,"인천광역시서구에서는 기술 및 품질경쟁력이 우수한 중소기업을 대상으로 「(검단지역) 제품인증획득 지원사업」을 시행하오니 아래사항을 참고하여 신청해 주시기 바랍니다. ☞ 2026년에 제품인증을 획득한 검단지역 관내 공장이 있는 중소제조기업 ※ 검단지역 (법정동) : 대곡동, 불로동, 금곡동, 마전동, 오류동, 왕길동, 당하동, 원당동, 백석동 ☞ 제품인증획득에 소요된 수수료, 시험비 및 컨설팅비 등 기업당 300 ~ 500만원 범위내 지원","기술,수출,인천,검단,인천검단,2026,제품인증획득,수수료,시험비,기술인증,서구,기초자치단체,인증,인천광역시,컨설팅,제조업,중소기업",시험/인증,7475
1376,인천광역시,인천테크노파크,기술,[인천] 2026년 기술거래촉진네트워크사업(인천기술전환플랫폼) 기술이전 및 기술수요조사서 신청 공고,,,2026-01-21,https://www.bizinfo.go.kr/sii/siia/selectSIIA200Detail.do?pblancId=PBLN_000000000117668,상시 접수,중소기업,"(재)인천테크노파크는 인천 기술혁신기업 육성 및 기업의 기술경쟁력 강화, 신기술 시장 진입을 도모하기 위한 기술이전 및 기술수요조사를 진행하오니 희망하는 기업의 많은 참여 바랍니다. ☞ 기술이전 및 기술수요조사를 희망하는 인천지역 중소ㆍ중견기업 ☞ 수요기술 분석, 기술코칭, 적합기술 탐색 및 매칭, 기술 이전, 기술협업 중개, 사후관리 및 사업화 지원","기술,인천,2026,기술수요조사,기술혁신기업,수요기술,중견,사업화,인천테크노파크,기술이전,인천광역시,중소기업",기술사업화/이전/지도,8253
1377,성평등가족부,인천여성가족재단,인력,[인천] 2026년 새일여성인턴 참여 기업 모집 공고,,,2026-01-21,https://www.bizinfo.go.kr/sii/siia/selectSIIA200Detail.do?pblancId=PBLN_000000000117666,예산 소진시까지,중소기업,"경력단절여성등의 일경험(인턴십)을 통한 취업 및 고용유지 지원을 위한 '새일여성인턴 사업' 참여기업을 모집합니다. ☞ 상시근로자 수 5인이상~1,000인미만(4대보험가입장) 기업 - 인턴 시작일 기준 3개월전까지 권고사직 이력이 없는 기업 (인턴 사업 최초 참여 사업장의 경우 1개월 이력 확인) ☞ 기업지원금(인턴지원금, 고용장려금) 총 400만원 지원","인력,인천,부평여성새로일하기센터,성평등가족부,2026,새일여성인턴,인턴지원금,인천여성가족재단,경력단절여성,고용장려금,인천광역시",고용유지,8188
1378,제주특별자치도,한국무역보험공사제주지사,수출,[제주] 2026년 수출보험료 지원 사업 참여기업 모집 공고,,,2026-01-21,https://www.bizinfo.go.kr/sii/siia/selectSIIA200Detail.do?pblancId=PBLN_000000000117664,예산 소진시까지,중소기업,"제주특별자치도 수출진흥 및 통상협력에 관한 조례 제19조의3에 따라 도내 수출(희망) 기업의 역량강화 및 수출보험 가입비 지원을 통한 경영안정 및 수출활성화를 위하여 2026년 수출보험료 지원 사업 참여기업의 모집을 공고합니다. ☞ 제주 도내 수출(희망) 기업 ☞ 수출보험ㆍ보증료 및 수입자 신용조사 수수료 지원 - 지원한도 : 전년도 수출실적 US$1백만 이상 기업 800만원, US$1백만 미만 기업 600만원","수출,제주,한국무역보험공사제주지사,제주특별자치도,2026,수출보험료,수출보험,신용조사,수수료,단기수출보험,환변동보험,수출신용보증",해외진출준비,8190
1379,강원특별자치도,기초자치단체,금융,[강원] 양양군 2026년 중소기업육성자금 지원계획 공고,,,2026-01-20,https://www.bizinfo.go.kr/sii/siia/selectSIIA200Detail.do?pblancId=PBLN_000000000117656,예산 소진시까지,중소기업,"「양양군 지역경제 촉진 등에 관한 조례 시행규칙」제11조의 규정에 의하여 2026년도 양양군 중소기업육성자금 지원계획을 다음과 같이 공고합니다. ☞ 양양군 소재 중소기업 및 소상공인 - 법인사업체 : 양양군 관내에 본사, 주사무소 또는 사업장을 두고 있는 업체 - 개인사업자 : 양양군 관내에 사업장 및 대표자 주소를 두고 있는 자 ☞ 운전자금, 시설자금 융자 지원 ※ 자세한 사항 공고문 참조","금융,강원,2026,강원특별자치도, 중소기업,중소기업육성자금,양양군,운전자금,시설자금,기초자치단체,융자,소상공인",융자,8463
1380,강원특별자치도,강원테크노파크,경영,[강원] 2026년 중소ㆍ벤처기업 투자이음 강화 프로그램 참여기업 연중 상시접수 공고(강원 벤처투자 생태계 조성사업),,,2026-01-20,https://www.bizinfo.go.kr/sii/siia/selectSIIA200Detail.do?pblancId=PBLN_000000000117654,상시 접수,중소기업,"강원특별자치도와 (재)강원테크노파크는 강원지역 전략산업 육성 및 출자 벤처펀드 활성화를 위하여, 투자를 희망하는 기업을 대상으로 기업 맞춤형 투자연계 지원프로그램을 운영하고 있는 바, 벤처투자를 희망하는 기업의 많은 참여 바랍니다. ☞ 강원지역 내 주사업장(본사/지사/공장) 보유 및 이전 예정기업 ☞ 강원 벤처펀드 투자 검토연계, 투자유치행사(현장IR발표, 1:1심층상담), 역량강화 교육, 투자 역량강화 지원, 자금 연계 프로그램, 지원안내 등 지원","경영,강원,2026,강원특별자치도,강원테크노파크,벤처펀드,투자검토,투자이음,천연물바이오,세라믹원료,반도체,헬스,미래에너지,미래모빌리티,푸드테크,ICT,디지털헬스케어",디자인/상품화/사업화,8737
1381,강원특별자치도,기초자치단체,내수,2026년 양구군 단체관광객 유치 인센티브 지원 계획 공고,,,2026-01-20,https://www.bizinfo.go.kr/sii/siia/selectSIIA200Detail.do?pblancId=PBLN_000000000117650,예산 소진시까지,중소기업,"양구군에서는 관광객을 유치하여 지역경제 활성화를 도모하고자 “2026년도 양구군 단체관광객 유치 인센티브 지원 계획” 을 다음과 같이 공고하오니 여행업체 및 수학여행학교의 많은 관심과 참여 바랍니다. ☞ 관광진흥법 제3조 및 제4조의 규정에 의거 등록한 여행업체 ☞ 단체관광객 유치 인센티브(단체관광객, 수학여행단) 지원 ※ 자세한 지원내용 공고문 참조","내수,강원,인센티브 지원,관광객 유치,2026,강원특별자치도,양구군,수학여행,관광객,여행업체,인센티브,기초자치단체",오프라인,7396
1382,강원특별자치도,기초자치단체,경영,2026년 화천군 국내ㆍ외 단체 관광객 인센티브 지원계획 공고,,,2026-01-20,https://www.bizinfo.go.kr/sii/siia/selectSIIA200Detail.do?pblancId=PBLN_000000000117648,예산 소진시까지,중소기업,우리 군에서는 국내ㆍ외 단체 관광객 증대 및 머무는 관광 유도를 통해 지역경제 활력 도모 및 관광산업 경쟁력 제고를 위하여 2026년 단체 관광객 인센티브 지원계획을 다음과 같이 공고하오니 많은 관심과 참여 바랍니다. ☞ 관광사업자 등록 여행업체(관광진흥법 제4조) ☞ 국내ㆍ외 10인 이상 화천 방문 단체관광객을 유치한 국내 여행업체 또는 일반단체에 서류심사 후 지원 기준에 따라 인센티브 지원 ※ 자세한 지원내용 공고문 참조,"경영,서울,부산,대구,인천,광주,대전,울산,세종,경기,강원,충북,충남,전북,전남,경북,경남,제주,대학MT,단체 관광객,2026,기업연수,강원특별자치도,화천군,현장체험,관광산업,수학여행,국외,국내,관광객,여행업체,관광사업자,단체,기초자치단체",디자인/상품화/사업화,7767
1383,강원특별자치도,기초자치단체,금융,[강원] 철원군 2026년 중소기업육성융자금 이차보전금 지원계획 공고,,,2026-01-20,https://www.bizinfo.go.kr/sii/siia/selectSIIA200Detail.do?pblancId=PBLN_000000000117646,예산 소진시까지,중소기업,"철원군 중소기업 육성융자금에 대한 이차보전금 지급조례 제2조에 의거 「철원군 중소기업육성융자금 이차보전금 지원 계획」을 다음과 같이 공고합니다. ☞ 대표자가 철원군민이고, 사업장의 주소가 철원군인 개인 및 법인사업자 ☞ 융자금(시설자금, 운전자금)의 3% 이자지원 (융자금 최대 1억원 한도, 최대 3년간 지원)","금융,강원,중소기업육성융자금,2026,강원특별자치도,이차보전금,이자,철원군,운전자금,시설자금,기초자치단체,융자,중소기업",융자,7279
1384,강원특별자치도,기초자치단체,금융,[강원] 화천군 2026년 중소기업 및 소상공인 육성자금 융자추천 및 이차보전 지원계획 공고,,,2026-01-20,https://www.bizinfo.go.kr/sii/siia/selectSIIA200Detail.do?pblancId=PBLN_000000000117644,예산 소진시까지,중소기업,"「화천군 지역경제촉진 등에 관한 조례」 제11조의 규정에 따라 화천군 중소기업 및 소상공인 육성을 위한 육성자금 융자추천 및 이차보전 계획을 다음과 같이 공고합니다. ​☞ 「중소기업기본법시행령」 제2조 및 제3조의 규정에 의한 중소기업으로서 화천군에 소재하며「부가가치세법」 제5조제1항의 규정에 의하여 사업자등록을 필한 다음 각 호의 어느 하나에 해당하는 업체 - 사업자가 화천군에 주민등록이 되어 있는 자 ☞ 경영안정에 소요되는 운전자금 융자 지원 - 제조업, 건설업, 운송업, 도선업 : 2억원 이내 - 숙박업, 일반음식점업, 이미용","금융,강원,2026,강원특별자치도,화천군,운전자금,기초자치단체,융자,중소기업,이차보전",융자,7990
1385,강원특별자치도,기초자치단체,금융,[강원] 횡성군 2026년 중소기업육성자금 이차보전 지원 공고,,,2026-01-20,https://www.bizinfo.go.kr/sii/siia/selectSIIA200Detail.do?pblancId=PBLN_000000000117634,예산 소진시까지,중소기업,「횡성군 지역경제 활성화 지원 등에 관한 조례」 및 시행규칙에 의거 2026년도 횡성군 중소기업 육성자금 지원을 다음과 같이 공고합니다. ☞ 관내 중소기업 및 소상공인 ☞ 대출이자 최대 4% 지원 ※ 자세한 지원내용 공고문 참조,"금융,강원,기업가형소상공인,강원특별자치도,인구감소지역,횡성군,특례보증,운전자금,시설자금,기초자치단체,2026,이차보전,중소기업육성자금",융자,7157
1386,충청남도,충남콘텐츠진흥원,경영,2026년 예산군 로케이션 인센티브 제작지원 사업 공고,,,2026-01-20,https://www.bizinfo.go.kr/sii/siia/selectSIIA200Detail.do?pblancId=PBLN_000000000117643,예산 소진시까지,중소기업,"(재)충남콘텐츠진흥원에서는 영화ㆍ드라마 등 영상물 촬영 활성화를 위해 「2026 예산군 로케이션 인센티브 제작지원」을 진행하고 있습니다. 영상산업관계자들의 적극적인 관심과 많은 참여 바랍니다. ☞ 2026년 예산군 내에서 촬영하는 영화, 드라마, 다큐멘터리, 예능, 교양, M/V, 웹드라마 등으로 극장개봉 또는 TV, OTT, 온라인 플랫폼 등 방영이 확정된 작품 ☞ 예산군 내 2지역 이상 촬영 시 예산군 내 소비금액의 50%환급 지원(최대 60,000,000원)","경영,서울,부산,대구,인천,광주,대전,울산,세종,경기,강원,충북,충남,전북,전남,경북,경남,제주,2026,예산군,충청남도,충남콘텐츠진흥원,기초자치단체,로케이션,인센티브,환급,영화,드라마",디자인/상품화/사업화,7352
1387,강원특별자치도,기초자치단체,금융,[강원] 평창군 2026년 중소기업 육성자금 이차보전사업 지원계획 공고,,,2026-01-20,https://www.bizinfo.go.kr/sii/siia/selectSIIA200Detail.do?pblancId=PBLN_000000000117632,예산 소진시까지,중소기업,"「평창군 지역경제 촉진 등에 관한 조례 시행규칙」 제11조 규정에 따라 2026년 평창군 중소기업 육성자금 이차보전사업 지원계획을 다음과 같이 공고합니다. ☞ 평창군 내 법인사업체 및 개인사업자 - 법인사업체 : 평창군 관내에 본사 또는 사업장을 두고 있는 기업 - 개인사업자 : 평창군 관내에 사업장 및 주소를 두고 있는 자 ☞ 기업경영에 소요되는 운전자금, 시설자금 지원 ※ 지원대상별 한도액 및 자세한 사항 공고문 참조","금융,강원,2026,강원특별자치도,중소기업육성자금,평창군,운전자금,이차보전,시설자금,기초자치단체,중소기업",융자,6987
1388,강원특별자치도,기초자치단체,경영,2026년 정선군 단체관광객 유치 여행사 인센티브 지원 계획 공고,,,2026-01-20,https://www.bizinfo.go.kr/sii/siia/selectSIIA200Detail.do?pblancId=PBLN_000000000117631,예산 소진시까지,중소기업,"정선군에서는 관광객 유치 증대를 통해 지역 관광 및 경제 활성화를 도모하기 위하여 내ㆍ외국인 단체관광객을 유치한 여행사 등에 인센티브를 지원하고자 다음과 같이 공고합니다. ☞ 관광진흥법 제3조, 제4조의 여행업 등록을 필한 여행업체, 정선 시티투어 모객 여행사 ☞ 단체관광객 유치 인센티브 지원 - 단체관광, 수학여행, 시티투어 관광, 추가 인센티브 지원금액 공고문 참조","경영,서울,부산,대구,인천,광주,대전,울산,세종,경기,강원,충북,충남,전북,전남,경북,경남,제주,2026,강원특별자치도,기초자치단체,단체관광,단체관광객,인센티브,여행사,여행업,여행업체,수학여행,시티투어",디자인/상품화/사업화,7617
1389,강원특별자치도,기초자치단체,금융,[강원] 횡성군 2026년 인구감소지역 중소기업 특례보증 기업지원 공고,,,2026-01-20,https://www.bizinfo.go.kr/sii/siia/selectSIIA200Detail.do?pblancId=PBLN_000000000117630,예산 소진시까지,중소기업,"국정과제 120(지방소멸방지, 균형발전 추진체계 강화) 및「지방소멸 위기 극복을 위한 횡성군 중소기업 금융지원 업무협약」에 의거 2026년도 인구감소지역 중소기업 특례보증 기업지원을 다음과 같이 공고합니다. ☞ 인구감소(관심)지역 소재 중소기업 및 기업가형 소상공인 ☞ 운전자금 및 시설자금 지원(업체당 운전자금 최대 2억 원, 2% 이차보전) ※ 자세한 지원내용 공고문 참조","금융,강원,2026,기업가형소상공인,강원특별자치도,인구감소지역,횡성군,특례보증,운전자금,시설자금,기초자치단체,중소기업,소상공인,금융지원",융자,7722
1390,강원특별자치도,기초자치단체,경영,2026년 삼척시 단체관광객 유치 여행사 인센티브 지원계획 공고,,,2026-01-20,https://www.bizinfo.go.kr/sii/siia/selectSIIA200Detail.do?pblancId=PBLN_000000000117620,예산 소진시까지,중소기업,"삼척시의 다양한 문화ㆍ축제ㆍ관광자원을 이용한 관광상품 개발 및 지역 경제 활성화를 도모하기 위하여 내ㆍ외국인 체류 관광객을 유치한 여행사에 대한 인센티브 지원계획을 다음과 같이 공고합니다. ☞ 「관광진흥법」제3조, 제4조에 의한 여행업등록 여행사(인터넷 여행사 포함) ☞ 단체관광객 유치(당일관광, 숙박관광, 수학여행단 등) 인센티브 지원 ※ 자세한 지원내용 공고문 참조","경영,서울,부산,대구,인천,광주,대전,울산,세종,경기,강원,충북,충남,전북,전남,경북,경남,제주,2026,강원특별자치도,숙박관광,당일관광, 관광,수학여행,여행사,여행업,여행업체,인센티브,기초자치단체,삼척시",디자인/상품화/사업화,8171
1391,강원특별자치도,기초자치단체,금융,[강원] 속초시 2026년 중소기업육성자금 이차보전금 지원 계획 공고,,,2026-01-20,https://www.bizinfo.go.kr/sii/siia/selectSIIA200Detail.do?pblancId=PBLN_000000000117626,예산 소진시까지,중소기업,"속초시 관내 중소기업 육성과 경영안정 지원을 위해 「속초시 중소기업육성자금 이차보전금 지원 계획」을 다음과 같이 공고합니다. ☞ 속초시 내 본사ㆍ주사무소 또는 사업장을 둔 중소기업ㆍ소상공인 ☞ 2년간 이차보전 금리 2.5% 지원 - 융자 추천 한도 : 제조업 3억원, 비제조업 7천만원, 매출증빙 불가업체 3천만원 ※ 지원 우대 : 설악동 BㆍC지구 2억원, 여성기업 1억원 이내 추가지원","금융,강원,2026,강원특별자치도,이차보전금,육성자금,운전자금,이차보전,시설자금,기초자치단체,소상공인,중소기업,속초시,여성기업,제조업,비제조업",융자,7393
1392,강원특별자치도,강원신용보증재단,금융,[강원] 속초시 2026년 소상공인 특례보증 지원 계획 공고,,,2026-01-20,https://www.bizinfo.go.kr/sii/siia/selectSIIA200Detail.do?pblancId=PBLN_000000000117624,예산 소진시까지,소상공인,속초시 관내 소상공인의 경영안정 지원을 위하여 「속초시 소상공인 특례보증 지원 계획」을 다음과 같이 공고합니다. ☞ 속초시에 사업장을 둔 소상공인 ☞ 소상공인 특례보증(업체별 7천만원 이내(한도증액)) 지원 ※ 중소기업육성자금 이차보전 지원사업과 중복지원 가능,"금융,강원,2026,강원특별자치도,특례보증,강원신용보증재단,속초시,소상공인,기초자치단체",보증,7734
1393,강원특별자치도,기초자치단체,금융,[강원] 속초시 2026년 소상공인 특례보증 수수료 지원 사업 공고,,,2026-01-20,https://www.bizinfo.go.kr/sii/siia/selectSIIA200Detail.do?pblancId=PBLN_000000000117621,예산 소진시까지,소상공인,"속초시 소상공인들의 경영부담 완화 및 성장 지원을 위해「속초시 소상공인 특례보증 수수료 지원 사업」을 다음과 같이 공고합니다. ​☞ 속초시에 사업장을 둔 소상공인으로 강원신용보증재단을 통해 속초시 특례보증으로 대출을 실행한 자 ☞ 특례보증 수수료 0.8%, 최대 2개년분 지원(사후지원) - 속초시 소상공인 특례보증 추천을 받아 신용보증서 담보로 대출 실행 시 특례보증액 7천만원 이내, 보증기간 5년 이내에 대한 보증 수수료 0.8% 중 최대 2개년분 - 강원신용보증재단의 특례보증 신규 취급을 위한 보증료를 2026년에 납부 완료한 ","금융,강원,2026,강원특별자치도,특례보증,강원신용보증재단,속초시,수수료,기초자치단체,소상공인",보증,7397
1394,인천광역시,인천테크노파크,금융,[인천] 지역 중소기업 금융지원 강화를 위한 금융기관(NH농협은행) 협업 특별 경영안정자금 추가 지원 공고,,,2026-01-20,https://www.bizinfo.go.kr/sii/siia/selectSIIA200Detail.do?pblancId=PBLN_000000000117611,예산 소진시까지,중소기업,"인천광역시 중소기업경영안정자금 지원 및 운용조례 제6조의 규정에 의거 「금융기관(NH농협은행) 협업 특별 경영안정자금」추가 지원(3차)를 다음과 같이 공고합니다. ☞ 인천소재 제조업 또는 제조업관련업 중소기업 ※ 자세한 사항 공고문 참조 ☞ 은행 대출 운전자금의 이자차액보전 지원 - 지원 한도 : 일반기업 10억원(우대10~100억원, 업체별 세부심사기준에 따라 다름) - 지원 기간 : 1년(만기 일시 상환) - 지원 금리 : 1.8% 균등지원(NH농협은행 0.5%, 인천시 1.3%)","금융,인천,2026,제조업관련업,중소기업경영안정자금,이자차액보전,특별경영안정자금,금리,경영안정자금,운전자금,인천테크노파크,인천광역시,제조업,중소기업",융자,8888
1395,강원특별자치도,기초자치단체,금융,[강원] 태백시 2026년 중소기업육성자금 지원 사업 공고,,,2026-01-20,https://www.bizinfo.go.kr/sii/siia/selectSIIA200Detail.do?pblancId=PBLN_000000000117600,예산 소진시까지,중소기업,"「태백시 지역경제 촉진 등에 관한 조례」제5조에 의하여 2026년도 태백시 중소기업육성자금 지원사업을 다음과 같이 공고합니다. ☞ 태백시 소재 중소기업 중 아래 요건을 충족하는 기업 - 제조업, 지식ㆍ정보 관련업, 광업, 건설업, 관광업, 도ㆍ소매업, 숙박업, 이미용업, 목욕장업, 세탁업, 일반음식점업, 자동차정비업, 운수업 ※ 자세한 지원대상 공고문 참조 ☞ 운전자금(융자한도 3억원 이하), 시설자금(융자 한도 제조업 8억원, 그 외 업종 2억원 이하) 지원 ※ 자세한 지원내용 공고문 참조","금융,강원,2026,강원특별자치도,태백시,중소기업육성자금,육성자금,운전자금,시설자금,기초자치단체,융자,중소기업",융자,7530
1396,산업통상부,대한무역투자진흥공사,경영,2026년 미국 현지 변호사 및 관세사와 1:1 온라인 상담 지원 공고,2026-01-16,2026-11-30,2026-01-20,https://www.bizinfo.go.kr/sii/siia/selectSIIA200Detail.do?pblancId=PBLN_000000000117599,,중소기업,"대한무역투자진흥공사(KOTRA)에서 미국관세 조치로 수출 애로가 있는 중소ㆍ중견기업 등을 대상으로 미국 현지 법무법인 및 관세법인 대표 변호사/관세사들과 1:1 온라인 심층 컨설팅을 지원해드리는 사업입니다. ☞ 미국 관세 조치로 수출 애로가 있는 중소ㆍ중견기업 ☞ 미국 현지 변호사ㆍ관세사와 1:1 매칭하여 심층 온라인 상담(1시간 내외) 지원 - 미국 현지 통관절차, 서류 작성법, 검증 대응, 원산지 판정 등 관세조치 제반 사항","수출,경영,서울,부산,대구,인천,광주,대전,울산,세종,경기,강원,충북,충남,전북,전남,경북,경남,제주,2026,산업통상부,대한무역투자진흥공사,온라인상담,컨설팅,미국,관세,변호사,관세사,수출애로",컨설팅,7163
1397,강원특별자치도,강원신용보증재단,금융,[강원] 태백시 2026년 소상공인 특례보증ㆍ이차보전 지원 계획 공고,,,2026-01-20,https://www.bizinfo.go.kr/sii/siia/selectSIIA200Detail.do?pblancId=PBLN_000000000117597,예산 소진시까지,소상공인,"태백시 소상공인의 경영안정 지원을 위하여 「태백시 소상공인 특례보증ㆍ이차보전 지원 계획」을 다음과 같이 공고합니다. ☞ 신청일 기준 태백시에 3개월 이상 사업자 주소지와 주민등록을 두고 운영 중인 소상공인 - 이차보전지원 : 협약 은행에서 특례보증 신규 대출을 받은 소상공인 ※ 자세한 지원대상 공고문 참조 ☞ 소상공인 특례보증, 이차보전 지원 - (특례보증지원) 업체 당 최대 5천만 원 이내 지원 (보증수수료: 연 0.8% 고정) - (이차보전지원) 대출(금융)기관에 직접 이자 지원 (이차보전 3.5% 범위 내) ※ 자세한 지원내용","금융,강원,2026,강원특별자치도,태백시,경영안정,특례보증,이차보전,대출,소상공인,강원신용보증재단",보증,7986
1398,강원특별자치도,기초자치단체,경영,2026년 강릉시 단체관광객 유치 인센티브 지원계획 공고,,,2026-01-19,https://www.bizinfo.go.kr/sii/siia/selectSIIA200Detail.do?pblancId=PBLN_000000000117606,예산 소진시까지,중소기업,"우리 지역의 우수한 문화자원을 알리고 다양한 관광자원을 이용한 관광상품 개발 및 지역경제 활성화를 도모하고, 체류형 관광산업 확대를 위하여 내․외국인 단체관광객을 유치한 여행사에 대한 지원계획을 다음과 같이 공고합니다. ☞ 관광진흥법 제3조 및 제4조의 규정에 의한 여행업등록을 필한 여행업체로 우리시에 내ㆍ외국인 단체관광객, 수학여행단을 유치한 여행사 ☞ 단체관광객 유치(여행 1건당 최대 300만원까지) 지원 ※ 자세한 사항 공고문 참조","경영,서울,부산,대구,인천,광주,대전,울산,세종,경기,강원,충북,충남,전북,전남,경북,경남,제주,2026,강원특별자치도,기초자치단체,단체관광객,단체관광,수학여행,인센티브,단체관광객유치,여행사,여행업",디자인/상품화/사업화,9401
1399,강원특별자치도,기초자치단체,금융,[강원] 원주시 2026년 창업기업자금 동행지원 계획 공고,,,2026-01-19,https://www.bizinfo.go.kr/sii/siia/selectSIIA200Detail.do?pblancId=PBLN_000000000117603,예산 소진시까지,창업벤처,「원주시 지역경제촉진 등에 관한 조례」시행규칙 제11조의 규정에 따라 2026년도 원주시 창업기업자금 동행지원 계획을 다음과 같이 공고 합니다 ☞ 신청일 현재 원주시에 소재하며 다음에 해당하는 창업 7년 이내 중소기업 ☞ 신용 또는 기술보증기금 연계 자금융자 및 이자ㆍ보증수수료 지원 - 융자한도 : 기업당 전년도 매출액의 1/4 또는 최근 3개월간 매출액의 범위 내에서 3억원 이하의 운전자금 ※ 자세한 지원내용 공고문 참조,"금융,창업,강원,2026,이자지원,강원특별자치도,원주시,자금융자,운전자금,기술보증기금,기초자치단체,중소기업,창업기업,창업7년이내,이자,보증수수료",융자,9108
1400,강원특별자치도,기초자치단체,금융,[강원] 춘천시 2026년 중소기업육성자금 지원계획 공고,,,2026-01-19,https://www.bizinfo.go.kr/sii/siia/selectSIIA200Detail.do?pblancId=PBLN_000000000117602,예산 소진시까지,중소기업,"「춘천시 지역경제 촉진 등에 관한 조례」제5조의 규정에 따라 2026년도 춘천시 중소기업육성자금 지원계획을 다음과 같이 공고합니다. ☞ 신청일 현재 춘천시에 소재한 중소기업 및 소상공인으로 은행여신규정에 의한 담보능력(부동산, 신용보증서 등)이 있는 기업 ※ 본사, 주사무소 또는 사업장, 공장 춘천시 소재 기업 ☞ 중소기업 육성자금, '땡겨요' 이차보전 지원 ※ 자세한 지원사항 공고문 참조","금융,강원,2026,강원특별자치도,기초자치단체,춘천시,중소기업,소상공인,땡겨요,중소기업육성자금,이차보전,장애인기업,여성기업,가족친화기업,운전자금,시설자금,창업기업",융자,8376
1401,전북특별자치도,전북특별자치도경제통상진흥원,경영,[전북] 2026년 중소기업종합지원시스템 전문가 컨설팅 참여 기업 상시 모집 공고,,,2026-01-19,https://www.bizinfo.go.kr/sii/siia/selectSIIA200Detail.do?pblancId=PBLN_000000000117601,예산 소진시까지,중소기업,전북특별자치도와 (재)전북특별자치도경제통상진흥원에서는 우리도 기업의 경영 현장에서 발생하는 애로를 해소하고 기업의 지속 성장과 경쟁력 강화를 위한 전문가 컨설팅을 상시 모집하오니 많은 관심과 참여 바랍니다. ☞ 전라북도 내 중소기업 ☞ 전문가 컨설팅 지원 - 기업 연간 최대 6회 컨설팅 신청가능,"경영,전북,2026,전북특별자치도경제통상진흥원,전북특별자치도,중소기업,컨설팅,전문가,중소기업종합지원시스템",컨설팅,8533
1402,강원특별자치도,강원신용보증재단,금융,[강원] 춘천시 2026년 중소기업 특례보증 지원계획 공고,,,2026-01-19,https://www.bizinfo.go.kr/sii/siia/selectSIIA200Detail.do?pblancId=PBLN_000000000117588,예산 소진시까지,중소기업,"「춘천시 지역경제 촉진 등에 관한 조례」 제4조에 따른 춘천시 소재 중소기업에 대한 2026년도 특례보증 지원계획을 다음과 같이 공고합니다. ☞ 신청일 현재 춘천시에 사업장을 소재한 중소기업 및 소상공인 중 ① 중소기업: 제조업, 정보통신산업, 지식산업 영위 업체 ② 소상공인: 사치 및 향락 등 제외 전업종 (*붙임1 참조) ※ 자세한 지원대상 공고문 참조 ☞ 특례보증(완화된 보증심사 기준 적용) 추천을 통한 자금 대출을 위한 보증서 발급 지원 - 보증한도: 중소기업(1억원), 소상공인(5천만원) ※ 자세한 지원내용 공고문 참조","금융,강원,2026,강원특별자치도,정보통신산업,특례보증,강원신용보증재단,춘천시,보증,육성자금,지식산업,대출,제조업,소상공인,중소기업",보증,9011
1403,충청북도,충북신용보증재단,금융,[충북] 단양군 2026년 소상공인 융자금 이차보전 지원사업 공고,,,2026-01-19,https://www.bizinfo.go.kr/sii/siia/selectSIIA200Detail.do?pblancId=PBLN_000000000117579,예산 소진시까지,소상공인,"소상공인의 경영안정을 위해 「단양군 소상공인 및 유통산업 발전을 위한 지원 조례」제3조에 따라 2026년도 소상공인 융자금 이차보전 지원계획을 다음과 같이 공고합니다. ☞「소상공인기본법」제2조 제1항에서 정한 사업자 - 광업ㆍ제조업ㆍ건설업 및 운수업(상시 근로자 10인 미만인 사업자 ) - 도ㆍ소매업 , 음식업, 서비스업 등 그 밖의 업종(상시 근로자 5인 미만인 사업자) - 단양군에 사업장을 두고 관할 세무서에 사업자등록이 되어 있는 사업자 - 충북신용보증재단의 신용보증 및 군과 협약된 금융기관의 대출 취급이 가능한 소상공인 ☞ ","금융,충북,소상공인기본법,2026,충북신용보증재단,사업자,충청북도,융자,소상공인,단양군,이차보전",융자,7805
1404,강원특별자치도,IBK기업은행,금융,[강원] 춘천시 2026년 창업지원자금(중소기업동행지원) 지원계획 공고,,,2026-01-19,https://www.bizinfo.go.kr/sii/siia/selectSIIA200Detail.do?pblancId=PBLN_000000000117583,예산 소진시까지,중소기업,"「춘천시 지역경제 촉진 등에 관한 조례」제5조의 규정에 따라 2026년도 춘천시 창업지원자금(중소기업동행지원) 지원계획을 다음과 같이 공고합니다. ☞ 신청일 현재 춘천시에 소재한 중소기업(창업 7년 이내) - 은행여신규정에 의한 담보능력(부동산, 신용보증서 등)이 있는 기업 ☞ 신용 또는 기술보증기금 연계 자금지원 및 이자ㆍ보증수수료 지원 - 자금지원 : 기업당 최대 10억원 / 이자지원 : 2% / 보증료 지원 : 연1.2% 이내","금융,강원,2026,중소기업동행지원,강원특별자치도,보증수수료,창업지원자금,이자,춘천시,IBK기업은행,중소기업,자금지원,이자지원,보증수수료지원",보증,8274
1405,강원특별자치도,기초자치단체,금융,[강원] 춘천시 2026년 중소기업 신용보증수수료 지원 사업 공고,,,2026-01-19,https://www.bizinfo.go.kr/sii/siia/selectSIIA200Detail.do?pblancId=PBLN_000000000117582,예산 소진시까지,중소기업,"「춘천시 지역경제 촉진 등에 관한 조례」 제10조에 따른 춘천시 소재 중소기업에 대한 2026년도 신용보증수수료 지원 사업을 다음과 같이 공고합니다. ☞ 춘천시 소재 중소기업 (제조업, 정보통신업, 지식산업 영위 기업) ☞ 중소기업의 사업자금 대출담보용 신용보증수수료 지원 - 보증료율의 1% 이내, 기업당 최대 250만원","금융,강원,2026,사업자금,시설자금,춘천시,제조업,정보통신업,지식산업영위기업,강원특별자치도,기초자치단체,신용보증수수료",보증,7085
1406,충청북도,기초자치단체,경영,2026년 단양군 단체관광객 유치 인센티브 지원계획 공고,,,2026-01-19,https://www.bizinfo.go.kr/sii/siia/selectSIIA200Detail.do?pblancId=PBLN_000000000117559,예산 소진시까지,중소기업,"우리 군에서는 관광산업 발전과 지역경제 활성화를 위해 단체관광객을 유치한 여행사 등에 대하여 인센티브를 제공하고자 “2026년 단양군 단체관광객 유치 인센티브 지원계획”을 아래와 같이 공고하오니 많은 참여 바랍니다. ☞ 「관광진흥법」 제3조 및 제4조에 의하여 여행업 등록을 필한 전국 여행사 ☞ 단체관광객 유치 인센티브(동일 여행업체 지원 한도액 최대 10,000천원) 지원","경영,서울,부산,대구,인천,광주,대전,울산,세종,경기,강원,충북,충남,전북,전남,경북,경남,제주,2026,단체관광객유치,단양군,수학여행,단체관광객,여행사,여행업,단체관광,인센티브,기초자치단체,충청북도",디자인/상품화/사업화,8479
1407,충청북도,기초자치단체,금융,[충북] 괴산군 2026년 저신용 소상공인 대출이자 지원사업 공고,,,2026-01-19,https://www.bizinfo.go.kr/sii/siia/selectSIIA200Detail.do?pblancId=PBLN_000000000117576,예산 소진시까지,소상공인,"저신용 소상공인의 경영안정 도모를 위한 2026년 저신용 소상공인 대출이자 지원 계획을 다음과 같이 공고합니다. ☞ 괴산군에 사업장을 운영하고 있는 저신용 소상공인(개인사업자) - 신용평점 KCB 700점 또는 NICE 749점 이하인 자 및 차상위계층 이하 자 또는 근로장려금 수급자 ☞ 대출한도 2천만원 이내, 대출 금리 4.5%, 대출기간 5년 이내 지원 - 이자지원 : 연리 3%를 최대 5년간 지원","금융,충북,2026,충청북도,기초자치단체,소상공인,저신용,저신용소상공인,개인사업자,대출,이자,대출이자",융자,7669
1408,충청북도,기초자치단체,기술,[충북] 충주시 2026년 기술평가 인증 수수료 지원사업 공고,,,2026-01-19,https://www.bizinfo.go.kr/sii/siia/selectSIIA200Detail.do?pblancId=PBLN_000000000117557,예산 소진시까지,중소기업,기술혁신형 중소기업(INNO-BIZ)과 벤처기업 인증에 필요한 수수료를 지원함으로써 기술경쟁력이 있는 중소기업으로의 빠른 전환을 유도하고 지역 산업의 기술고도화를 추진하기 위한 기술평가 인증 수수료 지원 사업을 다음과 같이 공고합니다. ☞ 이노비즈 및 벤처인증을 취득한 충주시 관내 중소기업 중 해당 인증서 발급일로부터 12개월 이내 업체 ☞ 기업 부담의 인증평가 수수료로 기업체가 부담한 비용(부가세 제외)의 90% 지원,"기술,경영,충북,기술평가 인증,2026,인증평가,벤처인증,충주시,기술고도화,이노비즈,기술평가,기초자치단체,충청북도,중소기업",시험/인증,8013
1409,충청북도,기초자치단체,경영,2026년 괴산군 단체관광객 유치 여행사 인센티브 지원계획 공고,,,2026-01-19,https://www.bizinfo.go.kr/sii/siia/selectSIIA200Detail.do?pblancId=PBLN_000000000117575,예산 소진시까지,중소기업,"괴산군 관광객 유치 증대 및 관광산업 활성화를 도모하기 위한 “2026년 단체관광객 유치여행사 인센티브 지원 계획”을 다음과 같이 공고하오니 많은 관심과 참여 바랍니다. ☞ 관광진흥법 제3조 및 제4조의 규정에 의한 여행업 등록을 필한 여행사 ☞ 단체관광객 유치 인센티브 지원 - 단체관광 1인당 10,000원~20,000원, 열차관광 대당 450,000원~600,000원 지원 ※ 자세한 사항 공고문 참조","경영,서울,부산,대구,인천,광주,대전,울산,세종,경기,강원,충북,충남,전북,전남,경북,경남,제주,2026,충청북도,기초자치단체,괴산군,단체관광객,여행사,단체관광객유치,인센티브,단체관광,열차관광",디자인/상품화/사업화,7423
1410,충청북도,기초자치단체,금융,[충북] 괴산군 2026년 중소기업육성자금 이차보전금 지원 선정계획 공고,,,2026-01-19,https://www.bizinfo.go.kr/sii/siia/selectSIIA200Detail.do?pblancId=PBLN_000000000117554,예산 소진시까지,중소기업,"관내 중소기업의 건전한 육성과 지역경제 활성화에 기여하기 위해 「괴산군 중소기업육성자금 이차보전 지원」 대상 기업을 선정하고자 아래와 같이 공고합니다. ☞ 괴산군 관내 중소기업 ☞ 중소기업육성자금 이차보전금 지원 - 대출 협약 업체 NH농협은행에서 대출받은 융자금에 한하여 3년 동안 이자 3%로 지원(운전자금 5억, 시설자금 10억)","금융,충북,2026,충청북도,기초자치단체,중소기업,중소기업육성자금,이차보전,융자,운전자금,시설자금,이차보전금,여성기업,장애인기업,괴산군",융자,7390
1411,전북특별자치도,기초자치단체,경영,2026년 전주시 숙박관광객 유치 인센티브 지급 계획 공고,,,2026-01-19,https://www.bizinfo.go.kr/sii/siia/selectSIIA200Detail.do?pblancId=PBLN_000000000117569,예산 소진시까지,중소기업,"전주시 숙박 관광객 유치 활성화를 위해 「2026년 전주시 숙박관광객 유치 인센티브 지급 계획」을 다음과 같이 공고합니다. ☞ 관광진흥법 제3조, 제4조에 따른 여행업 등록 및 지원조건을 충족한 여행사 ☞ 숙박 관광객 유치 인센티브, 수학여행 유치 인센티브 지원 - 신청서류 심사 후 지급기준에 따라 보상금 지급 ※ 자세한 지원내용 공고문 참조","내수,경영,전북,숙박관광객,2026,전북특별자치도,수학여행,유치,전주시,여행사,인센티브,기초자치단체,관광객",디자인/상품화/사업화,8641
1412,충청북도,충청북도기업진흥원,인력,[충북] 2026년 일하는 기쁨 청년ㆍ여성 일자리 지원사업 공고,,,2026-01-19,https://www.bizinfo.go.kr/sii/siia/selectSIIA200Detail.do?pblancId=PBLN_000000000117568,상시 접수,중소기업,"충청북도와 충북기업진흥원은 지역 주민의 고용을 촉진하고 도내 기업농가, 소상공인의 일손 부족 문제를 해결하기 위한「2026년 일하는 기쁨, 청년ㆍ여성 일자리 지원사업」을 추진하오니 많은 관심과 참여 바랍니다. ☞ 도내 주소지를 둔 기업ㆍ농가ㆍ소상공인 ☞ 인건비의 50% 지원 ※ 일 최대 41,280원 / 주 최대 14시간(144,480원), 월 최대 56시간(577,920원) → 월단위 지급","인력,충북,2026,충청북도,충청북도기업진흥원,인건비,농가,소상공인,일하는기쁨,청년,여성,일자ㅣㄹ",고용환경개선,8361
1413,중소벤처기업부,중소벤처기업진흥공단,금융,2026년 중소기업 동반성장 네트워크론 지원계획 공고,,,2026-01-19,https://www.bizinfo.go.kr/sii/siia/selectSIIA200Detail.do?pblancId=PBLN_000000000117549,예산 소진시까지,중소기업,"「중소기업진흥에 관한 법률」 제66조 및 제67조에 따른 “2026년도 중소기업 동반성장 네트워크론 지원계획”을 다음과 같이 공고합니다. ☞ 「중소기업기본법」 제2조에 따른 중소기업으로, 중진공과 동반성장 협약을 체결한 발주기업이 추천한 수주기업 - 최근 3개년 결산재무제표(동일 사업자번호 기준)를 보유하면서, 발주기업과 최근 1년 이내 거래실적을 보유하고 있는 기업 - 대상채권 : 발주기업이 수주기업에 전송하는 발주서로, 발주서에 지정된 납품기한이 발주일로부터 1년 이내인 계약 ☞ 중소벤처기업진흥공단과 동반성장 협약을 체결한 발주","금융,경영,서울,부산,대구,인천,광주,대전,울산,세종,경기,강원,충북,충남,전북,전남,경북,경남,제주,중소벤처기업진흥공단,중소벤처기업부,중소기업,2026,동반성장,발주기업,수주기업,납품게약,생산자금대출,대출,생산자금",융자,10728
1414,중소벤처기업부,중소벤처기업진흥공단,금융,2026년 중소기업 매출채권팩토링 지원계획 공고,,,2026-01-19,https://www.bizinfo.go.kr/sii/siia/selectSIIA200Detail.do?pblancId=PBLN_000000000117563,예산 소진시까지,중소기업,"「중소기업진흥에 관한 법률」 제66조 및 제67조에 따른 “2026년도 중소기업 매출채권팩토링 지원계획”을 다음과 같이 공고합니다. ☞ 「중소기업기본법」 제2조에 따른 중소기업으로 최근 3개년 결산재무제표를 보유하고, 구매기업과 1년이상 거래 실적(최근 1년 내 3회이상)을 보유하고 있는 판매기업 - 대상채권 : 중소기업이 물품ㆍ용역을 제공하여 발생한 매출채권 ☞ 매출채권팩토링 지원 (예산규모 590억원) - 팩토링 한도 : 연간 한도 판매기업 10억원, 구매기업 30억원 이내 ※ 자세한 사항 공고문 참조","금융,서울,부산,대구,인천,광주,대전,울산,세종,경기,강원,충북,충남,전북,전남,경북,경남,제주,대금,2026,매출채권팩토링,팩토링,매출채권,중소벤처기업진흥공단,중소벤처기업부,중소기업",융자,10963
1415,경상남도,한국무역협회경남지역본부,수출,[경남] 진주시 2026년 수출물류비 지원사업 참여업체 모집 공고,,,2026-01-19,https://www.bizinfo.go.kr/sii/siia/selectSIIA200Detail.do?pblancId=PBLN_000000000117561,예산 소진시까지,중소기업,"관내 수출 중소기업의 물류비 부담 경감 및 수출 활성화에 기여하고자 「2026년 진주시 수출물류비 지원사업」을 아래와 같이 공고 합니다. ☞ 진주시에 본사 및 공장을 둔 중소 제조업체로 전년도 직수출실적 5,000만 불 이하인 업체 ☞ 항공 및 해상을 통한 수출품에 대한 물류비 지원 - 수출을 위한 국외 운송비, 국ㆍ내외 하역비 및 창고비 - 2026년 수출신고필증을 득한 건에 한하여 지급","수출,경남,2026,수출품,창고비,해상,수출물류비,물류비,진주시,한국무역협회경남지역본부,항공,운송비,제조업체,경상남도",해외진출,7367
1416,전북특별자치도,전북특별자치도경제통상진흥원,수출,[전북] 2026년 통상닥터 연계 수출기반 육성 및 마케팅 지원사업 참여기업 모집 공고,,,2026-01-19,https://www.bizinfo.go.kr/sii/siia/selectSIIA200Detail.do?pblancId=PBLN_000000000117540,예산 소진시까지,중소기업,전북특별자치도와 (재)전북특별자치도경제통상진흥원은 2026년 전북도 통상닥터 참여기업의 수출기반 육성 및 해외 마케지원을 위한 ‘2026년 통상닥터 연계 수출기반 육성 및 마케팅 지원사업’에 참여할 기업을 아래와 같이 모집하오니 많은 관심과 참여 바랍니다. ☞ 전북도 통상닥터 참여기업 ☞ 통상닥터 참여기업 수출기반 조성 및 해외마케팅 지원(공급가액 기준 기업당 최대 3백만원 이내) - (제품개선 지원) 제품 포장지 및 용기 개선 비용 지원 - (글로벌 판로개척 지원) 해외 잠재바이어 발굴 및 매칭 지원 - (수출시장 개척지원) 현지,"수출,전북,수출기반 조성,2026,전북특별자치도,전북특별자치도경제통상진흥원,통상닥터,수출시장,수출마케팅,제품개선,글로벌,판로개척,해외마케팅",해외진출,8294
1417,충청북도,기초자치단체,금융,[충북] 청주시 2026년 중소기업육성자금 융자(이차보전) 지원계획 공고,,,2026-01-16,https://www.bizinfo.go.kr/sii/siia/selectSIIA200Detail.do?pblancId=PBLN_000000000117535,예산 소진시까지,중소기업,"청주시 중소기업육성기금 설치 및 운용 조례 제9조에 따라 「2026년도 청주시 중소기업육성자금 융자(이차보전) 지원계획」을 다음과 같이 공고 합니다. ☞ 청주시에 사업장(사업자등록증명원의 소재지)을 둔「중소기업기본법」의 적용을 받는 중소기업 ☞ 경영안정자금, 특별경영안정자금, 지식산업센터분양입주자금 지원 - 경영안정자금 : 융자한도 8억원, 이자지원기간 4년, 이차보전율 연 3% 이내 ※ 시 유망중소기업, 고용선도기업 이자지원기간 5년 - 특별경영안정자금 : 융자한도 5억원, 이자지원기간 4년, 이차보전율 연 3% 이내 -지식산업센","금융,충북,2026,지식산업센터분양입주자금,특별경영안정자금,중소기업육성자금,청주시,경영안정자금,기초자치단체,충청북도,중소기업",융자,9666
1418,충청남도,충남신용보증재단,금융,[충남] 태안군 2026년 소상공인 특례보증 신청 공고,,,2026-01-16,https://www.bizinfo.go.kr/sii/siia/selectSIIA200Detail.do?pblancId=PBLN_000000000117534,예산 소진시까지,소상공인,관내 영세 소상공인의 건전한 육성발전을 위하여 2026년 태안군 소상공인 특례보증 지원 사업을 다음과 같이 공고합니다. ☞ 태안군에 사업 등록된 소기업ㆍ소상공인 ☞ 업체당 최대 5천만원 이내 보증(대출) 지원,"금융,충남,2026,충청남도,충남신용보증재단,태안군,소상공인,소기업,특례보증,보증,대출",보증,8953
1419,서울특별시,서울신용보증재단,금융,[서울] 2026년 중소기업육성기금 사회적경제계정 사회적경제기업 융자지원 계획 공고,,,2026-01-16,https://www.bizinfo.go.kr/sii/siia/selectSIIA200Detail.do?pblancId=PBLN_000000000117528,예산 소진시까지,사회적기업,"「서울특별시 중소기업육성기금의 설치 및 운용에 관한 조례」제11조의2(사회적경제기업 지원 등) 및 제16조(지원계획의 공고 등)의 규정에 의하여 2026년도 서울특별시 중소기업육성기금사회적경제계정의 사회적경제기업에 대한 융자지원 계획을 다음과 같이 공고합니다. ☞ 서울특별시 소재 사회적경제기업, 소셜벤처, 기타 부처형ㆍ지역형 예비사회적기업 지정서 발급업체 ※ 자세한 지원대상 공고문 참조 ☞ 융자한도 업체당 최대 4억원 이내 지원 - 대출금리 : 연 1.75% / 상환조건 : 1년 거치 4년 원금균등 분할상환","금융,서울,2026,중소기업육성기금,부처형,지역형,서울신용보증재단,사회적경제기업,융자지원,서울특별시,예비사회적기업,소셜벤처,융자",융자,18891
1420,경상남도,경남신용보증재단,금융,[경남] 2026년 소상공인 정책자금 운용계획 공고,,,2026-01-16,https://www.bizinfo.go.kr/sii/siia/selectSIIA200Detail.do?pblancId=PBLN_000000000117526,예산 소진시까지,소상공인,"도내 소상공인의 경영 안정과 경쟁력 강화를 도모하고자 2026년도 경상남도 소상공인 정책자금 운용계획을 다음과 같이 공고합니다. ☞ 경남 도내에 소재하고 있는 「소상공인기본법」 제2조에 따른 소상공인 ※ 세부사업별 지원대상 상이 (공고문 참조) ☞ 소상공인 창업 및 경영안정에 필요한 시설ㆍ운전자금 지원 - 경영안정자금 및 창업ㆍ명절 특별자금, 버팀목 특별자금, 희망두드림 특별자금, 기업가형 소상공인 특별자금, 청년창업 특별자금, 긴급경영 안정자금(신설) 등 ※ 긴급경영안정자금의 경우, 업체당 대출한도 최대 1억원 이내→대출한도 1천","금융,경남,2026,긴급경영안정자금,경영안정자금,특별자금,경남신용보증재단,운전자금,정책자금,시설자금,경상남도,소상공인",융자,20592
1421,산업통상부,대한무역투자진흥공사,수출,미국 관세정책 대응 심층컨설팅 지원사업 공고,2026-01-12,2026-11-30,2026-01-16,https://www.bizinfo.go.kr/sii/siia/selectSIIA200Detail.do?pblancId=PBLN_000000000117546,,중소기업,빈번한 관세정책 변경으로 우리 기업들이 수출 과정에서 겪고 있는 다양한 애로를 해소하고 피해를 최소화하기 위하여 전문가들의 맞춤형 컨설팅을 제공합니다. ☞ 미국 수출 또는 예정 기업 ☞ 미국 관세정책 대응에 대해 전문가들의 맞춤형 컨설팅 지원 ※ 자세한 지원내용 공고문 참조,"수출,경영,서울,부산,대구,인천,광주,대전,울산,세종,경기,강원,충북,충남,전북,전남,경북,경남,제주,검증대응,사전심사,산업통상부,2026,원산지판정,미국,대한무역투자진흥공사,전문가,컨설팅",해외진출,7784
1422,충청남도,기초자치단체,수출,[충남] 금산군 2026년 시군 수출유망품목 공동마케팅 지원사업 신청 공고,2026-01-12,2026-12-31,2026-01-16,https://www.bizinfo.go.kr/sii/siia/selectSIIA200Detail.do?pblancId=PBLN_000000000117525,,중소기업,"2026년도 시군 수출유망품목 공동마케팅지원사업 계획을 다음과 같이 공고하오니 신청바랍니다. ☞ 수출 농산물 생산자 단체(수출신고필증상의 제조자 기준), 도내 생산 농산물 수출대행업체(수출신고필증상의 수출자 기준) ☞ 수출신고필증상에 도내 생산자단체가 수출하는 수출중량에 따른 저온유통비 지원","수출,경영,충남,2026,충청남도,기초자치단체,농산물,수출 농산물,금산군,수출대행업체,농산물 수출대행업체,생산자 단체,저온유통비",해외진출,7388
1423,충청남도,충남신용보증재단,금융,[충남] 공주시 2026년 소상공인 특례보증 지원계획 공고,,,2026-01-16,https://www.bizinfo.go.kr/sii/siia/selectSIIA200Detail.do?pblancId=PBLN_000000000117498,예산 소진시까지,소상공인,"「공주시 소상공인 특례보증 지원에 관한 조례」제4조에 따라 2026년도 공주시 소상공인 특례보증 지원계획을 아래와 같이 공고합니다. ☞공주시에 사업장을 두고 사업을 영위중인 소상공인 - 건설ㆍ제조업ㆍ광업ㆍ운송업 : 상시종업원 10인 미만 - 도ㆍ소매업, 각종 서비스업 : 상시종업원 5인 미만 - 신용보증재단의 신용보증관련 제 규정 및 기준에 충족되는 자 ※ 자세한 지원대상 공고문 참조 ☞ 1업체당 5천만원 한도 이내 대출금의 100% 전액보증 지원 (보증료율 연 0.9%이내, 보증기간 7년 이내) ※ 자세한 지원내용 공고문 참조","금융,충남,2026,경영정상화,경영애로해소,공주시,특례보증,도매업,소매업,서비스업,광업,운송업,건설업,창업기업,충청남도,제조업,융자,소상공인,충남신용보증재단",보증,8276
1424,충청남도,기초자치단체,경영,2026년 공주시 단체관광객 유치 여행사 인센티브 지원사업 공고,,,2026-01-16,https://www.bizinfo.go.kr/sii/siia/selectSIIA200Detail.do?pblancId=PBLN_000000000117523,예산 소진시까지,중소기업,"공주시 「관광진흥 지원 조례」 제4조제1호에 따라 체류형 관광을 확대하고 지역 관광산업의 지속 가능한 성장을 도모하기 위하여, 단체 관광객을 유치한 여행사를 대상으로 인센티브를 지원하고자 다음과 같이 공고하오니 많은 관심과 적극적인 참여를 바랍니다. ☞ 사전계획서를 여행 7일전까지 공주시 관광과에 사전 제출하여 협의 완료된 「관광진흥법」 제3조ㆍ제4조 및 동법 시행령 제2조에 따른 여행업 등록업체 ☞ 서류심사(관광유형 및 인원수 등)에 따른 인센티브 지원","경영,서울,부산,대구,인천,광주,대전,울산,세종,경기,강원,충북,충남,전북,전남,경북,경남,제주,연장체험학습,현장학습,당일여행,내ㆍ외국인,당일,2026,공주시,관광지,수학여행,숙박,여행업,단체관광,인센티브,관광,기초자치단체,충청남도",디자인/상품화/사업화,8224
1425,충청남도,기초자치단체,내수,[충남] 보령시 2026년 중소기업제품 국내ㆍ외 박람회(전시회) 참가업체 모집 공고,,,2026-01-16,https://www.bizinfo.go.kr/sii/siia/selectSIIA200Detail.do?pblancId=PBLN_000000000117518,상시 접수,중소기업,"보령시 기업인 예우 및 기업활동 지원에 관한 조례 제12조 제1항의 규정에 의거 기업의 홍보 및 시장개척 활동지원을 통한 새로운 수요 창출로 경쟁력 있는 기업육성을 위하여 2026년 국내외에서 개최되는 박람회(전시회)의 개별 참가 지원 사업을 시행하오니 희망하는 기업의 많은 참여를 바랍니다. ☞ 중소기업 기본법 제2조에 의한 공고일 현재 보령시 관내에서 1년 이상 정상 가동 중인 제조업체 ☞ 기본부스 임차료ㆍ장치비의 70% 이내에서 국내 업체당 2백만원, 국외 3백만원 한도 지원(연 1회 지원)","수출,내수,충남, 제조업체,국내외박람회,2026,전시참가,보령시,부스,중소기업제품,임차료,장치비,기초자치단체,전시회,박람회,충청남도,중소기업",오프라인,9325
1426,전북특별자치도,전북신용보증재단,금융,[전북] 무주군 2026년 소상공인 특례보증 및 이차보전금 지원 사업 공고,,,2026-01-16,https://www.bizinfo.go.kr/sii/siia/selectSIIA200Detail.do?pblancId=PBLN_000000000117495,예산 소진시까지,소상공인,"「무주군 소상공인 지원에 관한 조례」 제3조에 따라 2026년 무주군 소상공인 특례보증 지원 사업을 아래와 같이 공고합니다. ☞ 무주군에 사업장을 두고 3개월 이상 사업을 영위하고 최근 5개월 이내 연체 대출금 보유사실이 없는 소상공인 - 광업, 제조업, 건설업 및 운수업 : 상시근로자수 10인 미만 - 그 밖의 업종(도ㆍ소매업, 음식점업, 숙박업 등) : 상시근로자수 5인 미만 ☞ 무주군 소상공인 특례보증 대출(최대 3천만원 및 이차보전금 지원(연 5%, 5년 이내)","금융,전북,10인 미만,5인 미만,2026,전북특별자치도,운수업,무주군,이차보전금,음식점업,특례보증,숙박업,도매업,소매업,광업,건설업,제조업,소상공인,전북신용보증재단",융자,8908
1427,전북특별자치도,기초자치단체,경영,[전북] 진안군 2026년 소상공인 지원사업(환경개선) 공고,,,2026-01-16,https://www.bizinfo.go.kr/sii/siia/selectSIIA200Detail.do?pblancId=PBLN_000000000117511,예산 소진시까지,소상공인,"「진안군 소상공인 지원 조례「제3조에 따라 사업장 이미지 제고를 통한 매출액 증대 및 지역경제 활성화를 위한 소상공인 지원사업을 다음과 같이 공고합니다. ☞ 사업 신청한 날로부터 3년 이상 진안군에 주민등록을 두고 실제 거주하며, 1년 이상 해당사업을 운영 중인 소상공인 ☞ 소상공인 환경개선(점포개선) 총사업비의 50%범위 이내(최대 6백만원) 지원","경영,전북,2026,전북특별자치도,기초자치단체,진안군,소상공인,환경개선,점포개선,사업장 리모델링",시설/입지지원,8600
1428,전북특별자치도,기초자치단체,금융,[전북] 진안군 2026년 상공업 육성자금 대출 지원사업 공고,,,2026-01-16,https://www.bizinfo.go.kr/sii/siia/selectSIIA200Detail.do?pblancId=PBLN_000000000117510,예산 소진시까지,중소기업,"진안군 상공업육성자금 지원에 관한 조례에 따라 진안군 상공업육성자금 대출지원 계획을 아래와 같이 공고합니다. ☞ 진안군 상공업 육성자금 지원에 관한 조례 제3조에 따른 진안군 내에서 1년 이상 사업자로 등록되어 영업 중인 소상공인, 중소기업 ☞ 경영운전자금 (재료비, 기계ㆍ장비 구입비, 인건비, 사업장수리비 등) 일반 소상공인 최대 1억원, 공장 등록된 제조업체 최대 3억원 지원","금융,전북,2026,소상공인,중소기업,전북특별자치도,기초자치단체,경영운전자금,상공업,진안군,제조업체",융자,7803
1429,전북특별자치도,기초자치단체,경영,2026년 완주군 단체관광객 유치 인센티브 지원사업 공고,,,2026-01-16,https://www.bizinfo.go.kr/sii/siia/selectSIIA200Detail.do?pblancId=PBLN_000000000117491,예산 소진시까지,중소기업,"「완주군 관광진흥에 관한 조례」제4조에 따라 완주군에 관광객을 유치한 여행사 지원을 위해 인센티브 지원계획을 다음과 같이 공고 합니다. ☞ 「관광진흥법」제4조 제1항에 따른 여행업 등록을 필한 여행사 ☞ 국내ㆍ외 숙박 관광객, 당일 관광객 등 인센티브 지원 ※ 자세한 지원내용 공고문 참조","경영,서울,부산,대구,인천,광주,대전,울산,세종,경기,강원,충북,충남,전북,전남,경북,경남,제주,국제선,당일,2026,전북특별자치도,당일관광,완주군,단체관광객,숙박,국외,국내,관광객,여행사,여행업,여행업체,기초자치단체",디자인/상품화/사업화,7782
1430,전북특별자치도,기초자치단체,금융,[전북] 남원시 2026년 중소기업육성기금 지원계획 공고,2026-01-01,2026-11-20,2026-01-15,https://www.bizinfo.go.kr/sii/siia/selectSIIA200Detail.do?pblancId=PBLN_000000000117490,,중소기업,"관내 소재 중소기업의 운전자금 및 시설자금에 대한 이차보전 지원으로 자금난 완화와 경영 안정을 도모하기 위하여「남원시 중소기업육성기금 설치 및 운영조례」제8조 규정에 따라 ‘2026년도 남원시 중소기업 육성기금 지원계획’을 다음과 같이 공고합니다. ☞ 남원시에 한국표준산업분류 상 제조업 공장이 소재한 「중소기업기본법」 제2조의 중소기업체 및 그 밖에 시장이 지원이 필요하다고 인정하는 업체 ☞ 이차보전금 (일반기업 4%, 벤처기업ㆍ전북 우수중소기업인상 수상 기업ㆍ유망중소기업 5%) 지원 - 운전자금 최대 3억원, 시설자금 최대 5억원","금융,전북,2026,전북특별자치도,남원시,중소기업육성기금,운전자금,시설자금,기초자치단체,제조업,융자,중소기업",융자,8483
1431,전북특별자치도,기초자치단체,경영,2026년 남원시 국내외 관광객 유치 인센티브 지원 사업 공고,,,2026-01-15,https://www.bizinfo.go.kr/sii/siia/selectSIIA200Detail.do?pblancId=PBLN_000000000117505,예산 소진시까지,중소기업,남원시의 다양한 문화관광자원과 연계한 관광객을 유치하여 관광산업과 지역경제 활성화를 도모하기 위하여 「2026년도 남원시 국내외 관광객 유치 인센티브 지원 사업」을 다음과 같이 공고합니다. ☞ 관광진흥법 제3조 및 제4조 제1항에 따라 여행업 등록을 필한 여행사 ☞ 내ㆍ외국인 단체관광객 유치한 여행사에 대해 인센티브 지원 ※ 지원금액 공고문 참조,"경영,서울,부산,대구,인천,광주,대전,울산,세종,경기,강원,충북,충남,전북,전남,경북,경남,제주,2026,전북특별자치도,남원시,관광산업,단체관광객,관광객,여행사,여행업,인센티브,기초자치단체",디자인/상품화/사업화,8374
1432,경기도,부천산업진흥원,수출,[경기] 부천시 2026년 EMS 수출물류비 지원사업 참가기업 모집 공고,2026-01-15,2026-11-20,2026-01-15,https://www.bizinfo.go.kr/sii/siia/selectSIIA200Detail.do?pblancId=PBLN_000000000117502,,중소기업,"부천시에서는 해외 시장개척에 어려움을 겪는 지역중소기업의 해외 마케팅 활성화를 위해 「2026년 EMS 수출물류비 지원사업」의 참가기업을 다음과 같이 모집 공고합니다. ☞ 부천시에 본사 또는 공장이 등록되어있는 중소기업 ☞ 우체국 EMS를 통한 수출물류비의 80% 기업당 최대 200만원 지원 ※ 1회 200kg 한도, 문서 운송 제외 ※ 전년도 사업참가기업의 경우 지원한도 최대 150만원","수출,경기,2026,경기도,부천시,부천우체국,부천산업진흥원,중소기업,수출물류비,EMS,우체국EMS,우체국,경인지방우정청",해외진출,9095
1433,전북특별자치도,전북특별자치도경제통상진흥원,수출,[전북] 2026년 해외규격인증 획득 지원사업 참여기업 모집 공고,,,2026-01-15,https://www.bizinfo.go.kr/sii/siia/selectSIIA200Detail.do?pblancId=PBLN_000000000117480,예산 소진시까지,중소기업,"도내 기업 수출 확대를 위한 마케팅 및 기반 조성을 위하여 해외규격인증 획득 지원사업 참여기업을 모집하고자 합니다. ☞ 도내 소재 중소 제조 기업(공장등록도 인정) - 단, 본 지원사업에 최근 5년(2021~2025년)이내 3회 이상 지원받지 않은 업체 ☞ 해외규격인증 획득에 소요되는 직접비용(기업당 최대 1,000만원) 지원","수출,전북,2026,전북특별자치도,전북특별자치도경제통상진흥원,해외규격,공장,해외규격인증,수출기업,인증획득,제조기업",해외진출,8621
1434,전북특별자치도,기초자치단체,경영,2026년 군산시 국내ㆍ외 단체관광객 유치 여행사 인센티브 지원사업 공고,,,2026-01-15,https://www.bizinfo.go.kr/sii/siia/selectSIIA200Detail.do?pblancId=PBLN_000000000117474,예산 소진시까지,중소기업,"군산시 관광객 유치 활성화를 위한 2026년 국내ㆍ외 단체관광객 유치 여행사 인센티브 지원사업을 아래와 같이 공고합니다. ☞ 관광진흥법 제3조 및 동법시행령 제2조 제1항의 규정에 따른 여행업체 ☞ 국내ㆍ외 숙박 관광객, 당일 관광객, 군산기항 국제선 교통편이용 관광객 인센티브 지원 ※ 자세한 지원내용 공고문 참조","경영,전북,국제선,당일,2026,전북특별자치도,단체관광객,숙박,국외,국내,관광객,군산시,기초자치단체,여행사,여행업체,여행업",디자인/상품화/사업화,9166
1435,전북특별자치도,전북바이오융합산업진흥원,경영,전북바이오융합교육센터 재직자 교육 훈련생ㆍ기업 모집 공고(국가인적자원개발컨소시엄),,,2026-01-15,https://www.bizinfo.go.kr/sii/siia/selectSIIA200Detail.do?pblancId=PBLN_000000000117481,상시 접수,중소기업,"국가인적자원개발컨소시엄 사업의 일환으로 추진 중인 바이오융합교육센 터 재직자 교육의 훈련생 모집을 다음과 같이 안내하오니 참가희망자 및 기업에서는 절차에 따라 신청하여 주시기 바랍니다. ☞ 바이오ㆍ식품ㆍ건강기능식품 분야 관련 기업 재직자 - 교육운영을 희망하는 기업 대표자, 또는 사내 교육운영 담당자 ☞ 교육 강사료, 교재비, 중식 등 교육에 소요되는 비용 전액 지원 ​","인력,경영,전북,바이오융합교육센터,기업방문교육,2026,전북특별자치도,국가인적자원개발컨소시엄,전북바이오융합산업진흥원,건강기능식품,식품,바이오,교육",교육,7297
1436,강원특별자치도,강원지식재산센터,기술,[강원] 2026년 글로벌 IP 스타기업 육성 해외등록비용 지원사업 공고,2026-01-12,2026-11-30,2026-01-15,https://www.bizinfo.go.kr/sii/siia/selectSIIA200Detail.do?pblancId=PBLN_000000000117463,,중소기업,자금 및 인력 부족 등으로 해외권리 획득에 어려움을 겪는 해외진출 중소기업의 해외 지식재산권 창출을 도모하여 글로벌 IP(지식재산) 강소기업으로 육성하기 위한 사업입니다. ☞ 강원 글로벌 IP 스타기업 ☞ 해외 특허ㆍ디자인ㆍ상표 출원 중인 건이 글로벌 IP 스타기업 지위에서 등록된 경우 일부 소요 비용 지원,"기술,수출,경영,강원,강원특별자치도,IP스타기업,글로벌IP스타기업,강원지식재산센터,상표출원,해외특허,디자인,IP,중소기업,2026,해외등록비용",시험/인증,7743
1437,강원특별자치도,강원지식재산센터,기술,[강원] 2026년 글로벌 IP 스타기업 육성 해외OA비용 지원사업 공고,2026-01-12,2026-11-30,2026-01-15,https://www.bizinfo.go.kr/sii/siia/selectSIIA200Detail.do?pblancId=PBLN_000000000117454,,중소기업,자금 및 인력 부족 등으로 해외권리 획득에 어려움을 겪는 해외진출 중소기업의 해외 지식재산권 창출을 도모하여 글로벌 IP(지식재산) 강소기업으로 육성하기 위한 사업입니다. ☞ 강원 글로벌 IP 스타기업 ☞ 해외 특허ㆍ디자인ㆍ상표 출원 중인 건이 글로벌 IP 스타기업 지위에서 중간사건(OA)인 경우 일부 소요 비용 지원,"기술,수출,경영,강원,강원특별자치도,IP스타기업,글로벌IP스타기업,IP,중소기업,2026,강원지식재산센터,해외특허,디자인,상표출원,해외OA비용",시험/인증,7177
1438,부산광역시,부산테크노파크,경영,[부산] 2026년 가명정보활용지원센터 컨설팅 지원사업 모집 공고,,,2026-01-14,https://www.bizinfo.go.kr/sii/siia/selectSIIA200Detail.do?pblancId=PBLN_000000000117433,예산 소진시까지,중소기업,"부산 가명정보활용지원센터에서는 가명정보 처리와 관련된 법ㆍ제도 및 기술 컨설팅을 제공하여 안전하고 적정한 가명정보 활용을 지원하고자 하오니, 관심 있는 기업 및 기관의 적극적인 참여를 바랍니다. ☞ 개인정보 및 가명정보 활용에 관심 있는 개인ㆍ기업ㆍ기관 - 가명정보 활용을 검토 중이거나, 활용 과정에서 자문이 필요한 자 ☞ 가명정보 처리 및 활용 전반에 대한 컨설팅 지원 - 가명정보 처리ㆍ활용 관련 법ㆍ제도 자문 - 가명처리 및 결합 등 기술적 지원","경영,부산,컨설팅 지원,2026,가명정보,개인정보,부산테크노파크,자문,기업,기술지원,부산광역시,컨설팅",컨설팅,7576
1439,고용노동부,경북고용성장지원센터,인력,[경북] 2026년 미래내일일경험 참여기업 모집 공고,,,2026-01-14,https://www.bizinfo.go.kr/sii/siia/selectSIIA200Detail.do?pblancId=PBLN_000000000117428,예산 소진시까지,중소기업,"청년들에게는 직무경험 및 경력개발 기회를 제공하고 기업에게는 채용부담, 인재발굴 등의 기회를 얻을 수 있는 2026년 미래내일일경험 참여기업을 모집합니다. ☞ 경상북도 내 사업 신청일 직전 월말 기준, 고용보험 피보험자 수 10인 이상 기업 ※ 피보험자수 10미만 기업이라도 벤처기업, 기술혁신형 중소기업, 경영혁신형 중소기업, 사회적기업은 신청 가능 ☞ 참여 청년 1인당 주 5만원 지급(월 20만원, 8주 기준 40만원) 지원","인력,경북,경북고용성장지원센터,2026,미래내일일경험,인재발굴,대한상공회의소,경영혁신형중소기업,기술혁신형중소기업,인건비,고용노동부,벤처기업,사회적기업",국내일반인력,8700
1440,전남광주통합특별시,인공지능산업융합사업단,경영,[광주] 인공지능 유치기업 보조금 지원사업 모집 공고,,,2026-01-13,https://www.bizinfo.go.kr/sii/siia/selectSIIA200Detail.do?pblancId=PBLN_000000000117371,예산 소진시까지,중소기업,"인공지능산업융합사업단에서는 광주 AI 집적단지 조성사업의 일환으로 유치한 기업을 대상으로 보조금 지원사업에 참여할 기업을 모집하오니 많은 관심과 참여 바랍니다. ☞ 기본요건과 세부지원항목별 지원기준을 만족 하는 기업 - (기본요건) 광주시와 업무협약체결하고 광주시에서 사업을 개시한 AI유치기업, 투자 1억원 이상 10억 미만, 상시고용 5명 이상 ※ 자세한 세부지원항목별 기준 공고문 참조 ☞ 입지, 설비투자, 임대, 고용, 교육훈련, 이주직원, 컨설팅 보조금 지원 - 기업당 최대 3억 5천만원 이내(보조금 항목당 1회만 신청가능)","기술,경영,광주,업무협약체결,AI집적단지,유치기업,조성사업,인공지능산업융합사업단,보조금,광주광역시,인공지능,2026,광주AI집적단지,컨설팅,입지,설비투자,임대,고용,교육훈련,이주직원,전남광주,전남광주통합특별시",디자인/상품화/사업화,9265
1441,경기도,김포산업지원센터,내수,[경기] 김포시 2026년 우수제품 판매전 E-커머스 입점기업 모집 공고,,,2026-01-13,https://www.bizinfo.go.kr/sii/siia/selectSIIA200Detail.do?pblancId=PBLN_000000000117358,상시 접수,중소기업,(재)김포산업지원센터는 “김포금빛몰”을 통해 관내 중소기업 제품의 홍보와 판매지원을하고자 하오니 관내 기업들의 많은 관심과 신청 바랍니다. ☞ 김포시에 주소를 두고 김포시에서 생산ㆍ가공된 상품에 대한 합법적 통신판매 자격을 갖춘 개인 및 단체 (자체 온라인 쇼핑몰 운영하고 있는 기업) ☞ 김포금빛몰 입점 및 센터 사업 연계 홍보 지원,"내수,경기,김포산업지원센터,김포시,경기도,2026,E-커머스,온라인쇼핑몰,중소기업,홍보,김포금빛몰,입점",온라인,9012
1442,전북특별자치도,전북특별자치도경제통상진흥원,내수,[전북] 2026년 중소기업 온라인 플랫폼 판매지원 온라인 유통채널 연계 프로모션 참여 기업 상시 모집 공고,2026-01-12,2026-08-31,2026-01-13,https://www.bizinfo.go.kr/sii/siia/selectSIIA200Detail.do?pblancId=PBLN_000000000117357,,중소기업,"전북특별자치도와 전북특별자치도경제통상진흥원에서는 도내 중소기업의 온라인 판매 활성화를 위해 온라인 유통채널과 협업한 프로모션에 참여할 기업을 모집하오니, 많은 관심과 참여를 바랍니다. ☞ 도내 소재 중소기업으로, 온라인 유통채널에 입점하여 제품을 판매 중인 기업 ※ 식품, 화장품, 잡화, 생활용품, 주방용품, 디지털, 가전, 가구, 침구, 의류, 아동용품, 취미/스포츠용품, 조명, 공예, 반려동물용품 분야 소비재, 그 외 상품 제외 ☞ 협업 유통채널 내 전북특별자치도 기획전 페이지 구성 및 프로모션 진행(할인쿠폰 지원) - 유통채널","기술,내수,전북,전북특별자치도,전북특별자치도경제통상진흥원,2026,중소기업,온라인판매,유통채널,프로모션,온라인유통채널,온라인플랫폼,지마켓,옥션,쿠팡,11번가,우체국쇼핑",온라인,10528
1443,전북특별자치도,전북특별자치도경제통상진흥원,금융,[전북] 2026년 중소기업육성자금 융자 지원계획 공고,,,2026-01-13,https://www.bizinfo.go.kr/sii/siia/selectSIIA200Detail.do?pblancId=PBLN_000000000117356,분기별 상이,중소기업,"「전북특별자치도 중소기업 육성기금 설치 및 운용 조례」제12조 및 동 조례 시행규칙 제7조에 따라 2026년도 중소기업 육성자금 융자 지원계획을 다음과 같이 공고합니다. ☞ 도내 중소기업 ※ 세부사업별 지원대상 상이 (공고문 참조) ☞ 융자 지원규모 3,300억원 이내(창업 및 경쟁력강화자금, 벤처기업육성자금, 경영안정자금, 거치기간 연장지원) 지원 ※ 자세한 지원내용 공고문 참조","금융,전북,2026,전북특별자치도,전북특별자치도경제통상진흥원,벤처기업육성자금,창업및경쟁력강화자금,중소기업육성자금,경영안정자금,융자",융자,10293
1444,전남광주통합특별시,기초자치단체,경영,[전남] 강진군 밀키트 판매업소 포장재 지원사업장 모집 공고,2026-01-15,2026-10-15,2026-01-13,https://www.bizinfo.go.kr/sii/siia/selectSIIA200Detail.do?pblancId=PBLN_000000000117368,,소상공인,"밀키트 제작 참여업소에 포장재 구입비를 지원하여 생산 비용 절감과 맛과 품질을 향상하고자 다음과 같이 지원사업장을 모집하오니, 사업에 관심이 있는 밀키트 사업 선정 영업주께서는 많은 신청 바랍니다. ☞ 강진군 밀키트 사업 선정업소로 (식육)즉석판매제조가공업 영업 신고 및 사업자등록 되어 있는 업소 ☞ 밀키트 포장재(슬리브, 실링용기, 투명 지퍼스탠드, 진공포장지 등) 구입비 지원","경영,전남,진공포장지,투명 지퍼스탠드,실링용기,슬리브,2026,즉석판매제조가공업,강진군,포장재,밀키트,기초자치단체,전라남도,전남광주,전남광주통합특별시",디자인/상품화/사업화,7576
1445,전남광주통합특별시,기초자치단체,경영,[전남] 강진군 밀키트 판매업소 장비 지원사업장 모집 공고,2026-01-15,2026-10-15,2026-01-13,https://www.bizinfo.go.kr/sii/siia/selectSIIA200Detail.do?pblancId=PBLN_000000000117367,,소상공인,"밀키트 제작 참여업소에 장비 구입비를 지원하여 상품 제작의 운영 효율을 높이고 신선도 유지로 맛과 품질을 향상하고자 다음과 같이 지원사업장을 모집하오니, 사업에 관심이 있는 밀키트 사업 선정 영업주께서는 많은 신청 바랍니다. ☞ 강진군 밀키트 사업 선정업소로 (식육)즉석판매제조가공업 영업 신고 및 사업자등록 되어 있는 업소 ☞ 밀키트 상품 제작 및 보관기기(진공포장기, 급냉기 등) 구입비 지원","경영,전남,급냉기,2026,즉석판매제조가공업,진공포장기,강진군,밀키트,기초자치단체,전라남도,전남광주,전남광주통합특별시",디자인/상품화/사업화,7621
1446,전남광주통합특별시,기초자치단체,창업,[전남] 강진군 2026년 소상공인 창업 임대료 지원사업 모집 공고,2026-01-07,2026-12-18,2026-01-13,https://www.bizinfo.go.kr/sii/siia/selectSIIA200Detail.do?pblancId=PBLN_000000000117365,,소상공인,"강진군에 창업한 소상공인의 건전한 육성ㆍ발전을 위해 「소상공인기본법」 제11조 및 「강진군 소상공인 지원에 관한 조례」 제3조와 제6조에 근거하여「2026년 소상공인 창업 임대료 지원사업」을 다음과 같이 공고합니다. ☞ 2025. 1. 1. 이후 창업하여 강진군에 사업자등록과 주소를 두고 창업 후 3개월 이상 임차료를 납부 중인 소상공인 ☞ 월 20만 원씩 최대 240만 원 지원(보증금 제외) - 월세 : 1년간 2,400천 원 이하인 경우 전액 또는 일부 지원 - 전세 : 은행(농협, 매년 1월 1일) 전세대출 금리 적용 후 전액","창업,전남,창업 임대료,2026,전세,강진군,월세,기초자치단체,전라남도,소상공인,임차료,전남광주,전남광주통합특별시",창업공간지원,8661
1447,지식재산처,한국발명진흥회,기타,2026년 직무발명보상우수기업 인증제 신청 공고,,,2026-01-13,https://www.bizinfo.go.kr/sii/siia/selectSIIA200Detail.do?pblancId=PBLN_000000000117363,차수별 상이,중소기업,"한국발명진흥회에서 직무발명제도를 모범적으로 운영하는 중소ㆍ중견기업을 직무발명보상우수기업으로 인증하고 인증을 받은 기업에게 정부지원사업 참여 시 인센티브를 제공해드리는 사업입니다. ☞ 직무발명에 관한 규정을 보유하고 2년이내 특허, 실용신안, 디자인출원 또는 등록된 이력을가지고 직무발명출원 및 등록보상금을 지급한 내역이있는 중소ㆍ중견기업 ☞ 우선심사, 연차등록료 감면, SGI 서울보증, 정부지원사업 지원시 가점 부여 등 인센티브 지원 ※ 자세한 지원내용 첨부파일 참조","금융,기타,서울,부산,대구,인천,광주,대전,울산,세종,경기,강원,충북,충남,전북,전남,경북,경남,제주,지식재산처,2026,연차등록료,서울보증,SGI,직무발명제도,직무발명보상우수기업,인센티브,한국발명진흥회,특허청,중소기업,직무발명보상,직무발명",제도,9536
1448,전남광주통합특별시,기초자치단체,경영,2026년 장성군 단체관광객 유치 여행사 인센티브 운영계획 공고,,,2026-01-13,https://www.bizinfo.go.kr/sii/siia/selectSIIA200Detail.do?pblancId=PBLN_000000000117350,예산 소진시까지,중소기업,"장성군 관광객 유치 증대로 지역경제 활성화를 도모하고, 체류형 관광 확대를 위하여 「2026년 장성군 단체관광객 유치 여행사 인센티브」지원을 다음과 같이 공고합니다. ☞ 관광진흥법 제3조 및 제4조 규정에 따라 일반여행업 또는 국내여행업 등록을 필한 여행사 ☞ 단체관광객 유치 여행사 인센티브 지원(당일 방문 5천원/인, 1박 이상 15천원/인)","경영,서울,부산,대구,인천,광주,대전,울산,세종,경기,강원,충북,충남,전북,전남,경북,경남,제주,2026,유치여행사,장성군,국내여행업,단체관광객,여행사,인센티브,기초자치단체,전라남도",디자인/상품화/사업화,7556
1449,경상북도,기초자치단체,금융,[경북] 칠곡군 2026년 설대비 중소기업 운전자금(이차보전) 지원 계획 공고,,,2026-01-12,https://www.bizinfo.go.kr/sii/siia/selectSIIA200Detail.do?pblancId=PBLN_000000000117340,예산 소진시까지,중소기업,"일시적 자금난 및 재해 등으로 어려움을 겪고 있는 지역 중소기업에 대출이자의 일부를 지원하여 기업경영 안정화 도모를 위한 2026년도 설대비 중소기업 운전자금(이차보전) 지원 계획을 다음과 같이 공고하오니 희망업체는 기한 내에 신청하여 주시기 바랍니다. ☞ 칠곡군 내 사업장(사업자등록증명원의 소재지, 매출액)을 둔 ｢중소기업기본법｣ 상의 중소기업 ※ 자세한 지원대상 공고문 참조 ☞ 중소기업 운전자금 신규 대출 건에 대한 이자 일부 지원 ※ 자세한 지원내용 공고문 참조","금융,경북, 대출이자,2026,이자지원,칠곡군,운전자금,이차보전,기초자치단체,대출,경상북도,중소기업",융자,8175
1450,전남광주통합특별시,기초자치단체,금융,[전남] 여수시 2026년 중소기업발전자금 지원계획 공고,,,2026-01-12,https://www.bizinfo.go.kr/sii/siia/selectSIIA200Detail.do?pblancId=PBLN_000000000117337,예산 소진시까지,중소기업,"여수시중소기업발전기금 설치 및 운용조례 제12조의 규정에 의하여 2026년도 여수시 중소기업발전자금 지원계획을 다음과 같이 공고합니다. ☞ 여수시 관내에 사업장이 소재하고 있으며, 사업개시일 이후 2년 이상 가동 중인 중소기업체 - 「중소기업협동조합법」및「중소기업기본법」에 따른 협동조합 및 중소기업체 ☞ 융자한도 업체당 2억 원 이내(매출액의 50%범위 내), 이차보전 연 3.0% 지원(2년간) - IBK기업은행 동행협약 지원 : 이차보전 연 3.0% 지원(2년간), 보증료 1.2% 지원(기업은행)","금융,전남,IBK기업은행 동행협약 ,중소기업발전자금,중소기업체,2026,보증료,여수시,이차보전,기초자치단체,전라남도,융자,협동조합,전남광주,전남광주통합특별시",융자,8244
1451,경상북도,기초자치단체,경영,2026년 울진군 단체관광객 유치여행사 인센티브 지원계획 공고,,,2026-01-12,https://www.bizinfo.go.kr/sii/siia/selectSIIA200Detail.do?pblancId=PBLN_000000000117343,예산 소진시까지,중소기업,"2026년도 단체관광객 유치여행사 인센티브 지원계획에 대하여 「울진군 관광진흥에 관한 지원조례 시행규칙」에 의하여 다음과 같이 공고합니다. ☞ 여행업 등록(관광진흥법 제4조)을 필한 여행사 ☞ 단체관광객 유치여행사 인센티브 지원 - 1박 시 1인당 1만원, 2박 이상 시 1인당 2만원 지원(내국인 20명, 외국인 10명 이상) - 수학여행단 지원 : 지원 기준의 50% 지원(100명 이상)","내수,경영,서울,부산,대구,인천,광주,대전,울산,세종,경기,강원,충북,충남,전북,전남,경북,경남,제주,2026,유치여행사,수학여행단,단체관광객,울진군,여행사,여행업,인센티브,기초자치단체,경상북도",디자인/상품화/사업화,8598
1452,경상북도,기초자치단체,경영,2026년 고령군 국내ㆍ외 단체 관광객 유치 여행사(기관) 인센티브 지원 공고,,,2026-01-12,https://www.bizinfo.go.kr/sii/siia/selectSIIA200Detail.do?pblancId=PBLN_000000000117336,예산 소진시까지,중소기업,"고령군에서는 관광객 유치 증대를 도모하기 위하여 단체관광객을 유치한 여행사(기관)에 대하여 인센티브를 제공하고자 아래와 같이 공고하오니 전국 여행업체의 많은 관심과 참여 바랍니다. ☞ 여행업 등록(관광진흥법 제4조)을 필한 여행사, 고령군과 관광 관련 업무 협약을 맺은 기관 ☞ 국내ㆍ외 단체 관광객 유치 여행사(기관) 인센티브 지원 ※ 자세한 지원내용 공고문 참조","내수,경영,서울,부산,대구,인천,광주,대전,울산,세종,경기,강원,충북,충남,전북,전남,경북,경남,제주,2026,고령군,단체관광객,유치,여행사,여행업,여행업체,인센티브,기초자치단체,경상북도",디자인/상품화/사업화,7714
1453,경상북도,기초자치단체,내수,2026년 청도군 단체관광객 유치 인센티브 지원사업 공고,,,2026-01-12,https://www.bizinfo.go.kr/sii/siia/selectSIIA200Detail.do?pblancId=PBLN_000000000117334,예산 소진시까지,중소기업,청도군에서는 관광객 유치증대로 지역경제 활성화를 도모하고 체류형 관광 및 관광산업 경쟁력 제고를 위하여 단체관광객을 유치한 여행사 및 기관ㆍ단체에 대하여 인센티브를 제공하고자 아래와 같이 공고하오니 많은 관심과 참여 바랍니다. ☞ 여행업 등록(관광진흥법 제4조)을 필한 여행사 ☞ 단체관광객 유치 인센티브 지원 ※ 자세한 지원내용 공고문 참조,"내수,경영,서울,부산,대구,인천,광주,대전,울산,세종,경기,강원,충북,충남,전북,전남,경북,경남,제주,2026,단체관광객,유치,청도군,여행사,인센티브,기초자치단체,경상북도",홍보지원,7426
1454,경상북도,기초자치단체,경영,2026년 청송군 단체관광객 유치 인센티브 지원계획 공고,,,2026-01-12,https://www.bizinfo.go.kr/sii/siia/selectSIIA200Detail.do?pblancId=PBLN_000000000117332,예산 소진시까지,중소기업,관광객 유치 촉진을 통한 체류형 관광 확대 및 지역경제 활성화를 위하여 단체관광객을 유치한 여행사에 대하여 인센티브를 지급하는 「2026년 단체관광객 유치 인센티브 지원계획」을 다음과 같이 공고합니다. ☞ 관광진흥법 제3조 및 제4조에 근거하여 여행업등록을 필한 업체 ☞ 단체관광객 유치 인센티브 지원 ※ 자세한 지원내용 공고문 참조,"내수,경영,서울,부산,대구,인천,광주,대전,울산,세종,경기,강원,충북,충남,전북,전남,경북,경남,제주,2026,관광객이용시설업,관광숙박업,청송군,단체관광객,유치,여행업,인센티브,기초자치단체,경상북도",디자인/상품화/사업화,7894
1455,경상북도,기초자치단체,인력,[경북] 청송군 2026년 지역인재채용 인센티브 지원사업 참여기업 모집 공고,,,2026-01-12,https://www.bizinfo.go.kr/sii/siia/selectSIIA200Detail.do?pblancId=PBLN_000000000117331,예산 소진시까지,중소기업,"지역 인재 발굴 및 채용지원을 위하여 「2026년 지역인재채용 인센티브 지원사업」 참여기업을 다음과 같이 모집 공고합니다. ☞ 관내 상시근로자 3인 이상 고용보험 가입 사업장 (사업주 제외 산정하며, 정규직 채용일 기준) - 채용일로부터 1개월 전 주민등록상 청송군에 거주하는 19세 이상 49세 이하 지역인재를 정규직 채용 후 6개월 이상 고용유지 ☞ 월 임금의 50%(최고 1백만원 한도) 지원금 지원 - 업체당 연간 최대 3명까지 지원 ※ 자세한 지원내용 공고문 참조","인력,경북,2026,기초자치단체,경상북도,지역인재채용,인센티브,청송군,임금,고용보험가입사업장",고용유지,7360
1456,지식재산처,한국발명진흥회,경영,2026년 직무발명제도 규정 도입 여부 확인 신청 공고,2026-01-12,2026-11-30,2026-01-12,https://www.bizinfo.go.kr/sii/siia/selectSIIA200Detail.do?pblancId=PBLN_000000000117330,,중소기업,"직무발명제도란 종업원이 개발한 직무발명을 기업이 승계ㆍ소유하도록 하고, 종업원에게는 직무발명에 대해 정당한 보상을 해주는 제도로, 한국발명진흥회에서는 기업이 직무발명제도 규정을 절차적으로 도입하였는지, 필수 항목을 포함하고 있는지 여부를 확인 신청을 받고있습니다. ☞ 직무발명제도 규정 도입 여부 확인을 원하는 중소기업 ☞ 기업의 직무발명제도 규정, 절차 등 요건 해당 여부 심사 및 확인서 발급 지원","기술,인력,경영,서울,부산,대구,인천,광주,대전,울산,세종,경기,강원,충북,충남,전북,전남,경북,경남,제주,지식재산처,2026,직무발명제도,확인서,한국발명진흥회,R&D,중소기업",디자인/상품화/사업화,8128
1457,경상북도,기초자치단체,금융,[경북] 의성군 2026년 중소기업 고용보조금 지원사업 공고,,,2026-01-12,https://www.bizinfo.go.kr/sii/siia/selectSIIA200Detail.do?pblancId=PBLN_000000000117319,예산 소진시까지,중소기업,"관내 중소기업에 고용보조금을 지원하여 신규 일자리 창출 및 인력난 해소로 인구를 정착시키고 지역경제를 활성화하고자 2026년 중소기업 고용보조금 지원사업을 다음과 같이 공고하오니, 관심 있는 관내 중소기업에서는 신청하시기 바랍니다. ☞ 관내에 본사나 사업장을 두고 1년 이상 정상가동 중이고 고용보험에 가입하고, 근로자 수가 3명 이상인 관내 중소기업 - 2025. 7. 1.이후 신규채용한 근로자를 6개월 이상 고용유지하고 있는 중소기업 - 의성군 내 공장 등록된 제조업체, 마을기업ㆍ사회적기업ㆍ청년기업 ☞ 보조금 지급 신청일 현재 6","금융,경북,2026,의성군,청년기업,제조업체,기초자치단체,경상북도,마을기업,사회적기업,중소기업",융자,8327
1458,경상북도,기초자치단체,금융,[경북] 의성군 2026년 중소기업 운전자금 지원 공고,2026-01-05,2026-12-31,2026-01-12,https://www.bizinfo.go.kr/sii/siia/selectSIIA200Detail.do?pblancId=PBLN_000000000117316,,중소기업,"중소기업의 경영안정을 통한 지역경제 활성화를 위하여「2026년 의성군 중소기업 운전자금 지원」을 다음과 같이 공고합니다. ☞ 관내 정상가동 중인 중소기업(업종별 요건 충족) ☞ 운전자금 융자 추천 및 대출이자의 일부 지원 - 융자규모 : 11,500백만원(도 4,500 군 7,000) - 이차보전율 : 4.0% ※ 자세한 지원내용 공고문 참조","금융,경북,2026,이자지원,중소기업운전자금,의성군,운전자금,이차보전,기초자치단체,벤처기업,경상북도,융자,중소기업",융자,7991
1459,경상북도,기초자치단체,금융,[경북] 문경시 2026년 중소기업 운전자금 지원 계획 공고,,,2026-01-12,https://www.bizinfo.go.kr/sii/siia/selectSIIA200Detail.do?pblancId=PBLN_000000000117324,예산 소진시까지,중소기업,"자금난을 겪고 있는 중소기업에 대하여 운전자금 융자 및 대출이자 일부를 지원하여 기업 경영 안정화를 도모하고자 「2026년도 문경시 중소기업 운전자금 지원 계획」을 붙임과 같이 공고합니다. ☞ 문경시 내 사업장(사업자등록증명원의 소재지, 매출액)을 두고 정상 운영 중인 ｢중소기업기본법｣ 상의 중소기업 ☞ 중소기업 운전자금 융자한도 업체당 최대 3억원(우대업체 최대 5억원) 지원 ※ 이차보전율 : 3%(도비분(2%) 추가 이차보전율 1%)","금융,경북,청년일자리창출우수기업,2026,문경시,중소기업운전자금,향토뿌리기업,고령친화기업,운전자금,이차보전,장애인기업,벤처기업,여성기업,경상북도,융자,마을기업,사회적기업,중소기업,기초자치단체",융자,8238
1460,경상남도,기초자치단체,금융,[경남] 창녕군 2026년 상반기 중소기업 육성자금 융자지원 계획 공고,,,2026-01-12,https://www.bizinfo.go.kr/sii/siia/selectSIIA200Detail.do?pblancId=PBLN_000000000117298,예산 소진시까지,중소기업,"「창녕군 중소기업육성자금 지원 조례」제9조 및 제10조에 따라 2026년도 창녕군 중소기업육성자금 지원계획을 다음과 같이 공고합니다. ☞「창녕군 중소기업육성자금 지원 조례」제6조에 따라 융자신청일 현재 공장등록을 하고 가동 중인 중소기업 ※ 자세한 내용 공고문 참조 ☞ 경영안정자금, 기술개발자금, 시설현대화자금 지원 - 융자한도액 : 업체당 최대 3억 원 이내 - 융자상환기간: 2년 (1년 거치 1년 분할 상환, 2년 만기 일시상환 (택1)) - 이차보전율: 3% ※ 자세한 내용 공고문 참조","금융,경남,2026,중소기업육성자금,시설현대화,창녕군,경영안정자금,육성자금,공장,창업자금,시설자금,기초자치단체,경상남도,제조업,융자,중소기업",융자,8359
1461,경상남도,경남신용보증재단,금융,[경남] 함안군 2026년 소상공인 육성자금(이자) 지원계획 공고,,,2026-01-12,https://www.bizinfo.go.kr/sii/siia/selectSIIA200Detail.do?pblancId=PBLN_000000000117309,예산 소진시까지,소상공인,"소상공인 대출자금 이자지원으로 소상공인의 건전한 육성 및 지역경제 활성화 도모를 위한 소상공인 육성자금(이자) 지원계획을 다음과 같이 공고합니다. ☞ 함안군에 사업자등록을 하고 경남신용보증재단의 신용 보증서를 발급받은 소상공인(개인 또는 법인) - 함안군 중소기업 육성자금 지원 업체, 함안군 소상공인 육성자금 융자 실행 중인 업체 - 광업ㆍ제조업ㆍ건설업 및 운수업 상시근로자 10인 미만, 그 외의 업종 상시근로자 5인 미만 ☞ 소상공인 창업자금, 소상공인 경영안정자금 지원 ※ 자세한 지원내용 공고문 참조","금융,경남,소상공인창업자금,소상공인육성자금,2026,함안군,신규창업,운영자금,경영안정자금,경남신용보증재단,대출이자,창업자금,경상남도,소상공인",융자,9602
1462,지식재산처,한국발명진흥회,경영,2026년 무료 직무발명제도 컨설팅 신청 공고,2026-01-05,2026-11-30,2026-01-09,https://www.bizinfo.go.kr/sii/siia/selectSIIA200Detail.do?pblancId=PBLN_000000000117297,,중소기업,"한국발명진흥회에서 2026년 무료 직무발명제도 컨설팅 신청을 공고합니다. ​ ​☞ 직무발명제도 도입을 희망, 제정 중이거나 곧 시행 예정인 기업 - 직무발명제도 운영에 애로사항이 있는 기업 - 직무발명보상 우수기업 인증제 희망 또는 미선정 기업 ☞ 중소기업 컨설팅 무료 지원","경영,서울,부산,대구,인천,전남광주,대전,울산,세종,경기,강원,충북,충남,전북,경북,경남,제주,우수기업 인증제,지식재산처,2026,직무발명제도,한국발명진흥회,컨설팅,직무발명보상,중소기업",컨설팅,10483
1463,인천광역시,인천테크노파크,기술,[인천] 2026년 가상융합산업 콘텐츠 제작 장비 임차지원 공고(인천 가상융합산업 혁신센터),2026-01-23,2026-12-31,2026-01-09,https://www.bizinfo.go.kr/sii/siia/selectSIIA200Detail.do?pblancId=PBLN_000000000117307,,중소기업,"인천테크노파크는 지역 내 가상융합산업 관련 기업에게 콘텐츠 제작 및 개발을 지원하기 위한「가상융합산업 콘텐츠 제작 장비 임차지원」의 추진과 관련하여, 장비임차가 필요한 기업을 아래와 같이 모집하오니 많은 참여 바랍니다. ☞ 인천소재 가상융합산업 관련 기업, 기관, 단체 ☞ 가상융합산업 콘텐츠 제작 장비(6종 72대) 외부임차 지원(무상지원)","기술,인천,장비 임차지원,인천메타버스지원센터,2026,가상융합산업,콘텐츠 제작,무상지원,인천테크노파크,인천광역시",기술인력/장비지원,9130
1464,경상남도,기초자치단체,인력,[경남] 양산시 2026년 신중년고용지원금 지원사업 참여 기업 모집 공고,,,2026-01-09,https://www.bizinfo.go.kr/sii/siia/selectSIIA200Detail.do?pblancId=PBLN_000000000117306,예산 소진시까지,중소기업,"신중년의 일자리 창출과 관내 기업의 구인난 해소를 위하여 2026년도「양산형 신중년고용지원금 지원사업」 참여 기업을 다음과 같이 모집 공고합니다. ☞ 양산시 소재(본사 또는 주공장) 상시근로자 5인이상 제조업 관련 중소기업 ※ 상시근로자수는 고용보험 피보험자수 기준, 일용직근로자 제외 - 40세 이상 64세 이하 양산시에 주소를 둔(정규직 채용일 기준) 신중년을 정규직으로 채용 - 2025. 1. 1. 이후 신중년을 정규직으로 채용되어 6개월 이상 고용유지 사업장 ☞ 40세 이상 64세 이하 양산시민인 신중년 미취업자를 정규직으로 ","인력,경남,신중년고용지원금,2026,양산시,고용유지,기초자치단체,경상남도,제조업,중소기업",국내일반인력,10573
1465,경상남도,기초자치단체,금융,[경남] 거제시 2026년 조선협력사 중소기업 육성자금 연장 지원 계획 공고,2026-01-02,2026-12-29,2026-01-09,https://www.bizinfo.go.kr/sii/siia/selectSIIA200Detail.do?pblancId=PBLN_000000000117303,,중소기업,"조선 협력사의 원활한 자금 운용과 경영 정상화를 지원하고자, 기존 중소기업 육성자금 융자 지원을 받고 있는 조선 협력사를 대상으로 2026년도 상환 유예 및 이차보전 연장 지원계획을 다음과 같이 공고합니다. ☞ 거제시 중소기업 육성자금을 지원받고 있는 조선 협력사로서, 최종 상환일이 2026년 12월 31일 이전인 기업체 ※ 2025년 연장지원 업체도 신청 가능 ※ 조선 협력사 : 신청일 기준, 하도급 업체는 삼성중공업 또는 한화오션과 하도급 계약을 체결한 기업을 말하며, 재하도급 업체는 이들 업체와 계약한 하도급 업체와 재하도급 ","금융,경남,2026,경상남도,기초자치단체,거제시,조선협력사,중소기업,중소기업육성자금,연장,상환유예,이자",융자,8628
1466,경상남도,기초자치단체,경영,[경남] 창녕군 2026년 중소기업 전시(박람)회 참가 지원 계획 공고,,,2026-01-09,https://www.bizinfo.go.kr/sii/siia/selectSIIA200Detail.do?pblancId=PBLN_000000000117294,예산 소진시까지,중소기업,"「창녕군 지방보조금 관리 조례」제3조 및 「창녕군 기업활동 지원 및 촉진에 관한 조례」제16조에 따라 2026년도 중소기업 전시(박람)회 참가 지원 계획을 다음과 같이 공고합니다. ☞ 제조업을 영위하는 창녕군 소재 중소기업이며 상시근로자 수가 10인 이상인 기업 - 신청일 현재 지방세 체납 실적이 없어야 함 - 타 기관, 단체 등으로부터 지원을 받지 않고 전액 업체 부담으로 올해 국내 전시(박람)회를 참가하는 기업 ☞ 기본부스(조립, 2부스) 기준, 업체당 부스 임차비 1백만 원 이내 지원","경영,경남,2026,기초자치단체,경상남도,중소기업,창녕군,국내 전시(박람)회,전시회,박람회,10인 이상 기업",디자인/상품화/사업화,8540
1467,농림축산식품부,한국식품산업클러스터진흥원,경영,2026년 한국식품산업클러스터진흥원 기업지원시설ㆍ장비 활용 지원사업 공고,,,2026-01-09,https://www.bizinfo.go.kr/sii/siia/selectSIIA200Detail.do?pblancId=PBLN_000000000117291,예산 소진시까지,중소기업,"한국식품산업클러스터진흥원은 「식품산업진흥법」 제12조의2에 따라 국가식품클러스터의 육성ㆍ관리와 참여기업 및 기관들의 활동을 효율적으로 지원하기 위하여 설립된 농림축산식품부 산하 공공기관입니다. 우리 진흥원은 국내 식품기업의 기술 경쟁력 강화를 지원하고자 「2026년도 기업지원시설ㆍ장비 활용 지원사업」을 아래와 같이 공고하오니 관심있는 기업의 많은 참여 바랍니다. ☞ 식품 관련 기업(국가식품클러스터 입주(분양ㆍ벤처)기업, 청년기업, 디지털식품정보플랫폼 가입기업 등) ☞ 국가식품클러스터 기업지원시설에 구축된 개방형 장비 (시험ㆍ분석, ","경영,서울,부산,대구,인천,광주,대전,울산,세종,경기,강원,충북,충남,전북,전남,경북,경남,제주,2026,농림축산식품부,한국식품산업클러스터진흥원,식품,국가식품클러스터,시설,장비,기술장비,생산장비,시험,분석,생산,식품기업,예비창업자",시설/입지지원,12096
1468,경상남도,기초자치단체,금융,[경남] 산청군 인구감소지역 소재 중소기업 특례보증 금융지원 신청 공고,,,2026-01-09,https://www.bizinfo.go.kr/sii/siia/selectSIIA200Detail.do?pblancId=PBLN_000000000117278,예산 소진시까지,중소기업,"인구감소지역 기업지원 특례보증 신청을 다음과 같이 공고합니다. ☞ 산청군 소재 기업 ※ 자세한 지원대상 공고문 참조 ☞ 최종 산출금리에서 2.0% 이차보전 균등 지원 (3년간) - 대출한도 : 기업 최대 30억원, 기업가형 소상공인 최대 5억원","금융,경남,2026,이차보전,대출,기업가형소상공인,산청군,인구감소지역,특례보증,지역주력산업영위기업,지방이전기업,유망서비스업,농식품분야,기초자치단체,경상남도",보증,8129
1469,경상남도,기초자치단체,창업,[경남] 하동군 2026년 소상공인 생애 첫 창업 지원사업 공고,,,2026-01-09,https://www.bizinfo.go.kr/sii/siia/selectSIIA200Detail.do?pblancId=PBLN_000000000117277,예산 소진시까지,창업벤처,"첫 창업을 한 소상공인의 경영비용 부담을 완화하고 지속적인 성장을 지원하고자 「2026년도 하동군 생애 첫 창업 지원사업」 사업을 다음과 같이 공고합니다. ☞ 2026. 1. 1. 이후로 하동군에서 처음 사업자등록을 한 소상공인 중 신청일 현재 정상영업 중인 점포 ※ 타 지역에서 창업을 했던 사람도 2026. 1. 1. 이전에 하동군에서 사업자등록을 한 이력이 없으면 신청 가능 ☞ 임대료 최대 100만원, 경영환경 개선 최대 600만원, 배달료 업체당 최대 100만원 지원 ※ 자세한 지원내용 공고문 참조","창업,경남,2026,배달료,하동군,경영환경개선,점포,임대료,창업지원,기초자치단체,경상남도,소상공인",사업화지원,9165
1470,경상남도,기초자치단체,금융,[경남] 김해시 2026년 사회적경제기업 금융지원 사업 계획 공고,,,2026-01-09,https://www.bizinfo.go.kr/sii/siia/selectSIIA200Detail.do?pblancId=PBLN_000000000117276,예산 소진시까지,사회적기업,"저금리 금융지원으로 사회적경제기업 경영안정 및 금융접근성 제고를 위한 「2026년 김해시 사회적경제기업 금융지원 사업」계획을 다음과 같이 공고하오니, 많은 참여를 부탁드립니다. ☞ 관내 사회적경제기업 - (예비)사회적기업, 마을기업, 자활기업, (사회적)협동조합 ☞ 기업 경영안정 및 시설현대화자금 지원 - 대출한도액 및 기간 : 기업당 최대 2억원/2년","금융,경영,경남,2026,시설현대화자금,경영안정자금,사회적협동조합,자활기업,김해시,사회적경제기업,기초자치단체,경상남도,대출,예비사회적기업,융자,마을기업,협동조합,사회적기업",융자,8642
1471,경상남도,기초자치단체,인력,[경남] 하동군 2026년 소상공인 건강검진 지원사업 공고,,,2026-01-09,https://www.bizinfo.go.kr/sii/siia/selectSIIA200Detail.do?pblancId=PBLN_000000000117287,예산 소진시까지,소상공인,"영세 소상공인의 어려운 경영 환경 속 건강 증진을 통한 소상공인의 활력 제고 및 삶의 질 증진 도모를 위해 「2026년도 하동군 소상공인 건강검진 지원사업」 사업을 다음과 같이 공고합니다. ☞ 하동군 관내 공고일 기준, 사업자등록증 상 등록일로부터 6개월 이상 정상적으로 영업중인 소상공인 ☞ 소상공인 1인당 최대 200,000원 지원","인력,경남,2026,하동군,건강검진,기초자치단체,경상남도,소상공인",국내전문인력,8382
1472,경상남도,기초자치단체,금융,[경남] 거제시 2026년 저신용 소상공인 이차보전 지원사업 계획 공고,,,2026-01-09,https://www.bizinfo.go.kr/sii/siia/selectSIIA200Detail.do?pblancId=PBLN_000000000117283,예산 소진시까지,소상공인,"저신용 소상공인들의 경영안정 및 지역경제 활성화 도모를 위한 「2026년 거제시 저신용 소상공인 이차보전 지원사업」 계획을 다음과 같이 공고합니다. ☞ 거제시에 사업자등록을 하고 영업 중인 소상공인 ☞ 창업자금, 운영자금, 긴급생계자금 지원 - 대출 약정금리 중 2년간 3% 이내 이차보전 지원","금융,경남,2026,긴급생계자금,거제시,저신용,운영자금,이차보전,창업자금,기초자치단체,경상남도,대출",융자,9420
1473,경상남도,기초자치단체,경영,2026년 밀양시 단체관광객 유치 인센티브 지원 계획 공고,,,2026-01-09,https://www.bizinfo.go.kr/sii/siia/selectSIIA200Detail.do?pblancId=PBLN_000000000117260,예산 소진시까지,중소기업,밀양시에서 단체관광객 유치를 통한 지역경제 및 관광 활성화를 위하여「2026년 밀양시 단체 관광객 유치 인센티브 지원사업」을 다음과 같이 공고하오니 많은 관심과 참여 바랍니다. ☞ 「관광진흥법」제4조에 따라 등록된 여행사 ☞ 관광객 유치 실적 확인 후 지원기준에 따라 인센티브 지원 ※ 자세한 지원내용 공고문 참조,"경영,서울,부산,대구,인천,광주,대전,울산,세종,경기,강원,충북,충남,전북,전남,경북,경남,제주,단체 관광객,관광객 유치,내외국인,2026,관광산업,단체관광객,밀양시,여행사,여행업체,관광,기초자치단체,경상남도",디자인/상품화/사업화,7845
1474,경상남도,기초자치단체,금융,[경남] 김해시 2026년 상반기 중소기업육성자금 지원 계획 공고,,,2026-01-09,https://www.bizinfo.go.kr/sii/siia/selectSIIA200Detail.do?pblancId=PBLN_000000000117258,예산 소진시까지,중소기업,"2026년도 상반기 김해시 중소기업육성자금 지원 계획을 다음과 같이 공고합니다. ☞ 김해시에 본점 또는 사업장을 두고 매출실적이 3개월 이상 있는 공장등록된 중소제조업체 ※ 자세한 지원대상 공고문 참조 ☞ 경영안정자금 및 시설자금 지원 - 이차보전율 : 경영안정자금 2.5%, 시설자금 2%(우대기업 0.5% 추가 지원)","금융,경남,2026,금리감면,중소제조업체,중소기업육성자금,경영안정자금,이차보전,김해시,시설자금,기초자치단체,경상남도",융자,10238
1475,경상남도,기초자치단체,기술,[경남] 진주시 2026년 GAP 안전성 분석(안전성 검사비) 지원사업 신청 공고,,,2026-01-09,https://www.bizinfo.go.kr/sii/siia/selectSIIA200Detail.do?pblancId=PBLN_000000000117269,예산 소진시까지,중소기업,"「농수산물품질관리법」에 따라 2026년 GAP 안전성 분석(안전성 검사비) 지원사업의 신청을 다음과 같이 공고합니다. ☞ 신청일 기준으로 GAP 인증을 유지하고 있는자 - GAP 인증취득 농가, 작목반, 단체, 법인 농산물 우수 관리 인증(신규ㆍ갱신, 유효기간 연장ㆍ변경) 및 우수관리시설을 지정받은 자로서 신청일 기준 GAP 인증을 유지하고 있는 자 ☞ GAP 안전성 분석(안전성 검사비) 지원","기술,경남,안전성분석,안전성검사비,2026,GAP,농가,진주시,농산물,법인,경상남도,인증,기초자치단체,진주시농업기술센터",시험/인증,7528
1476,경상남도,진주시농업기술센터,기술,[경남] 진주시 2026년 농산물우수관리(GAP) 인증수수료 지원사업 신청 공고,,,2026-01-09,https://www.bizinfo.go.kr/sii/siia/selectSIIA200Detail.do?pblancId=PBLN_000000000117268,예산 소진시까지,중소기업,"「농수산물품질관리법」에 따라 2026년 농산물우수관리(GAP) 인증수수료의 신청을 다음과 같이 공고합니다. ☞ 신청일 기준으로 GAP 인증을 유지하고 있는자 - GAP 인증취득 농가, 작목반, 단체, 법인 농산물 우수 관리 인증(신규ㆍ갱신, 유효기간 연장ㆍ변경) 및 우수관리시설을 지정받은 자로서 신청일 기준 GAP 인증을 유지하고 있는 자 ☞ 농산물우수관리(GAP) 인증수수료 지원","기술,경남,GAP ,진주시농업기술센터,2026,농산물우수관리,작목반,농가,인증수수료,진주시,법인,경상남도",시험/인증,7747
1477,경상남도,기초자치단체,금융,[경남] 창원시 2026년 중소기업 육성자금 융자지원 계획 공고,,,2026-01-09,https://www.bizinfo.go.kr/sii/siia/selectSIIA200Detail.do?pblancId=PBLN_000000000117254,예산 소진시까지,중소기업,"2026년도 창원시 중소기업 육성자금 융자 이차보전금 지원 계획을 다음과 같이 공고합니다. ☞ 창원시에 본사와 사업장을 둔 중소기업 ☞ 경영안정자금(대환용도 사용 가능) 및 시설자금 지원 - 대출금리 : 시중 대출금리에서 이차보전율을 감한 금리 - 이차보전 : 연 2.5%(2년 거치기간), 연 1.5%(1년 분기별 균등 상환기간) - 상환방식 : 2년 거치 일시상환 또는 2년 거치 1년 분기별 균등상환","금융,경남,2026,이차보전금,중소기업육성자금,경영안정자금,이차보전,창원시,시설자금,기초자치단체,경상남도,대출,융자",융자,10325
1478,경상북도,경상북도경제진흥원,금융,[경북] 2026년 중소기업 운전자금(이차보전) 지원 계획 공고,,,2026-01-08,https://www.bizinfo.go.kr/sii/siia/selectSIIA200Detail.do?pblancId=PBLN_000000000117214,예산 소진시까지,중소기업,"일시적 자금난 및 재해 등으로 어려움을 겪고 있는 지역 중소기업에 대출이자의 일부를 지원하여 기업경영 안정화 도모를 지원해드리는 사업입니다. ☞ ​ 경상북도 내 사업장(사업자등록증명원의 소재지, 매출액)을 둔「중소기업기본법」 상의 중소기업 ※ 자금별 지원대상 상이 (공고문 참조) ☞ 중소기업 운전자금, 재해기업 긴급경영안정자금, 관세대응 긴급경영안정자금 지원 ※ 최근 1년 이내, 중소기업 운전자금 旣 지원받은 업체도 긴급경영안정자금(재해기업, 관세대응)은 중복 신청 가능 ※ 긴급경영안전자금(재해기업, 관세대응) 미소진시 중소기업 운","금융,경영,경북,경상북도경제진흥원,경상북도,2026,중소기업운전자금,운전자금,이차보전,융자,여성기업,장애인기업,사회적기업,일자리으뜸기업,중소기업",융자,11600
1479,전남광주통합특별시,전남지방우정청,수출,[전남] 2026년 소량수출 국제특송비 지원계획 공고,,,2026-01-08,https://www.bizinfo.go.kr/sii/siia/selectSIIA200Detail.do?pblancId=PBLN_000000000117240,예산 소진시까지,중소기업,"우리 도내 중소기업의 수출 활성화를 위해 샘플 등 소량에 대한 수출 물류비(항공+해운)의 일부를 지원코자 아래와 같이 2026년 소량수출 국제특송비 지원계획을 공고하니, 많은 신청 바랍니다 ☞ 전라남도 내 본사 또는 공장 소재 수출중소기업 ※ 전년도 수출 2천만불 이하 또는 수출 전환(준비) 기업 ☞ 국제특송(해운 포함) 해외물류비 실 사용금액의 50% 지원 - (항공) EMS 국제특송비의 50% 지원 - (해운) 우체국 해운 운송비(화물물류연계서비스)의 50% 지원 - 기업당 월 50만 원 / 연간 300만 원 한도(예산 소진 시","금융,수출,전남,2026,소량수출,전남지방우정청,국제특송비,해운,수출활성화,물류비,해외물류비,항공,전라남도,전남광주,전남광주통합특별시",해외진출,8348
1480,충청남도,직접수행,금융,[충남] 2026년 식품진흥기금 시설개선자금 융자계획 공고,2026-01-07,2026-09-30,2026-01-08,https://www.bizinfo.go.kr/sii/siia/selectSIIA200Detail.do?pblancId=PBLN_000000000117232,,중소기업,"충청남도 식품진흥기금 설치 및 운용 조례 시행규칙 제6조(융자계획의 공고 등) 규정에 의거 2026년 식품진흥기금 시설개선자금 융자계획을 다음과 같이 공고합니다. ☞ 식품위생법 및 건강기능식품에 관한 법률에 의한 영업자, 어린이 기호식품 우수판매업소 등 ☞ 대상별 1~5천만원 한도 내 융자(최대 7천만원까지 가능(화장실 포함)) 지원 - 대출금리 : 연1%(취급수수료) / 대출기간 : 2년 거치 후 3년차부터 4년동안 원금균등분할상환 ※ 자세한 지원내용 공고문 참조","금융,충남,건강기능식품제조업소,2026,가공업소,시설개선자금,집단급식소,식품접객업소,식품진흥기금,식품제조업소,충청남도,직접수행,융자",융자,8847
1481,대전광역시,대전신용보증재단,금융,[대전] 2026년 1차 소상공인 초저금리 특별자금 지원 계획 공고,,,2026-01-07,https://www.bizinfo.go.kr/sii/siia/selectSIIA200Detail.do?pblancId=PBLN_000000000117223,예산 소진시까지,소상공인,"대전광역시 소상공인 지원에 관한 조례 제6조에 의한 소상공인 지원을 위해 2026년도 1차 소상공인 초저금리 특별자금 지원계획을 다음과 같이 공고합니다. ☞ 대전지역에 소재하고 있는 「소상공인기본법」에 의한 소상공인(개인 또는 법인사업자)으로 사업자등록증상 '사업개시년월일'이 지난 업체 ☞ 대출금리 중 2.7%에 대한 이자를 2년간 대전광역시에서 지원 (업체당 최대 7천만원 이내) - (대출은행) 대전시 내 13개 협약은행 : KB국민, IBK기업, 농협은행, 부산, 새 마을금고, 수협은행, 신한, 신협, 우리, 전북, 지역농축협,","금융,대전, 개인사업자, Track 2,2026,초저금리,이자지원,대출금리,대전신용보증재단,특별자금,대전광역시,소상공인",보증,26523
1482,대전광역시,대전신용보증재단,금융,[대전] 소상공인 경영위기극복 특례보증 지원 공고,,,2026-01-07,https://www.bizinfo.go.kr/sii/siia/selectSIIA200Detail.do?pblancId=PBLN_000000000117221,예산 소진시까지,소상공인,"대전광역시「소상공인 경영위기극복 특례보증」운영계획을 다음과 같이 공고합니다. ☞ 우리시 관내에 사업장이 소재하고 있는「소상공인기본법」에 따른 소상공인(개인, 법인 사업자)으로서 사업자등록증상‘사업개시연월일’이 지난 정상 영업 중인 업체로 아래 어느 하나에 해당하는 경우 - (T1 청년소상공인) 보증접수일 현재 대표자 나이가 만39세 이하인 소상공인 - (T2 생활밀접업종) 5대 생활밀접업종을 영위하는 소상공인 (도매업, 소매업, 음식점업, 숙박업, 서비스업) - (T3 일반소상공인) 그 외 소상공인 ☞ 대출금리 중 2.7%에 대한 ","금융,대전,2026,생활밀접업종,청년소상공인,음식점업,사업자,특례보증,보증,숙박업,도매업,소매업,서비스업,대출,대전광역시,소상공인,대전신용보증재단",보증,23399
1483,부산광역시,직접수행,금융,[부산] 2026년 식품진흥기금 융자사업 계획 공고,,,2026-01-07,https://www.bizinfo.go.kr/sii/siia/selectSIIA200Detail.do?pblancId=PBLN_000000000117191,예산 소진시까지,중소기업,"「식품위생법」 제89조 및 「부산광역시 식품진흥기금 조례」 제4조(기금의 융자계획)에 따라 2026년도 식품진흥기금 융자사업 계획을 다음과 같이 공고합니다. ☞ 식품위생영업소(식품제조ㆍ가공업, 식품접객업소) ☞ 위생관리시설 개선자금, 모범음식점 육성자금, 음식물쓰레기감량화기기 구입자금 융자 지원 - 융자기간 : 2년 거치 3년 균등분할 상환 ※ 자세한 지원내용 공고문 참조","금융,부산,음식물쓰레기감량화기기구입자금,모범음식점육성자금,위생관리시설개선자금,2026,식품위생업소,식품접객업소,가공업,식품제조,부산광역시,직접수행,융자,위생관리시설,식품,모범음식점,일반음식점,집단급식소",융자,9296
1484,경기도,경기신용보증재단,금융,[경기] 성남시 2026년 중소기업 특례보증 지원계획 공고,,,2026-01-07,https://www.bizinfo.go.kr/sii/siia/selectSIIA200Detail.do?pblancId=PBLN_000000000117177,예산 소진시까지,중소기업,"성장잠재력은 있으나 자금조달이 어려운 중소기업을 위하여 자금난을 해소하고 경영안정을 도모하고자 2026년 성남시 중소기업 특례보증 지원계획을 아래와 같이 공고합니다. ☞ 성남시에 소재한「중소기업기본법」제2조 규정에 의한 중소기업 ※ 자세한 지원대상 공고문 참조 ☞ 운전자금 특례보증 지원(보증한도 업체별 3억원 이내, 보증기간 3년 이내) ※ 자세한 지원내용 공고문 참조","금융,경기,자금난 해소,2026,특례보증,운전자금,경기신용보증재단,성남시,경기도,중소기업",보증,13363
1485,경기도,농협은행,금융,[경기] 성남시 2026년 중소기업육성자금 이차보전금 지원계획 공고,,,2026-01-07,https://www.bizinfo.go.kr/sii/siia/selectSIIA200Detail.do?pblancId=PBLN_000000000117188,예산 소진시까지,중소기업,「성남시 중소기업 육성자금 지원 조례」제4조의 규정에 따라 2026년도 성남시 중소기업육성자금 이차보전금 지원계획을 다음과 같이 공고합니다. ☞ 「중소기업기본법」제2조의 중소기업으로 신청일 현재 관내 주된 사무소 (본사) 또는 사업장을 둔 기업 ※ 자세한 지원대상 공고문 참조 ☞ 운전자금 융자지원(대출) 금액에 대한 이자 일부 지원,"금융,경기,2026,이자,육성자금,운전자금,이차보전,융자지원,성남시,경기도,중소기업,농협은행",융자,11445
1486,대구광역시,대구광역시행복진흥사회서비스원,인력,[대구] 2025년 4차 소상공인 맞춤형 출산ㆍ양육지원 사업 모집 공고,,,2026-01-06,https://www.bizinfo.go.kr/sii/siia/selectSIIA200Detail.do?pblancId=PBLN_000000000117168,예산 소진시까지,소상공인,"경기 침체 등으로 어려움을 겪고 있는 대구지역 소상공인의 출산·양육 지원을 통해 저출생 대응 및 안정적인 경영 여건을 조성하기 위해 다음과 같이 「대구행복진흥사회서비스원-사회복지공동모금회(대구지회) 대구 소상공인 맞춤형 출산ㆍ양육 행복플러스」사업의 지원대상을 다음과 같이 모집합니다 ☞ 대구시에 주소와 사업장을 둔 소상공인 - 2024. 1. 1. 이전부터 대구시에 사업자등록증명원 소재지 및 주소지 유지 ※ 상세 사업별 신청자격 공고문 참조 ☞ 출산 소상공인 양육비 250만원, 무주택 소상공인 육아응원금 100만원 지원 ※ 자세한 지","금융,인력,경영,대구,양육,출산양육지원,대구광역시행복진흥사회서비스원,양육비,육아응원금,출산,맞춤형,대구광역시,2026,소상공인,무주택",고용유지,10246
1487,경기도,경기대진테크노파크,경영,[경기] 포천시 2026년 소공인가구지원센터 운영 지원 사업 공고,2026-01-06,2026-12-31,2026-01-06,https://www.bizinfo.go.kr/sii/siia/selectSIIA200Detail.do?pblancId=PBLN_000000000117167,,소상공인,"(재)경기대진테크노파크는 포천시 소재 가구ㆍ공예 제조 소공인의 안정적인 재기와 성장을 위하여 포천시와 함께 「2026년 포천시 소공인가구지원센터 운영 지원사업」을 공고하오니 많은 참여 바랍니다. ☞ 포천시 소재 가구제조업 소공인 (상시근로자 수 10인 미만) ☞ 원목가공장비 및 공동작업장 활용, 촬영 스튜디오 활용, 공동장비활용 임가공 제작, 소공인 사업화 시작품 제작 등 지원","경영,경기,원목장비활용,소공인가구지원센터,임가공제작,공동장비,가구제조업,시작품제작,포천시,경기대진테크노파크,사업화,소공인,경기도,2026",디자인/상품화/사업화,8891
1488,경상북도,경상북도경제진흥원,금융,[경북] 2026년 벤처기업 육성자금 운용계획 공고,,,2026-01-06,https://www.bizinfo.go.kr/sii/siia/selectSIIA200Detail.do?pblancId=PBLN_000000000117158,예산 소진시까지,중소기업,"기술력은 우수하나 담보력이 부족한 벤처기업 및 청년 기술창업으로 자금 확보에 어려움을 겪고 있는 기업 등에게 기술평가보증(청년창업특례보증)으로 자금을 추가 지원하여 벤처산업 육성과 지역경제 활성화 도모를 위한 융자계획을 다음과 같이 공고합니다. ☞ 도내 소재 중소기업 및 청년창업자 등 ※ 자세한 융자대상 공고문 참조 ☞ 시설자금 및 운전자금 융자 지원 - 시설자금 : 생산설비 및 시험검사장비 등의 도입에 소요되는 자금, 사업장 건축 및 확보자금 등 (매입, 경ㆍ공매 등) - 운전자금 : 원부자재 구입비, 인건비 등 기업경영에 소요되","금융,창업,경영,경북,청년창업특례보증,청년기술창업,기술평가보증,활성화,지역경제,융자지원,경상북도경제진흥원,벤처기업,경상북도,2026,예비유니콘,시설자금,운전자금,대출,융자",융자,10730
1489,경상북도,경상북도경제진흥원,금융,[경북] 2026년 창업 및 경쟁력강화 사업자금 지원 계획 공고,,,2026-01-06,https://www.bizinfo.go.kr/sii/siia/selectSIIA200Detail.do?pblancId=PBLN_000000000117162,예산 소진시까지,중소기업,"창업기업 및 기존 제조업체의 생산설비 및 ESG 경영 등에 소요되는 자금을 장기 저리로 융자 지원하여 창업과 투자를 촉진하고 지역경제 활성화에 기여하는 사업입니다. ☞ 경상북도 내에 사업장(종된 사업장 제외)을 둔 「중소기업기본법」 상의 중소기업 ☞ 시설자금 업체당 8억원 이내(공급가액의 75% 범위) 지원 - 부지매입비 및 공장신축비, 사업장매입비, 기계구입비, 공장 또는 제조시설 임차보증금, 기존 공장의 증ㆍ개축비, ESG경영에 따른 시설자금 - 융자기간 : 3년 거치 5년 균등분할상환","금융,경북,2026,경상북도,경상북도경제진흥원,창업및경쟁력강화사업자금,생산설비,ESG경영,시설자금,융자,부지매입비,공장신축비,사업장매입비,기계구입비,임차보증금",융자,14054
1490,경기도,기초자치단체,수출,[경기] 용인시 2026년 중소기업 수출멘토링 지원사업 참가기업 모집 공고,,,2026-01-06,https://www.bizinfo.go.kr/sii/siia/selectSIIA200Detail.do?pblancId=PBLN_000000000117153,예산 소진시까지,중소기업,"용인특례시는 풍부한 실무 경험과 전문성을 갖춘 수출 전문가를 통해 수출 초보기업을 단계별로 밀착 지원하고, 수출 애로 해소 및 기업 역량 강화를 도모하고자 합니다. 이에 「2026 중소기업 수출멘토링 지원사업」에 참가할 관내 중소기업을 모집하오니 많은 신청 바랍니다. ☞ 관내 소재(본사 또는 공장등록) 중소기업 ☞ 국내외 마케팅 전략수립, 바이어 발굴 및 관리, 무역 실무, 해외 마케팅 사업 안내 및 멘티기업 현장 지원, 국내외 판로개척 지원 등 컨설팅 지원","수출,경영,경기,수출초보중소기업,수출멘토링,마케팅전략수립,국내외판로개척,현장지원,용인시,무역,바이어발굴,기초자치단체,경기도,컨설팅,해외마케팅,2026,중소기업",해외진출준비,9166
1491,인천광역시,기초자치단체,경영,[인천] 서구 2026년 청년기업 인증 신청 공고,,,2026-01-06,https://www.bizinfo.go.kr/sii/siia/selectSIIA200Detail.do?pblancId=PBLN_000000000117150,상시 접수,중소기업,"인천광역시 서구에서는 관내 청년기업을 발굴ㆍ인증함으로써 미래성장 원동력인 청년들의 기업 활동을 촉진하기 위한「2026년 인천광역시 서구 청년기업 인증 및 지원 계획」을 다음과 같이 안내합니다. ☞ 청년대표(19세 이상 39세 이하)가 운영하는 관내 중소제조기업(본사 또는 공장 서구소재) ☞ 청년기업 인증 및 인증혜택 지원 - 자금지원 : 중소기업 육성기금 융자지원 선정 시 이자차액 0.5% 추가보전 - 판로개척 : 해외무역사절단 파견 지원사업, 해외전시회 개별참가 지원사업, 국내 전시(박람)회 개별참가 지원사업, 해외지사화 지원사업","기술,수출,경영,인천,해외지사화지원사업,해외무역사절단파견,판로개척지원,기술지원단,중소기업육성기금,해외전시회,기술지원,청년기업,서구,기초자치단체,인천광역시,자금지원,2026",디자인/상품화/사업화,9444
1492,전남광주통합특별시,전라남도중소기업일자리경제진흥원,금융,[전남] 2026년 중소기업 육성자금(사회적경제 (특별)경영안정자금) 지원계획 공고,,,2026-01-06,https://www.bizinfo.go.kr/sii/siia/selectSIIA200Detail.do?pblancId=PBLN_000000000117149,예산 소진시까지,사회적기업,"「전라남도 중소기업 육성기금 조례」제12조의 규정에 따라 2026년도 전라남도 중소기업 육성자금 지원계획을 다음과 같이 공고합니다. ☞ 도내 사회적 경제기업(사회적기업, 마을기업, 협동조합, 자활기업) ☞ 중소기업의 경쟁력 강화를 위한 연구개발 및 기업 경영을 위해 소요되는 자금 지원 - 융자한도 : 총 3억원 이내(매출액 무관 범위 내 이용 가능) / 융자금리 : 연 2.5%(고정금리) / 융자기간 3년(1년거치 2년 분할상환)","금융,전남,전라남도중소기업일자리경제진흥원,중소기업육성자금,운영자금,전라남도,2026,사회적경제기업,사회적경제특별경영안정자금,사회적기업,마을기업,협동조합,자활기업,전남광주,전남광주통합특별시",융자,8911
1493,전남광주통합특별시,직접수행,수출,[전남] 2026년 수출 중소기업 통ㆍ 번역비 지원 신청 공고,,,2026-01-06,https://www.bizinfo.go.kr/sii/siia/selectSIIA200Detail.do?pblancId=PBLN_000000000117139,예산 소진시까지,중소기업,"수출전문인력 고용이 어려운 수출 중소기업의 무역 관련 현장 애로사항인 통ㆍ번역 문제를 해소하기 위해 2026년 수출중소기업 통ㆍ번역비 지원계획을 아래와 같이 공고하오니, 많은 신청 바랍니다. ☞ 전라남도 내 본사 또는 공장 소재 중소기업 ☞ 무역 관련 통ㆍ번역비 지원(기업당 150만원 한도, 기업당 2회) ※ 단, 통역은 국내 한정","금융,수출,전남,2026,특판전,수출전문인력,통역,카탈로그,홍보물제작,박람회,전라남도,직접수행,번역지원,전남광주,전남광주통합특별시",해외진출준비,8105
1494,전남광주통합특별시,전라남도중소기업일자리경제진흥원,금융,[전남] 2026년 중소기업 육성자금(건설업 (특별)경영안정자금) 지원계획 공고,,,2026-01-06,https://www.bizinfo.go.kr/sii/siia/selectSIIA200Detail.do?pblancId=PBLN_000000000117147,예산 소진시까지,중소기업,「전라남도 중소기업 육성기금 조례」제12조의 규정에 따라 2026년도 전라남도 중소기업 육성자금 지원계획을 다음과 같이 공고합니다. ☞ 도내에 사업장을 두고 3개월 이상 운영 중인 건설업 중소기업으로 건설업(한국산업분류코드 41~42 중 별표1)에 해당하는 사업체 ☞ 중소기업의 경쟁력 강화를 위한 연구개발 및 기업 경영을 위해 소요되는 자금 지원 - 융자한도 : 총 3억원 이내(매출액기준 100% 범위 내 이용 가능) / 융자금리 : 연 3.4%(고정금리) / 융자기간 3년(1년거치 2년 분할상환),"금융,전남,전라남도중소기업일자리경제진흥원,중소기업육성자금,운영자금,전라남도,2026,건설업특별경영안정자금,전남광주,전남광주통합특별시",융자,8447
1495,전남광주통합특별시,전라남도중소기업일자리경제진흥원,금융,[전남] 2026년 중소기업 육성자금(중소기업 경영안정자금) 지원계획 공고,,,2026-01-06,https://www.bizinfo.go.kr/sii/siia/selectSIIA200Detail.do?pblancId=PBLN_000000000117146,분기별 상이,중소기업,"「전라남도 중소기업 육성기금 조례」제12조의 규정에 따라 2026년도 전라남도 중소기업 육성자금 지원계획을 다음과 같이 공고합니다. ☞ 도내에 사업장을 두고 3개월 이상 가동 중인 중소기업 등 ※ 세부자금 별 지원대상 상이 (공고문 참조) ☞ 은행자금으로 대출이 진행되며, 전라남도에서 대출이자 중 일부 지원(이자지원 1.1%p～2.5%p) - 지원규모 : 3,200억원(운영자금) / 일반 2,550, 동행지원협자금 500, 긴급경영안정자금 150","금융,전남,버스업체,2026,중소기업경영안정자금,철강산업,전라남도중소기업일자리경제진흥원,중소기업육성자금,수출중소기업,운영자금,뿌리기업,서비스업,사회적경제기업,전라남도,제조업,전남광주,전남광주통합특별시",융자,9380
1496,전남광주통합특별시,전라남도중소기업일자리경제진흥원,금융,[전남] 2026년 중소기업 육성자금(중소유통업 구조개선자금) 지원계획 공고,2026-01-05,2026-12-31,2026-01-06,https://www.bizinfo.go.kr/sii/siia/selectSIIA200Detail.do?pblancId=PBLN_000000000117145,,중소기업,"「전라남도 중소기업 육성기금 조례」제12조의 규정에 따라 2026년도 전라남도 중소기업 육성자금 지원계획을 다음과 같이 공고합니다. ☞ 지원 신청일 현재 도내에 사업자등록을 한 업체 - 한국표준산업분류 중 도ㆍ소매업 및 상품중개업자, 프랜차이즈 본부 및 가맹점(유통업에 한함) ☞ 중소유통업 구조개선자금 지원 - 융자금액 : 시설투자 최대 4억원 이내, 운영자금 1억원 이내 / 융자이율 : 연3.0%(변동금리) ※ 자세한 지원내용 공고문 참조","금융,전남,중소유통업 구조개선자금,2026,상품중개업자,전라남도중소기업일자리경제진흥원,시설투자,중소기업육성자금,도소매업,가맹점,운영자금,프랜차이즈,전라남도,전남광주,전남광주통합특별시",융자,8330
1497,중소벤처기업부,중소벤처기업진흥공단,경영,2026년 구조혁신지원사업 참여기업 모집 공고,,,2026-01-06,https://www.bizinfo.go.kr/sii/siia/selectSIIA200Detail.do?pblancId=PBLN_000000000117131,예산 소진시까지,중소기업,"산업 구조전환 과정에서 발생하는 중소벤처기업의 구조적 애로를 통합 지원하기 위하여, 2026년도「구조혁신지원사업」지원계획을 다음과 같이 공고하오니 사업 참여를 희망하는 기업은 신청하여 주시기 바랍니다. ​☞ 「중소기업기본법」 제2조 및 시행령 제3조에 따른 중소기업 - 신청일 현재 상시근로자수 5인 이상이며 사업ㆍ디지털ㆍ일자리전환을 추진하고자 하는 기업 ☞ 구조혁신 유형별 전문가를 활용하여 기업 상황을 진단 하고, 이를 바탕으로 맞춤형 컨설팅 제공 및 연계 지원 - (진단)빅데이터 기반 기업의 현 수준 진단, 컨설팅 방향 제시 - ","경영,서울,부산,대구,인천,광주,대전,울산,세종,경기,강원,충북,충남,전북,전남,경북,경남,제주,2026,산업일자리전환,디지털혁신형사업전환,구조혁신지원사업,구조혁신컨설팅,구조혁신진단,사업전환,중소벤처기업진흥공단,컨설팅,중소벤처기업부,중소기업",컨설팅,12684
1498,문화체육관광부,한국관광협회중앙회,금융,2026년 상반기 관광진흥개발기금 이차보전 지원 지침 공고,,,2026-01-06,https://www.bizinfo.go.kr/sii/siia/selectSIIA200Detail.do?pblancId=PBLN_000000000117130,예산 소진시까지,중소기업,"관광진흥개발기금법 제5조 및 관광진흥개발기금 관리 및 운용요령 제2조의 규정에 따라 2026년 상반기 관광진흥개발기금 이차보전 지원 지침을 공고합니다. ☞ 관광진흥법에 따른 관광사업체 등 ※ 구체적인 이차보전 지원대상 해당 여부는 ‘업종별 신청자격(7~62p)’ 참조 ☞ 관광사업자가 은행자금으로 대출받고, 문화체육관광부에서 대출이자 중 일부 지원 - 운영자금 : 최근 1년간 영업비용의 50%, 30억원 이내 / 시설자금 : 2026년 상반기 소요자금 100%, 150억원 이내 ※ 자세한 지원내용 공고문 참조","금융,서울,부산,대구,인천,광주,대전,울산,세종,경기,강원,충북,충남,전북,전남,경북,경남,관광기금,은행자금,2026,담보,관광진흥개발기금,운영자금,관광사업자,대출이자,이차보전,문화체육관광부,시설자금,융자,한국관광협회중앙회",융자,9007
1499,문화체육관광부,신용보증재단중앙회,금융,2026년 관광진흥개발기금 신용보증부 운영자금 특별융자 지원 지침 공고,2026-01-02,2026-11-13,2026-01-06,https://www.bizinfo.go.kr/sii/siia/selectSIIA200Detail.do?pblancId=PBLN_000000000117127,,중소기업,관광진흥개발기금법 제5조 및 관광진흥개발기금 관리 및 운용요령 제2조의 규정에 따라 담보력이 취약한 중소관광업체를 지원하고자 2026년 관광진흥개발기금 신용보증부 운영자금 특별융자 지원 지침을 공고합니다. ☞ 아래에 해당하는 중소기업 - (일반지원) 「관광진흥법」 상 관광사업 등을 운영중인 「중소기업기본법」상 중소기업 - (소액지원) 일반지원 대상기업 중 신청금액 2천만원 이하인 중소기업 ☞ 최대 2억원 특별융자 지원 - 대출기간 : 3년 거치 3년 분할상환 ※ 자세한 지원내용 공고문 참조,"금융,경영,서울,부산,대구,인천,광주,대전,울산,세종,경기,강원,충북,충남,전북,전남,경북,경남,2026,식당업,체험업,펜션업,휴양업,특별융자,호텔업,관광진흥개발기금,운영자금,여행업,관광사업체,문화체육관광부,시설자금,대출,융자,신용보증재단중앙회",융자,11369
1500,대전광역시,중소기업중앙회,금융,[대전] 서구 2026년 소상공인 경영안정자금 지원사업 공고,,,2026-01-05,https://www.bizinfo.go.kr/sii/siia/selectSIIA200Detail.do?pblancId=PBLN_000000000117096,예산 소진시까지,중소기업,"지역 소상공인의 경영 부담을 완화하고 경영 안정화를 도모하고자 대전광역시 서구 소상공인 경영안정자금 지원 사업을 다음과 같이 공고합니다. ☞ 대전광역시 서구에 사업장을 두고 3개월 이상 영업 중인 소상공인 ☞ 보증한도 업체당 최대 3천만원 이내 / 신용보증 수수료 연 1.1%, 2년분 일괄지원 / 이자 연 3%, 2년간 지원 ※ 자세한 지원내용 공고문 참조","금융,대전,소상공인경영안정자금,2026,신용보증수수료,이자,보증,중소기업중앙회,서구,대출,대전광역시",융자,15192
1501,전남광주통합특별시,광주테크노파크,경영,[광주] 2025년 지역기업 투자유치 역량강화를 위한 IR 참가기업 모집 공고,,,2026-01-05,https://www.bizinfo.go.kr/sii/siia/selectSIIA200Detail.do?pblancId=PBLN_000000000117118,상시 접수,중소기업,"지역 내 우수기술을 보유한 유망기업의 AC(엑셀러레이터) 및 VC(벤처캐피탈) 투자유치 역량강화를 지원하기 위해 광주TP IR에 참가할 기업을 모집하오니, 관심 있는 기업의 많은 참여 바랍니다. ☞ VC 투자유치를 통한 자금조달을 희망하는 아래 기업 - IR 멘토링을 통한 투자유치 전략수립이 필요한 광주 소재 초기 창업기업 또는 중소·벤처기업 - 광주 소재 9대 대표산업분야 투자유치를 희망하는 중소ㆍ벤처기업 ※ 광주에 본사 또는 주된 사무소(연구소, 공장 등)가 소재한 기업(지역 외 기업의 경우, 투자 후 1년 이내 광주 이전 의향","경영,광주,2026,출자펀드,AC,벤처캐피탈,VC,반도체,역량강화,액셀러레이터,의료,모빌리티,데이터,광주테크노파크,문화콘텐츠,벤처기업,광주광역시,창업기업,인공지능,IR,전남광주,전남광주통합특별시",컨설팅,8705
1502,충청남도,신협중앙회,금융,[충남] 2026년 사회적경제기금 융자지원 계획 공고,,,2026-01-05,https://www.bizinfo.go.kr/sii/siia/selectSIIA200Detail.do?pblancId=PBLN_000000000117095,예산 소진시까지,사회적기업,「충청남도 사회적경제기금 설치 및 운용에 관한 조례」에 따라 2026년도 충청남도 사회적경제 기금 융자지원 계획을 다음과 같이 공고합니다. ☞ 「충청남도 사회적경제육성지원에 관한 조례」 제2조 제2호에서 정한 사회적경제조직 중 신청일 현재 충청남도 소재 사회적경제기업 ☞ 최대 1억 5천만원 ~ 3억원 한도 내 융자 지원 ※ 자세한 지원내용 공고문 참조,"금융,충남,2026,신용,담보,신협중앙회,예비마을기업,사회적협동조합,자활기업,충청남도,예비사회적기업,융자,마을기업,협동조합,사회적기업",융자,8509
1503,충청남도,충남신용보증재단,금융,[충남] 2026년 소상공인자금 융자 지원계획 공고,,,2026-01-05,https://www.bizinfo.go.kr/sii/siia/selectSIIA200Detail.do?pblancId=PBLN_000000000117094,예산 소진시까지,소상공인,"「충청남도 중소기업육성기금 설치 및 운용 조례」 제20조 및 같은 조례 시행규칙 제4조의 규정에 따라 2026년도 충청남도 소상공인자금 융자 지원계획을 다음과 같이 공고합니다. ☞ 충청남도에 사업장이 소재하는 소기업ㆍ소상공인 ☞ 소상공인자금 융자한도 최대 1.5억원 이내, 1.5% 이자보전 지원 ※ 자세한 지원내용 공고문 참조","금융,창업,경영,충남,2026,이자,소상공인자금,충남신용보증재단,충청남도,소기업,융자,소상공인",융자,15782
1504,서울특별시,서울신용보증재단,금융,[서울] 2026년 중소기업육성자금 융자지원 계획 공고,,,2026-01-05,https://www.bizinfo.go.kr/sii/siia/selectSIIA200Detail.do?pblancId=PBLN_000000000117111,예산 소진시까지,중소기업,"「서울특별시 중소기업육성기금의 설치 및 운용에 관한 조례」제16조의 규정에 의하여 2026년도 서울특별시중소기업육성자금 융자지원 계획을 다음과 같이 공고합니다. ☞ 서울특별시 중소기업육성기금의 설치 및 운용에 관한 조례 시행규칙」 별표1 에 해당하는 서울 소재 중소기업 및 소상공인 ※ 자세한 지원대상 공고문 참조 ☞ 직접융자금, 시중은행협력자금, 안심통장 등 지원 ※ 자세한 지원내용 공고문 참조","금융,서울,안심통장,2026,시중은행협력자금,중소기업육성자금,경영안정자금,서울신용보증재단,시설자금,서울특별시",융자,37170
1505,경기도,신용협동조합,금융,[경기] 2026년 사회적경제조직 특별융자 사업 공고,,,2026-01-05,https://www.bizinfo.go.kr/sii/siia/selectSIIA200Detail.do?pblancId=PBLN_000000000117109,상시 접수,사회적기업,"「경기도 사회적경제기금 설치 및 운영 조례」에 따라 사회적경제조직의 건실한 발전을 지원하기 위해 경기도가 신용협동조합중앙회 및 경기도 소재 지역신용협동조합과 협약을 맺고 추진 중인 「경기도 사회적경제조직 특별융자」 2026년도 사업을 다음과 같이 공고합니다. ☞ 경기도내 주된 사업장이 소재한 다음의 사회적경제조직 ☞ 동일 기업 당 최대 5억원 이내(신용대출은 최대 1억5천만원 이내) 융자 한도 지원 - 자금용도 : 시설자금, 운전자금 - 융자기간 : 최대 15년 이내 (단, 신용대출은 10년 이내)","금융,경기,신용협동조합,2026,특별융자,사회적경제조직,운전자금,시설자금,경기도,대출,융자,사회적기업,예비사회적기업,협동조합,마을기업,예비마을기업,자활기업",융자,14267
1506,보건복지부,경기경영자총협회,인력,2026년 시니어인턴십 사업 참여 기업 모집 공고,2026-01-01,2026-11-30,2026-01-02,https://www.bizinfo.go.kr/sii/siia/selectSIIA200Detail.do?pblancId=PBLN_000000000117085,,중소기업,"60세 이상자에게 일할 기회를 제공함으로써 시니어의 직업능력 강화 및 재취업기회를 촉진함과 동시에 시니어에 대한 긍정적 인식의 확산을 도모하는 사업입니다. ☞ 만 60세 이상 시니어를 채용 예정인 전국 4대보험 가입 사업장 (지역제한없음) ☞ 일반형 (1인당 최대 270만원), 장기취업유지형 (1인당 최대 280만원) 지원 ※ 자세한 지원내용 공고문 참조","인력,서울,부산,대구,인천,광주,대전,울산,세종,경기,강원,충북,충남,전북,전남,경북,경남,제주,60세,만 60세 이상,2026,시니어인턴십,고령자,경기경영자총협회,재취업,인턴십,시니어,보건복지부",고용환경개선,17064
1507,대전광역시,대전신용보증재단,금융,[대전] 유성구 2026년 소상공인 특례보증 지원사업 공고,,,2026-01-02,https://www.bizinfo.go.kr/sii/siia/selectSIIA200Detail.do?pblancId=PBLN_000000000117103,예산 소진시까지,소상공인,"장기화된 경기침체 및 소비심리 위축 등으로 피해가 극심한 소상공인의 경영애로를 해소하고 경영정상화를 도모하고자 추진하는 2026년 유성구 소상공인 특례보증 지원사업을 아래와 같이 공고합니다 ☞ 유성구에 사업장을 두고 3개월 이상 영업중인 일반 소상공인, 개업일 기준 만 3년 미만의 창업기업 ※ 자세한 지원대상 공고문 참조 ☞ 1업체당 최대 3천만원 한도 이내(보증심사를 거쳐 보증금액 확정) 보증(대출) 지원, 보증수수료 2년치 전액 지원(보증금액의 연 1.1%) ※ 자세한 지원내용 공고문 참조","금융,대전,2026,경영정상화,경영애로해소,유성구,특례보증,창업기업,대전광역시,융자,소상공인,대전신용보증재단",융자,14130
1508,인천광역시,기초자치단체,수출,[인천] 남동구 2026년 해외수출 물류비 지원사업 참가 업체 모집 공고,,,2026-01-02,https://www.bizinfo.go.kr/sii/siia/selectSIIA200Detail.do?pblancId=PBLN_000000000117081,예산 소진시까지,중소기업,"남동구에서는 관내 중소기업의 해외시장 판로개척 및 수출 활성화를 지원하고자 「2026년 해외수출 물류비 지원사업」을 시행하오니 관심 있는 업체는 아래 유의사항을 참조하시어 신청서를 제출하여 주시기 바랍니다. ☞ 남동구에 본사 또는 공장이 소재한 연 매출 300억 미만 중소기업 ☞ 견본품(샘플) 배송비 지원 (업체당 연 50만원), 배송비 할인 지원","수출,인천,인천남동구,2026,샘플배송비,배송비,남동구,물류비,EMS,해외수출,판로개척,기초자치단체,인천광역시,해외시장",해외진출,9305
1509,고용노동부,직접수행,인력,2026년 고용창출장려금 및 고용안정장려금 사업 공고,2026-01-01,2026-12-31,2026-01-02,https://www.bizinfo.go.kr/sii/siia/selectSIIA200Detail.do?pblancId=PBLN_000000000117059,,중소기업,"「고용창출장려금ㆍ고용안정장려금의 신청 및 지급에 관한 규정」 제5조(고용장려금 지원 사업 참여 신청)에 따라 2026년도에 지원하는 사업을 다음과 같이 공고합니다. ☞ 우선지원 대상기업 또는 중견기업의 사업주 등 ※ 고용장려금 종류별 상이 (공고문 참조) ☞ 일ㆍ가정 양립 환경개선 지원, 정규직 전환 지원, 워라밸일자리 장려금, 출산육아기 고용안정장려금, 고용촉진장려금 지원 ※ 세부적인 사업 공고는 추후 공고될 예정이며, 해당 기관 홈페이지 등을 참고 해주시기 바랍니다.","인력,서울,부산,대구,인천,광주,대전,울산,세종,경기,강원,충북,충남,전북,전남,경북,경남,제주,2026,일가정양립환경개선지원,워라밸일자리장려금,출산육아기고용안정장려금,고용촉진장려금,고용안정장려금,고용창출장려금,고용노동부,직접수행",고용유지,36751
1510,경기도,중소벤처기업진흥공단인천지역본부,인력,[경기] 부천시 2026년 내일채움공제 지원 계획 공고,,,2026-01-02,https://www.bizinfo.go.kr/sii/siia/selectSIIA200Detail.do?pblancId=PBLN_000000000117056,예산 소진시까지,중소기업,지역 내 중소기업 핵심인력의 장기재직 유도와 우수인력 유입을 통한 기업의 생산성 향상 및 경쟁력 강화 도모를 위해 2026년 부천시 「내일채움공제」 지원 계획을 다음과 같이 공고합니다. ☞ 부천시 소재 중소제조기업 ☞ 가입인원 1명당 월 기업부담금 7만원 지원 - 기업당 최대 3명까지 지원(기존ㆍ신규가입 포함) ※ 자세한 지원내용 공고문 참조,"인력,경기,2026,중소벤처기업진흥공단인천지역본부,경기도,부천시,내일채움공제,인건비,중소제조기업,기업부담금",고용유지,12419
1511,경기도,경기신용보증재단,금융,[경기] 부천시 2026년 특례보증 지원 계획 공고,,,2026-01-02,https://www.bizinfo.go.kr/sii/siia/selectSIIA200Detail.do?pblancId=PBLN_000000000117075,예산 소진시까지,중소기업,부천시 저신용 및 창업 제조기업 육성 지원을 위한 2026년 부천형 특례보증 지원 계획을 다음과 같이 공고합니다. ☞ 관내 저신용ㆍ창업 중소제조기업 ☞ 담보력이 부족한 저신용ㆍ창업 중소제조기업에 일반보증보다 심사기준 완화하여 특례보증 지원 - 보증한도 1억 원 이내 / 보증기간 5년 이내,"금융,경기,특례보증,보증,경기신용보증재단,부천시,경기도,2026,창업제조기업,저신용",보증,11635
1512,경기도,경기신용보증재단,금융,[경기] 부천시 2026년 중소기업특례보증 지원 계획 공고,,,2026-01-02,https://www.bizinfo.go.kr/sii/siia/selectSIIA200Detail.do?pblancId=PBLN_000000000117074,예산 소진시까지,중소기업,담보부족으로 자금조달이 어려운 중소기업의 경영안정 도모를 위한 2026년 중소기업특례보증 지원 계획을 다음과 같이 공고합니다. ☞ 「중소기업기본법」제2조에 해당하는 부천시 소재 중소기업 중 기업 신용평가등급 CCC이상 기업 ☞ 담보력이 부족한 중소기업에 일반보증보다 심사기준 완화하여 특례보증 지원 - 보증한도 3억 원 이내 / 보증기간 5년 이내,"금융,경기,2026,경기신용보증재단,경기도,부천시,보증,ㅌ,특례보증,담보부족",보증,10518
1513,경기도,기초자치단체,내수,[경기] 부천시 2026년 골목형상점가 지정 모집 공고,,,2026-01-02,https://www.bizinfo.go.kr/sii/siia/selectSIIA200Detail.do?pblancId=PBLN_000000000117072,상시 접수,소상공인,"골목상권 경쟁력 강화와 소상공인 활성화 도모를 위해 「부천시 전통시장 및 상점가 육성을 위한 조례」에 의거 2026년 「부천시 골목형상점가」를 다음과 같이 모집하오니 관심있는 소상공인 여러분의 많은 참여 바랍니다. ☞ 상인회가 결성되어 있는 부천시 소재 소상공인 상권 공동체 ※ 자세한 지원대상 공고문 참조 ☞ 온누리상품권 가맹점 등록 지원, 골목형상점가 활성화 등 지원","내수,경영,경기,2026,경기도,기초자치단체,부천시,골목형상점가,전통시장,상권공동체,온누리상품권,가맹점,활성화",홍보지원,9746
1514,부산광역시,기초자치단체,금융,[부산] 사상구 2026년 소상공인 보증료 지원사업 대상자 모집 공고,,,2026-01-02,https://www.bizinfo.go.kr/sii/siia/selectSIIA200Detail.do?pblancId=PBLN_000000000117071,예산 소진시까지,소상공인,"「부산광역시 사상구 소상공인 지원에 관한 조례」 제6조(창업 및 경영 안정 지원), 제7조(특례보증 또는 보증료 지원)에 따라 「2026년 소상공인 보증료 지원사업」대상자를 다음과 같이 모집하오니 많은 참여 바랍니다. ☞ 사상구 관내 소상공인(아래 요건을 모두 충족하는 자) -「소상공인기본법」 제2조에 따른 소상공인 - 우리 구에 사업장을 두고「소득세법」제168조 또는「부가가치세법」제8조에 따라 관할 세무서에 사업자 등록을 하고 영업행위를 하는 소상공인 ☞ 신용보증기관을 통한 대출 진행 시 보증료 일부 지원 - 소상공인 1명당 5천","금융,부산,경영안전지원,보증료,사상구,부산광역시,기초자치단체,지원사업,소상공인,2026",보증,10737
1515,경상북도,경북테크노파크,경영,[경북] 청년하우스 주거 지원 사업 전세대출이자ㆍ월세 지원 모집 공고(금호 이웃사촌마을 조성사업),2025-12-17,2026-11-13,2025-12-31,https://www.bizinfo.go.kr/sii/siia/selectSIIA200Detail.do?pblancId=PBLN_000000000117068,,중소기업,경상북도와 영천시가 지원하는 「금호 이웃사촌마을 조성사업」에서 영천시 금호읍에 정착을 원하는 타지역 청년들의 안정적 정착을 위해 지원하는 사업으로 청년들의 많은 관심과 신청 부탁드립니다. ☞ 금호 이웃사촌마을 조성사업 수혜기업 대표자 및 임직원 ※ 소속된 금호 이웃사촌마을 조성사업 수혜기업 협약일 이후 금호읍으로 주소 이전한 자 ☞ 월 최대 50만원 한도 내 전세대출이자/월세 실비 지원,"경영,경북,월세실비,전세대출이자,금호이웃사촌마을,주거,2025,영천시,대표자,청년,경상북도,경북테크노파크",시설/입지지원,9254
1516,세종특별자치시,신용보증기금,금융,[세종] 2026년 사회적경제 조직 금융(이차보전) 지원계획 공고,,,2025-12-31,https://www.bizinfo.go.kr/sii/siia/selectSIIA200Detail.do?pblancId=PBLN_000000000117067,예산 소진시까지,사회적기업,"2026년도 세종특별자치시 사회적경제 조직 금융(이차보전) 지원계획을 다음과 같이 공고합니다. ☞ 세종특별자치시 소재의 사회적경제 조직 - (예비)사회적기업, (예비)마을기업, (사회적)협동조합, 자활기업 ☞ 운영 및 시설자금 업체당 3억원 이내 지원 ※ 자세한 지원내용 공고문 참조","금융,세종,2025,운영자금,사회적경제조직,자활기업,신용보증기금,시설자금,세종특별자치시,마을기업,협동조합,사회적기업",융자,8671
1517,고용노동부,한국장애인고용공단,금융,장애인고용개선장려금 사업 공고,,,2025-12-31,https://www.bizinfo.go.kr/sii/siia/selectSIIA200Detail.do?pblancId=PBLN_000000000117066,예산 소진시까지,장애인기업,"2026년 장애인고용개선장려금 사업 시행을 다음과 같이 공고합니다. ☞ 상시근로자 수가 50인 이상 100인 미만인 고용의무 미이행 사업주 ☞ 중증장애인 근로자 고용이 증가한 월부터, 증가한 인원에 대하여 최대 1년간 장애인고용개선장려금 지원 ※ 자세한 지원내용 공고문 참조","금융,서울,부산,대구,인천,광주,대전,울산,세종,경기,강원,충북,충남,전북,전남,경북,경남,제주,장애인고용개선장려금,2025,사업주,근로자,한국장애인고용공단,임금,고용노동부,중증장애인,장애인,고용개선,장애인고용개선",융자,9774
1518,충청북도,충북신용보증재단,금융,[충북] 2026년 소상공인 육성자금 지원계획 공고,,,2025-12-31,https://www.bizinfo.go.kr/sii/siia/selectSIIA200Detail.do?pblancId=PBLN_000000000117038,예산 소진시까지,소상공인,"2026년도 충청북도 소상공인 육성자금 지원계획을 다음과 같이 공고합니다. ☞ 도내 사업장을 둔 소상공인 ☞ 신규창업자의 초기 운전자금, 기존사업자의 경영에 필요한 운전자금 및 시설개보수자금 지원 - 대출한도 : 7천만원 이내(기 지원금액 포함)","금융,충북,기존사업자,소상공인육성자금,2025,시설개보수자금,충북신용보증재단,신규창업자,운전자금,대출,충청북도",융자,18114
1519,전남광주통합특별시,기초자치단체,경영,2026년 완도군 단체관광객 유치 여행사 인센티브 지원계획 공고,2026-01-01,2026-12-31,2025-12-30,https://www.bizinfo.go.kr/sii/siia/selectSIIA200Detail.do?pblancId=PBLN_000000000117028,,중소기업,"완도군에서는 관광객 유치를 통한 관광산업 발전과 지역경제 활성화를 위해 “2026년도 완도군 단체관광객 유치 여행사 인센티브 지원계획”을 다음과 같이 공고하오니 많은 참여 바랍니다. ☞ 여행업 등록을 필한 여행업체로 완도군에 내ㆍ외국인 단체관광객을 유치한 여행사 - 관광진흥법 제4조 및 같은 법 시행령 제2조의 규정에 따라 여행업으로 등록된 국내 여행업체 - 완도 치유 관광(완도해양치유센터 필수, 1박 2일 이상) 여행상품을 개발 및 홍보하고 관광객을 유치한 여행사 ☞ 관광지, 음식, 숙박, 특산품판매장 등 지원조건 충족여부에 따른","경영,서울,부산,대구,인천,광주,대전,울산,세종,경기,강원,충북,충남,전북,전남,경북,경남,제주,여행상품개발,내외국인,특산품판매장,완도해양치유센터,2025,관광산업,완도군,단체관광객,여행사,여행업체,관광,기초자치단체,전라남도",디자인/상품화/사업화,8757
1520,중소벤처기업부,스마트제조혁신추진단,기술,2026년 제조DX멘토단 활용지원사업 통합 공고,,,2025-12-30,https://www.bizinfo.go.kr/sii/siia/selectSIIA200Detail.do?pblancId=PBLN_000000000117019,세부사업별 상이,중소기업,"제조 경쟁력 향상을 위하여 중소벤처기업부에서 추진하고 있는 2026년도 제조DX멘토단 활용지원사업을 다음과 같이 통합 공고합니다. ☞ 국내 제조기업 중「중소기업기본법」에 따른 중소기업 및 「중견기업 성장촉진 및 경쟁력 강화에 관한 특별법」에 따른 중견기업 ☞ 사전기획, AX기획, 구축지도, 사후관리 등 지원 ※ 세부사업별 지원내용 상이 공고문 참조 ※ 세부적인 사업 공고는 추후 공고될 예정이며, 해당 기관 홈페이지 등을 참고 해주시기 바랍니다.","기술,서울,부산,대구,인천,광주,대전,울산,세종,경기,강원,충북,충남,전북,전남,경북,경남,제주,제조DX멘토단,해결지원,2025,지도,스마트제조혁신추진단,구축,운영,애로사항,기획,스마트공장,중소벤처기업부,중소기업",기술사업화/이전/지도,14326
1521,중소벤처기업부,소상공인시장진흥공단,인력,2026년 소상공인 고용보험료 지원사업 공고,,,2025-12-30,https://www.bizinfo.go.kr/sii/siia/selectSIIA200Detail.do?pblancId=PBLN_000000000117022,예산 소진시까지,소상공인,"소상공인에게 보험료를 지원하여 ‘자영업자 고용보험’ 가입ㆍ유지 비용 부담을 완화하고, 사회안전망으로 편입을 촉진하고자「2026년 소상공인 고용보험료 지원사업」을 다음과 같이 공고합니다. ☞ '자영업자 고용보험'에 가입한 소상공인(사업주) ☞ 소상공인이 납부한 ‘자영업자 고용보험’의 보험료 중 50~80%를 최대 5년(60개월)까지 지원(환급)","금융,인력,서울,부산,대구,인천,광주,대전,울산,세종,경기,강원,충북,충남,전북,전남,경북,경남,제주,소상공인고용보험료,제도권,편입,2025,고용보험,촉진,사회안전망,보험료,소상공인시장진흥공단,중소벤처기업부,소상공인",고용유지,42597
1522,중소벤처기업부,소상공인시장진흥공단,경영,2026년 중소벤처기업부 소상공인 지원사업 통합 공고,,,2025-12-30,https://www.bizinfo.go.kr/sii/siia/selectSIIA200Detail.do?pblancId=PBLN_000000000117016,세부사업별 상이,소상공인,"영세 소상공인의 경영 부담을 줄이고, 유망 소상공인의 성장 가능성을 극대화하기 위해 「2026년 소상공인 지원사업」을 다음과 같이 공고합니다. ☞ 예비창업자ㆍ소상공인ㆍ소공인ㆍ폐업 소상공인 ※ 사업별로 신청자격이 상이할 수 있으므로 사업별 공고를 반드시 참조 ☞ 기업가형 소상공인 육성, 소상공인 성장 지원, 소공인 특화 지원, 지역상권 활성화, 소상공인 디지털 역량강화, 소상공인 경영부담 완화, 소상공인 재기 지원 ※ 자세한 지원내용 공고문 참조 ※ 세부적인 사업 공고는 추후 공고될 예정이며, 해당 기관 홈페이지 등을 참고 해주시기 ","기술,내수,창업,경영,서울,부산,대구,인천,광주,대전,울산,세종,경기,강원,충북,충남,전북,전남,경북,경남,제주,유망골목상권,클린제조,우리동네크라우드펀딩,백년소상공인,글로컬상권,폐업소상공인,영세소상공인,2025,희망리턴패키지,스마트제조,로컬브랜드,소상공인시장진흥공단,로컬크리에이터,고용보험료,예비창업자,소공인,판로개척,중소벤처기업부",디자인/상품화/사업화,145668
1523,경상북도,경북신용보증재단,금융,[경북] 2026년 소상공인육성자금(경북버팀금융) 이차보전 지원 계획 공고,,,2025-12-30,https://www.bizinfo.go.kr/sii/siia/selectSIIA200Detail.do?pblancId=PBLN_000000000116998,상시 접수,소상공인,"담보력이 부족한 지역 소상공인에게 신용보증을 통한 융자지원 및 대출이자 지원으로 서민경제 안정과 자생력 강화를 도모합니다. ☞ 경북도내에 소재하고 있는 「소상공인기본법 제2조(정의)」에 의한 소상공인(개인, 법인사업자) - 제조업, 건설업, 운수업, 광업 : 상시종업원 10인 미만 업체 - 도ㆍ소매업, 요식업, 서비스업 등 : 상시종업원 5인 미만 업체 ☞ 융자한도 최대 3천만원 지원 - 우대업체(5천만원 이내), 특별재난지역 내 재해피해 기업(3억원 이내)","금융,경북,2025,경상북도,경북신용보증재단,소상공인육성자금,경북버팀금융,이자보전,소상공인,신용보증,융자지원,대출이자,융자,보증",융자,14601
1524,탄소중립녹색성장위원회,직접수행,창업,넷제로 챌린지X 통합 공고,,,2025-12-26,https://www.bizinfo.go.kr/sii/siia/selectSIIA200Detail.do?pblancId=PBLN_000000000116975,추후 공지,창업벤처,민ㆍ관 합동으로 기후기술분야 스타트업 지원사업인「넷제로 챌린지X」의 참가자 모집을 위해 다음과 같이 통합 공고하오니 많은 참여 바랍니다. ☞ 예비창업자(팀) 또는 창업기업 등 - 「탄소중립ㆍ녹색성장 기본법」제2조제7호(온실가스 감축) 및 제11호(기후위기 적응)에 근거한 탄소중립ㆍ녹색성장 전 분야 기술 ※ 참여기관별 상세 신청자격 확인 필요 ☞ 탄소중립ㆍ녹색성장 분야 ’혁신기술‘을 보유한 스타트업을 발굴ㆍ육성하여 사업화 지원 - 「넷제로 챌린지X」선정기업은 탄소중립ㆍ녹색성장 분야우수 스타트업으로서 미래도전ㆍ혁신기술 사업화 지원 및 ,"창업,경영,서울,부산,대구,인천,광주,대전,울산,세종,경기,강원,충북,충남,전북,전남,경북,경남,제주,넷제로챌린지X,탄소중립녹색성장위원회,2025,녹색성장,탄소중립,보육,투자,사업화,직접수행,스타트업",사업화지원,11486
1525,경상남도,기초자치단체,경영,[경남] 김해시 2026년 가축분뇨 수집ㆍ운반 수수료 지원사업 신청서 접수 공고,2025-12-23,2026-12-31,2025-12-24,https://www.bizinfo.go.kr/sii/siia/selectSIIA200Detail.do?pblancId=PBLN_000000000116966,,소상공인,"2026년 가축분뇨 수집·운반 수수료 지원사업을 다음과 같이 시행하오니 가축분뇨 수집ㆍ운반 수수료 지원을 희망하는 축산농가에서는 신청하여 주시기 바랍니다. ☞ 김해시 관내 가축분뇨 배출시설 설치허가(신고)를 득한 돈사 면적 1,000㎡ 또는 우사 면적 900㎡ 이하인 농가 ☞ 가축분뇨 배출시설 규모별 차등 지원 ※ 자세한 지원내용 공고문 참조","경영,경남,돈사,우사,영세축산농가,운반,가축분뇨,2025,배출시설,수집,수수료,김해시,기초자치단체,경상남도,지원사업",시설/입지지원,9132
1526,중소벤처기업부,중소기업기술정보진흥원,기술,2026년 중소기업 기술개발 지원사업 통합 공고,,,2025-12-23,https://www.bizinfo.go.kr/sii/siia/selectSIIA200Detail.do?pblancId=PBLN_000000000116943,추후 공지,중소기업,"중소기업의 신기술ㆍ신제품 개발 및 공정혁신 등 기술경쟁력 향상을 위해 중소벤처기업부에서 추진하고 있는 「2026년 중소기업 기술개발 지원사업」 시행계획을 다음과 같이 공고합니다. ☞ 「중소기업기본법」 제2조의 규정에 의한 중소기업 ※ 사업별 특성에 따라 신청자격이 다르므로 개별 사업공고를 반드시 참조 ☞ 중소기업의 신기술ㆍ신제품 개발 및 제품ㆍ공정혁신 등에 소요되는 기술개발 관련 비용 지원 - 중소기업기술혁신개발, 민관공동기술사업화, 투융자연계기술개발, 창업성장기술개발 등 ※ 자세한 지원내용 공고문 참조 ※ 세부적인 사업 공고는 추","기술,인력,창업,경영,서울,부산,대구,인천,광주,대전,울산,세종,경기,강원,충북,충남,전북,전남,경북,경남,제주,글로벌선도,민관공동기술사업화,투융자연계기술개발,글로벌팁스,2025,공정혁신,스케일업팁스,유망기술,신제품,신기술,연구인력,창업성장,기술개발,중소기업기술정보진흥원,중소벤처기업부",혼합(단독+공동),105033
1527,중소벤처기업부,직접수행,창업,2026년 중앙부처 및 지자체 창업지원사업 통합 공고,,,2025-12-22,https://www.bizinfo.go.kr/sii/siia/selectSIIA200Detail.do?pblancId=PBLN_000000000116904,추후 공지,창업벤처,"「중소기업창업 지원법」 제14조(창업정책정보의 수집 및 제공)에 따라 2026년 창업지원사업을 공고하오니, 창업기업 및 예비창업자의 적극적인 참여를 바랍니다. ☞ 창업자 및 예비창업자 등 ※ 자세한 지원대상 공고문 참조 ☞ 사업화, 시설ㆍ공간ㆍ보육, 멘토링ㆍ컨설팅ㆍ교육, 행사ㆍ네트워크, 글로벌 진출, 융자, 기술개발(R&D), 인력 등 유형별 창업지원 ※ 자세한 지원내용 공고문 참조","금융,기술,인력,수출,내수,창업,경영,서울,부산,대구,인천,광주,대전,울산,세종,경기,강원,충북,충남,전북,전남,경북,경남,제주,2025,행사,보증,네트워크,예비창업자,창업자,보육,사업화,컨설팅,기술개발,직접수행,중소벤처기업부,융자,멘토링,교육",사업화지원,69392
1528,고용노동부,한국산업인력공단,인력,2026년 기업훈련 탄력운영제 참여기업 모집 공고,2026-01-02,2026-11-30,2025-12-17,https://www.bizinfo.go.kr/sii/siia/selectSIIA200Detail.do?pblancId=PBLN_000000000116853,,중소기업,2026년 사업주 직업능력개발훈련 사업의 일환으로 실시하는「기업훈련 탄력운영제」를 붙임과 같이 공고하오니 많은 참여 바랍니다. ☞ 고용보험 가입한 기업 중 기업훈련 탄력운영제에 관심이 있는 모든 기업 ☞「사업주 직업능력개발훈련 지원규정」에 따라 훈련비 지원 - 신기술(29개 분야) 훈련 시 직종별 훈련비용 기준단가의 300%까지 지원 ※ 자세한 지원내용 공고문 참조,"인력,서울,부산,대구,인천,광주,대전,울산,세종,경기,강원,충북,충남,전북,전남,경북,경남,제주,탄력운영제,기업훈련,2026,2025,훈련비,고용보험,한국산업인력공단,모니터링,신기술,클라우드,사물인터넷,고용노동부,빅데이터,인공지능",교육/훈련/연수,13866
1529,고용노동부,경기경영자총협회,인력,2026년 미래내일 일경험 사업 참여기업 모집 공고(인턴형ㆍ기업탐방형),2025-12-01,2026-10-30,2025-12-17,https://www.bizinfo.go.kr/sii/siia/selectSIIA200Detail.do?pblancId=PBLN_000000000116832,,중소기업,"본회는 사용자측 권익을 대변하는 노동부 허가 법인인 경제단체로서 고용노동부의 지원을 받아 미래내일 일경험 지원사업을 운영하고 있습니다. 미래내일 일경험 지원사업은 고용노동부 주관 사업으로 미취업 청년을 대상으로 다양한 일경험 기회를 제공하기 위해 참여 기업을 모집하고 있습니다. 해당 사업을 통해 우수 인재 채용 연계의 기회 제공 및 청년들에게 소중한 경험을 제공하고자 하오니, 많은 관심과 신청 바랍니다. ☞ 고용보험 피보험자 10인 이상 기업 - 기업 내부 20명 이상 수용 가능 교육장 소지(기업탐방형) ※ 벤처기업, 이노비즈, 사","인력,내수,서울,부산,대구,인천,광주,대전,울산,세종,경기,강원,충북,충남,전북,전남,경북,경남,제주,고용보험피보험자,미래내일,기업탐방형,2025,일경험,일자리매칭,경기경영자총협회,기업,홍보,고용노동부",고용환경개선,17208
1530,지식재산처,한국지식재산보호원,기술,2026년 해외 온라인 위조상품 유통 사전진단 서비스 공고,,,2025-12-11,https://www.bizinfo.go.kr/sii/siia/selectSIIA200Detail.do?pblancId=PBLN_000000000116745,매월 1일~20일,중소기업,"해외 진출 기업의 피해구제 및 위조상품 대응 역량 강화를 위한 해외 온라인 위조상품 유통 사전진단 서비스를 다음과 같이 공고합니다. ☞ 국내에 사업자 등록이 되어있는 개인사업자 또는 중소ㆍ중견ㆍ대기업 - 대상 국가에 유효 또는 출원한 지식재산권(상표/디자인/특허 등)을 보유한 기업 ☞ 위조상품 대응을 위한 모니터링 및 대응전략 교육 연간 1회 지원 - 사전진단, 보고서 제공, 대응전략 교육","기술,수출,서울,부산,대구,인천,광주,대전,울산,세종,경기,강원,충북,충남,전북,전남,경북,경남,제주,지식재산처,2026,해외온라인유통,2025,사전진단,모니터링,대응전략,보고서,상표,중견,위조상품,한국지식재산보호원,지식재산권,디자인,교육,특허,중소기업",기술정보제공,8453
1531,중소벤처기업부,중소벤처기업진흥공단,수출,2026년 중소기업 수출지원사업 통합 공고,,,2025-12-10,https://www.bizinfo.go.kr/sii/siia/selectSIIA200Detail.do?pblancId=PBLN_000000000116741,세부사업별 상이,중소기업,"중소기업의 글로벌시장 진출 활성화를 위한 「2026년 중소기업 수출지원사업」을 다음과 같이 공고합니다. ☞ 글로벌시장 진출을 희망하는 중소기업 및 소상공인 ☞ 중소기업 대상 수출지원사업 10개(소상공인도 신청 가능), 창업기업 대상 4개, 소상공인 대상 특화 지원사업 2개, 총 사업비의 50∼70%이내 지원 ※ 사업별 지원규모 및 추진일정 등 통합공고 내용은 사정에 따라 변경될 수 있음 ※ 세부적인 사업 공고는 추후 공고될 예정이며, 해당 기관 홈페이지 등을 참고 해주시기 바랍니다.","수출,서울,부산,대구,인천,광주,대전,울산,세종,경기,강원,충북,충남,전북,전남,경북,경남,제주,K-수출전략품목,글로벌소상공인육성,해외수출규제시장진출,글로벌 기업 협업 프로그램,코리아스타트업센터,전자상거래수출시장진출,대중소기업동반진출,신시장진출지원자금,글로벌비즈니스센터,온라인수출플랫폼,글로벌시장,2025,고비즈코리아,수출바우처,수출컨소시엄,글로벌강소기업,중소벤처기업진흥공단,해외전시회,중소벤처기업부,마케팅",해외진출준비,35518
1532,경상남도,기초자치단체,금융,[경남] 창원시 2025년 중소기업육성자금 긴급 융자 지원사업 재공고,,,2025-11-24,https://www.bizinfo.go.kr/sii/siia/selectSIIA200Detail.do?pblancId=PBLN_000000000116487,예산 소진시까지,중소기업,"대외 무역 여건 변화로 어려움을 겪고 있는 수출기업의 금융 부담을 완화하고 안정적인 경영 환경 조성을 위해 중소기업육성자금 긴급 융자 지원사업을 아래와 같이 공고합니다. ☞ 본사와 사업장을 창원시에 두고 있는 전년도 연간 매출액 200억 원 이하의 제조업 기반 중소기업 중 직접수출 실적이 있는 업체 및 직접수출 업체의 납품업체(2024. 1. 1. 이후의 수출실적) ☞ 업체당 최대 3억 원 지원 - 1년 거치 일시 상환, 1년간 200억 원 - 업체별 경남은행 대출금리에서 연 3.20% 이자를 감면","금융,수출,경남,금융부담완화,경영환경조성,대외무역,직접수출,2025,중소기업육성자금,수출기업,창원시,기초자치단체,경상남도,제조업,융자",융자,11449
1533,중소벤처기업부,스마트제조혁신추진단,기술,제조 DX멘토단 활용지원(2026년 스마트 제조혁신 지원사업 통합 공고),,,2025-10-31,https://www.bizinfo.go.kr/sii/siia/selectSIIA200Detail.do?pblancId=PBLN_000000000116008,세부사업별 상이,제조업,"디지털ㆍ인공지능 전환을 통한 중소ㆍ중견기업의 경쟁력 제고를 위해 「2026년 스마트 제조혁신 지원사업」을 다음과 같이 사전 안내합니다. ☞ 국내 중소ㆍ중견기업 ☞ 기업과 DX멘토단을 1:1 매칭하여 사업기획부터 사후 관리까지 전주기 밀착지원 ※ (공통내용) 통합공고문 전체 페이지 참조(사업개요, 공고일정 등) ※ (상세내용) 첨부된 통합공고문 18페이지 6번. 제조 DX멘토단 활용지원 사업 참조","기술,서울,부산,대구,인천,광주,대전,울산,세종,경기,강원,충북,충남,전북,전남,경북,경남,제주,표준공정,Multi AI Agent,AI응용제품,제조DX멘토단,상품가공,스마트제조혁신,역량진단,스마트제조혁신추진단,자동화,스마트서비스,클라우드,디지털,스마트공장,인공지능,중소벤처기업부,R&D,2025,제조솔루션",혼합(단독+공동),16593
1534,중소벤처기업부,스마트제조혁신추진단,기술,스마트 공장 수준 확인(2026년 스마트 제조혁신 지원사업 통합 공고),,,2025-10-31,https://www.bizinfo.go.kr/sii/siia/selectSIIA200Detail.do?pblancId=PBLN_000000000116004,상시 접수,제조업,"디지털ㆍ인공지능 전환을 통한 중소ㆍ중견기업의 경쟁력 제고를 위해 「2026년 스마트 제조혁신 지원사업」을 다음과 같이 사전 안내합니다. ☞ 자체역량으로 스마트공장 구축한 기업(정부 스마트공장지원사업 미참여) - 자발적으로 고도화를 추진하여 스마트화 수준상승이 기대되는 기업 - 스마트공장 수준확인서의 유효기간 만료기업 ☞ 중소ㆍ중견 제조기업의 자발적인 스마트공장 구축 및 고도화를 유도하기 위해 스마트화 수준진단을 지원 - 수준확인서 및 진단보고서 제공(수준확인 비용 전액지원) ※ (공통내용) 통합공고문 전체 페이지 참조(사업개요, 공","기술,서울,부산,대구,인천,광주,대전,울산,세종,경기,강원,충북,충남,전북,전남,경북,경남,제주,표준공정,Multi AI Agent,제조솔루면,AI응용제품,제조DX멘토단,상품가공,2025,스마트제조혁신,역량진단,스마트제조혁신추진단,자동화,스마트서비스,클라우드,디지털,스마트공장,인공지능,중소벤처기업부,R&D",혼합(단독+공동),21445
1535,중소벤처기업부,중소기업기술정보진흥원,기술,2026년 스마트 제조혁신 지원사업 통합 공고,,,2025-10-31,https://www.bizinfo.go.kr/sii/siia/selectSIIA200Detail.do?pblancId=PBLN_000000000115994,세부사업별 상이,제조업,"디지털ㆍ인공지능 전환을 통한 중소ㆍ중견기업의 경쟁력 제고를 위해 「2026년 스마트 제조혁신 지원사업」을 다음과 같이 사전 안내합니다. ☞ 국내 중소ㆍ중견기업 ☞ 스마트공장 구축, 자동화 지원, 스마트공장 수준확인, 클라우드 제조솔루션, 공급기업 역량진단 등 지원 - 총사업비의 30~100% 이내 정부 지원 ※ 자세한 지원내용 공고문 참조","기술,서울,부산,대구,인천,광주,대전,울산,세종,경기,강원,충북,충남,전북,전남,경북,경남,제주,표준공정,Multi AI Agent,제조솔루면,AI응용제품,제조DX멘토단,상품가공,2025,스마트제조혁신,역량진단,자동화,스마트서비스,클라우드,디지털,스마트공장,인공지능,중소기업기술정보진흥원,중소벤처기업부,R&D",혼합(단독+공동),47154
1536,보건복지부,한국보건산업진흥원,경영,의료기기산업 종합지원센터 상시 상담 프로그램 공고,,,2025-05-12,https://www.bizinfo.go.kr/sii/siia/selectSIIA200Detail.do?pblancId=PBLN_000000000109049,상시 접수,중소기업,"한국보건산업진흥원의「의료기기산업 종합지원센터」에서는 시장진출에 어려움을 겪는 의료기기기업의 사업화 지원을 위해 전주기 분야별 상담을 제공하고 있으니, 관심 있는 기업의 많은 참여 부탁드립니다. ☞ 의료기기기업, 의료기기 시장진출을 희망하는 기업(개인) ☞ 의료기기 전문가와 연계한 맞춤형 상담 지원 - 상담분야 : 국내허가, 보험등재, 신의료기술평가, 해외진출 및 인허가, 투자, 혁신형 의료기기기업 및 혁신의료기기군 제도 등","경영,서울,부산,대구,인천,광주,대전,울산,세종,경기,강원,충북,충남,전북,전남,경북,경남,제주,종합지원센터,2025,상시,의료기기산업,프로그램,의료기기,한국보건산업진흥원,보건복지부,상담",정보화지원,15162
1537,경상북도,국방기술진흥연구소,경영,[경북] 구미 방산혁신클러스터 방산 헬프데스크-지역소재기업 경영ㆍ기술지원 모집 공고,2025-01-02,2027-12-31,2025-01-10,https://www.bizinfo.go.kr/sii/siia/selectSIIA200Detail.do?pblancId=PBLN_000000000103611,,중소기업,"국방 유무인복합체계 생태계 기반구축을 통한 국방 중소ㆍ벤처기업 성장 및 방위산업 활성화를 위해 추진하는 경북‧구미 방산혁신클러스터 「방산 헬프데스크」의 지역소개기업 경영‧기술지원 프로그램을 안내하오니, 해당 지원을 희망하는 경북ㆍ구미 지역의 중소ㆍ벤처기업의 많은 신청 바랍니다. ☞ 경북ㆍ구미지역 내에 소재(본사, 연구소, 공장, 지사)한 중소ㆍ벤처기업 ☞ 지적재산권 출원, 외부주관 세미나ㆍ교육ㆍ워크숍, 기업 인증, 홍보, 시험경비, 전문기술 등 지원 - 업체당 최대 200만원 ~ 500만원 이내 지원","기술,경영,경북,지역소재기업,경영기술지원,방산헬프데스크,2025,활성화,방위산업,방산,국방,국방기술진흥연구소,구미시,벤처기업,경상북도,중소기업",디자인/상품화/사업화,14142
1538,국세청,직접수행,기타,영세개인사업자의 체납액 징수특례 제도 안내,2020-01-01,2026-12-31,2023-11-03,https://www.bizinfo.go.kr/sii/siia/selectSIIA200Detail.do?pblancId=PBLN_000000000092578,,소상공인,영세 개인사업자가 폐업 후 다시 사업을 시작하거나 취업한 경우 무재산 등 사유로 징수가 곤란한 체납액에 대하여 가산금ㆍ납부지연가산세 면제 및 최대 5년까지 분납을 허용하는 제도입니다. ☞ 22.12.31. 까지 모든 개인사업 폐업 및 사업재기 및 취업 후 3개월 이상 근무중인 영세 개인사업자 ☞ 징수가 곤란한 체납액에 대하여 가산금ㆍ납부지연가산세 면제 및 5년까지 분납 허용,"경영,기타,서울,부산,대구,인천,광주,대전,울산,세종,경기,강원,충북,충남,전북,전남,경북,경남,제주,납부지연가산세,영세개인사업자,가산금,사업재기,체납액,국세청,2023,면제,취업,폐업,직접수행",제도,28365
